{
  "version": "model_weights/_T_7_5_y0_0_01_network_architectures_4_50_activations_tanh_learning_rates_0_001_collocations_1024_epochs_50000_reg_epochs_0_75_reg_coeff_1_reg_decay_1_/run_2",
  "seed": 1,
  "y0": 0.01,
  "T": 7.5,
  "N_col": 1024,
  "N_hidden": 4,
  "N_neurons": 50,
  "activation": "tanh",
  "N_epochs": 50000,
  "learning_rate": 0.001,
  "decay_rate": 1.0,
  "freq_log": 100,
  "freq_print": 1000,
  "keys_print": [
    "loss"
  ],
  "freq_save": 0,
  "reg_coeff": 1,
  "reg_decay": 1,
  "reg_epochs": 0.75,
  "loss": [
    0.14075908064842224,
    0.13536733388900757,
    0.13535618782043457,
    0.135336235165596,
    0.15894058346748352,
    0.13535262644290924,
    0.1353498250246048,
    0.13534367084503174,
    0.13534130156040192,
    0.13533157110214233,
    0.13532023131847382,
    0.13531577587127686,
    0.13529524207115173,
    0.13526855409145355,
    0.13519330322742462,
    0.13504590094089508,
    0.13435737788677216,
    0.03979324549436569,
    0.0344168022274971,
    0.03625566512346268,
    0.03412717580795288,
    0.03334920108318329,
    0.034052446484565735,
    0.03632340207695961,
    0.034689489752054214,
    0.034064196050167084,
    0.032885000109672546,
    0.03321288898587227,
    0.03222774341702461,
    0.03703631833195686,
    0.0346389077603817,
    0.035505492240190506,
    0.03251957148313522,
    0.03256040811538696,
    0.03370952978730202,
    0.0331646129488945,
    0.03491047024726868,
    0.03513706475496292,
    0.03663013130426407,
    0.030280860140919685,
    0.03359643742442131,
    0.036311984062194824,
    0.03504325449466705,
    0.03339540213346481,
    0.033444929867982864,
    0.03422170132398605,
    0.031300149857997894,
    0.032799724489450455,
    0.034468088299036026,
    0.03391704708337784,
    0.034430038183927536,
    0.03213406354188919,
    0.0361948162317276,
    0.03545723482966423,
    0.036429110914468765,
    0.033110301941633224,
    0.0348358117043972,
    0.031115513294935226,
    0.03657427057623863,
    0.03433799371123314,
    0.03326847404241562,
    0.03310919553041458,
    0.036200571805238724,
    0.03336947411298752,
    0.0360773541033268,
    0.033721305429935455,
    0.034398432821035385,
    0.03357052057981491,
    0.035738907754421234,
    0.03342469036579132,
    0.034956976771354675,
    0.03401985391974449,
    0.03370308876037598,
    0.03770340979099274,
    0.03351159021258354,
    0.03139518201351166,
    0.03677256777882576,
    0.03609364107251167,
    0.03573371842503548,
    0.035146526992321014,
    0.03525041416287422,
    0.03506564348936081,
    0.032951947301626205,
    0.034300439059734344,
    0.03455463796854019,
    0.032757047563791275,
    0.03584444150328636,
    0.03567158430814743,
    0.03326147049665451,
    0.03218626230955124,
    0.03487177565693855,
    0.02937493845820427,
    0.03326556086540222,
    0.0313451886177063,
    0.03323248773813248,
    0.032993946224451065,
    0.033297717571258545,
    0.032758209854364395,
    0.036389246582984924,
    0.03557281196117401,
    0.031532760709524155,
    0.0321110263466835,
    0.03483281657099724,
    0.032840222120285034,
    0.03295564651489258,
    0.03909881412982941,
    0.03126589581370354,
    0.03462689742445946,
    0.03524646535515785,
    0.034400518983602524,
    0.034373458474874496,
    0.032678551971912384,
    0.035274408757686615,
    0.03332020714879036,
    0.03257163241505623,
    0.03516068309545517,
    0.03284154087305069,
    0.03274562209844589,
    0.032958146184682846,
    0.035955656319856644,
    0.03672531992197037,
    0.0362124964594841,
    0.03442330285906792,
    0.03239770606160164,
    0.032061707228422165,
    0.0369969867169857,
    0.03380420804023743,
    0.035503365099430084,
    0.034753650426864624,
    0.03487817943096161,
    0.03301513195037842,
    0.0310208797454834,
    0.031113501638174057,
    0.032138641923666,
    0.031812041997909546,
    0.03432689607143402,
    0.03658450394868851,
    0.0322347953915596,
    0.03386949375271797,
    0.03390491008758545,
    0.032410770654678345,
    0.032013311982154846,
    0.035266291350126266,
    0.033917464315891266,
    0.037406519055366516,
    0.03311561420559883,
    0.032299675047397614,
    0.033246465027332306,
    0.03185989335179329,
    0.03490258380770683,
    0.03409946337342262,
    0.03372586518526077,
    0.02695978619158268,
    0.03415927663445473,
    0.030214890837669373,
    0.0334780290722847,
    0.03328443691134453,
    0.034514039754867554,
    0.033431582152843475,
    0.03270991891622543,
    0.03458886593580246,
    0.03308449685573578,
    0.03277912363409996,
    0.034744925796985626,
    0.03443155437707901,
    0.033439673483371735,
    0.0342220775783062,
    0.03146450221538544,
    0.033163249492645264,
    0.0329987108707428,
    0.0325428806245327,
    0.03441917151212692,
    0.034023165702819824,
    0.03451337665319443,
    0.03271859884262085,
    0.03271868824958801,
    0.03335041180253029,
    0.03549749404191971,
    0.03152462840080261,
    0.03408654034137726,
    0.03702181950211525,
    0.03153805807232857,
    0.03275764733552933,
    0.03594322130084038,
    0.035921547561883926,
    0.03507456183433533,
    0.032887134701013565,
    0.03401660546660423,
    0.03493725508451462,
    0.035319916903972626,
    0.03832465782761574,
    0.03114391304552555,
    0.031186610460281372,
    0.034807197749614716,
    0.036414168775081635,
    0.03331274539232254,
    0.03527791425585747,
    0.035131607204675674,
    0.03432764858007431,
    0.03478498011827469,
    0.03253505378961563,
    0.034801170229911804,
    0.03470655530691147,
    0.03640881925821304,
    0.03577135503292084,
    0.035614319145679474,
    0.03131205216050148,
    0.036156073212623596,
    0.03537759184837341,
    0.034978773444890976,
    0.03340277448296547,
    0.0362069346010685,
    0.03305809572339058,
    0.03185698762536049,
    0.03457608446478844,
    0.03149766847491264,
    0.03387751802802086,
    0.03661853447556496,
    0.03412026911973953,
    0.032844237983226776,
    0.03610224276781082,
    0.03430218622088432,
    0.03396449238061905,
    0.03625796362757683,
    0.03613589331507683,
    0.03506283462047577,
    0.03388441354036331,
    0.03333460912108421,
    0.036749012768268585,
    0.038961391896009445,
    0.034134641289711,
    0.033142559230327606,
    0.033685021102428436,
    0.03794059529900551,
    0.03281079977750778,
    0.03928319364786148,
    0.03271935135126114,
    0.03306350111961365,
    0.03696804121136665,
    0.03688567876815796,
    0.03360511362552643,
    0.031395189464092255,
    0.03337714448571205,
    0.03433549031615257,
    0.032992664724588394,
    0.033419590443372726,
    0.03160438686609268,
    0.035757534205913544,
    0.03292183578014374,
    0.03518654778599739,
    0.034147582948207855,
    0.03324943035840988,
    0.032339006662368774,
    0.034687597304582596,
    0.03250359371304512,
    0.032468490302562714,
    0.033721063286066055,
    0.034747056663036346,
    0.03078492358326912,
    0.030918467789888382,
    0.034110452979803085,
    0.033664822578430176,
    0.032717276364564896,
    0.03472481295466423,
    0.03160139173269272,
    0.03531051427125931,
    0.03583802282810211,
    0.033092349767684937,
    0.033960066735744476,
    0.037141382694244385,
    0.0364203117787838,
    0.03598964959383011,
    0.03403247147798538,
    0.031897928565740585,
    0.0372883602976799,
    0.03536250442266464,
    0.03693173825740814,
    0.032334960997104645,
    0.03726710379123688,
    0.03501676768064499,
    0.03372165560722351,
    0.035651493817567825,
    0.03432167321443558,
    0.03553902357816696,
    0.032457318156957626,
    0.03294556215405464,
    0.03140678629279137,
    0.03454293683171272,
    0.031109387055039406,
    0.03393920138478279,
    0.03420243412256241,
    0.03375278040766716,
    0.032745540142059326,
    0.032576337456703186,
    0.034835781902074814,
