{
  "version": "plots/_T_7_5_y0_0_1_network_architectures_4_50_activations_tanh_learning_rates_0_001_collocations_1024_epochs_50000_regularization_reg_derivative_unstable_fp_reg_epochs_1_reg_coeff_0_01_reg_decay_1_/run_5",
  "seed": 1,
  "y0": 0.1,
  "T": 7.5,
  "N_col": 1024,
  "N_hidden": 4,
  "N_neurons": 50,
  "activation": "tanh",
  "N_epochs": 50000,
  "learning_rate": 0.001,
  "decay_rate": 1.0,
  "freq_log": 100,
  "freq_print": 1000,
  "keys_print": [
    "loss"
  ],
  "freq_save": 0,
  "regularization": "reg_derivative_unstable_fp",
  "reg_coeff": 0.01,
  "reg_decay": 1,
  "reg_epochs": 1,
  "loss": [
    0.01782776601612568,
    0.012625206261873245,
    0.0124833844602108,
    0.012603276409208775,
    0.01237871591001749,
    0.01275915838778019,
    0.01270976196974516,
    0.01272803358733654,
    0.012700729072093964,
    0.012488778680562973,
    0.012236054986715317,
    0.01303606852889061,
    0.012831320986151695,
    0.013121584430336952,
    0.012809112668037415,
    0.013067001476883888,
    0.01223130151629448,
    0.013040157034993172,
    0.012487157247960567,
    0.012645103968679905,
    0.012659387663006783,
    0.012464391067624092,
    0.01253487542271614,
    0.012887560762465,
    0.012695299461483955,
    0.012650037184357643,
    0.012559796683490276,
    0.01249607466161251,
    0.012410377152264118,
    0.013012104667723179,
    0.01270359754562378,
    0.012755926698446274,
    0.012478120625019073,
    0.012447761371731758,
    0.012613347731530666,
    0.012589032761752605,
    0.01277026068419218,
    0.012713970616459846,
    0.012954497709870338,
    0.012205946259200573,
    0.012621278874576092,
    0.012902999296784401,
    0.01265169121325016,
    0.012567740865051746,
    0.01263793557882309,
    0.012599804438650608,
    0.012325947172939777,
    0.012630783952772617,
    0.01270078681409359,
    0.012642145156860352,
    0.012706291861832142,
    0.012478576973080635,
    0.012860029935836792,
    0.012750664725899696,
    0.01293776836246252,
    0.012593207880854607,
    0.012786516919732094,
    0.012412628158926964,
    0.012910294346511364,
    0.012787971645593643,
    0.012606589123606682,
    0.012566720135509968,
    0.012890994548797607,
    0.012555895373225212,
    0.012880820780992508,
    0.012574143707752228,
    0.012551713734865189,
    0.01255628652870655,
    0.012730720452964306,
    0.012518332339823246,
    0.012646431103348732,
    0.01266190130263567,
    0.012549488805234432,
    0.013069134205579758,
    0.012632040306925774,
    0.012264423072338104,
    0.013008447363972664,
    0.01284110452979803,
    0.012891581282019615,
    0.012647423893213272,
    0.01277553103864193,
    0.012699206359684467,
    0.012544374912977219,
    0.012601169757544994,
    0.01269553229212761,
    0.01240250188857317,
    0.012834281660616398,
    0.012769057415425777,
    0.012515347450971603,
    0.01243826188147068,
    0.012681988999247551,
    0.012189718894660473,
    0.012501423247158527,
    0.012265455909073353,
    0.012597344815731049,
    0.012595186941325665,
    0.012604576535522938,
    0.012568172998726368,
    0.012891720049083233,
    0.012863360345363617,
    0.012279500253498554,
    0.012485047802329063,
    0.012727121822535992,
    0.012577797286212444,
    0.012493601068854332,
    0.013129760511219501,
    0.012447427958250046,
    0.012659631669521332,
    0.01266910694539547,
    0.01266193762421608,
    0.012676825746893883,
    0.012638919055461884,
    0.012752478942275047,
    0.012586114928126335,
    0.012407559901475906,
    0.01273900642991066,
    0.01250028982758522,
    0.012505754828453064,
    0.01252017356455326,
    0.012834111228585243,
    0.012896226719021797,
    0.012768151238560677,
    0.012613579630851746,
    0.01247087400406599,
    0.012409086339175701,
    0.012928513810038567,
    0.012592300772666931,
    0.012729743495583534,
    0.012732021510601044,
    0.012644602917134762,
    0.012534438632428646,
    0.012253970839083195,
    0.012270915322005749,
    0.012430580332875252,
    0.012328110635280609,
    0.01251080259680748,
    0.01284823939204216,
    0.012467287480831146,
    0.012583024799823761,
    0.012561384588479996,
    0.01249855849891901,
    0.012356998398900032,
    0.012691404670476913,
    0.012479630298912525,
    0.013030878268182278,
    0.012599017471075058,
    0.012388180941343307,
    0.012541446834802628,
    0.012346098199486732,
    0.01276189275085926,
    0.012566306628286839,
    0.012570187449455261,
    0.011803573928773403,
    0.012597891502082348,
    0.012200329452753067,
    0.012528084218502045,
    0.012487176805734634,
    0.012682042084634304,
    0.012601800262928009,
    0.01253829151391983,
    0.012676974758505821,
    0.012483421713113785,
    0.012571340426802635,
    0.012719294056296349,
    0.012704864144325256,
    0.012596581131219864,
    0.012555698864161968,
    0.012356819584965706,
    0.012495172210037708,
    0.012507268227636814,
    0.012469207867980003,
    0.012607592158019543,
    0.012591257691383362,
    0.012671935372054577,
    0.012502098456025124,
    0.012523593381047249,
    0.012449903413653374,
    0.012745942920446396,
    0.012339986860752106,
    0.012521300464868546,
    0.012928836047649384,
    0.012308700010180473,
    0.0124518359079957,
    0.012819540686905384,
    0.012866325676441193,
    0.012717083096504211,
    0.012422341853380203,
    0.012544638477265835,
    0.012746335938572884,
    0.012751612812280655,
    0.01320450659841299,
    0.01234840601682663,
    0.012261919677257538,
    0.012667424976825714,
    0.012848109006881714,
    0.012506134808063507,
    0.012733225710690022,
    0.012551388703286648,
    0.012653620913624763,
    0.012679430656135082,
    0.01247233897447586,
    0.012761188670992851,
    0.012617670930922031,
    0.012916605919599533,
    0.012898992747068405,
    0.012775065377354622,
    0.012238869443535805,
    0.012888528406620026,
    0.012808704748749733,
    0.01281038299202919,
    0.012494897469878197,
    0.012897109612822533,
    0.012514696456491947,
    0.012368429452180862,
    0.012593869119882584,
    0.01231413334608078,
    0.01253732293844223,
    0.012999705970287323,
    0.012633145786821842,
    0.012559892609715462,
    0.012778602540493011,
    0.012580998241901398,
    0.012519801035523415,
    0.012746180407702923,
    0.012828908860683441,
    0.012754039838910103,
    0.012752311304211617,
    0.012518811970949173,
    0.01295475009828806,
    0.013166357763111591,
    0.012586145661771297,
    0.012545238249003887,
    0.012631422840058804,
    0.013059495016932487,
    0.012495930306613445,
    0.013177062384784222,
    0.012501372024416924,
    0.012608584016561508,
    0.012945382855832577,
    0.012887068092823029,
    0.012602495029568672,
    0.012317114509642124,
    0.012503134086728096,
    0.012596946209669113,
    0.012436872348189354,
    0.01253868080675602,
    0.012397323735058308,
    0.012801025062799454,
    0.01243419200181961,
    0.012635924853384495,
    0.012665542773902416,
    0.012552479282021523,
    0.01235995627939701,
    0.01268162950873375,
    0.012453810311853886,
    0.012418946251273155,
    0.012586521916091442,
    0.012715797871351242,
    0.012221194803714752,
    0.012242220342159271,
    0.012650016695261002,
    0.012575516477227211,
    0.012404832988977432,
    0.012596404179930687,
    0.012202268466353416,
    0.012758047319948673,
    0.012928950600326061,
    0.012465055100619793,
    0.012634087353944778,
    0.01295299082994461,
    0.012857584282755852,
    0.012852976098656654,
    0.012675594538450241,
    0.012399395927786827,
    0.012867411598563194,
    0.012813725508749485,
    0.01294182799756527,
    0.012446284294128418,
    0.013067652471363544,
    0.01271762140095234,
    0.012593640014529228,
    0.012817811220884323,
    0.012673942372202873,
    0.012882448732852936,
    0.012386499904096127,
    0.01245948113501072,
