{
  "version": "plots/_T_7_5_y0_0_1_network_architectures_4_50_activations_tanh_learning_rates_0_001_collocations_1024_epochs_50000_regularization_reg_derivative_unstable_fp_reg_epochs_1_reg_coeff_100000_reg_decay_1_/run_4",
  "seed": 1,
  "y0": 0.1,
  "T": 7.5,
  "N_col": 1024,
  "N_hidden": 4,
  "N_neurons": 50,
  "activation": "tanh",
  "N_epochs": 50000,
  "learning_rate": 0.001,
  "decay_rate": 1.0,
  "freq_log": 100,
  "freq_print": 1000,
  "keys_print": [
    "loss"
  ],
  "freq_save": 0,
  "regularization": "reg_derivative_unstable_fp",
  "reg_coeff": 100000,
  "reg_decay": 1,
  "reg_epochs": 1,
  "loss": [
    613.0828247070312,
    0.290119469165802,
    0.07871348410844803,
    0.04433038830757141,
    0.03248857334256172,
    0.03247981518507004,
    0.03433166816830635,
    0.03259642794728279,
    0.03175700083374977,
    0.02847033180296421,
    0.025157541036605835,
    0.03376597911119461,
    0.032337941229343414,
    0.034014537930488586,
    0.02982029691338539,
    0.032234128564596176,
    0.022804753854870796,
    0.03077520802617073,
    0.02614273689687252,
    0.027903981506824493,
    0.02649891935288906,
    0.024123961105942726,
    0.025732485577464104,
    0.027585098519921303,
    0.027603629976511,
    0.02698061801493168,
    0.023404935374855995,
    0.02424006722867489,
    0.023776015266776085,
    0.02804567478597164,
    0.025343548506498337,
    0.02615325152873993,
    0.022962743416428566,
    0.023254789412021637,
    0.023709360510110855,
    0.021374324336647987,
    0.025211777538061142,
    0.02453230693936348,
    0.024752601981163025,
    0.019006868824362755,
    0.022642061114311218,
    0.02392268180847168,
    0.022935060784220695,
    0.021021945402026176,
    0.02094944939017296,
    0.0209744181483984,
    0.018683914095163345,
    0.0200059674680233,
    0.020280588418245316,
    0.01991269364953041,
    0.020580053329467773,
    0.017886044457554817,
    0.020585201680660248,
    0.0195142924785614,
    0.020060380920767784,
    0.01793270744383335,
    0.018028495833277702,
    0.01594064198434353,
    0.01835688389837742,
    0.017329219728708267,
    0.01639411970973015,
    0.015359973534941673,
    0.01746503822505474,
    0.01555716898292303,
    0.01718139834702015,
    0.015000890009105206,
    0.014696613885462284,
    0.014682183973491192,
    0.015365212224423885,
    0.014087039977312088,
    0.0145190404728055,
    0.01462601125240326,
    0.013675874099135399,
    0.01634083315730095,
    0.013825415633618832,
    0.011869439855217934,
    0.016264552250504494,
    0.014729943126440048,
    0.014177701435983181,
    0.012812154367566109,
    0.013349069282412529,
    0.012657061219215393,
    0.011336108669638634,
    0.011858232319355011,
    0.013204516842961311,
    0.010833127424120903,
    0.013771718367934227,
    0.012570416554808617,
    0.011154716834425926,
    0.011019973084330559,
    0.012049108743667603,
    0.010521276853978634,
    0.011059335432946682,
    0.00997304916381836,
    0.012308198027312756,
    0.0120881088078022,
    0.01208947878330946,
    0.011996152810752392,
    0.013333048671483994,
    0.013051903806626797,
    0.009488580748438835,
    0.01148267649114132,
    0.012536951340734959,
    0.011665869504213333,
    0.010951526463031769,
    0.013813315890729427,
    0.011602643877267838,
    0.011679072864353657,
    0.011688154190778732,
    0.01193881407380104,
    0.012056163512170315,
    0.01266737375408411,
    0.01219724677503109,
    0.011834151111543179,
    0.009966586716473103,
    0.012402905151247978,
    0.010795807465910912,
    0.011080360040068626,
    0.010876951739192009,
    0.012672473676502705,
    0.012879429385066032,
    0.011190094985067844,
    0.011179431341588497,
    0.0105191795155406,
    0.01004251092672348,
    0.01309917215257883,
    0.010951600968837738,
    0.011388661339879036,
    0.011870221234858036,
    0.010918531566858292,
    0.010401462204754353,
    0.008903189562261105,
    0.009475362487137318,
    0.010710356757044792,
    0.009178269654512405,
    0.0099635636433959,
    0.012176334857940674,
    0.010225711390376091,
    0.010599249973893166,
    0.01055462658405304,
    0.010634091682732105,
    0.009533663280308247,
    0.011373940855264664,
    0.009106425568461418,
    0.013706750236451626,
    0.011407102458178997,
    0.009630839340388775,
    0.010612539947032928,
    0.009695683605968952,
    0.012292238883674145,
    0.010843092575669289,
    0.010914644226431847,
    0.006294317543506622,
    0.01033705659210682,
    0.008897235617041588,
    0.010096553713083267,
    0.00971635989844799,
    0.011786308139562607,
    0.010915834456682205,
    0.01152321882545948,
    0.01070288848131895,
    0.009988196194171906,
    0.0111925033852458,
    0.011531719006597996,
    0.011747539043426514,
    0.011150375939905643,
    0.010198757983744144,
    0.009332392364740372,
    0.014600143767893314,
    0.2451162338256836,
    0.22274038195610046,
    0.23798638582229614,
    0.20014506578445435,
    0.20477986335754395,
    0.17333418130874634,
    0.17013731598854065,
    0.15242145955562592,
    0.14446863532066345,
    0.125944584608078,
    0.12603053450584412,
    0.1382625699043274,
    0.09951262176036835,
    0.09284839034080505,
    0.09561701118946075,
    0.09497784078121185,
    0.08918362855911255,
    0.0760386735200882,
    0.07607869803905487,
    0.07625846564769745,
    0.06334169954061508,
    0.07479514181613922,
    0.05753007531166077,
    0.052700720727443695,
    0.05187365412712097,
    0.05379103124141693,
    0.04840783774852753,
    0.0522739477455616,
    0.054326221346855164,
    0.04433056339621544,
    0.039382677525281906,
    0.04068610072135925,
    0.045371949672698975,
    0.04636971652507782,
    0.043491728603839874,
    0.03933059796690941,
    0.039126504212617874,
    0.0363633893430233,
    0.03808644041419029,
    0.038684114813804626,
    0.03854956477880478,
    0.03745964914560318,
    0.039682090282440186,
    0.03365738317370415,
    0.034771159291267395,
    0.03544433414936066,
    0.034733157604932785,
    0.036778584122657776,
    0.036468688398599625,
    0.0350213386118412,
    0.032001156359910965,
    0.03576074168086052,
    0.03483878821134567,
    0.03558835759758949,
    0.038266170769929886,
    0.03331198915839195,
    0.032425086945295334,
    0.028831331059336662,
    0.03043798729777336,
    0.03311452269554138,
    0.037335120141506195,
    0.029834553599357605,
    0.02964831329882145,
    0.02924819476902485,
    0.034709054976701736,
    0.027586765587329865,
    0.035687997937202454,
    0.02843385562300682,
    0.026249198243021965,
    0.031577322632074356,
    0.03213471919298172,
    0.027437716722488403,
    0.02543543092906475,
    0.029302341863512993,
    0.025707514956593513,
    0.027117783203721046,
    0.026023244485259056,
    0.023658327758312225,
    0.027293745428323746,
    0.026062536984682083,
    0.026525674387812614,
    0.024828704074025154,
    0.02282409928739071,
    0.022884627804160118,
    0.022778326645493507,
    0.020061835646629333,
    0.020702140405774117,
    0.019663743674755096,
    0.01972418650984764,
    0.017514096572995186,
    0.01734134368598461,
    0.020220723003149033,
    0.018773222342133522,
    0.018224848434329033,
    0.018127845600247383,
    0.016991617158055305,
    0.019406098872423172,
    0.018880512565374374,
    0.01707516796886921,
    0.018086375668644905,
    0.018427914008498192,
    0.019113712012767792,
    0.01616801507771015,
    0.016656741499900818,
    0.015637118369340897,
    0.020261557772755623,
    0.01749824546277523,
    0.017928650602698326,
    0.015397852286696434,
    0.016742315143346786,
    0.01668136566877365,
    0.015587619505822659,
    0.017928585410118103,
    0.014015667140483856,
    0.01609371416270733,
    0.013092312961816788,
    0.013804802671074867,
    0.012798107229173183,
    0.014186359941959381,
