{
  "version": "plots/_T_7_5_y0_0_01_network_architectures_4_50_activations_tanh_learning_rates_0_001_collocations_1024_epochs_50000_regularization_unstable_fp_reg_epochs_1_reg_coeff_1_reg_decay_1_/run_3",
  "seed": 1,
  "y0": 0.01,
  "T": 7.5,
  "N_col": 1024,
  "N_hidden": 4,
  "N_neurons": 50,
  "activation": "tanh",
  "N_epochs": 50000,
  "learning_rate": 0.001,
  "decay_rate": 1.0,
  "freq_log": 100,
  "freq_print": 1000,
  "keys_print": [
    "loss"
  ],
  "freq_save": 0,
  "regularization": "unstable_fp",
  "reg_coeff": 1,
  "reg_decay": 1,
  "reg_epochs": 1,
  "loss": [
    0.01486134435981512,
    0.00022872381669003516,
    0.00022179758525453508,
    0.00018386379815638065,
    0.0001984645932679996,
    0.00027829286409541965,
    0.000209109450224787,
    0.00016903267533052713,
    0.00020009643048979342,
    0.0008465280989184976,
    0.0005850556772202253,
    0.0002889419556595385,
    0.0006613382138311863,
    0.00019270862685516477,
    0.0001714987010927871,
    0.0001965476549230516,
    0.0005091846687719226,
    0.00018883839948102832,
    0.0001918183988891542,
    0.00018345718854106963,
    0.00019602937391027808,
    0.0002163118915632367,
    0.0001731333031784743,
    0.0001704306050669402,
    0.00018684389942791313,
    0.00026180202257819474,
    0.0001760039885994047,
    0.00019180985691491514,
    0.00018339783127885312,
    0.00021299789659678936,
    0.0002500164555385709,
    0.00019120043725706637,
    0.0001686860341578722,
    0.00018773543706629425,
    0.000171848718309775,
    0.0001780950406100601,
    0.00019693672948051244,
    0.00023501558462157845,
    0.00018543467740528286,
    0.0001875651942100376,
    0.0001923069794429466,
    0.00018431260832585394,
    0.00016894034342840314,
    0.00021099204604979604,
    0.0004850264231208712,
    0.000237459025811404,
    0.00017225778719875962,
    0.00018949371587950736,
    0.0001645446172915399,
    0.00015725294360890985,
    0.00017593541997484863,
    0.00019927939865738153,
    0.00019194697961211205,
    0.00016178732039406896,
    0.00017227113130502403,
    0.0001693817466730252,
    0.00017748902610037476,
    0.00016429500828962773,
    0.00016945783863775432,
    0.00018715695478022099,
    0.00016228857566602528,
    0.00016007297381293029,
    0.0001607122248969972,
    0.00016358535503968596,
    0.0001603450218681246,
    0.0001526756677776575,
    0.00015122177137527615,
    0.00015458741108886898,
    0.0001677862019278109,
    0.0001679130655247718,
    0.00015994936984498054,
    0.00016867455269675702,
    0.00015416429960168898,
    0.00018895143875852227,
    0.0001490407739765942,
    0.0001674966188147664,
    0.0001696570252534002,
    0.00016584689728915691,
    0.0001663022703723982,
    0.00016094002057798207,
    0.00017873375327326357,
    0.00016886607045307755,
    0.00018057983834296465,
    0.00016243224672507495,
    0.00016040177433751523,
    0.00017103739082813263,
    0.0001602998236194253,
    0.00016414208221249282,
    0.00016647869779262692,
    0.00017475339700467885,
    0.00016552409215364605,
    0.0001707292249193415,
    0.00016362994210794568,
    0.0001575069036334753,
    0.00016043877985794097,
    0.00016979985230136663,
    0.00016490748384967446,
    0.0001625737058930099,
    0.00015867341426201165,
    0.00015810418699402362,
    0.00014901872782502323,
    0.00014171133807394654,
    0.00014544493751600385,
    0.00013639179815072566,
    0.0001379272434860468,
    0.00015267927665263414,
    0.00013998898793943226,
    0.00014952084165997803,
    0.00015264219837263227,
    0.00014207771164365113,
    0.00013878170284442604,
    0.00013677215611096472,
    0.0001439429761376232,
    0.00014555943198502064,
    0.000138164556119591,
    0.0001370204845443368,
    0.00015092655667103827,
    0.00014088687021285295,
    0.0001414509752066806,
    0.0001440199266653508,
    0.0001410475670127198,
    0.00013911083806306124,
    0.0001445938687538728,
    0.00013705363380722702,
    0.00014367584662977606,
    0.00014593459491152316,
    0.00014817825285717845,
    0.0001396574079990387,
    0.00014095328515395522,
    0.00014668688527308404,
    0.00014564741286449134,
    0.00014336220920085907,
    0.00013781555753666908,
    0.00014671226381324232,
    0.00015551873366348445,
    0.00014641984307672828,
    0.0001612373162060976,
    0.00014290944091044366,
    0.00014258682494983077,
    0.0001642987917875871,
    0.00014920890680514276,
    0.00014482079131994396,
    0.00013670188491232693,
    0.00015365576837211847,
    0.0001740051811793819,
    0.00020642680465243757,
    0.00016944564413279295,
    0.00016961718210950494,
    0.0002121974539477378,
    0.0001591049658600241,
    0.0001636093365959823,
    0.0001799423771444708,
    0.000165669247508049,
    0.00016618164954707026,
    0.00017363866209052503,
    0.0001655982487136498,
    0.00018296935013495386,
    0.00015259935753419995,
    0.00016417524602729827,
    0.00015701490337960422,
    0.00015329377492889762,
    0.00016635730571579188,
    0.00015903179883025587,
    0.00017049757298082113,
    0.00016028333629947156,
    0.00015777121006976813,
    0.00015925266779959202,
    0.00016722516738809645,
    0.0001554704795125872,
    0.00016225711442530155,
    0.00016119838983286172,
    0.00015540007734671235,
    0.0001690780045464635,
    0.00015887236804701388,
    0.00016334305109921843,
    0.00017224847397301346,
    0.0001561985700391233,
    0.0001764223852660507,
    0.00016955268802121282,
    0.0001572763139847666,
    0.00016929206321947277,
    0.00016112961748149246,
    0.00015671302389819175,
    0.00013432347623165697,
    0.00012844589946325868,
    0.0001356512657366693,
    0.00012802385026589036,
    0.00012983832857571542,
    0.000136544433189556,
    0.0001391495461575687,
    0.0001321387244388461,
    0.00013562347157858312,
    0.00012956198770552874,
    0.0001369057863485068,
    0.00013443910575006157,
    0.00013144184777047485,
    0.00012452041846700013,
    0.00013056729221716523,
    0.0001325538323726505,
    0.0001376651634927839,
    0.0001307579514104873,
    0.00013578230573330075,
    0.00013617950025945902,
    0.00013142998795956373,
    0.00012852979125455022,
    0.00011115102097392082,
    0.00010720018326537684,
    0.007784820627421141,
    0.00015506467025261372,
    0.00016313858213834465,
    0.0001612672785995528,
    0.00015508181240875274,
    0.00015889661153778434,
    0.00015791694750078022,
    0.0001660240814089775,
    0.00016559443611185998,
    0.00015995441935956478,
    0.00015568289381917566,
    0.00017250777455046773,
    0.00015585686196573079,
    0.0001634755462873727,
    0.00015271356096491218,
    0.0001383714406983927,
    0.00013753774692304432,
    0.00013995102199260145,
    0.00013391903485171497,
    0.00013543569366447628,
    0.00013163659605197608,
    0.00013425292854662985,
    0.0001335872511845082,
    0.00013521936489269137,
    0.00012325443094596267,
    0.00013704632874578238,
    0.0001315513509325683,
    0.00012948093353770673,
    0.00013440016482491046,
    0.00014345519593916833,
    0.00013713756925426424,
    0.00014784297673031688,
    0.00013303078594617546,
    0.00013217540981713682,
    0.0001387684023939073,
    0.00013378508447203785,
    0.00013541715452447534,
    0.00014083870337344706,
    0.0001319500443059951,
    0.00012828403851017356,
    0.00013677950482815504,
    0.00013768236385658383,
    0.0001186163499369286,
    0.0001300389412790537,
    0.0001337959838565439,
    0.00013767334166914225,
    0.00013065431267023087,
    0.00012930118828080595,
    0.0001233808434335515,
    0.00011950253247050568,
    0.00011348553380230442,
    0.00010411842231405899,
    9.564374340698123e-05,
    9.684501856099814e-05,
    0.00010107010893989354,
    0.00010331609519198537,
    0.00011023366823792458,
    0.00010944192763417959,
    0.00010383701010141522,
    0.00010985439439537004,
    0.00010187600855715573,
