{
  "version": "plots/_T_7_5_y0_0_001_network_architectures_4_50_activations_tanh_learning_rates_0_001_collocations_1024_epochs_50000_regularization_reg_derivative_unstable_fp_reg_epochs_1_reg_coeff_10_reg_decay_1_/run_2",
  "seed": 1,
  "y0": 0.001,
  "T": 7.5,
  "N_col": 1024,
  "N_hidden": 4,
  "N_neurons": 50,
  "activation": "tanh",
  "N_epochs": 50000,
  "learning_rate": 0.001,
  "decay_rate": 1.0,
  "freq_log": 100,
  "freq_print": 1000,
  "keys_print": [
    "loss"
  ],
  "freq_save": 0,
  "regularization": "reg_derivative_unstable_fp",
  "reg_coeff": 10,
  "reg_decay": 1,
  "reg_epochs": 1,
  "loss": [
    1.6327515840530396,
    0.011645353399217129,
    0.0065943473018705845,
    0.003944301977753639,
    0.0032255807891488075,
    0.0032330076210200787,
    0.002978513017296791,
    0.002762504853308201,
    0.0026279534213244915,
    0.0024475206155329943,
    0.0022005466744303703,
    0.0023090513423085213,
    0.0020144223235547543,
    0.0018693313468247652,
    0.0016670749755576253,
    0.0016243640566244721,
    0.0013991096056997776,
    0.0012372522614896297,
    0.0012416527606546879,
    0.001152760349214077,
    0.0010317994747310877,
    0.0007915701135061681,
    0.0006654465687461197,
    0.0006352888303808868,
    0.0004722537414636463,
    0.0004251326317898929,
    0.0003713277110364288,
    0.0005431963363662362,
    0.0003039986768271774,
    0.0003868982312269509,
    0.0002733736764639616,
    0.0002381810627412051,
    0.0001932862651301548,
    0.000247085903538391,
    0.00018052058294415474,
    0.00013320520520210266,
    0.0002224486815975979,
    0.00010976689372910187,
    0.00013625493738800287,
    9.466880146646872e-05,
    6.764690624549985e-05,
    6.986963853705674e-05,
    8.737654570722952e-05,
    4.676691969507374e-05,
    5.755891106673516e-05,
    0.00017812004080042243,
    3.258406286477111e-05,
    8.146166510414332e-05,
    0.00033022856223396957,
    3.8162939745234326e-05,
    2.8150383514002897e-05,
    2.0816563846892677e-05,
    2.697658237593714e-05,
    6.081147148506716e-05,
    2.00749964278657e-05,
    2.1009533156757243e-05,
    0.00016341776063200086,
    1.229129975399701e-05,
    1.4108962204772979e-05,
    2.1214436856098473e-05,
    1.9343182430020534e-05,
    1.350905677099945e-05,
    1.1198335414519534e-05,
    7.027853280305862e-05,
    5.491091997100739e-06,
    4.958328190696193e-06,
    4.402929334901273e-06,
    3.780903625738574e-06,
    4.638706741388887e-06,
    0.000222864153329283,
    3.739096882782178e-06,
    0.000562440836802125,
    3.761448851946625e-06,
    8.02648446551757e-06,
    2.5604111215216108e-05,
    1.2472520211304072e-05,
    4.6581953938584775e-06,
    7.572383765364066e-06,
    1.2174119547125883e-05,
    3.916385594493477e-06,
    5.5532625992782414e-05,
    4.918522790831048e-06,
    5.475122816278599e-05,
    5.828425855725072e-06,
    3.443748028075788e-06,
    1.884776065708138e-05,
    1.3823058907291852e-05,
    4.919119419355411e-06,
    2.6323687052354217e-05,
    5.741307631978998e-06,
    0.00015046019689179957,
    1.899484959722031e-05,
    2.384834260737989e-05,
    1.5770110621815547e-05,
    0.0001567800500197336,
    5.549475190491648e-06,
    5.7744106015888974e-05,
    2.315251731488388e-05,
    5.582518042501761e-06,
    4.4588818127522245e-05,
    8.55706002766965e-06,
    1.3192528058425523e-05,
    2.2992933736531995e-05,
    1.2980392057215795e-05,
    0.00010566781566012651,
    1.7516153093311004e-05,
    1.4038119843462482e-05,
    3.8237071748881135e-06,
    1.6838230294524692e-05,
    3.984951945312787e-06,
    3.299223317299038e-05,
    3.3078770229622023e-06,
    0.00010804032353917137,
    6.654541721218266e-06,
    1.4995596757216845e-05,
    3.7224854168016464e-06,
    1.6967320334515534e-05,
    8.538891052012332e-06,
    0.00012658648483920842,
    3.137387102469802e-05,
    0.00013125284749548882,
    8.917547347664367e-06,
    6.810425929870689e-06,
    6.733412192261312e-06,
    1.679957495070994e-05,
    6.903060693730367e-06,
    6.35021751804743e-06,
    4.500346221902873e-06,
    9.580357072991319e-06,
    5.697236701962538e-06,
    3.6325304790807422e-06,
    2.7691065042745322e-05,
    4.509042810241226e-06,
    2.6230254661641084e-06,
    3.170044692524243e-06,
    6.654760363744572e-05,
    5.757741746492684e-06,
    2.9793741305184085e-06,
    2.8744998417096213e-05,
    4.759940566145815e-06,
    2.444351821395685e-06,
    9.140234396909364e-06,
    5.4673855629516765e-06,
    2.1646610548486933e-05,
    7.0360324571083765e-06,
    5.4452366384794004e-06,
    3.356625165906735e-05,
    5.135112132848008e-06,
    5.214502834860468e-06,
    6.817775556555716e-06,
    1.5995336070773192e-05,
    7.371100218733773e-05,
    4.619875653588679e-06,
    1.0276827197230887e-05,
    3.908269718522206e-06,
    9.233928722096607e-05,
    1.5447778423549607e-05,
    6.374604708980769e-06,
    1.6070147466962226e-05,
    3.994346843683161e-05,
    9.480845619691536e-06,
    2.7999429221381433e-05,
    3.363191717653535e-05,
    2.890062205551658e-06,
    1.4779267985431943e-05,
    2.3849266653996892e-05,
    4.2545008909655735e-05,
    7.88707984611392e-06,
    9.74105205386877e-06,
    1.288360908802133e-05,
    2.97612518807e-06,
    6.932180440344382e-06,
    1.8808688764693215e-05,
    2.8866292268503457e-05,
    3.0838846214464866e-06,
    2.7489672902447637e-06,
    2.1360461687436327e-05,
    5.408139713836135e-06,
    4.466519385459833e-06,
    2.462836391714518e-06,
    4.179954339633696e-05,
    4.058580088894814e-05,
    4.4939446524949744e-05,
    4.8788524509291165e-06,
    5.069077360531082e-06,
    1.5266079572029412e-05,
    3.0367721137736226e-06,
    1.3920056517235935e-05,
    1.0312646736565512e-05,
    1.6397107174270786e-05,
    2.08723886316875e-05,
    4.016072580270702e-06,
    4.858507963945158e-05,
    2.7301123282086337e-06,
    7.382890544249676e-06,
    2.5836875465756748e-06,
    3.5257055515103275e-06,
    1.316029010922648e-05,
    2.7911894449061947e-06,
    9.232941010850482e-06,
    1.822219928726554e-05,
    3.696238536576857e-06,
    2.6054597128677415e-06,
    3.2839534469530918e-06,
    4.529423677013256e-06,
    3.2727552934375126e-06,
    1.1237034414079972e-05,
    2.836490693880478e-06,
    3.409330474823946e-06,
    4.7094954425119795e-06,
    4.880973574472591e-05,
    2.6306130166631192e-05,
    3.2052488677436486e-05,
    6.169218977447599e-06,
    1.2966378562850878e-05,
    3.2228074360318715e-06,
    3.944788659282494e-06,
    5.467371011036448e-06,
    7.325078968278831e-06,
    6.155116352601908e-06,
    3.535772748364252e-06,
    5.331100055627758e-06,
    2.194488661189098e-05,
    6.907598617544863e-06,
    2.7827461508422857e-06,
    5.649352260661544e-06,
    7.207422640931327e-06,
    2.5228605409211013e-06,
    3.22367623084574e-06,
    1.9312901713419706e-05,
    1.2705792869383004e-05,
    3.2853793072717963e-06,
    4.161620381637476e-06,
    4.890557647740934e-06,
    4.3210286094108596e-05,
    1.0257378562528174e-05,
    2.375009898969438e-06,
    5.005539787816815e-05,
    5.36154220753815e-06,
    5.532441718969494e-06,
    6.649941497016698e-06,
    2.936602868430782e-06,
    2.777435838652309e-06,
    2.814758317981614e-06,
    2.8581782771652797e-06,
    2.729973402892938e-06,
    3.526134605635889e-06,
    6.117791599535849e-06,
    4.783747499459423e-06,
    7.0282385422615334e-06,
    3.125052899122238e-06,
    2.3427899122907547e-06,
    2.2249405446927994e-06,
    3.172119249938987e-06,
    3.7858403629797976e-06,
    1.449142291676253e-05,
    9.281061466026586e-06,
    2.882099124690285e-06,
    6.459124961111229e-06,
    3.8056941775721498e-06,
    3.2788830139907077e-06,
    2.5274914605688537e-06,
    2.0900810341117904e-05,
    3.351946816110285e-06,
    2.1254845705698244e-06,
    5.2276755013735965e-06,
    5.147138836036902e-06,
    4.90587353851879e-06,
    3.70933412341401e-06,
    3.302889126644004e-06,
