{
  "version": "plots/_T_7_5_y0_0_001_network_architectures_4_50_activations_tanh_learning_rates_0_001_collocations_1024_epochs_50000_regularization_reg_derivative_reg_epochs_1_reg_coeff_10_reg_decay_1_/run_7",
  "seed": 1,
  "y0": 0.001,
  "T": 7.5,
  "N_col": 1024,
  "N_hidden": 4,
  "N_neurons": 50,
  "activation": "tanh",
  "N_epochs": 50000,
  "learning_rate": 0.001,
  "decay_rate": 1.0,
  "freq_log": 100,
  "freq_print": 1000,
  "keys_print": [
    "loss"
  ],
  "freq_save": 0,
  "regularization": "reg_derivative",
  "reg_coeff": 10,
  "reg_decay": 1,
  "reg_epochs": 1,
  "loss": [
    8.374768257141113,
    0.4551737308502197,
    0.39119553565979004,
    0.3264358639717102,
    0.27228060364723206,
    0.2981293797492981,
    0.30181968212127686,
    0.20205309987068176,
    0.17367836833000183,
    0.1294110268354416,
    0.11512304842472076,
    0.11534768342971802,
    0.11259490251541138,
    0.11797724664211273,
    0.13159798085689545,
    0.13271193206310272,
    0.13124169409275055,
    0.15222468972206116,
    0.11057297885417938,
    0.1303371638059616,
    0.15600603818893433,
    0.1561557650566101,
    0.15595972537994385,
    0.19407764077186584,
    0.14449962973594666,
    0.1543956696987152,
    0.14930880069732666,
    0.15013238787651062,
    0.13736550509929657,
    0.1473189890384674,
    0.17037004232406616,
    0.15820083022117615,
    0.13036006689071655,
    0.14253747463226318,
    0.1662910431623459,
    0.1500612497329712,
    0.13939300179481506,
    0.13024663925170898,
    0.1177566647529602,
    0.12725931406021118,
    0.14050215482711792,
    0.1308203786611557,
    0.11827163398265839,
    0.15520521998405457,
    0.1688428372144699,
    0.1186700165271759,
    0.12185903638601303,
    0.10765602439641953,
    0.10241168737411499,
    0.11431354284286499,
    0.1057276502251625,
    0.11666153371334076,
    0.1321416199207306,
    0.13579319417476654,
    0.11697946488857269,
    0.12688851356506348,
    0.10385212302207947,
    0.10765538364648819,
    0.09701961278915405,
    0.08982299268245697,
    0.08764903247356415,
    0.10459591448307037,
    0.09338533133268356,
    0.09915647655725479,
    0.09441804885864258,
    0.08587117493152618,
    0.10623808205127716,
    0.1152932271361351,
    0.08834247291088104,
    0.10178479552268982,
    0.08818811178207397,
    0.09217275679111481,
    0.10595888644456863,
    0.11484257876873016,
    0.1147441640496254,
    0.09527434408664703,
    0.09577615559101105,
    0.08469319343566895,
    0.09572744369506836,
    0.09551261365413666,
    0.0928381085395813,
    0.084037184715271,
    0.5909460186958313,
    0.5243130326271057,
    0.5204248428344727,
    0.5222873687744141,
    0.5035183429718018,
    0.5322825908660889,
    0.5348323583602905,
    0.5413111448287964,
    0.509903073310852,
    0.5403748750686646,
    0.5386632680892944,
    0.5307562351226807,
    0.5172977447509766,
    0.5380837321281433,
    0.5409942865371704,
    0.5298742651939392,
    0.5136951208114624,
    0.5335525274276733,
    0.5312532782554626,
    0.5459977984428406,
    0.5238322019577026,
    0.5244660973548889,
    0.5495425462722778,
    0.5303475856781006,
    0.5229484438896179,
    0.5282472372055054,
    0.532935380935669,
    0.5260457396507263,
    0.5297039151191711,
    0.5372396111488342,
    0.5407915115356445,
    0.5270774364471436,
    0.5308258533477783,
    0.548547625541687,
    0.5223592519760132,
    0.5221999883651733,
    0.5196411609649658,
    0.5200672149658203,
    0.5243439674377441,
    0.5133991837501526,
    0.5443825125694275,
    0.531424880027771,
    0.5198068618774414,
    0.5292025208473206,
    0.5254552364349365,
    0.5115057229995728,
    0.5345626473426819,
    0.5064834356307983,
    0.5524451732635498,
    0.5207180976867676,
    0.5437755584716797,
    0.5160979628562927,
    0.5158005356788635,
    0.5157899856567383,
    0.5347505807876587,
    0.5257805585861206,
    0.4880509674549103,
    0.5217173099517822,
    0.5358554124832153,
    0.5036852359771729,
    0.5133994817733765,
    0.5096086263656616,
    0.5316470265388489,
    0.5066536068916321,
    0.5060297846794128,
    0.5308459997177124,
    0.5335580110549927,
    0.5328683853149414,
    0.5462971925735474,
    0.5109401941299438,
    0.5470497012138367,
    0.5093287229537964,
    0.5292518138885498,
    0.5209954977035522,
    0.5088367462158203,
    0.5515430569648743,
    0.5291959047317505,
    0.5257368087768555,
    0.5378769636154175,
    0.5300958156585693,
    0.5330454111099243,
    0.5370557904243469,
    0.5234081745147705,
    0.5355859994888306,
    0.5286704897880554,
    0.5166938900947571,
    0.5161831974983215,
    0.5458444356918335,
    0.5105404853820801,
    0.5386918783187866,
    0.5262331962585449,
    0.5365270376205444,
    0.5184643864631653,
    0.5292007923126221,
    0.5162361264228821,
    0.5165744423866272,
    0.5241360664367676,
    0.5415626764297485,
    0.5439131259918213,
    0.5244993567466736,
    0.5493703484535217,
    0.5183577537536621,
    0.5245497822761536,
    0.5313127040863037,
    0.5457921624183655,
    0.5335211753845215,
    0.5171770453453064,
    0.5069725513458252,
    0.5428309440612793,
    0.5078238248825073,
    0.5278699994087219,
    0.5431214570999146,
    0.5080661177635193,
    0.5286256074905396,
    0.5436343550682068,
    0.5044431686401367,
    0.5288733243942261,
    0.512923002243042,
    0.5304991006851196,
    0.5318180322647095,
    0.5154407024383545,
    0.5326985120773315,
    0.5243029594421387,
    0.5000221729278564,
    0.49923282861709595,
    0.550875723361969,
    0.5404744148254395,
    0.5219110250473022,
    0.5119140148162842,
    0.5315860509872437,
    0.5306004285812378,
    0.5435979962348938,
    0.5110664963722229,
    0.5320277214050293,
    0.5119394659996033,
    0.5270498991012573,
    0.49968233704566956,
    0.5054048895835876,
    0.5094667673110962,
    0.5364276170730591,
    0.5490521192550659,
    0.5076613426208496,
    0.537466287612915,
    0.529110848903656,
    0.5214762687683105,
    0.5380786657333374,
    0.5157992243766785,
    0.4945095479488373,
    0.5156096816062927,
    0.5256595015525818,
    0.5215047001838684,
    0.530872642993927,
    0.534015953540802,
    0.5299075841903687,
    0.5120642781257629,
    0.5258896350860596,
    0.5157991647720337,
    0.5109533071517944,
    0.5480432510375977,
    0.5441004037857056,
    0.5310132503509521,
    0.519217312335968,
    0.4997771084308624,
    0.5603932738304138,
    0.524937629699707,
    0.5166035294532776,
    0.527360737323761,
    0.5273228883743286,
    0.5239406824111938,
    0.5243940353393555,
    0.5441035628318787,
    0.5457751750946045,
    0.4952166676521301,
    0.5333645343780518,
    0.5415966510772705,
    0.5116502046585083,
    0.5503648519515991,
    0.5319725871086121,
    0.5306084752082825,
    0.5099354982376099,
    0.5444281697273254,
    0.49787580966949463,
    0.5296206474304199,
    0.508752703666687,
    0.5218152403831482,
    0.5524779558181763,
    0.5070867538452148,
    0.533198356628418,
    0.5046534538269043,
    0.5299289226531982,
    0.5585566163063049,
    0.5474033355712891,
    0.5168973207473755,
    0.5205989480018616,
    0.544329047203064,
    0.5213547945022583,
    0.5196731090545654,
    0.49966222047805786,
    0.5495628118515015,
    0.4946839213371277,
    0.5207505822181702,
    0.5564807653427124,
    0.5181844830513,
    0.5163825750350952,
    0.5163330435752869,
    0.5151882767677307,
    0.5170159339904785,
    0.5104384422302246,
    0.5398334264755249,
    0.5253183245658875,
    0.5552072525024414,
    0.5408908128738403,
    0.5469476580619812,
    0.529240071773529,
    0.5758280754089355,
    0.5123212933540344,
    0.5372663736343384,
    0.5404312610626221,
    0.501114010810852,
    0.5399864315986633,
    0.533833384513855,
    0.5099844336509705,
    0.527562141418457,
    0.5404786467552185,
