{
  "version": "plots/_T_10_y0_0_1_network_architectures_4_50_activations_tanh_learning_rates_0_001_collocations_1024_epochs_50000_regularization_reg_derivative_unstable_fp_reg_epochs_1_reg_coeff_1_reg_decay_1_/run_7",
  "seed": 1,
  "y0": 0.1,
  "T": 10,
  "N_col": 1024,
  "N_hidden": 4,
  "N_neurons": 50,
  "activation": "tanh",
  "N_epochs": 50000,
  "learning_rate": 0.001,
  "decay_rate": 1.0,
  "freq_log": 100,
  "freq_print": 1000,
  "keys_print": [
    "loss"
  ],
  "freq_save": 0,
  "regularization": "reg_derivative_unstable_fp",
  "reg_coeff": 1,
  "reg_decay": 1,
  "reg_epochs": 1,
  "loss": [
    0.058583710342645645,
    0.015417449176311493,
    0.027512121945619583,
    0.013083403930068016,
    0.013043920509517193,
    0.010212477296590805,
    0.012862968258559704,
    0.010485881939530373,
    0.020106367766857147,
    0.012768521904945374,
    0.014090361073613167,
    0.01059065479785204,
    0.011299554258584976,
    0.011302430182695389,
    0.010188192129135132,
    0.012402556836605072,
    0.010398318991065025,
    0.011298002675175667,
    0.010747031308710575,
    0.010377943515777588,
    0.012094143778085709,
    0.010477602481842041,
    0.011076048016548157,
    0.012160057201981544,
    0.012367377057671547,
    0.011614704504609108,
    0.01220705732703209,
    0.01038334984332323,
    0.010246897116303444,
    0.010622123256325722,
    0.01291187945753336,
    0.011658886447548866,
    0.011574444361031055,
    0.010714811272919178,
    0.011949845589697361,
    0.010302823036909103,
    0.010549794882535934,
    0.010757840238511562,
    0.010195175185799599,
    0.01001940667629242,
    0.011064878664910793,
    0.010564930737018585,
    0.01123938336968422,
    0.010111615993082523,
    0.00989863183349371,
    0.010215632617473602,
    0.011311442591249943,
    0.00983129721134901,
    0.00996406190097332,
    0.00966612994670868,
    0.009276317432522774,
    0.009033836424350739,
    0.007912706583738327,
    0.007141361478716135,
    0.007968618534505367,
    0.007178783416748047,
    0.00758212199434638,
    0.0029375585727393627,
    0.00013787337229587138,
    5.219919694354758e-05,
    5.814029282191768e-05,
    7.724032911937684e-05,
    3.3205695217475295e-05,
    3.142542846035212e-05,
    6.101465260144323e-05,
    2.2567230189451948e-05,
    1.0007557648350485e-05,
    3.179904160788283e-05,
    6.65213301545009e-05,
    1.570382846693974e-05,
    8.52963057695888e-06,
    5.399172096076654e-06,
    6.788033260818338e-06,
    5.391341255744919e-05,
    7.401114999083802e-05,
    1.67355847224826e-05,
    8.380408689845353e-05,
    6.058735834812978e-06,
    2.6317807169107255e-06,
    6.971138645894825e-05,
    4.079701466253027e-05,
    5.4547079344047233e-05,
    1.3586844943347387e-05,
    4.059454113303218e-06,
    1.5607172372256173e-06,
    6.9512639129243325e-06,
    1.9978137970610987e-06,
    1.2718546713585965e-05,
    1.464162096453947e-06,
    2.817974291247083e-06,
    1.2627933756448328e-06,
    3.6787346289202105e-06,
    1.243159999830823e-06,
    6.613167897739913e-06,
    8.717665878066327e-07,
    1.693926037660276e-06,
    0.00013840486644767225,
    6.55701683172083e-07,
    1.2564915778057184e-05,
    8.323941437993199e-05,
    3.2505950002814643e-06,
    5.6867493185563944e-06,
    1.1307647582725622e-05,
    2.2801161776442314e-06,
    2.4530872906325385e-06,
    6.152642981760437e-07,
    2.059842699964065e-06,
    7.995259511517361e-05,
    2.845822564268019e-06,
    7.228092044897494e-07,
    6.138444587122649e-05,
    3.3583123695279937e-06,
    4.815718739337171e-07,
    6.967574790905928e-06,
    4.8774012384456e-07,
    1.0006383490690496e-05,
    8.62140950630419e-07,
    3.040361661987845e-06,
    6.484109326265752e-05,
    7.42926658858778e-07,
    1.1304351801300072e-06,
    4.045519744977355e-06,
    3.2098535029945197e-07,
    1.9427611732680816e-06,
    5.890040483791381e-05,
    1.2039338344038697e-06,
    2.847134783223737e-05,
    8.705449090484763e-07,
    1.3410638530331198e-05,
    3.088725861744024e-07,
    2.3468886922728416e-07,
    7.630029017491324e-07,
    3.460602044924599e-07,
    5.590815999312326e-05,
    3.8313243067022995e-07,
    0.00010902301437454298,
    2.641784249135526e-07,
    1.5921325029921718e-05,
    0.00011986414028797299,
    1.624764252028399e-07,
    5.5445361795136705e-06,
    0.00018713183817453682,
    2.517294035442319e-07,
    4.4069267460145056e-05,
    1.2836036944463558e-07,
    2.7517382932273904e-06,
    2.458837570884498e-06,
    7.714605771980132e-07,
    6.617419217036513e-07,
    3.375192250132386e-07,
    1.6043568962231802e-07,
    5.426410893960565e-07,
    1.395241611135134e-06,
    8.565782394498456e-08,
    1.9330181544319203e-07,
    1.599951815478562e-07,
    1.9999381038360298e-05,
    7.286794811989239e-08,
    3.036341311712931e-08,
    2.2004194022429147e-08,
    1.5320841839638888e-07,
    9.270243026548997e-06,
    0.00011308037937851623,
    3.438131557231827e-07,
    4.752041604660917e-07,
    1.9645694919745438e-05,
    5.5825708500378823e-08,
    9.672045416664332e-05,
    3.0135609563330945e-08,
    2.1899527524738005e-08,
    2.733414703470771e-06,
    3.6297251426731236e-08,
    2.7543936198526353e-07,
    1.947193595697172e-06,
    9.326959649058608e-09,
    2.114123617502628e-06,
    3.921592828248777e-09,
    2.998954187205527e-06,
    6.862042489785836e-09,
    4.942646292249719e-09,
    4.247861618011939e-09,
    8.36289837025106e-06,
    1.7057356416216862e-08,
    9.403065881485873e-09,
    9.70612923367753e-09,
    9.19280012112722e-08,
    5.145742676404552e-08,
    3.6021987170897773e-07,
    2.2266121391112392e-08,
    1.6440594663436059e-06,
    5.063463603960372e-08,
    6.015567919348541e-07,
    2.044345279728077e-07,
    1.80280181893977e-07,
    6.023616805350684e-08,
    4.0822092728376447e-07,
    5.411898200691212e-07,
    3.7961978449629896e-08,
    1.5171552547599276e-07,
    1.4558855454538389e-08,
    1.0697663128667045e-05,
    1.922355963301925e-08,
    0.00015535810962319374,
    2.9384871425008896e-08,
    9.314770288426644e-09,
    2.7170581233804114e-06,
    2.725790793078886e-08,
    2.3894288460724056e-05,
    9.131646550031292e-09,
    1.2051543308189139e-05,
    9.72374891716754e-09,
    1.6508852951346853e-08,
    6.194466550368816e-06,
    8.589828212279826e-06,
    6.65107009467647e-08,
    3.5568798921303824e-05,
    1.1370063646154449e-07,
    8.423307917837519e-07,
    1.1314114090055227e-08,
    0.0001608863822184503,
    2.1767274205330978e-08,
    2.5227473088307306e-07,
    5.239633793507892e-08,
    1.0585740710666869e-06,
    1.4178881180271219e-08,
    1.002028238872299e-05,
    6.123821805203988e-08,
    5.3283067245502025e-05,
    5.709119221819492e-08,
    5.720326043956447e-07,
    4.5716880947566096e-08,
    4.772266038344242e-06,
    3.303026460343972e-05,
    2.154086864436522e-08,
    3.43968125093852e-08,
    5.858171334693907e-07,
    0.0001170473697129637,
    3.582899665843797e-08,
    5.139542622600857e-07,
    3.646162269888009e-07,
    5.777773139925557e-07,
    7.058454087882637e-08,
    6.518339432659559e-06,
    1.6705703842490038e-07,
    1.1025255730601202e-07,
    1.6982951933641743e-08,
    2.692113980629074e-07,
    1.6438688632547382e-08,
    6.246143868793297e-08,
    1.859816300964212e-08,
    3.5462699088384397e-06,
    3.3629532936174655e-08,
    2.7707270078281e-07,
    5.647495981975226e-07,
    1.7340223621431505e-06,
    2.3159664124250412e-05,
    2.7302701255393913e-07,
    2.5249476038879948e-06,
    4.613975397660397e-05,
    1.4234782241828725e-08,
    1.215283607081119e-08,
    2.445371137582697e-06,
    1.0206385923083872e-05,
    2.2936731625122775e-08,
    1.745057488733437e-06,
    1.5730602598296173e-08,
    4.361263563623652e-06,
    1.8222467090822647e-08,
    5.677778972312808e-06,
    2.2930898069262184e-08,
    5.7052290003412054e-08,
    1.9038109755342703e-08,
    2.403574853815371e-06,
