{
  "version": "plots/_T_10_y0_0_01_network_architectures_4_50_activations_tanh_learning_rates_0_001_collocations_1024_epochs_50000_regularization_no_reg_reg_epochs_1_reg_coeff_1_reg_decay_1_/run_7",
  "seed": 1,
  "y0": 0.01,
  "T": 10,
  "N_col": 1024,
  "N_hidden": 4,
  "N_neurons": 50,
  "activation": "tanh",
  "N_epochs": 50000,
  "learning_rate": 0.001,
  "decay_rate": 1.0,
  "freq_log": 100,
  "freq_print": 1000,
  "keys_print": [
    "loss"
  ],
  "freq_save": 0,
  "regularization": "no_reg",
  "reg_coeff": 1,
  "reg_decay": 1,
  "reg_epochs": 1,
  "loss": [
    0.00035988082527182996,
    2.1645992092089728e-05,
    1.9410645109019242e-05,
    2.124039747286588e-05,
    1.88235062523745e-05,
    2.1355888748075813e-05,
    2.085883534164168e-05,
    2.1444197045639157e-05,
    2.0642268282244913e-05,
    1.8982884284923784e-05,
    1.697802872513421e-05,
    2.3783788492437452e-05,
    2.152715387637727e-05,
    2.506152850401122e-05,
    2.1628966351272538e-05,
    2.397560456302017e-05,
    1.6908532415982336e-05,
    2.521272108424455e-05,
    2.113086338795256e-05,
    2.380065961915534e-05,
    2.9271373932715505e-05,
    0.00011333441216265783,
    1.8901258954429068e-05,
    2.1644604203174822e-05,
    2.0669267541961744e-05,
    7.805370114510879e-05,
    2.052144736808259e-05,
    2.6226396585116163e-05,
    4.285149771021679e-05,
    0.00010044407099485397,
    2.1523093892028555e-05,
    2.2455114958574995e-05,
    1.9097205949947238e-05,
    2.439148556732107e-05,
    2.2602251192438416e-05,
    1.834742579376325e-05,
    2.160548319807276e-05,
    9.227421833202243e-05,
    2.7067997507401742e-05,
    2.5856819775071926e-05,
    4.663728759624064e-05,
    6.610076525248587e-05,
    1.998047810047865e-05,
    2.1979161829221994e-05,
    2.149704596376978e-05,
    2.5003264454426244e-05,
    2.4175187718356028e-05,
    2.1921430743532255e-05,
    0.00012519018491730094,
    2.258116910525132e-05,
    2.9284925403771922e-05,
    2.7713038434740156e-05,
    2.2152536985231563e-05,
    2.2458032617578283e-05,
    3.4445449273334816e-05,
    2.889797542593442e-05,
    2.19505909626605e-05,
    7.88129837019369e-05,
    2.4414361178060062e-05,
    2.6964360586134717e-05,
    2.1540638044825755e-05,
    1.9386858184589073e-05,
    2.3173259251052514e-05,
    2.9097212973283604e-05,
    2.2495003577205352e-05,
    3.281769750174135e-05,
    1.9056831661146134e-05,
    3.370408376213163e-05,
    2.1093437680974603e-05,
    1.99414134840481e-05,
    2.0314884750405326e-05,
    2.069985021080356e-05,
    1.990097007364966e-05,
    5.2604053053073585e-05,
    1.9610839444794692e-05,
    1.6831854736665264e-05,
    2.7563915864448063e-05,
    2.3083250198396854e-05,
    2.4109098376356997e-05,
    1.985132257686928e-05,
    2.144340760423802e-05,
    2.449502790113911e-05,
    1.8568905943538994e-05,
    1.988925396290142e-05,
    2.1693625967600383e-05,
    1.8541097233537585e-05,
    2.2178901417646557e-05,
    2.1040181309217587e-05,
    2.059846156043932e-05,
    1.9004703062819317e-05,
    2.1646945242537186e-05,
    2.096902608172968e-05,
    2.0612926164176315e-05,
    1.8429651390761137e-05,
    2.5025494323926978e-05,
    2.768923695839476e-05,
    4.183137934887782e-05,
    2.0502693587332033e-05,
    2.2377800632966682e-05,
    2.512522041797638e-05,
    1.619189788470976e-05,
    2.020566535065882e-05,
    2.217813380411826e-05,
    2.278467218275182e-05,
    2.4016611860133708e-05,
    2.5827503122854978e-05,
    1.9624218111857772e-05,
    2.0313036657171324e-05,
    2.0413912352523766e-05,
    2.1739891963079572e-05,
    2.366078842896968e-05,
    2.119475720974151e-05,
    2.3266557036549784e-05,
    2.0247744032531045e-05,
    2.0563442376442254e-05,
    2.14112842513714e-05,
    1.9074546798947267e-05,
    1.971095298358705e-05,
    2.0056311768712476e-05,
    2.261309236928355e-05,
    3.093606937909499e-05,
    2.0570747437886894e-05,
    1.9781287846853957e-05,
    1.840554250520654e-05,
    1.7834629034041427e-05,
    2.2783180611440912e-05,
    1.9738474293262698e-05,
    2.0650841179303825e-05,
    2.0970099285477772e-05,
    1.9858758605550975e-05,
    1.9027938833460212e-05,
    1.669815173954703e-05,
    1.6922522263485007e-05,
    1.868028448370751e-05,
    1.7127331375377253e-05,
    1.855559276009444e-05,
    2.1767014914075844e-05,
    1.8737597201834433e-05,
    1.9511691789375618e-05,
    1.9162704120390117e-05,
    1.931503720697947e-05,
    1.7655158444540575e-05,
    2.0381794456625357e-05,
    1.8061135051539168e-05,
    2.385888365097344e-05,
    2.0273972040740773e-05,
    1.7871338059194386e-05,
    1.9344010070199147e-05,
    1.7659058357821777e-05,
    2.1542924514506012e-05,
    1.9473871361697093e-05,
    1.9719836927833967e-05,
    1.2754620911437087e-05,
    1.960421104740817e-05,
    1.6690766642568633e-05,
    1.915090615511872e-05,
    1.8679316781344824e-05,
    2.078126635751687e-05,
    2.0292665794841014e-05,
    1.9700326447491534e-05,
    2.0653038518503308e-05,
    1.8728667782852426e-05,
    2.036075238720514e-05,
    2.1127500076545402e-05,
    2.1024063244112767e-05,
    2.028555354627315e-05,
    1.933902967721224e-05,
    1.8055696273222566e-05,
    1.8785271095111966e-05,
    1.9563321984605864e-05,
    1.881235948530957e-05,
    1.9810056983260438e-05,
    1.9777715351665393e-05,
    2.082280843751505e-05,
    1.962672104127705e-05,
    1.912197876663413e-05,
    1.8360513422521763e-05,
    2.1468582417583093e-05,
    1.7743343050824478e-05,
    1.883986078610178e-05,
    2.3853213861002587e-05,
    1.762101601343602e-05,
    1.8630897102411836e-05,
    2.1956067939754575e-05,
    2.2680511392536573e-05,
    2.091548958560452e-05,
    1.8406099115964025e-05,
    1.8982276742463e-05,
    2.120132376148831e-05,
    2.1173680579522625e-05,
    2.5400464437552728e-05,
    1.797750883270055e-05,
    1.7023405234795064e-05,
    2.034602948697284e-05,
    2.183654942200519e-05,
    1.9149356376146898e-05,
    2.0797237084480003e-05,
    1.8341206668992527e-05,
    2.0597180991899222e-05,
    2.041760853899177e-05,
    1.87505083886208e-05,
    2.161734300898388e-05,
    2.035943907685578e-05,
    2.271888661198318e-05,
    2.309239425812848e-05,
    2.124101774825249e-05,
    1.7322021449217573e-05,
    2.257590676890686e-05,
    2.2409258235711604e-05,
    2.1958176148473285e-05,
    1.8919992726296186e-05,
    2.2661553884972818e-05,
    1.971158962987829e-05,
    1.8171467672800645e-05,
    2.0027644495712593e-05,
    1.7425109035684727e-05,
    1.917180634336546e-05,
    2.3780721676303074e-05,
    2.019755993387662e-05,
    1.9903556676581502e-05,
    2.0733141354867257e-05,
    1.940057882166002e-05,
    1.8800410543917678e-05,
    2.056629273283761e-05,
    2.1747271603089757e-05,
    2.1345666027627885e-05,
    2.194164517277386e-05,
    1.9251743651693687e-05,
    0.0011148040648549795,
    2.6223104214295745e-05,
    2.0349332771729678e-05,
    1.9774288375629112e-05,
    2.0565850718412548e-05,
    2.3783959477441385e-05,
    1.9165923731634393e-05,
    2.4465913156745955e-05,
    1.9091901776846498e-05,
    2.0468964066822082e-05,
    2.280973785673268e-05,
    2.1928761270828545e-05,
    1.9960638383054174e-05,
    1.743528264341876e-05,
    1.8653281586011872e-05,
    1.9775239707087167e-05,
    1.8126134818885475e-05,
    1.9272780264145695e-05,
    1.833007627283223e-05,
    2.1485921024577692e-05,
    1.808580600481946e-05,
    1.9701092242030427e-05,
    2.0530123947537504e-05,
    1.9536077161319554e-05,
    1.7241160094272345e-05,
    2.0442090317374095e-05,
    1.8623821233632043e-05,
    1.821964542614296e-05,
    1.9725746824406087e-05,
    2.1090685550007038e-05,
    1.6378548025386408e-05,
    1.658237488300074e-05,
    2.0365378077258356e-05,
    1.9636419892776757e-05,
    1.7829950593295507e-05,
    1.928417623275891e-05,
    1.5186992641247343e-05,
    2.1148302039364353e-05,
    2.3206670448416844e-05,
    1.8409238691674545e-05,
