{
  "version": "plots/_T_7_5_y0_0_1_network_architectures_4_50_activations_tanh_learning_rates_0_001_collocations_1024_epochs_50000_regularization_no_reg_reg_epochs_1_reg_coeff_1_reg_decay_1_/run_0",
  "seed": 1,
  "y0": 0.1,
  "T": 7.5,
  "N_col": 1024,
  "N_hidden": 4,
  "N_neurons": 50,
  "activation": "tanh",
  "N_epochs": 50000,
  "learning_rate": 0.001,
  "decay_rate": 1.0,
  "freq_log": 100,
  "freq_print": 1000,
  "keys_print": [
    "loss"
  ],
  "freq_save": 0,
  "regularization": "no_reg",
  "reg_coeff": 1,
  "reg_decay": 1,
  "reg_epochs": 1,
  "loss": [
    0.0319175124168396,
    0.002696436131373048,
    0.002516578882932663,
    0.0026267655193805695,
    0.002404307248070836,
    0.002786180004477501,
    0.002744499361142516,
    0.0027562109753489494,
    0.0027294359169900417,
    0.0025073320139199495,
    0.00225616991519928,
    0.003060209332033992,
    0.0028658960945904255,
    0.003211649600416422,
    0.0028202575631439686,
    0.003097432665526867,
    0.002248592209070921,
    0.0031029938254505396,
    0.0025480350013822317,
    0.0026541701517999172,
    0.0026833636220544577,
    0.002502491930499673,
    0.0025561293587088585,
    0.0029185356106609106,
    0.0027028247714042664,
    0.0026888602878898382,
    0.00248683150857687,
    0.002514650346711278,
    0.0023999889381229877,
    0.0030516237020492554,
    0.0027175601571798325,
    0.002800875576213002,
    0.002445703838020563,
    0.002452512737363577,
    0.0026318319141864777,
    0.002484274096786976,
    0.002789126243442297,
    0.002764082280918956,
    0.003054059576243162,
    0.0022402373142540455,
    0.0026357900351285934,
    0.0028952413704246283,
    0.002684340113773942,
    0.002580787055194378,
    0.002625945955514908,
    0.0026142816059291363,
    0.0023543306160718203,
    0.002617390127852559,
    0.002724437741562724,
    0.0026320135220885277,
    0.002687866799533367,
    0.002511846600100398,
    0.0028785967733711004,
    0.0027468984480947256,
    0.002934688236564398,
    0.0026197622064501047,
    0.0028160489164292812,
    0.0024287996347993612,
    0.002912369091063738,
    0.0027504574973136187,
    0.0026461558882147074,
    0.0025622404646128416,
    0.0029017345514148474,
    0.002604147419333458,
    0.0029129204340279102,
    0.0025925543159246445,
    0.002592832315713167,
    0.0025692107155919075,
    0.002757421461865306,
    0.002547592855989933,
    0.002688592066988349,
    0.002703049685806036,
    0.0025766375474631786,
    0.003064405173063278,
    0.0026057292707264423,
    0.002286856062710285,
    0.0030460418201982975,
    0.0028740712441504,
    0.0028187378775328398,
    0.0026459689252078533,
    0.0027946194168180227,
    0.0027189936954528093,
    0.002491212449967861,
    0.0026271515525877476,
    0.002728237770497799,
    0.0024280413053929806,
    0.002835772931575775,
    0.0027982224710285664,
    0.002556650899350643,
    0.002469838596880436,
    0.0027045710012316704,
    0.002202251460403204,
    0.002528516575694084,
    0.0022805510088801384,
    0.002634081058204174,
    0.0026428732089698315,
    0.0026319632306694984,
    0.002591614844277501,
    0.0029148536268621683,
    0.0028922604396939278,
    0.0022773679811507463,
    0.0025128433480858803,
    0.002749260514974594,
    0.0025862553156912327,
    0.0025049515534192324,
    0.0031682364642620087,
    0.0024745517875999212,
    0.0026867606211453676,
    0.0027150092646479607,
    0.0026777759194374084,
    0.002704617567360401,
    0.002673798706382513,
    0.0027756858617067337,
    0.0026174806989729404,
    0.0024330117739737034,
    0.0027697395998984575,
    0.0025123527739197016,
    0.0025156608317047358,
    0.002546207746490836,
    0.002861330285668373,
    0.002932194387540221,
    0.002779544796794653,
    0.0026392999570816755,
    0.0024789064191281796,
    0.0024198456667363644,
    0.002960735931992531,
    0.002621067687869072,
    0.0027625930961221457,
    0.0027532055974006653,
    0.002670937916263938,
    0.0025669897440820932,
    0.002279052510857582,
    0.0022874795831739902,
    0.002459201728925109,
    0.0023380001075565815,
    0.0025511393323540688,
    0.002877279184758663,
    0.00249176612123847,
    0.0026008370332419872,
    0.0025974204763770103,
    0.00252757640555501,
    0.0023800544440746307,
    0.002724488265812397,
    0.002502536866813898,
    0.003067140467464924,
    0.0026276649441570044,
    0.0024060450959950686,
    0.0025660854298621416,
    0.002373523311689496,
    0.0027956273406744003,
    0.0025900760665535927,
    0.0025875491555780172,
    0.001820674748159945,
    0.002632580231875181,
    0.0022231582552194595,
    0.0025517188478261232,
    0.002511983271688223,
    0.0027088355273008347,
    0.0026321769692003727,
    0.0025652702897787094,
    0.0027061605360358953,
    0.0025077410973608494,
    0.002594402991235256,
    0.002748806495219469,
    0.002730981446802616,
    0.002622859552502632,
    0.002576291561126709,
    0.002374739618971944,
    0.0025203684344887733,
    0.0025249903555959463,
    0.0024892878718674183,
    0.0026328102685511112,
    0.0026149461045861244,
    0.0027005160227417946,
    0.0025293114595115185,
    0.002549634547904134,
    0.002470542211085558,
    0.002773921936750412,
    0.002359050326049328,
    0.0025431851390749216,
    0.00295776454731822,
    0.002329397713765502,
    0.00247476645745337,
    0.002845549723133445,
    0.0028991024009883404,
    0.002735710935667157,
    0.0024396413937211037,
    0.002572548110038042,
    0.002776683308184147,
    0.0027878028340637684,
    0.003233413677662611,
    0.002371752168983221,
    0.0022858683951199055,
    0.002691976958885789,
    0.0028764018788933754,
    0.0025296639651060104,
    0.002759400522336364,
    0.0025770054198801517,
    0.0026801838539540768,
    0.002711216453462839,
    0.002497467678040266,
    0.0027915071696043015,
    0.0026470907032489777,
    0.0029487002175301313,
    0.0029378272593021393,
    0.002800576388835907,
    0.0022590672597289085,
    0.002922223648056388,
    0.002835810650140047,
    0.002839373890310526,
    0.002524379640817642,
    0.0029288427904248238,
    0.002535597886890173,
    0.0023941416293382645,
    0.0026237403508275747,
    0.0023366292007267475,
    0.002568814205005765,
    0.0030449936166405678,
    0.0026603774167597294,
    0.0025893840938806534,
    0.0028013347182422876,
    0.0026032959576696157,
    0.00254131224937737,
    0.002772888168692589,
    0.0028551199939101934,
    0.002782687544822693,
    0.002789656165987253,
    0.0025371212977916002,
    0.002981552854180336,
    0.0031919514294713736,
    0.002613750286400318,
    0.002573123201727867,
    0.0026587555184960365,
    0.003092818893492222,
    0.0025186515413224697,
    0.003205635119229555,
    0.0025258888490498066,
    0.0026358994655311108,
    0.0029772273264825344,
    0.0029223975725471973,
    0.0026273783296346664,
    0.0023388967383652925,
    0.0025231780018657446,
    0.002629481954500079,
    0.002467671874910593,
    0.002564971335232258,
    0.0024187006056308746,
    0.0028314334340393543,
    0.002456482034176588,
    0.002659384161233902,
    0.002694056136533618,
    0.0025788461789488792,
    0.0023748474195599556,
    0.0027083444874733686,
    0.002476767636835575,
    0.0024406155571341515,
    0.00261331582441926,
    0.0027447196189314127,
    0.0022403905168175697,
    0.002263416536152363,
    0.0026792138814926147,
    0.0026019318029284477,
    0.002418970223516226,
    0.0026223547756671906,
    0.0022135083563625813,
    0.0027863476425409317,
    0.0029645313043147326,
    0.0024942986201494932,
    0.0026622030418366194,
    0.002985081635415554,
    0.0028869961388409138,
    0.002879241481423378,
    0.002696145325899124,
    0.00242446968331933,
    0.002895812038332224,
    0.002844045637175441,
    0.002975806128233671,
    0.002469773404300213,
    0.003107993397861719,
    0.002746241632848978,
