{
  "version": "plots/_T_10_y0_0_1_network_architectures_4_50_activations_tanh_learning_rates_0_001_collocations_1024_epochs_50000_regularization_no_reg_reg_epochs_1_reg_coeff_100000_reg_decay_1_/run_5",
  "seed": 1,
  "y0": 0.1,
  "T": 10,
  "N_col": 1024,
  "N_hidden": 4,
  "N_neurons": 50,
  "activation": "tanh",
  "N_epochs": 50000,
  "learning_rate": 0.001,
  "decay_rate": 1.0,
  "freq_log": 100,
  "freq_print": 1000,
  "keys_print": [
    "loss"
  ],
  "freq_save": 0,
  "regularization": "no_reg",
  "reg_coeff": 100000,
  "reg_decay": 1,
  "reg_epochs": 1,
  "loss": [
    0.09314354509115219,
    0.0025989944115281105,
    0.0012497217394411564,
    0.00042454482172615826,
    0.00042706873500719666,
    0.0008790903957560658,
    0.0002602317836135626,
    0.00018425747111905366,
    0.0001246395258931443,
    0.0001616890076547861,
    0.0001459434861317277,
    0.0003594650770537555,
    7.074532913975418e-05,
    6.797818059567362e-05,
    5.0869264669017866e-05,
    0.00018225895473733544,
    0.0009875139221549034,
    0.0001146896174759604,
    2.7227837563259527e-05,
    2.2915590307093225e-05,
    2.5425875719520263e-05,
    1.2707892892649397e-05,
    4.945663386024535e-05,
    2.497543209756259e-05,
    9.486899944022298e-05,
    6.30164777248865e-06,
    0.00032103719422593713,
    4.227199497108813e-06,
    2.8354197638691403e-06,
    2.635007149365265e-06,
    4.460659056348959e-06,
    6.770947493350832e-06,
    6.816327640990494e-06,
    2.581347416708013e-06,
    4.28784333053045e-05,
    1.9264809452579357e-05,
    1.1203751455468591e-06,
    4.50073457614053e-06,
    9.373297302772698e-07,
    0.0002456977963447571,
    6.886717756060534e-07,
    6.694579042232363e-07,
    5.413510734797455e-06,
    2.6824427550309338e-06,
    4.814075964532094e-06,
    0.0004793750704266131,
    4.743257022710168e-07,
    3.171226126141846e-07,
    6.30277645541355e-06,
    1.0998552170349285e-05,
    2.4801520339678973e-06,
    3.8193522300389304e-07,
    2.959909579658415e-05,
    0.00014678188017569482,
    1.331355633737985e-06,
    3.395500243641436e-06,
    5.289152795739938e-07,
    2.2011980036040768e-05,
    1.482684638176579e-05,
    0.0006648758426308632,
    1.0053086043626536e-06,
    9.012827649712563e-05,
    1.2999105365452124e-06,
    6.766612932551652e-05,
    3.880920758092543e-06,
    6.27035551588051e-05,
    3.3272914379267604e-07,
    7.541329978266731e-06,
    5.416615022113547e-05,
    2.2940489543543663e-06,
    2.0375284293550067e-05,
    6.704652264488686e-07,
    2.249868771286856e-07,
    2.203902567998739e-06,
    0.00013331275840755552,
    4.310131771489978e-05,
    2.811594868035172e-07,
    2.3707005311734974e-05,
    1.2869277270510793e-05,
    4.86367498524487e-05,
    1.138477955464623e-06,
    3.875998686453386e-07,
    3.0410041063078097e-07,
    3.974873834522441e-07,
    1.084240011550719e-06,
    7.853814167901874e-06,
    3.3552403237990802e-06,
    1.4075340004637837e-07,
    4.1105609852820635e-05,
    1.421767251486017e-06,
    4.347091930867464e-07,
    0.00038987264269962907,
    9.046702587056643e-08,
    9.466630785937014e-07,
    3.163484905144287e-07,
    0.00011603691382333636,
    2.574663085397333e-06,
    2.2822752043794026e-07,
    0.002926753368228674,
    0.0022281743586063385,
    0.001606928650289774,
    0.0019358431454747915,
    0.0020705973729491234,
    0.0019543548114597797,
    0.0018405657028779387,
    0.002421095035970211,
    0.0019764641765505075,
    0.0020128951873630285,
    0.0019953313749283552,
    0.0020263460464775562,
    0.002055077813565731,
    0.0021133110858500004,
    0.0021260555367916822,
    0.001973752398043871,
    0.0017622590530663729,
    0.002096258569508791,
    0.0018852297216653824,
    0.001880786381661892,
    0.001959015615284443,
    0.0021674043964594603,
    0.002232000697404146,
    0.0020431075245141983,
    0.0020173501688987017,
    0.0018473388627171516,
    0.0018324226839467883,
    0.0022647639270871878,
    0.0019771510269492865,
    0.0021692607551813126,
    0.0021998444572091103,
    0.0019867524970322847,
    0.001963506918400526,
    0.001692256424576044,
    0.0016647938173264265,
    0.0019121973309665918,
    0.0017232552636414766,
    0.0018898267298936844,
    0.0022398633882403374,
    0.0019508085679262877,
    0.0019740150310099125,
    0.0019669400062412024,
    0.0019139968790113926,
    0.0019048827234655619,
    0.0020232978276908398,
    0.0018578808521851897,
    0.0023883087560534477,
    0.0020335440058261156,
    0.0017755053704604506,
    0.0019327106419950724,
    0.0017377358162775636,
    0.00215051113627851,
    0.0019234842620790005,
    0.0019261683337390423,
    0.001369376084767282,
    0.0019769698847085238,
    0.0016505245584994555,
    0.0018992195837199688,
    0.0018797332886606455,
    0.0021139548625797033,
    0.002018585568293929,
    0.0020246473141014576,
    0.0020906724967062473,
    0.0018450311617925763,
    0.002028798684477806,
    0.002087747910991311,
    0.0020776321180164814,
    0.0019857955630868673,
    0.001976442290470004,
    0.0017739194445312023,
    0.0018831812776625156,
    0.001970131415873766,
    0.0018655231688171625,
    0.0019814877305179834,
    0.0019462176132947206,
    0.002038360573351383,
    0.0019142274977639318,
    0.0019358692225068808,
    0.0018379896646365523,
    0.002128022024407983,
    0.001750565366819501,
    0.0018556052818894386,
    0.0023342384956777096,
    0.0017266657669097185,
    0.001832959009334445,
    0.002144095953553915,
    0.002252593170851469,
    0.0020300925243645906,
    0.001788163324818015,
    0.0019097906770184636,
    0.002114442642778158,
    0.002110162517055869,
    0.0025415541604161263,
    0.0017930902540683746,
    0.0016927376855164766,
    0.002007115865126252,
    0.0021613454446196556,
    0.0018728477880358696,
    0.0021023962181061506,
    0.0018338651861995459,
    0.0020229239016771317,
    0.0020317728631198406,
    0.0018814768409356475,
    0.002150572370737791,
    0.0019496390596032143,
    0.002255489118397236,
    0.002271609380841255,
    0.002108165994286537,
    0.0016294216038659215,
    0.0022405360359698534,
    0.0021839067339897156,
    0.0022054368164390326,
    0.0018472961382940412,
    0.0022322307340800762,
    0.0019154413603246212,
    0.0017836668994277716,
    0.0019430906977504492,
    0.001711659599095583,
    0.0018809284083545208,
    0.0023575567174702883,
    0.002006679540500045,
    0.002010902389883995,
    0.00208513205870986,
    0.0019199984380975366,
    0.0018401064444333315,
    0.0020508887246251106,
    0.0022077327594161034,
    0.0021141006145626307,
    0.002192534739151597,
    0.0018819018732756376,
    0.0022919673938304186,
    0.002448991173878312,
    0.0019767803605645895,
    0.0019408486550673842,
    0.002031486015766859,
    0.0023616179823875427,
    0.0019454797729849815,
    0.0024469085037708282,
    0.0019052596762776375,
    0.002066752640530467,
    0.0022609957959502935,
    0.0021800408139824867,
    0.0019935667514801025,
    0.0017434840556234121,
    0.0018637499306350946,
    0.00199448736384511,
    0.0017967757303267717,
    0.0019142364617437124,
    0.0018420792184770107,
    0.00213497132062912,
    0.001825266401283443,
    0.0019500360358506441,
    0.0020432875026017427,
    0.0019600430969148874,
    0.0017305854707956314,
    0.002031996613368392,
    0.0018523747567087412,
    0.001843433128669858,
    0.001959968823939562,
    0.002089804271236062,
    0.0016419095918536186,
    0.001675301929935813,
    0.002016464015468955,
    0.0019513554871082306,
    0.0017615824472159147,
    0.0019214099738746881,
    0.0015688890125602484,
    0.0020967028103768826,
    0.00233233580365777,
    0.0018854400841519237,
    0.0020292899571359158,
    0.002277642022818327,
    0.002197154564782977,
    0.0022029178217053413,
    0.0021152212284505367,
    0.001811341498978436,
    0.002134546637535095,
    0.0021850578486919403,
