{
  "version": "plots/_T_7_5_y0_0_01_network_architectures_4_50_activations_tanh_learning_rates_0_001_collocations_1024_epochs_50000_regularization_no_reg_reg_epochs_1_reg_coeff_100000_reg_decay_1_/run_3",
  "seed": 1,
  "y0": 0.01,
  "T": 7.5,
  "N_col": 1024,
  "N_hidden": 4,
  "N_neurons": 50,
  "activation": "tanh",
  "N_epochs": 50000,
  "learning_rate": 0.001,
  "decay_rate": 1.0,
  "freq_log": 100,
  "freq_print": 1000,
  "keys_print": [
    "loss"
  ],
  "freq_save": 0,
  "regularization": "no_reg",
  "reg_coeff": 100000,
  "reg_decay": 1,
  "reg_epochs": 1,
  "loss": [
    0.07639792561531067,
    3.3991411328315735e-05,
    2.9660895961569622e-05,
    2.9399812774499878e-05,
    2.6406933102407493e-05,
    3.0239400075515732e-05,
    2.920209226431325e-05,
    2.874482197512407e-05,
    2.8445911084418185e-05,
    2.5663110136520118e-05,
    2.3314214558922686e-05,
    3.1181662052404135e-05,
    2.907764064730145e-05,
    3.209866918041371e-05,
    2.8641734388656914e-05,
    7.137018837966025e-05,
    3.169789124513045e-05,
    3.163647488690913e-05,
    2.706381565076299e-05,
    2.9166836611693725e-05,
    0.00011174898099852726,
    3.339063550811261e-05,
    3.0818351660855114e-05,
    4.718331911135465e-05,
    3.078015288338065e-05,
    2.7041158318752423e-05,
    2.5409726731595583e-05,
    4.681258724303916e-05,
    2.6608970074448735e-05,
    0.00025055912556126714,
    2.8286824090173468e-05,
    2.9675215046154335e-05,
    2.8747332180500962e-05,
    3.014922549482435e-05,
    2.6646768674254417e-05,
    2.5118231860687956e-05,
    2.9256512789288536e-05,
    3.0338895157910883e-05,
    3.04078494082205e-05,
    2.2757090846425854e-05,
    5.262014747131616e-05,
    5.132038495503366e-05,
    3.0446331948041916e-05,
    3.407690383028239e-05,
    2.7589128876570612e-05,
    0.0004075074102729559,
    2.370867514400743e-05,
    2.6404813979752362e-05,
    2.732064422161784e-05,
    2.7609468816081062e-05,
    3.497059515211731e-05,
    2.706661689444445e-05,
    2.973681148432661e-05,
    3.829957131529227e-05,
    2.934877193183638e-05,
    4.271645229891874e-05,
    2.858341031242162e-05,
    2.9977916710777208e-05,
    2.9796687158523127e-05,
    2.7853962819790468e-05,
    3.4239950764458627e-05,
    4.2128558561671525e-05,
    3.2313066185452044e-05,
    2.623483305796981e-05,
    3.0277235055109486e-05,
    4.120169614907354e-05,
    2.5756231480045244e-05,
    3.756211663130671e-05,
    2.9391643693088554e-05,
    3.351709892740473e-05,
    2.8008991648675874e-05,
    3.0229199182940647e-05,
    2.596456579340156e-05,
    3.235902840970084e-05,
    3.127929812762886e-05,
    2.3960339603945613e-05,
    3.227387787774205e-05,
    2.9106928195687942e-05,
    2.8675072826445103e-05,
    3.0106904887361452e-05,
    2.9248447390273213e-05,
    3.083360206801444e-05,
    2.5484725483693182e-05,
    2.687998130568303e-05,
    2.766199213510845e-05,
    2.4327391656697728e-05,
    3.0156701541272923e-05,
    2.9722503313678317e-05,
    2.572259836597368e-05,
    2.5893867132253945e-05,
    4.536552296485752e-05,
    2.5445609935559332e-05,
    2.607230271678418e-05,
    2.453998058626894e-05,
    2.707190469664056e-05,
    3.707282667164691e-05,
    4.50088300567586e-05,
    2.6505196728976443e-05,
    3.29216054524295e-05,
    2.9087615985190496e-05,
    2.2602869648835622e-05,
    2.526828939153347e-05,
    2.8132631996413693e-05,
    2.598251012386754e-05,
    4.666699896915816e-05,
    3.597573595470749e-05,
    2.5505842131678946e-05,
    2.7116933779325336e-05,
    2.7257416149950586e-05,
    2.7169715394848026e-05,
    2.8607055355678312e-05,
    3.0059116397751495e-05,
    2.8694686989183538e-05,
    2.6911833629128523e-05,
    2.6177644031122327e-05,
    2.8262074920348823e-05,
    2.8825699700973928e-05,
    2.6730453100753948e-05,
    2.58799427683698e-05,
    2.879192470572889e-05,
    3.0381879696506076e-05,
    2.7945146939600818e-05,
    2.7599529857980087e-05,
    2.5829122023424134e-05,
    2.417995347059332e-05,
    3.1487146770814434e-05,
    2.6386700483271852e-05,
    2.8150147045380436e-05,
    2.8337453841231763e-05,
    2.7379785024095327e-05,
    2.5758723495528102e-05,
    2.3067983420332894e-05,
    2.3013639292912558e-05,
    2.5068286049645394e-05,
    2.3936183424666524e-05,
    2.6452160454937257e-05,
    2.9315297069842927e-05,
    2.4867440515663475e-05,
    2.727540413616225e-05,
    2.64993777818745e-05,
    2.5600995286367834e-05,
    2.3960976250236854e-05,
    2.776758083200548e-05,
    2.4840435798978433e-05,
    3.0762636015424505e-05,
    2.6447036361787468e-05,
    2.4553366529289633e-05,
    2.6076404537889175e-05,
    2.40099398070015e-05,
    0.0038918363861739635,
    2.6270616217516363e-05,
    2.6437537599122152e-05,
    1.807044100132771e-05,
    2.6233861717628315e-05,
    2.2352376618073322e-05,
    2.5684745196485892e-05,
    2.5276320229750127e-05,
    2.73918776656501e-05,
    2.6410842110635713e-05,
    2.5694971554912627e-05,
    2.7122852770844474e-05,
    2.5365712644997984e-05,
    2.617213067424018e-05,
    2.7563106414163485e-05,
    2.743759614531882e-05,
    2.6470775992493145e-05,
    2.6125235308427364e-05,
    2.3813005100237206e-05,
    2.5329003619845025e-05,
    2.5554387320880778e-05,
    2.5108864065259695e-05,
    2.6596608222462237e-05,
    2.6406210963614285e-05,
    2.7155609132023528e-05,
    2.558886626502499e-05,
    2.5167322746710852e-05,
    2.4998069420689717e-05,
    2.794925785565283e-05,
    2.3786447854945436e-05,
    2.584170397312846e-05,
    3.01269355986733e-05,
    2.352232695557177e-05,
    2.4916625989135355e-05,
    2.8757527616107836e-05,
    2.9386403184616938e-05,
    2.7808187951450236e-05,
    2.4695687898201868e-05,
    2.581878288765438e-05,
    2.79664782283362e-05,
    2.7962491003563628e-05,
    3.273635229561478e-05,
    2.3954937205417082e-05,
    2.315514939255081e-05,
    2.7288155251881108e-05,
    2.905862857005559e-05,
    2.5495566660538316e-05,
    2.7645011869026348e-05,
    2.5863882910925895e-05,
    2.708647480176296e-05,
    2.7084810426458716e-05,
    2.4975390260806307e-05,
    2.819408109644428e-05,
    2.6993857318302616e-05,
    2.9962893677293323e-05,
    2.941176717285998e-05,
    2.8446476790122688e-05,
    2.3159213014878333e-05,
    2.9710596209042706e-05,
    2.8525921152322553e-05,
    2.8537129765027203e-05,
    2.5559709683875553e-05,
    2.9550892577390186e-05,
    2.5556702894391492e-05,
    2.4269005734822713e-05,
    2.7347317882231437e-05,
    2.376395059400238e-05,
    2.628268521220889e-05,
    3.150679913233034e-05,
    2.684557875909377e-05,
    2.6795283702085726e-05,
    2.8029624445480295e-05,
    2.6295896532246843e-05,
    2.5805813493207097e-05,
    2.873687117244117e-05,
    2.9344493668759242e-05,
    2.8049958928022534e-05,
    2.787378616631031e-05,
    2.5642697437433526e-05,
    2.993245652760379e-05,
    3.205223038094118e-05,
    2.613924880279228e-05,
    2.587648486951366e-05,
    2.674282768566627e-05,
    3.12452539219521e-05,
    2.5134555471595377e-05,
    3.32473537127953e-05,
    2.5304365408373997e-05,
    2.6906294806394726e-05,
    3.0272602089098655e-05,
    2.9579747206298634e-05,
    2.6532072297413833e-05,
    2.3542259441455826e-05,
    2.5796338377404027e-05,
    2.636652789078653e-05,
    2.4920413125073537e-05,
    2.58784039033344e-05,
    2.4199591280194e-05,
    2.902360756706912e-05,
    2.5161814846796915e-05,
    2.7231215426581912e-05,
    2.718430187087506e-05,
    2.6214682293357328e-05,
    2.4007007596082985e-05,
    2.7628975658444688e-05,
    2.55365466728108e-05,
    2.5556628315825947e-05,
    2.649052839842625e-05,
    2.7704209060175344e-05,
    2.275068618473597e-05,
    2.293992292834446e-05,
    2.7272486477158964e-05,
    2.627275353006553e-05,
    2.4934415705502033e-05,
    2.6509469535085373e-05,
    2.2438667656388134e-05,
    2.8320366254774854e-05,
    2.950404268631246e-05,
    2.5332034056191333e-05,
    2.6845118554774672e-05,
