{
  "version": "plots/_T_7_5_y0_0_1_network_architectures_4_50_activations_tanh_learning_rates_0_001_collocations_1024_epochs_50000_regularization_reg_derivative_reg_epochs_1_reg_coeff_1_reg_decay_1_/run_8",
  "seed": 1,
  "y0": 0.1,
  "T": 7.5,
  "N_col": 1024,
  "N_hidden": 4,
  "N_neurons": 50,
  "activation": "tanh",
  "N_epochs": 50000,
  "learning_rate": 0.001,
  "decay_rate": 1.0,
  "freq_log": 100,
  "freq_print": 1000,
  "keys_print": [
    "loss"
  ],
  "freq_save": 0,
  "regularization": "reg_derivative",
  "reg_coeff": 1,
  "reg_decay": 1,
  "reg_epochs": 1,
  "loss": [
    0.908711850643158,
    0.10108579695224762,
    0.08714384585618973,
    0.08333431929349899,
    0.0821472704410553,
    0.08391968160867691,
    0.08038885146379471,
    0.08046464622020721,
    0.0644981861114502,
    0.05970015004277229,
    0.06377992779016495,
    0.05952686443924904,
    0.05850161984562874,
    0.06172030046582222,
    0.05758000910282135,
    0.05851307883858681,
    0.057822443544864655,
    0.059489019215106964,
    0.05540669336915016,
    0.05436399579048157,
    0.05583392083644867,
    0.061201274394989014,
    0.05629652738571167,
    0.05889694020152092,
    0.05180523917078972,
    0.055182814598083496,
    0.054571572691202164,
    0.0537964291870594,
    0.053594883531332016,
    0.05462741106748581,
    0.05654086172580719,
    0.05460997670888901,
    0.055144838988780975,
    0.05282431095838547,
    0.05448009818792343,
    0.056977756321430206,
    0.051773976534605026,
    0.055603452026844025,
    0.05580180883407593,
    0.05156856030225754,
    0.050291191786527634,
    0.0553802028298378,
    0.054037224501371384,
    0.05466580390930176,
    0.05330921709537506,
    0.05465424060821533,
    0.05324774235486984,
    0.051637373864650726,
    0.057635348290205,
    0.05555957555770874,
    0.0530010461807251,
    0.055594220757484436,
    0.05619330704212189,
    0.055221520364284515,
    0.054922379553318024,
    0.050644729286432266,
    0.05425452068448067,
    0.05189299210906029,
    0.05528874695301056,
    0.05070212483406067,
    0.05424939841032028,
    0.05459018796682358,
    0.05073027312755585,
    0.047876086086034775,
    0.06265061348676682,
    0.05597486346960068,
    0.05845067650079727,
    0.055934738367795944,
    0.06279804557561874,
    0.052961550652980804,
    0.05427437275648117,
    0.05217409133911133,
    0.05325944721698761,
    0.05125366896390915,
    0.05305999517440796,
    0.05159197747707367,
    0.05054605007171631,
    0.052869558334350586,
    0.052752867341041565,
    0.05815303698182106,
    0.05581969767808914,
    0.05353309214115143,
    0.05172319710254669,
    0.05349434167146683,
    0.0529744029045105,
    0.05603408068418503,
    0.05216321349143982,
    0.05196159705519676,
    0.05326865613460541,
    0.04966963827610016,
    0.05354556813836098,
    0.04855610430240631,
    0.051798015832901,
    0.05294874683022499,
    0.05374300479888916,
    0.04845075309276581,
    0.05142425000667572,
    0.051872022449970245,
    0.05370168760418892,
    0.05208239331841469,
    0.05094601586461067,
    0.052621155977249146,
    0.05178804323077202,
    0.050616536289453506,
    0.05085527524352074,
    0.06023820489645004,
    0.04907739907503128,
    0.05382516235113144,
    0.056610338389873505,
    0.05144330859184265,
    0.04964075982570648,
    0.05018113926053047,
    0.05345137417316437,
    0.05533669888973236,
    0.05179375410079956,
    0.052062660455703735,
    0.05106980726122856,
    0.04878861457109451,
    0.05082996189594269,
    0.0543057881295681,
    0.053316209465265274,
    0.05218397080898285,
    0.054664209485054016,
    0.05347582325339317,
    0.053804025053977966,
    0.0519835501909256,
    0.05301598459482193,
    0.053396839648485184,
    0.054664790630340576,
    0.04982279986143112,
    0.0549558624625206,
    0.05077666789293289,
    0.05226902663707733,
    0.053433001041412354,
    0.053364988416433334,
    0.05284612625837326,
    0.054577454924583435,
    0.051013268530368805,
    0.05148690938949585,
    0.0530066154897213,
    0.05057167261838913,
    0.04964464157819748,
    0.0511922650039196,
    0.05413099378347397,
    0.05474042519927025,
    0.05144127085804939,
    0.053039997816085815,
    0.04873989522457123,
    0.052401356399059296,
    0.05547235161066055,
    0.05461101233959198,
    0.04910457879304886,
    0.051512788981199265,
    0.053470611572265625,
    0.05235331505537033,
    0.050932541489601135,
    0.052740469574928284,
    0.05358847975730896,
    0.051893606781959534,
    0.050203099846839905,
    0.05093478411436081,
    0.05221226066350937,
    0.04821402579545975,
    0.0530308373272419,
    0.05188365653157234,
    0.051104310899972916,
    0.05341500788927078,
    0.05079951509833336,
    0.052281588315963745,
    0.04851788654923439,
    0.0534830316901207,
    0.050675585865974426,
    0.05488657206296921,
    0.04997129738330841,
    0.051646944135427475,
    0.05079158395528793,
    0.052713681012392044,
    0.057501569390296936,
    0.050641950219869614,
    0.05368868634104729,
    0.0502336248755455,
    0.05174335092306137,
    0.05046723410487175,
    0.050187431275844574,
    0.054885149002075195,
    0.05457129329442978,
    0.05351392179727554,
    0.0510660819709301,
    0.04987671598792076,
    0.053332939743995667,
    0.04649139940738678,
    0.04750136658549309,
    0.05423857644200325,
    0.052791498601436615,
    0.052024584263563156,
    0.051785390824079514,
    0.05578277260065079,
    0.05338941514492035,
    0.053130730986595154,
    0.05318848788738251,
    0.05391376465559006,
    0.049360327422618866,
    0.05044330656528473,
    0.05046939104795456,
    0.04881696775555611,
    0.05268535017967224,
    0.051747553050518036,
    0.050264082849025726,
    0.054978806525468826,
    0.04824122041463852,
    0.050557635724544525,
    0.04927154630422592,
    0.053803421556949615,
    0.05146270990371704,
    0.05429763346910477,
    0.04902973398566246,
    0.05295760929584503,
    0.049190081655979156,
    0.052618324756622314,
    0.04868597537279129,
    0.05404157191514969,
    0.05386398360133171,
    0.0507897324860096,
    0.05519759654998779,
    0.05254707857966423,
    0.05288909375667572,
    0.04798377677798271,
    0.05268961191177368,
    0.05075248330831528,
    0.05007965862751007,
    0.05460241064429283,
    0.04990093782544136,
    0.04920269548892975,
    0.05124980956315994,
    0.05524609237909317,
    0.056330956518650055,
    0.05263575166463852,
    0.050237372517585754,
    0.050436511635780334,
    0.05114036798477173,
    0.05327426269650459,
    0.053988441824913025,
    0.05110839754343033,
    0.059368692338466644,
    0.05915359780192375,
    0.05543706566095352,
    0.05687549710273743,
    0.05215072259306908,
    0.05324927344918251,
    0.05552440136671066,
    0.05268653482198715,
    0.05146665498614311,
    0.053470611572265625,
    0.05391630530357361,
    0.05590253323316574,
    0.049643777310848236,
    0.046384744346141815,
    0.05880378559231758,
    0.052009522914886475,
    0.04850528761744499,
    0.04869818314909935,
    0.04979861155152321,
    0.0525035485625267,
    0.05371895059943199,
    0.05566934123635292,
    0.050414860248565674,
    0.050733134150505066,
    0.0522288903594017,
    0.05055473744869232,
    0.05652060732245445,
    0.05322415754199028,
    0.05351690202951431,
    0.05488976091146469,
    0.0506448931992054,
    0.0549430251121521,
    0.0518658310174942,
    0.05268305912613869,
    0.05162803456187248,
    0.052379995584487915,
    0.05299348011612892,
    0.05323481559753418,
    0.04779554530978203,
    0.05260547250509262,
    0.05034227669239044,
    0.053598202764987946,
    0.05431046336889267,
    0.05240172892808914,
    0.051728568971157074,
    0.053071923553943634,
    0.053190216422080994,
    0.05412803590297699,
    0.05435796082019806,
    0.05516674742102623,
    0.05068592727184296,
