{
  "version": "plots/_T_7_5_y0_0_01_network_architectures_4_50_activations_tanh_learning_rates_0_001_collocations_1024_epochs_50000_regularization_reg_derivative_unstable_fp_reg_epochs_1_reg_coeff_10_reg_decay_1_/run_5",
  "seed": 1,
  "y0": 0.01,
  "T": 7.5,
  "N_col": 1024,
  "N_hidden": 4,
  "N_neurons": 50,
  "activation": "tanh",
  "N_epochs": 50000,
  "learning_rate": 0.001,
  "decay_rate": 1.0,
  "freq_log": 100,
  "freq_print": 1000,
  "keys_print": [
    "loss"
  ],
  "freq_save": 0,
  "regularization": "reg_derivative_unstable_fp",
  "reg_coeff": 10,
  "reg_decay": 1,
  "reg_epochs": 1,
  "loss": [
    0.026530791074037552,
    0.0011315300362184644,
    0.0008962051360867918,
    0.0010492566507309675,
    0.005200115032494068,
    0.0004512523883022368,
    0.000621173472609371,
    0.0006049898220226169,
    0.0005969690973870456,
    0.002397733274847269,
    0.0015618515899404883,
    0.00297203054651618,
    0.00022200931562110782,
    0.0009425975731573999,
    0.0008951093768700957,
    0.0008356784237548709,
    0.0008679406018927693,
    0.0008876135107129812,
    0.0008445199346169829,
    0.0008958260295912623,
    0.0008726917440071702,
    0.0009195043239742517,
    0.0009146992233581841,
    0.0008758684853091836,
    0.0008351029828190804,
    0.0008615314727649093,
    0.0009084732155315578,
    0.0008676573634147644,
    0.0008660401217639446,
    0.0008500244584865868,
    0.0008354844758287072,
    0.0008734783041290939,
    0.0008767381659708917,
    0.0008269088575616479,
    0.0009031774243339896,
    0.0009380391566082835,
    0.0008698013843968511,
    0.0008682816405780613,
    0.000854780082590878,
    0.0009216624312102795,
    0.0009678392671048641,
    0.0006524291238747537,
    0.0006980884354561567,
    0.0005031762411817908,
    0.0005069047911092639,
    0.0012589433463290334,
    0.0005905422731302679,
    0.0005486265872605145,
    0.000514369283337146,
    0.0006135974545031786,
    0.0011484031565487385,
    0.0010937307961285114,
    0.000665739004034549,
    0.0010405635694041848,
    0.0005286249797791243,
    0.0007473693112842739,
    0.0005102587165310979,
    0.0008570273639634252,
    0.00044526546844281256,
    0.0004070869763381779,
    0.00047498548519797623,
    0.00043278918019495904,
    0.0005150164943188429,
    0.0002860893728211522,
    0.0008735823212191463,
    0.0008831517770886421,
    0.0008575392421334982,
    0.0008397853816859424,
    0.0008473327616229653,
    0.0009170352714136243,
    0.0008338949410244823,
    0.0008709143730811775,
    0.0008115617092698812,
    0.0026420895010232925,
    0.0005812754388898611,
    0.0006067171925678849,
    0.0005288257962092757,
    0.000535609433427453,
    0.0005366746336221695,
    0.0005590901128016412,
    0.0004932454903610051,
    0.0004998413496650755,
    0.0004383505438454449,
    0.00047541523235850036,
    0.0004104750696569681,
    0.0005461773835122585,
    0.0004551284364424646,
    0.0005130351055413485,
    0.0004854837607126683,
    0.00041245477041229606,
    0.00017458242655266076,
    0.0002657170407474041,
    0.0007681479910388589,
    0.0006798782851547003,
    0.0006859159329906106,
    0.0002445954305585474,
    0.0002487135352566838,
    0.00022127648117020726,
    0.00032180699054151773,
    0.000276237609796226,
    0.0002190800296375528,
    0.00018658838234841824,
    0.0002476223453413695,
    0.0001883188378997147,
    0.00013480373308993876,
    0.0001910227001644671,
    0.0001442075299564749,
    0.00016035937005653977,
    0.0005239374586381018,
    0.0003392298531252891,
    0.00011878940858878195,
    0.00017438054783269763,
    0.00022010157408658415,
    0.00011829548748210073,
    0.0001661547867115587,
    0.00018030006322078407,
    0.00011325742525514215,
    0.00011959143012063578,
    0.00023580364359077066,
    0.00028207903960719705,
    0.00022860571334604174,
    0.0001171913172584027,
    0.0001999681262532249,
    0.00012184125080239028,
    0.00016946364485193044,
    0.0010110109578818083,
    0.00032274119439534843,
    0.00012496940325945616,
    0.00017663679318502545,
    0.0001580749813001603,
    0.00014257554721552879,
    0.00037775991950184107,
    0.00031507533276453614,
    0.0001315163099206984,
    0.00013608374865725636,
    0.0001952162419911474,
    0.00018253704183734953,
    0.0002601636224426329,
    0.00010849939280888066,
    0.0001637185487197712,
    0.00011788842675741762,
    0.0002125753089785576,
    0.00016154072363860905,
    0.000125114805996418,
    0.00021176956943236291,
    0.00021587000810541213,
    0.00015604597865603864,
    0.0004370219830889255,
    0.00012014761887257919,
    0.00013491354184225202,
    0.0001368833618471399,
    0.00011015593190677464,
    0.00012135989527450874,
    0.00016017745656426996,
    0.0002270519034937024,
    0.00016553532623220235,
    0.00012297155626583844,
    0.00017211196245625615,
    0.00014637751155532897,
    0.0001614776556380093,
    0.00010701689461711794,
    0.00013723017764277756,
    0.00011205126793356612,
    0.0001554617192596197,
    0.00021058859420008957,
    0.00015702580276411027,
    0.00012802435958292335,
    0.00020402461814228445,
    0.0001527191197965294,
    0.00010901976929744706,
    0.00011719973554136232,
    0.00012804614380002022,
    0.0001321149175055325,
    0.00011740154877770692,
    0.00010869190009543672,
    0.0002041079569607973,
    0.00015542953042313457,
    0.00014986880705691874,
    0.00011676541180349886,
    0.0001648663601372391,
    0.000117472380225081,
    0.00012166451779194176,
    0.00010708291665650904,
    0.00010969776485580951,
    0.00012821468408219516,
    0.00012306805001571774,
    0.00011328121763654053,
    0.00011939729301957414,
    0.00014937412925064564,
    0.00013995860354043543,
    0.0001340792077826336,
    0.00016818969743326306,
    0.00012077104474883527,
    0.00010976346675306559,
    0.0001283676247112453,
    0.0001386885705869645,
    0.0001051591316354461,
    0.00010892415593843907,
    0.0001026288082357496,
    0.00015805044677108526,
    0.00011023519618902355,
    0.0001550097222207114,
    0.00010532293526921421,
    0.00011169810750288889,
    0.00015153146523516625,
    0.00014637509593740106,
    0.00011701800394803286,
    0.00011353028821758926,
    0.00011425231787143275,
    0.00013108634448144585,
    0.00010970377479679883,
    0.00010834883141797036,
    0.00012250935833435506,
    0.00013940164353698492,
    0.00022502544743474573,
    0.00015737560170236975,
    0.00011508500028867275,
    0.00011801948130596429,
    0.00012212657020427287,
    0.00010023838694905862,
    0.00012172942660981789,
    0.00010539605864323676,
    0.00011048006126657128,
    0.0001503103121649474,
    0.0001311358792008832,
    0.0001476500037824735,
    0.0001191732008010149,
    0.00013663354911841452,
    0.00011864280531881377,
    0.00011809849820565432,
    0.00012542426702566445,
    0.0001447971153538674,
    0.00012731121387332678,
    0.00014999022823758423,
    0.00012023326416965574,
    0.00011080090189352632,
    0.00011556096433196217,
    0.00011979242117376998,
    0.00014267678488977253,
    0.0001460511120967567,
    0.00011066181468777359,
    0.0001098183129215613,
    0.00011507091403473169,
    0.00011736298620235175,
    0.00011521921260282397,
    0.00011111728963442147,
    0.00011012633331120014,
    0.00011998262198176235,
    0.00015277131751645356,
    0.0001132269753725268,
    0.00012898385466542095,
    0.00011227311915718019,
    0.00010472368012415245,
    0.00013375830894801766,
    0.00012718781363219023,
    0.00010721859143814072,
    0.00014444475527852774,
    0.00011170330981258303,
    0.00013392875553108752,
    0.0001035486493492499,
    0.00010543115058680996,
    0.00013992679305374622,
    0.00012308862642385066,
    0.00013791132369078696,
    0.00010230933548882604,
    0.00010805820056702942,
    0.00013291822688188404,
    0.0001047570985974744,
