{
  "version": "plots/_T_7_5_y0_0_1_network_architectures_4_50_activations_tanh_learning_rates_0_001_collocations_1024_epochs_50000_regularization_no_reg_reg_epochs_1_reg_coeff_10_reg_decay_1_/run_4",
  "seed": 1,
  "y0": 0.1,
  "T": 7.5,
  "N_col": 1024,
  "N_hidden": 4,
  "N_neurons": 50,
  "activation": "tanh",
  "N_epochs": 50000,
  "learning_rate": 0.001,
  "decay_rate": 1.0,
  "freq_log": 100,
  "freq_print": 1000,
  "keys_print": [
    "loss"
  ],
  "freq_save": 0,
  "regularization": "no_reg",
  "reg_coeff": 10,
  "reg_decay": 1,
  "reg_epochs": 1,
  "loss": [
    0.10469644516706467,
    0.002986971754580736,
    0.0025660190731287003,
    0.0026044663973152637,
    0.0023814442101866007,
    0.00278778700158,
    0.002733084838837385,
    0.002753105480223894,
    0.0027261050418019295,
    0.0025095087476074696,
    0.002254556166008115,
    0.0030669220723211765,
    0.0028374651446938515,
    0.0031344015151262283,
    0.0028073457069694996,
    0.003061010967940092,
    0.002256272826343775,
    0.0030542185995727777,
    0.002509631682187319,
    0.0026429719291627407,
    0.0026868386194109917,
    0.0025003659538924694,
    0.00255178427323699,
    0.0028393911197781563,
    0.0027016550302505493,
    0.0026659644208848476,
    0.002490963786840439,
    0.0025132354348897934,
    0.002401278354227543,
    0.003028830047696829,
    0.0027007043827325106,
    0.0028007393702864647,
    0.002436576411128044,
    0.002443716861307621,
    0.0026340954937040806,
    0.002484551165252924,
    0.0027868147008121014,
    0.0027176160365343094,
    0.0029955380596220493,
    0.002233207691460848,
    0.0026202918961644173,
    0.0029089353047311306,
    0.0027099857106804848,
    0.002580952364951372,
    0.0026366403326392174,
    0.002627637702971697,
    0.0023606899194419384,
    0.002619967795908451,
    0.002775055356323719,
    0.0026457654312253,
    0.0026849452406167984,
    0.002497434848919511,
    0.0029227682389318943,
    0.0027663903310894966,
    0.002979250391945243,
    0.0026207026094198227,
    0.0028110495768487453,
    0.002424323931336403,
    0.002927826950326562,
    0.0027991491369903088,
    0.0026489971205592155,
    0.0025761998258531094,
    0.0029296919237822294,
    0.0026095688808709383,
    0.002958505181595683,
    0.0026103281415998936,
    0.0026284761261194944,
    0.0025737909600138664,
    0.002828088589012623,
    0.0025672572664916515,
    0.0026970929466187954,
    0.0028344024904072285,
    0.0025604423135519028,
    0.003086674492806196,
    0.0026011234149336815,
    0.002305068075656891,
    0.0030438220128417015,
    0.0028992018196731806,
    0.002816526684910059,
    0.0026943827979266644,
    0.0028150135185569525,
    0.0027213278226554394,
    0.0025982302613556385,
    0.0026423027738928795,
    0.0027245895471423864,
    0.0024518712889403105,
    0.0028389994986355305,
    0.002788103651255369,
    0.0025758829433470964,
    0.0024826577864587307,
    0.0027083083987236023,
    0.002210070379078388,
    0.00255944742821157,
    0.0022892660927027464,
    0.002660914324223995,
    0.0026207133196294308,
    0.0026351751293987036,
    0.002631367649883032,
    0.0029111907351762056,
    0.00288959126919508,
    0.0022644090931862593,
    0.0025254464708268642,
    0.0027435380034148693,
    0.0025754105299711227,
    0.0025047562085092068,
    0.003214301075786352,
    0.0024781052488833666,
    0.00271547120064497,
    0.002703492995351553,
    0.002702882746234536,
    0.002702551893889904,
    0.0026742173358798027,
    0.0028045366052538157,
    0.0026130867190659046,
    0.0024245181120932102,
    0.0027659558691084385,
    0.0025125008542090654,
    0.0025262271519750357,
    0.002545219147577882,
    0.0028734379447996616,
    0.002942365361377597,
    0.0027779999654740095,
    0.002639999845996499,
    0.002471703104674816,
    0.0024039456620812416,
    0.0029793877620249987,
    0.002646502573043108,
    0.0027584354393184185,
    0.0027673915028572083,
    0.002664097584784031,
    0.002563765738159418,
    0.0022841300815343857,
    0.002291268203407526,
    0.002466296311467886,
    0.0023371530696749687,
    0.0025433343835175037,
    0.00290514063090086,
    0.0024906196631491184,
    0.0026188832707703114,
    0.002574492711573839,
    0.002528649754822254,
    0.0024112584069371223,
    0.0027268980629742146,
    0.00248878076672554,
    0.003066085744649172,
    0.002635500393807888,
    0.0024093252141028643,
    0.002586746122688055,
    0.0023789696861058474,
    0.002800555666908622,
    0.002592820441350341,
    0.0025967219844460487,
    0.0017996346578001976,
    0.002613997785374522,
    0.0022267578169703484,
    0.0025569493882358074,
    0.002515152096748352,
    0.0027126865461468697,
    0.00263323076069355,
    0.002566291717812419,
    0.0027111461386084557,
    0.002504323609173298,
    0.002595298457890749,
    0.002753030275925994,
    0.0027323784306645393,
    0.0026211529038846493,
    0.0025768328923732042,
    0.0023769920226186514,
    0.0025205141864717007,
    0.002521051559597254,
    0.0024919952265918255,
    0.002632085932418704,
    0.0026228846982121468,
    0.002700813114643097,
    0.0025282506830990314,
    0.0025191688910126686,
    0.002476403256878257,
    0.002777477726340294,
    0.0023624009918421507,
    0.0025453020352870226,
    0.002948328386992216,
    0.002331504598259926,
    0.002480036113411188,
    0.0028493257705122232,
    0.0029014693573117256,
    0.00273375166580081,
    0.002436970826238394,
    0.002583704423159361,
    0.0027799338568001986,
    0.0027793077751994133,
    0.0032549535389989614,
    0.0023664531763643026,
    0.002290074247866869,
    0.0026916833594441414,
    0.002885028487071395,
    0.0025249619502574205,
    0.002763205673545599,
    0.002572589321061969,
    0.0026836777105927467,
    0.002711431123316288,
    0.0024994760751724243,
    0.0028009978123009205,
    0.0026513454504311085,
    0.0029565279837697744,
    0.0029347925446927547,
    0.0028085815720260143,
    0.002258114982396364,
    0.0029177828691899776,
    0.00285156792961061,
    0.0028657307848334312,
    0.0025146035477519035,
    0.002921879757195711,
    0.0025435241404920816,
    0.002393812406808138,
    0.0026236698031425476,
    0.002340705366805196,
    0.0025669261813163757,
    0.0030366508290171623,
    0.002659750171005726,
    0.002588764764368534,
    0.0028006481006741524,
    0.002601775573566556,
    0.0025495237205177546,
    0.0027768712025135756,
    0.00287044420838356,
    0.002777163637802005,
    0.0027944273315370083,
    0.0025451548863202333,
    0.002981842029839754,
    0.003206368302926421,
    0.002620005514472723,
    0.0025700086262077093,
    0.0026621061842888594,
    0.0031042960472404957,
    0.0025189172010868788,
    0.0032233139500021935,
    0.0025239288806915283,
    0.002638210542500019,
    0.002975874813273549,
    0.002934201853349805,
    0.0026328344829380512,
    0.0023363549262285233,
    0.0025249735917896032,
    0.0026324191130697727,
    0.002458335366100073,
    0.002561391331255436,
    0.0024157706648111343,
    0.0028302622959017754,
    0.002459281589835882,
    0.0026668268255889416,
    0.0026946624275296926,
    0.0025899324100464582,
    0.0023796099703758955,
    0.002707479288801551,
    0.0024767592549324036,
    0.0024775906931608915,
    0.0026140795089304447,
    0.002747943392023444,
    0.0022367388010025024,
    0.0022613126784563065,
    0.00268304580822587,
    0.002603903878480196,
    0.0024222920183092356,
    0.0026232858654111624,
    0.0021974914707243443,
    0.002786477329209447,
    0.002964927349239588,
    0.0024858799297362566,
    0.002671291586011648,
    0.002991465851664543,
    0.002889493014663458,
    0.002884682733565569,
    0.0026958398520946503,
    0.002428379375487566,
    0.0028939535841345787,
    0.0028425140772014856,
    0.0029705045744776726,
    0.00246959226205945,
    0.003103789873421192,
    0.002753394190222025,
