{
  "version": "plots/_T_7_5_y0_0_01_network_architectures_4_50_activations_tanh_learning_rates_0_001_collocations_1024_epochs_50000_regularization_reg_derivative_unstable_fp_reg_epochs_1_reg_coeff_100000_reg_decay_1_/run_1",
  "seed": 1,
  "y0": 0.01,
  "T": 7.5,
  "N_col": 1024,
  "N_hidden": 4,
  "N_neurons": 50,
  "activation": "tanh",
  "N_epochs": 50000,
  "learning_rate": 0.001,
  "decay_rate": 1.0,
  "freq_log": 100,
  "freq_print": 1000,
  "keys_print": [
    "loss"
  ],
  "freq_save": 0,
  "regularization": "reg_derivative_unstable_fp",
  "reg_coeff": 100000,
  "reg_decay": 1,
  "reg_epochs": 1,
  "loss": [
    0.0010452917777001858,
    0.012546326033771038,
    0.010629610158503056,
    0.010256081819534302,
    0.00900683831423521,
    0.007880233228206635,
    0.00476457504555583,
    0.003957060631364584,
    0.0033385942224413157,
    0.0031903316266834736,
    0.002554933074861765,
    0.0032115131616592407,
    0.002647316548973322,
    0.0030724185053259134,
    0.003011079737916589,
    0.002863912843167782,
    0.0018781633116304874,
    0.002766171470284462,
    0.0017135159578174353,
    0.0013501268113031983,
    0.0017796929460018873,
    0.0013336674310266972,
    0.001172655844129622,
    0.0011579354759305716,
    0.0010294069070369005,
    0.0012958184815943241,
    0.0010387434158474207,
    0.001012403634376824,
    0.0007656594971194863,
    0.0015031717484816909,
    0.000780483998823911,
    0.0012456410331651568,
    0.0009844977175816894,
    0.000787631084676832,
    0.0013255431549623609,
    0.0011218185536563396,
    0.0013003840576857328,
    0.0009923382895067334,
    0.0019083701772615314,
    0.0010096622863784432,
    0.00128233153373003,
    0.0017929227324202657,
    0.0011163726449012756,
    0.0011396660702303052,
    0.0014414407778531313,
    0.0014809150015935302,
    0.001184196094982326,
    0.0009620345663279295,
    0.0013919860357418656,
    0.0015001884894445539,
    0.0010430840775370598,
    0.001310196123085916,
    0.0016628000885248184,
    0.0008641954627819359,
    0.0009157682070508599,
    0.0010212877532467246,
    0.001716788625344634,
    0.0011612531961873174,
    0.0012344381539151073,
    0.0013512799050658941,
    0.0018200859194621444,
    0.001539694843813777,
    0.0009122761548496783,
    0.0005390761652961373,
    0.0012431422946974635,
    0.001279581687413156,
    0.0009578837780281901,
    0.001153266872279346,
    0.0007543007377535105,
    0.0010215525981038809,
    0.0011067501036450267,
    0.0013465816155076027,
    0.000774422544054687,
    0.0017366452375426888,
    0.0007744626491330564,
    0.0002727576647885144,
    0.0015754466876387596,
    0.0012259221402928233,
    0.0008885014685802162,
    0.00047659300616942346,
    0.0013031399575993419,
    0.0015263315290212631,
    0.0006600128253921866,
    0.11322669684886932,
    0.05087584629654884,
    0.03451455757021904,
    0.04084542766213417,
    0.039710745215415955,
    0.03680761903524399,
    0.03515327721834183,
    0.037208687514066696,
    0.03035309910774231,
    0.03262108564376831,
    0.027192797511816025,
    0.03517856448888779,
    0.03467506542801857,
    0.03344068303704262,
    0.032628219574689865,
    0.03433244675397873,
    0.03386979177594185,
    0.021626906469464302,
    0.02582508511841297,
    0.024664154276251793,
    0.018247921019792557,
    0.013613640330731869,
    0.012681106105446815,
    0.007189298048615456,
    0.005481136031448841,
    0.003940633498132229,
    0.0024613309651613235,
    0.0017706791404634714,
    0.0011559532722458243,
    0.0010127602145075798,
    0.000705689424648881,
    0.0005898525705561042,
    0.0004906817339360714,
    0.00037875588168390095,
    0.00029508117586374283,
    0.0002727520477492362,
    0.00022359576541930437,
    0.0001992561446968466,
    0.00014916356303729117,
    0.00013394549023360014,
    0.00012218800839036703,
    0.00011628231004578993,
    9.60142642725259e-05,
    7.878729957155883e-05,
    6.926771311555058e-05,
    6.975786527618766e-05,
    5.693042476195842e-05,
    5.8718156651593745e-05,
    4.594751226250082e-05,
    4.03871490561869e-05,
    3.947371442336589e-05,
    3.306918733869679e-05,
    3.090085010626353e-05,
    3.0565606721211225e-05,
    2.8960548661416396e-05,
    2.5071683921851218e-05,
    2.2952826839173213e-05,
    2.1099163859616965e-05,
    1.8909100617747754e-05,
    1.8327380530536175e-05,
    1.6702706489013508e-05,
    1.6504433006048203e-05,
    1.604494173079729e-05,
    1.3863569620298222e-05,
    1.4284347344073467e-05,
    1.3072844012640417e-05,
    1.2627508112927899e-05,
    1.2381103260850068e-05,
    1.1403284588595852e-05,
    1.044559212459717e-05,
    9.893964488583151e-06,
    9.363004210172221e-06,
    9.113027772400528e-06,
    8.416988748649601e-06,
    8.095166776911356e-06,
    7.471096978406422e-06,
    6.736853720212821e-06,
    6.849994861113373e-06,
    5.817830697196769e-06,
    5.148422587808454e-06,
    4.8753558985481504e-06,
    4.590683602145873e-06,
    4.319826985010877e-06,
    3.72869953935151e-06,
    3.233757524867542e-06,
    2.9006043860135833e-06,
    2.85851956505212e-06,
    2.5157860363833606e-06,
    2.2524438918480882e-06,
    1.8038263078778982e-06,
    1.948961426023743e-06,
    1.6649079270791844e-06,
    1.51275662574335e-06,
    1.2591945051099174e-06,
    1.2617447282536887e-06,
    9.745424449647544e-07,
    9.877751381281996e-07,
    1.061677721736487e-06,
    9.028138947542175e-07,
    8.051437134781736e-07,
    8.323157771883416e-07,
    8.218032689910615e-07,
    7.539008493040456e-07,
    6.767721743017319e-07,
    6.237828529265244e-07,
    6.540927870446467e-07,
    6.199829272190982e-07,
    6.288993290581857e-07,
    5.124375093146227e-07,
    4.6537590492334857e-07,
    4.1214528323507693e-07,
    4.3487816014931013e-07,
    3.746314973795961e-07,
    3.910353711944481e-07,
    3.5039465728914365e-07,
    3.2456796361657325e-07,
    2.931930112026748e-07,
    3.171754201503063e-07,
    2.500320874787576e-07,
    4.0422659708383435e-07,
    2.1263602434373752e-07,
    2.0989810423088784e-07,
    1.9566004993976094e-07,
    1.9029249642699142e-07,
    2.2889682327331684e-07,
    1.5914579876152857e-07,
    3.044570462407137e-07,
    6.956420861570223e-07,
    3.9433666643162724e-07,
    2.2823435585905827e-07,
    1.0631443956299336e-06,
    4.0960375713439134e-07,
    1.3039070267950592e-07,
    4.180410996923456e-06,
    1.7306933841609862e-06,
    9.458816521146218e-07,
    1.3711159851936827e-07,
    1.0150557727683918e-07,
    6.243900861591101e-05,
    1.0430980523778999e-07,
    8.337700307947671e-08,
    1.186300409017349e-07,
    1.7461247807659674e-06,
    1.9056165001529735e-07,
    8.252047337009571e-06,
    3.904231562046334e-06,
    1.316954865160369e-07,
    1.9666663320094813e-07,
    0.39918243885040283,
    0.026493698358535767,
    0.008773379027843475,
    0.002591274678707123,
    0.001518215867690742,
    0.0009662403026595712,
    0.0005728327087126672,
    0.00040480418829247355,
    0.00022363696189131588,
    0.00018200353952124715,
    0.0001568374427733943,
    0.00010220083640888333,
    0.00014449628361035138,
    9.376910020364448e-05,
    8.609815267845988e-05,
    9.64534847298637e-05,
    8.065494330367073e-05,
    6.349323666654527e-05,
    5.9509424318093807e-05,
    6.362781277857721e-05,
    5.783801316283643e-05,
    3.802076753345318e-05,
    4.3734376959037036e-05,
    3.491702227620408e-05,
    3.379709960427135e-05,
    2.7445355954114348e-05,
    2.979109740408603e-05,
    2.451714863127563e-05,
    2.4045570171438158e-05,
    2.1636577002936974e-05,
    2.156321716029197e-05,
    1.7329259208054282e-05,
    1.7161524738185108e-05,
    1.594487730471883e-05,
    1.527828862890601e-05,
    1.627333949727472e-05,
    1.3547162780014332e-05,
    1.4361879948410206e-05,
    1.3466014934238046e-05,
    1.1961456038989127e-05,
    1.2628239346668124e-05,
    1.2209931810502894e-05,
