{
  "version": "model_weights/_T_7_5_y0_0_1_network_architectures_4_50_activations_tanh_learning_rates_0_001_collocations_1024_epochs_50000_reg_epochs_0_75_reg_coeff_1_reg_decay_1_/run_7",
  "seed": 1,
  "y0": 0.1,
  "T": 7.5,
  "N_col": 1024,
  "N_hidden": 4,
  "N_neurons": 50,
  "activation": "tanh",
  "N_epochs": 50000,
  "learning_rate": 0.001,
  "decay_rate": 1.0,
  "freq_log": 100,
  "freq_print": 1000,
  "keys_print": [
    "loss"
  ],
  "freq_save": 0,
  "reg_coeff": 1,
  "reg_decay": 1,
  "reg_epochs": 0.75,
  "loss": [
    0.14838629961013794,
    0.13773393630981445,
    0.1375715583562851,
    0.13721929490566254,
    0.1374211311340332,
    0.13761453330516815,
    0.13666898012161255,
    0.13743619620800018,
    0.13609157502651215,
    0.045731060206890106,
    0.040961090475320816,
    0.050804853439331055,
    0.049887996166944504,
    0.05202027037739754,
    0.047520317137241364,
    0.0506647452712059,
    0.041402243077754974,
    0.05101800709962845,
    0.043995700776576996,
    0.04632542282342911,
    0.04525811970233917,
    0.04505093768239021,
    0.04597816243767738,
    0.04934020712971687,
    0.04672425240278244,
    0.04589832201600075,
    0.04441913589835167,
    0.044798992574214935,
    0.043707095086574554,
    0.050045326352119446,
    0.04673764854669571,
    0.04801664128899574,
    0.0438799187541008,
    0.04385936260223389,
    0.04546875134110451,
    0.045019689947366714,
    0.046865370124578476,
    0.047489602118730545,
    0.04958565533161163,
    0.04080784320831299,
    0.04502272233366966,
    0.049194470047950745,
    0.04738292098045349,
    0.04515840858221054,
    0.044938091188669205,
    0.04630811884999275,
    0.04182980954647064,
    0.043863918632268906,
    0.046550631523132324,
    0.045783936977386475,
    0.046415865421295166,
    0.04328086972236633,
    0.04883056879043579,
    0.04788704961538315,
    0.04916047304868698,
    0.04441201686859131,
    0.04707023873925209,
    0.04165753349661827,
    0.04951789230108261,
    0.04619172215461731,
    0.04483978450298309,
    0.04443642124533653,
    0.04853683337569237,
    0.0446622371673584,
    0.048626311123371124,
    0.04578303545713425,
    0.04658457636833191,
    0.04553469270467758,
    0.04837793484330177,
    0.04513806477189064,
    0.04727734625339508,
    0.04578934609889984,
    0.04552687332034111,
    0.05095916613936424,
    0.04510834068059921,
    0.0421120747923851,
    0.0493306890130043,
    0.0486624576151371,
    0.048258788883686066,
    0.04757349565625191,
    0.047971244901418686,
    0.0473688542842865,
    0.044385332614183426,
    0.04650311917066574,
    0.046292729675769806,
    0.044146083295345306,
    0.048179760575294495,
    0.04807557910680771,
    0.04489240050315857,
    0.043164633214473724,
    0.047206245362758636,
    0.03930183872580528,
    0.04483520984649658,
    0.04225929081439972,
    0.04470990598201752,
    0.04421299695968628,
    0.044854454696178436,
    0.04406508430838585,
    0.04918717220425606,
    0.04812491312623024,
    0.042367659509181976,
    0.0431659035384655,
    0.046997036784887314,
    0.044227540493011475,
    0.04438503831624985,
    0.05316055193543434,
    0.04189424589276314,
    0.04711847007274628,
    0.047678571194410324,
    0.04642168805003166,
    0.046203117817640305,
    0.0439339205622673,
    0.04775368794798851,
    0.044938527047634125,
    0.04400346800684929,
    0.04717694967985153,
    0.04431105777621269,
    0.044014766812324524,
    0.044266458600759506,
    0.0486120730638504,
    0.049592893570661545,
    0.048828162252902985,
    0.04646701738238335,
    0.04365134239196777,
    0.04342763498425484,
    0.049563273787498474,
    0.045485902577638626,
    0.04787465184926987,
    0.04698731750249863,
    0.04715392366051674,
    0.044461481273174286,
    0.04179737716913223,
    0.04194771125912666,
    0.04343221336603165,
    0.04301556944847107,
    0.04636676609516144,
    0.04950623959302902,
    0.04356706142425537,
    0.04572893679141998,
    0.04589126631617546,
    0.04360648989677429,
    0.04326667636632919,
    0.047520965337753296,
    0.04609420523047447,
    0.05042769014835358,
    0.0443914495408535,
    0.04339957982301712,
    0.04461695998907089,
    0.04289446026086807,
    0.04722341150045395,
    0.04596949741244316,
    0.04522927105426788,
    0.0363120436668396,
    0.046206284314394,
    0.04068206995725632,
    0.04506067931652069,
    0.044841572642326355,
    0.0465390719473362,
    0.04506821557879448,
    0.04418815299868584,
    0.046621933579444885,
    0.04454919695854187,
    0.043885137885808945,
    0.046893805265426636,
    0.046498581767082214,
    0.04498852416872978,
    0.046130113303661346,
    0.0424133762717247,
    0.04470750316977501,
    0.04433220624923706,
    0.04396239295601845,
    0.046420056372880936,
    0.04589281231164932,
    0.046574823558330536,
    0.04404360055923462,
    0.044108957052230835,
    0.04508728161454201,
    0.048093538731336594,
    0.04243296757340431,
    0.04596587270498276,
    0.04970308393239975,
    0.04249228537082672,
    0.04425466060638428,
    0.04835464432835579,
    0.04845380783081055,
    0.04730886593461037,
    0.044528476893901825,
    0.04589091241359711,
    0.047070734202861786,
    0.047827139496803284,
    0.0514896959066391,
    0.04182847961783409,
    0.04213353991508484,
    0.04701479151844978,
    0.04918090999126434,
    0.04503452777862549,
    0.04758649691939354,
    0.04756384715437889,
    0.04637346416711807,
    0.04697537422180176,
    0.043917931616306305,
    0.046808622777462006,
    0.046723783016204834,
    0.049033962190151215,
    0.04824196174740791,
    0.04815061762928963,
    0.0422232449054718,
    0.04872092604637146,
    0.04777498543262482,
    0.046888578683137894,
    0.045174360275268555,
    0.048880890011787415,
    0.04473254084587097,
    0.04273008182644844,
    0.04680710285902023,
    0.04238589107990265,
    0.045895613729953766,
    0.04945420101284981,
    0.04606691747903824,
    0.044242147356271744,
    0.04898807033896446,
    0.046413078904151917,
    0.045934535562992096,
    0.04895763844251633,
    0.04879690334200859,
    0.047419995069503784,
    0.045692265033721924,
    0.04491884633898735,
    0.049565769731998444,
    0.05267874896526337,
    0.046235229820013046,
    0.04451078921556473,
    0.0453965850174427,
    0.051080234348773956,
    0.044315289705991745,
    0.05286552757024765,
    0.04413631558418274,
    0.04447418451309204,
    0.04980522394180298,
    0.04979841411113739,
    0.0451461598277092,
    0.042411185801029205,
    0.04502520337700844,
    0.04677041247487068,
    0.044633157551288605,
    0.04503276199102402,
    0.04263605177402496,
    0.048273663967847824,
    0.044472336769104004,
    0.04757820814847946,
    0.045984040945768356,
    0.04479645565152168,
    0.04366419464349747,
    0.04690813645720482,
    0.044044166803359985,
    0.04373311251401901,
    0.04522679001092911,
    0.04694140702486038,
    0.04159018397331238,
    0.041615456342697144,
    0.045878008008003235,
    0.04542429372668266,
    0.04395833611488342,
    0.04709571599960327,
    0.042725205421447754,
    0.04755766689777374,
    0.04840338975191116,
    0.04463046416640282,
    0.04571734368801117,
    0.0503159761428833,
    0.04920019954442978,
    0.04863135144114494,
    0.045974355190992355,
    0.04288940876722336,
    0.050779059529304504,
    0.047811366617679596,
    0.05005355924367905,
    0.04380561411380768,
    0.05017305910587311,
    0.047355957329273224,
    0.04541967064142227,
    0.04797431826591492,
    0.046246208250522614,
    0.04787592962384224,
    0.043762799352407455,
    0.044603414833545685,
    0.042401328682899475,
    0.046669162809848785,
    0.04224022850394249,
    0.04601225256919861,
    0.04624698683619499,
    0.04558350145816803,
    0.04449571669101715,
    0.04388577491044998,
    0.047134269028902054,
