{
  "version": "plots/_T_10_y0_0_01_network_architectures_4_50_activations_tanh_learning_rates_0_001_collocations_1024_epochs_50000_regularization_no_reg_reg_epochs_1_reg_coeff_1_reg_decay_1_/run_8",
  "seed": 1,
  "y0": 0.01,
  "T": 10,
  "N_col": 1024,
  "N_hidden": 4,
  "N_neurons": 50,
  "activation": "tanh",
  "N_epochs": 50000,
  "learning_rate": 0.001,
  "decay_rate": 1.0,
  "freq_log": 100,
  "freq_print": 1000,
  "keys_print": [
    "loss"
  ],
  "freq_save": 0,
  "regularization": "no_reg",
  "reg_coeff": 1,
  "reg_decay": 1,
  "reg_epochs": 1,
  "loss": [
    0.027047673240303993,
    2.336420766368974e-05,
    2.049239083135035e-05,
    2.2101470676716417e-05,
    1.9684957806020975e-05,
    2.2073902073316276e-05,
    2.1272815502015874e-05,
    2.215364838775713e-05,
    2.107708132825792e-05,
    1.926313416333869e-05,
    1.7402706362190656e-05,
    2.4481159925926477e-05,
    2.1453684894368052e-05,
    2.5484361685812473e-05,
    2.4380649847444147e-05,
    2.373952156631276e-05,
    2.1162562916288152e-05,
    2.4147197109414265e-05,
    0.0005023900885134935,
    1.9692826754180714e-05,
    2.1978212316753343e-05,
    0.00012136864825151861,
    1.976188286789693e-05,
    4.062580410391092e-05,
    2.9154622097848915e-05,
    2.040665458480362e-05,
    2.1588150048046373e-05,
    3.791016206378117e-05,
    1.952563070517499e-05,
    2.8859027224825695e-05,
    0.00019297748804092407,
    2.3139940822147764e-05,
    1.8021786672761664e-05,
    1.8453822121955454e-05,
    2.562512963777408e-05,
    3.956528234994039e-05,
    2.1458534320117906e-05,
    4.634577999240719e-05,
    2.4211982236010954e-05,
    6.357239908538759e-05,
    3.1805022445041686e-05,
    3.175066376570612e-05,
    2.0166733520454727e-05,
    3.265490522608161e-05,
    3.458780702203512e-05,
    2.0083371055079624e-05,
    1.9067278117290698e-05,
    4.495587563724257e-05,
    4.0740371332503855e-05,
    2.2985055693425238e-05,
    2.0074854546692222e-05,
    2.49709755735239e-05,
    2.212698746006936e-05,
    2.2723736037733033e-05,
    3.541429032338783e-05,
    2.7473954105516896e-05,
    2.202597534051165e-05,
    5.657913425238803e-05,
    3.1349245546152815e-05,
    2.7183774363948032e-05,
    2.406116072961595e-05,
    2.088256223942153e-05,
    9.25533240661025e-05,
    2.4600562028354034e-05,
    2.7116519049741328e-05,
    2.032929660344962e-05,
    1.9180615709046833e-05,
    1.9775519831455313e-05,
    3.327010199427605e-05,
    1.9017064914805815e-05,
    2.1740936062997207e-05,
    2.068096728180535e-05,
    1.9123768652207218e-05,
    2.624007720442023e-05,
    1.9848566807922907e-05,
    1.9311572032165714e-05,
    2.5267978344345465e-05,
    2.182549360441044e-05,
    2.132852387148887e-05,
    2.204771044489462e-05,
    2.142161611118354e-05,
    2.516706990718376e-05,
    1.90170576388482e-05,
    2.0254745322745293e-05,
    2.0817726181121543e-05,
    1.9018983948626556e-05,
    2.2857442672830075e-05,
    2.1138916054042056e-05,
    2.0169747585896403e-05,
    2.007697730732616e-05,
    2.0580613636411726e-05,
    2.3956381483003497e-05,
    1.9257586245657876e-05,
    1.6526133549632505e-05,
    2.201834286097437e-05,
    2.5153171009151265e-05,
    2.1435114831547253e-05,
    2.3069205781212077e-05,
    2.2604031983064488e-05,
    2.365462205489166e-05,
    1.6203410268644802e-05,
    1.9491319108055905e-05,
    2.117122130584903e-05,
    1.9806602722383104e-05,
    1.896556932479143e-05,
    2.5196877686539665e-05,
    1.9614260963862762e-05,
    2.0221144950482994e-05,
    2.0224253603373654e-05,
    2.0342504285508767e-05,
    2.275433871545829e-05,
    2.2221036488190293e-05,
    2.1882688088226132e-05,
    2.2322295990306884e-05,
    1.7919737729243934e-05,
    2.106502688548062e-05,
    1.947049895534292e-05,
    2.013332959904801e-05,
    1.9571460143197328e-05,
    2.2488935428555124e-05,
    2.3285860152100213e-05,
    2.06434924621135e-05,
    2.0281386241549626e-05,
    1.8539631128078327e-05,
    1.8270657164976e-05,
    2.3360882551060058e-05,
    1.979613080038689e-05,
    2.0972127458662726e-05,
    2.136300827260129e-05,
    2.0120256522204727e-05,
    1.9521992726367898e-05,
    1.679859997238964e-05,
    1.750829142110888e-05,
    1.873320434242487e-05,
    1.7680904420558363e-05,
    2.0491974282776937e-05,
    2.2066236851969734e-05,
    1.872098982858006e-05,
    2.045206565526314e-05,
    1.9904460714315064e-05,
    1.957546191988513e-05,
    1.8434871890349314e-05,
    3.3056327083613724e-05,
    1.9261817215010524e-05,
    2.4560984456911683e-05,
    2.055495497188531e-05,
    1.786405482562259e-05,
    1.9202510884497315e-05,
    1.7335867596557364e-05,
    2.1687588741770014e-05,
    1.928236997628119e-05,
    1.9324885215610266e-05,
    1.2708431313512847e-05,
    1.953306309587788e-05,
    1.662099384702742e-05,
    1.9023662389372475e-05,
    1.873599467216991e-05,
    2.070547270704992e-05,
    2.0288953237468377e-05,
    1.9859544408973306e-05,
    2.0523752027656883e-05,
    1.8485308828530833e-05,
    2.028798007813748e-05,
    2.106775173160713e-05,
    2.09857080335496e-05,
    1.996140053961426e-05,
    1.9153612811351195e-05,
    1.781360333552584e-05,
    1.881162461359054e-05,
    1.8986942450283095e-05,
    1.874508598120883e-05,
    2.0096287698834203e-05,
    1.9786775737884454e-05,
    2.0475674318731762e-05,
    1.9283816072857007e-05,
    1.9295430320198648e-05,
    1.807379157980904e-05,
    2.1202224161243066e-05,
    1.7669677617959678e-05,
    1.919057649502065e-05,
    2.2716032617609017e-05,
    1.7262424080399796e-05,
    1.8707651179283857e-05,
    2.155072616005782e-05,
    2.296661477885209e-05,
    2.0564566511893645e-05,
    2.0813899027416483e-05,
    1.9222621631342918e-05,
    2.1157928131287917e-05,
    2.176512498408556e-05,
    2.5819006623351015e-05,
    1.776861427060794e-05,
    1.6974008758552372e-05,
    2.032404881902039e-05,
    2.213386687799357e-05,
    1.9098744814982638e-05,
    2.178461909352336e-05,
    1.8729166185948998e-05,
    2.0475219571380876e-05,
    2.1715681214118376e-05,
    1.8843284124159254e-05,
    2.147702980437316e-05,
    2.029316601692699e-05,
    2.290999145770911e-05,
    2.362855593673885e-05,
    2.1629615730489604e-05,
    1.6326386685250327e-05,
    2.2585460101254284e-05,
    2.2187545255292207e-05,
    2.20714518945897e-05,
    1.894434535643086e-05,
    2.259886241517961e-05,
    2.0077943190699443e-05,
    1.822375998017378e-05,
    1.9361772501724772e-05,
    1.7428945284336805e-05,
    2.022401531576179e-05,
    2.3974884243216366e-05,
    2.0186509573250078e-05,
    2.0241317542968318e-05,
    2.0681676687672734e-05,
    2.009096169786062e-05,
    1.869229890871793e-05,
    2.1041043510194868e-05,
    2.1796331566292793e-05,
    2.128424785041716e-05,
    2.2866170183988288e-05,
    1.902039730339311e-05,
    2.3050542949931696e-05,
    2.47142743319273e-05,
    1.9472601707093418e-05,
    1.9576644262997434e-05,
    2.0447103452170268e-05,
    2.3890090233180672e-05,
    1.8876547983381897e-05,
    2.4681754439370707e-05,
    1.909456477733329e-05,
    2.0813517039641738e-05,
    2.2921536583453417e-05,
    2.2138416170491837e-05,
    2.0091290934942663e-05,
    1.749064540490508e-05,
    1.8962273315992206e-05,
    2.007383227464743e-05,
    1.850056833063718e-05,
    1.9424267520662397e-05,
    1.8251739675179124e-05,
    2.1969899535179138e-05,
    1.829499342420604e-05,
    1.9953291484853253e-05,
    2.0661685994127765e-05,
    1.9462118871160783e-05,
    1.7466671124566346e-05,
    2.0531904738163576e-05,
    1.9099776181974448e-05,
    1.8263832316733897e-05,
    2.0935069187544286e-05,
    2.116294126608409e-05,
    1.6775964468251914e-05,
    1.680762943578884e-05,
    2.0848887288593687e-05,
    1.9690483895828947e-05,
    1.8262671801494434e-05,
    1.94999356608605e-05,
    1.5707775673945434e-05,
    2.158361894544214e-05,
    2.3044749468681403e-05,
    1.87192144949222e-05,
    2.042319465545006e-05,
