{
  "version": "plots/_T_10_y0_0_001_network_architectures_4_50_activations_tanh_learning_rates_0_001_collocations_1024_epochs_50000_regularization_no_reg_reg_epochs_1_reg_coeff_1_reg_decay_1_/run_1",
  "seed": 1,
  "y0": 0.001,
  "T": 10,
  "N_col": 1024,
  "N_hidden": 4,
  "N_neurons": 50,
  "activation": "tanh",
  "N_epochs": 50000,
  "learning_rate": 0.001,
  "decay_rate": 1.0,
  "freq_log": 100,
  "freq_print": 1000,
  "keys_print": [
    "loss"
  ],
  "freq_save": 0,
  "regularization": "no_reg",
  "reg_coeff": 1,
  "reg_decay": 1,
  "reg_epochs": 1,
  "loss": [
    0.08005602657794952,
    1.2449556379579008e-05,
    3.0658761716040317e-06,
    1.3724561540584546e-06,
    6.108490424594493e-07,
    3.764150733331917e-07,
    2.970148216263624e-07,
    2.839372541529883e-07,
    2.7274182912151446e-07,
    2.5326374952783226e-07,
    2.489028645413782e-07,
    3.236944507989392e-07,
    2.6488041271477414e-07,
    2.9874246365579893e-07,
    2.6165150757151423e-07,
    1.4968870800657896e-06,
    4.897027565675671e-07,
    0.0003397518885321915,
    6.719100929331034e-05,
    4.141192562201468e-07,
    3.766738245758461e-06,
    2.1262363247842586e-07,
    2.323686487670784e-07,
    0.0001702115696389228,
    2.3153009465204377e-07,
    3.110565012320876e-05,
    2.0882065143723594e-07,
    2.3150454353526584e-07,
    1.9812891878245864e-06,
    3.197613841621205e-05,
    4.0799122302814794e-07,
    9.482575114816427e-05,
    1.9557795383207122e-07,
    1.948217800418206e-07,
    0.0001243386504938826,
    1.9050790456276445e-07,
    2.3489842249091453e-07,
    2.3064491472268855e-07,
    1.3263701475807466e-05,
    1.7916275396601122e-07,
    2.2291345658231876e-07,
    1.7689488231553696e-05,
    2.0245101950422395e-07,
    2.513780827939627e-07,
    2.495217756859347e-07,
    1.979392436624039e-07,
    1.7885338365886128e-07,
    4.26004703513172e-07,
    2.229157303190732e-07,
    2.156886864668195e-07,
    1.3253396900836378e-05,
    1.9691270836119656e-07,
    2.7324698748998344e-05,
    2.1125720195414033e-07,
    5.052812412031926e-06,
    2.2114404885087424e-07,
    2.225266655386804e-07,
    2.710016246965097e-07,
    4.0383463783655316e-05,
    2.3587847408634843e-07,
    2.1028698427016934e-07,
    4.7295776539613144e-07,
    2.3013282657302625e-07,
    4.996306870452827e-07,
    2.6718095114119933e-07,
    2.155644551748992e-07,
    4.063052529090783e-06,
    2.1490139090474258e-07,
    2.1208919065429654e-07,
    1.9189056388313475e-07,
    5.301097917254083e-05,
    2.0943716094734555e-07,
    1.5427663129230496e-06,
    2.543395680731919e-07,
    2.0129992606143787e-07,
    5.132888873049524e-06,
    2.424907847853319e-07,
    2.44089164880279e-07,
    2.968971557493205e-06,
    2.0040991444147949e-07,
    4.1750987293198705e-05,
    2.619783572299639e-07,
    2.1789115578485507e-07,
    1.9858597966049274e-07,
    2.1840753561264137e-07,
    3.1519880394625943e-07,
    2.1778687653295492e-07,
    4.793907919520279e-07,
    1.9836240028325847e-07,
    1.9405079854095675e-07,
    5.653123480442446e-07,
    1.891988574698189e-07,
    3.7626446669492e-07,
    1.6934417601532914e-07,
    2.0991319615859538e-07,
    2.050759917437972e-07,
    2.0617170548575814e-07,
    3.1632890795663116e-07,
    2.4220813088504656e-07,
    2.285278242197819e-07,
    1.5901014194241725e-07,
    1.9866314460159629e-07,
    2.09484241509017e-07,
    1.9849960608553374e-07,
    1.864583794031205e-07,
    2.474389475537464e-07,
    1.969780782928865e-07,
    2.0310358195274603e-07,
    2.025730623245181e-07,
    2.0390396571201563e-07,
    2.2642569774689036e-07,
    2.3735034915262077e-07,
    2.1758424395557086e-07,
    3.3846731639641803e-07,
    4.3199796095905185e-07,
    2.297292240882598e-07,
    4.5801527903677197e-07,
    2.1028770902375982e-07,
    1.4887456245560315e-06,
    2.2109688302407449e-07,
    2.5693779548419116e-07,
    2.389183464401867e-07,
    4.4027683543390594e-07,
    4.6404380782405497e-07,
    1.8656133704553213e-07,
    2.4486575966875535e-07,
    1.9916012661269633e-07,
    1.0236107300443109e-05,
    2.136215613290915e-07,
    1.9946901375078596e-07,
    3.823749921139097e-07,
    1.9324994582348154e-07,
    1.913388132379623e-07,
    1.898153527690738e-07,
    3.176856182562915e-07,
    1.9551330865397176e-07,
    2.569891535131319e-07,
    1.922423678024643e-07,
    4.089462777301378e-07,
    3.0068650858083856e-07,
    3.605907750170445e-07,
    1.9275859131084871e-07,
    2.2436483959609177e-07,
    2.0102167752611422e-07,
    3.290607537564938e-07,
    2.583186358151579e-07,
    6.854332355032966e-07,
    2.3199139320695394e-07,
    2.024838750003255e-07,
    2.3883654648670927e-05,
    2.2762205276194436e-07,
    2.0693414626293816e-07,
    1.2906011193081213e-07,
    1.9664213368741912e-07,
    1.6732157348542387e-07,
    1.9054773758853116e-07,
    1.875444439747298e-07,
    2.1045019593657344e-07,
    2.03435405410346e-07,
    1.9888369706677622e-07,
    2.047784448677703e-07,
    1.8921873845556547e-07,
    2.0408604939348152e-07,
    2.1261799076910393e-07,
    2.1237097769244428e-07,
    2.0421950353011198e-07,
    1.9223757874442526e-07,
    1.8002737078859354e-07,
    1.8797457812524954e-07,
    1.9228841097174154e-07,
    1.9046180455006834e-07,
    1.9715156440724968e-07,
    1.9920695137898292e-07,
    2.0543596690458799e-07,
    1.9510243021159113e-07,
    1.8932843204311212e-07,
    1.837474599142297e-07,
    2.1200327182668843e-07,
    1.7608211066999502e-07,
    1.8943197233056708e-07,
    2.2953240375045425e-07,
    1.7459562684507546e-07,
    1.8555950020981982e-07,
    2.216759042994454e-07,
    2.2270900501553115e-07,
    2.104086576082409e-07,
    1.824616475687435e-07,
    1.9010332152902265e-07,
    2.141482298156916e-07,
    2.1184141019148228e-07,
    2.520653481496993e-07,
    1.8164675452680967e-07,
    1.692559834509666e-07,
    2.0572205983171443e-07,
    2.1998243937559891e-07,
    1.971524170585326e-07,
    2.0638505304759747e-07,
    1.8416479008465103e-07,
    2.0667181388489553e-07,
    2.0375603071443038e-07,
    1.8612870178458252e-07,
    2.1616938283841591e-07,
    2.0676075962455798e-07,
    2.2916985642496002e-07,
    2.3476729893445736e-07,
    2.1749357870248787e-07,
    1.6533158486709e-07,
    2.352679331352192e-07,
    2.2827288148619118e-07,
    2.2351161987899104e-07,
    3.034239455246279e-07,
    2.6741906822280725e-07,
    2.3817537453396653e-07,
    3.0470420142592047e-07,
    2.1048386145139375e-07,
    1.8251893152410048e-07,
    2.0137935052844114e-07,
    2.603754865049268e-07,
    2.0936042233188346e-07,
    3.089565439040598e-07,
    2.0834914948864025e-07,
    1.9764192416005244e-07,
    2.0234416808762035e-07,
    2.1510244607725326e-07,
    2.2199321847438114e-07,
    3.0184145316525246e-07,
    3.180187775342347e-07,
    2.0331057726252766e-07,
    2.409358899058134e-07,
    2.6835650146495027e-07,
    2.357700026323073e-07,
    2.603250095489784e-07,
    4.712715622190444e-07,
    3.5449542679089063e-07,
    1.9904285863958648e-07,
    2.976262862830481e-07,
    2.0842645653829095e-07,
    2.2331244053930277e-07,
    2.51134963491495e-07,
    2.7651367418002337e-07,
    2.0976389691895747e-07,
    2.165071180115774e-07,
    2.110760988216498e-07,
    2.0459538063732907e-07,
    2.0364483077628392e-07,
    2.1746386380527838e-07,
    1.9543499263363628e-07,
    2.336365980681876e-07,
    3.2714802955524647e-07,
    2.1925836790614994e-07,
    2.3233081947182654e-07,
    3.152900944769499e-07,
    3.859037747133698e-07,
    2.3615156408141047e-07,
    2.111516295144611e-07,
    2.0855723903423495e-07,
    2.595448336251138e-07,
    2.203819633450621e-07,
    1.900366157769895e-07,
    1.837054952602557e-07,
    0.001990285702049732,
    2.780836894089589e-06,
    8.484748832415789e-07,
    4.81250140182965e-07,
    3.8272159486041346e-07,
    4.2177106251983787e-07,
    3.6897159816362546e-07,
    3.4147149108321173e-07,
    3.4080855471074756e-07,
