{
  "version": "plots/_T_10_y0_0_001_network_architectures_4_50_activations_tanh_learning_rates_0_001_collocations_1024_epochs_50000_regularization_no_reg_reg_epochs_1_reg_coeff_1_reg_decay_1_/run_1",
  "seed": 1,
  "y0": 0.001,
  "T": 10,
  "N_col": 1024,
  "N_hidden": 4,
  "N_neurons": 50,
  "activation": "tanh",
  "N_epochs": 50000,
  "learning_rate": 0.001,
  "decay_rate": 1.0,
  "freq_log": 100,
  "freq_print": 1000,
  "keys_print": [
    "loss"
  ],
  "freq_save": 0,
  "regularization": "no_reg",
  "reg_coeff": 1,
  "reg_decay": 1,
  "reg_epochs": 1,
  "loss": [
    0.07276040315628052,
    2.1737955648859497e-06,
    1.319390889875649e-06,
    1.2880855138064362e-06,
    1.0886210475291591e-06,
    1.077649130820646e-06,
    8.632996468804777e-07,
    7.956522836138902e-07,
    7.615742561029037e-07,
    7.514565254496119e-07,
    5.203280011301104e-07,
    2.5558360903232824e-06,
    7.000086043262854e-06,
    7.21029209671542e-07,
    0.00010756905248854309,
    9.373269676871132e-06,
    2.709281829993415e-07,
    1.5096721881491248e-06,
    8.94260847417172e-06,
    1.2916068044432905e-05,
    0.00010231287160422653,
    2.1234738767361705e-07,
    2.1712860132083733e-07,
    1.0175686838920228e-05,
    2.2276380207131297e-07,
    8.773742592893541e-05,
    1.931358610818279e-07,
    2.0744026585362008e-07,
    1.8351333608279674e-07,
    4.0500824979972094e-05,
    2.019889961957233e-07,
    1.6097299521788955e-05,
    1.935436131361712e-07,
    3.8710459193680435e-07,
    2.9844618438801263e-06,
    2.0653752130783687e-07,
    1.8061569790006615e-05,
    2.1781747250315675e-07,
    7.038345302134985e-07,
    2.9557929792645155e-07,
    4.0644243881615694e-07,
    2.7316474415783887e-07,
    2.9906327654316556e-06,
    2.754051138253999e-07,
    1.1456114407337736e-05,
    2.2007915845279058e-07,
    1.9837651166199066e-07,
    2.8605172701645643e-06,
    3.789763525219314e-07,
    1.390417673974298e-05,
    2.2970625934704003e-07,
    2.0482454488046642e-07,
    5.622645403491333e-05,
    2.1227253910183208e-07,
    2.0128186406509485e-06,
    2.7058358682552353e-06,
    4.2011231471406063e-07,
    9.149027391686104e-06,
    2.3985785446711816e-07,
    1.2698462796834065e-06,
    4.109131168661406e-07,
    3.4064964893332217e-07,
    2.2735204652235552e-07,
    1.6098920241347514e-06,
    3.8899111132195685e-06,
    2.1923547421920375e-07,
    4.645474973585806e-07,
    0.0001536458294140175,
    2.3015962824501912e-07,
    4.5857660779802245e-07,
    4.032600600112346e-07,
    2.1986727460898692e-07,
    9.718991350382566e-06,
    6.9947037673046e-07,
    3.880833901348524e-06,
    1.729669634187303e-07,
    4.6286328142741695e-05,
    2.633768190207775e-07,
    2.1536149574785668e-07,
    1.4676293176307809e-06,
    1.0334203579986934e-05,
    0.00015414210793096572,
    1.991758864505755e-07,
    1.9927989569623605e-07,
    2.064674333723815e-07,
    2.931521407845139e-07,
    2.1817146489411243e-07,
    3.960872163588647e-07,
    4.0903137232817244e-07,
    2.1646546599640715e-07,
    2.923303554780432e-07,
    1.673205787255938e-07,
    2.004585439863149e-07,
    1.6792373003227112e-07,
    5.28003681665723e-07,
    5.630358828057069e-06,
    2.0728168692585314e-07,
    2.0993451244066819e-07,
    2.505530574126169e-07,
    5.40794735570671e-06,
    1.619227560922809e-07,
    4.711529300038819e-07,
    2.224126376404456e-07,
    5.932690328336321e-06,
    2.8380904382174776e-07,
    1.821690602810122e-06,
    1.3570084774983115e-05,
    1.0707769888540497e-06,
    2.1086002277570515e-07,
    2.0786055188182218e-07,
    2.1000357719458407e-07,
    2.123366869000165e-07,
    2.1373892877818434e-07,
    2.014400877214939e-07,
    1.811888097336123e-07,
    2.133225223133195e-07,
    1.9172460952177062e-07,
    1.9196959044620598e-07,
    1.9673012729981565e-07,
    2.1858528498341911e-07,
    2.237964054074837e-07,
    2.0647412668495235e-07,
    1.988675109032556e-07,
    1.8691630998546316e-07,
    1.7996529777519754e-07,
    2.2807429900240095e-07,
    1.998509162604023e-07,
    2.1241206127342593e-07,
    2.2155697365633387e-07,
    1.9878882540069753e-07,
    2.0094947217330628e-07,
    1.709344132905244e-07,
    1.9487896452119458e-07,
    4.0798363443173e-07,
    1.8136725543627108e-07,
    1.9680466323279688e-07,
    2.226524173920552e-07,
    1.8765949789667502e-05,
    5.539656740438659e-06,
    1.94597319591594e-07,
    2.3118877834349405e-06,
    1.7855120404419722e-07,
    2.0297233049859642e-07,
    7.396884939225856e-06,
    2.3885039013293863e-07,
    2.2015385070517368e-07,
    1.8345167518418748e-07,
    3.6316140494818683e-07,
    2.2350528183778806e-07,
    2.3980734908946033e-07,
    1.9575438159336045e-07,
    2.0066852357558673e-07,
    3.466319640210713e-07,
    5.8259636716684327e-05,
    1.6843051753312466e-07,
    1.998758705212822e-07,
    2.3336190224654274e-07,
    7.781715112287202e-07,
    2.0316612392434763e-07,
    2.199426717197639e-06,
    3.2683141171219177e-07,
    1.0409468131911126e-06,
    4.380853170005139e-06,
    1.0346946510253474e-05,
    4.182138582109474e-06,
    2.199400910285476e-07,
    3.7495385640795575e-07,
    2.0178779891466547e-07,
    1.8928903955384158e-07,
    1.9655139738006255e-07,
    2.1689194795726507e-07,
    1.8687596821109764e-06,
    2.02325423970251e-07,
    6.044863312126836e-07,
    4.2701208258222323e-07,
    1.001097189146094e-05,
    2.938851935141429e-07,
    9.94113861452206e-07,
    1.858667530996172e-07,
    3.031206574632961e-07,
    0.00012370773765724152,
    1.7595930046354624e-07,
    1.851937838637241e-07,
    2.1756926571470103e-07,
    2.2230514673537982e-07,
    2.0859297933384369e-07,
    1.8136688595404848e-07,
    1.8949825175695878e-07,
    2.1243148751182162e-07,
    2.1102334812894696e-07,
    2.52428918656733e-07,
    1.7953681208382477e-07,
    1.6782449563379487e-07,
    2.0410348611221707e-07,
    2.186844625384765e-07,
    1.8867220319407352e-07,
    2.065760753566792e-07,
    1.8337379970034817e-07,
    2.0449635940167354e-07,
    2.0377781595470879e-07,
    1.8648152888545155e-07,
    2.15404043046874e-07,
    1.9860620170675247e-07,
    2.2642493036073574e-07,
    2.2930598220227694e-07,
    2.125053271129218e-07,
    1.6536878888473439e-07,
    2.2628508133948344e-07,
    2.1870704358661897e-07,
    2.2168400448663306e-07,
    1.8754123232156417e-07,
    2.2606158722737746e-07,
    1.9290109776193276e-07,
    1.7861441392597044e-07,
    1.9750640944948827e-07,
    1.7563976939527493e-07,
    1.917204883739032e-07,
    2.439489605876588e-07,
    2.0222739749442553e-07,
    2.0350529439383536e-07,
    2.08414078883834e-07,
    1.9614346058460796e-07,
    1.8776569277179078e-07,
    2.0685904189576831e-07,
    2.2039641578430746e-07,
    2.123742603998835e-07,
    2.3614288124917948e-07,
    8.649842129671015e-06,
    2.3109669200493954e-07,
    2.4776019813543826e-07,
    2.413133586287586e-07,
    1.96454323031503e-07,
    6.400886150004226e-07,
    2.534284817556909e-07,
    2.24362383960397e-06,
    2.4856862523847667e-07,
    1.9572649989640922e-07,
    2.053499770227063e-07,
    2.3144013994169654e-07,
    2.2095188967341528e-07,
    2.194889532347588e-07,
    6.463289423663809e-07,
    1.892080092602555e-07,
    3.1445219406123215e-07,
    2.0696600699920964e-07,
    1.9434533271578402e-07,
    1.8556698933025473e-07,
    2.8802918450310244e-07,
    1.91343019650958e-07,
    8.615278375145863e-07,
    2.2754153405912803e-07,
    1.9543395524124207e-07,
    1.873531800811179e-07,
    2.1616396850276942e-07,
    1.037936499415082e-06,
    5.062519790044462e-07,
    2.4928175434979494e-07,
    5.157560281077167e-07,
    1.7393826112765964e-07,
    1.2695081750280224e-06,
    4.0592084360469016e-07,
    2.6165207600570284e-07,
    5.79556513002899e-07,
    2.0326618255239737e-07,
    1.6505347844031348e-07,
    2.1869337274438294e-07,
    2.6299576916244405e-07,
    2.0065883177267096e-07,
    3.867586713113269e-07,
