{
  "version": "plots/_T_7_5_y0_0_01_network_architectures_4_50_activations_tanh_learning_rates_0_001_collocations_1024_epochs_50000_regularization_reg_derivative_reg_epochs_1_reg_coeff_10_reg_decay_1_/run_8",
  "seed": 1,
  "y0": 0.01,
  "T": 7.5,
  "N_col": 1024,
  "N_hidden": 4,
  "N_neurons": 50,
  "activation": "tanh",
  "N_epochs": 50000,
  "learning_rate": 0.001,
  "decay_rate": 1.0,
  "freq_log": 100,
  "freq_print": 1000,
  "keys_print": [
    "loss"
  ],
  "freq_save": 0,
  "regularization": "reg_derivative",
  "reg_coeff": 10,
  "reg_decay": 1,
  "reg_epochs": 1,
  "loss": [
    8.280150413513184,
    0.5196358561515808,
    0.5095062851905823,
    0.5434296131134033,
    0.5230616331100464,
    0.5183854699134827,
    0.5240033864974976,
    0.526253879070282,
    0.5099570155143738,
    0.5237557291984558,
    0.5553795099258423,
    0.5099438428878784,
    0.5090748071670532,
    0.4949561059474945,
    0.5239170789718628,
    0.49415889382362366,
    0.4989832639694214,
    0.5074726939201355,
    0.5017415285110474,
    0.5197585225105286,
    0.52207350730896,
    0.5361591577529907,
    0.505344033241272,
    0.5128428339958191,
    0.5250805616378784,
    0.5119412541389465,
    0.49593228101730347,
    0.5399702787399292,
    0.515510082244873,
    0.5168050527572632,
    0.5232179164886475,
    0.5218399167060852,
    0.5091379880905151,
    0.5351481437683105,
    0.5210392475128174,
    0.5073295831680298,
    0.5082353949546814,
    0.5048019886016846,
    0.512558102607727,
    0.5239102840423584,
    0.5088667869567871,
    0.5275026559829712,
    0.5173779129981995,
    0.5022016763687134,
    0.49383237957954407,
    0.5085872411727905,
    0.5204170942306519,
    0.5250855684280396,
    0.49790918827056885,
    0.5425930023193359,
    0.5251328349113464,
    0.543114423751831,
    0.5400720834732056,
    0.5214039087295532,
    0.5045062899589539,
    0.5348125100135803,
    0.5202656388282776,
    0.5172533392906189,
    0.49040696024894714,
    0.5016864538192749,
    0.5283367037773132,
    0.5236977338790894,
    0.5298699140548706,
    0.5215940475463867,
    0.5053126811981201,
    0.510425329208374,
    0.5257154107093811,
    0.5105323791503906,
    0.5315606594085693,
    0.5275360345840454,
    0.5056861639022827,
    0.525458037853241,
    0.5071890354156494,
    0.4778186082839966,
    0.5287307500839233,
    0.5018551349639893,
    0.5099706649780273,
    0.5083704590797424,
    0.5218063592910767,
    0.5206344723701477,
    0.47286340594291687,
    0.48740124702453613,
    0.5209338068962097,
    0.5041276216506958,
    0.5096157789230347,
    0.5083088874816895,
    0.48791614174842834,
    0.5154098868370056,
    0.5166022777557373,
    0.5253306031227112,
    0.5015743374824524,
    0.5234107971191406,
    0.5311485528945923,
    0.5166712999343872,
    0.5069427490234375,
    0.5214977860450745,
    0.521345317363739,
    0.5149950981140137,
    0.4988212585449219,
    0.52069091796875,
    0.5196349620819092,
    0.5236027240753174,
    0.5098866820335388,
    0.5078976154327393,
    0.5475178956985474,
    0.5132520198822021,
    0.5128055214881897,
    0.5129494667053223,
    0.5146300792694092,
    0.5063828229904175,
    0.5125534534454346,
    0.5207558870315552,
    0.5303827524185181,
    0.5121459364891052,
    0.5158035159111023,
    0.5297430157661438,
    0.5067363977432251,
    0.5076268911361694,
    0.5089724063873291,
    0.5044717788696289,
    0.5126688480377197,
    0.49624747037887573,
    0.5257126688957214,
    0.5112876296043396,
    0.5011430382728577,
    0.5122363567352295,
    0.5108635425567627,
    0.49636179208755493,
    0.5198512077331543,
    0.49133217334747314,
    0.5332150459289551,
    0.5080265998840332,
    0.5298230051994324,
    0.5055992007255554,
    0.49990952014923096,
    0.49925488233566284,
    0.5124602913856506,
    0.5112454891204834,
    0.4744468629360199,
    0.5058513283729553,
    0.5230342149734497,
    0.489326536655426,
    0.5002819895744324,
    0.49315181374549866,
    0.5136229991912842,
    0.49126285314559937,
    0.49411314725875854,
    0.5155043601989746,
    0.5211000442504883,
    0.513230562210083,
    0.5302345752716064,
    0.4994056820869446,
    0.5281316637992859,
    0.4940679669380188,
    0.5161863565444946,
    0.503704309463501,
    0.4953784942626953,
    0.5355339050292969,
    0.5143349170684814,
    0.5110253095626831,
    0.5192806720733643,
    0.5165983438491821,
    0.5213887691497803,
    0.5188767910003662,
    0.5081008672714233,
    0.521337628364563,
    0.509282648563385,
    0.5015784502029419,
    0.5019125938415527,
    0.5315529704093933,
    0.5003353357315063,
    0.5258926749229431,
    0.5104384422302246,
    0.5142756700515747,
    0.5038778781890869,
    0.511618435382843,
    0.5053210258483887,
    0.504275918006897,
    0.5074842572212219,
    0.5261284112930298,
    0.529442548751831,
    0.5107173919677734,
    0.523645281791687,
    0.5043678283691406,
    0.5101044178009033,
    0.5172850489616394,
    0.5315767526626587,
    0.5169754028320312,
    0.5044381618499756,
    0.4922228157520294,
    0.5286194086074829,
    0.4945822060108185,
    0.5110787153244019,
    0.5279608368873596,
    0.4914330840110779,
    0.5180884599685669,
    0.5270562171936035,
    0.4886663556098938,
    0.5162285566329956,
    0.49826380610466003,
    0.5160084962844849,
    0.517686128616333,
    0.5012099146842957,
    0.5178041458129883,
    0.508676290512085,
    0.487834095954895,
    0.48542773723602295,
    0.534972071647644,
    0.5273466110229492,
    0.5068407654762268,
    0.49590930342674255,
    0.517591118812561,
    0.5145540833473206,
    0.527564287185669,
    0.49482792615890503,
    0.5174986720085144,
    0.500638484954834,
    0.5098602771759033,
    0.4867869019508362,
    0.49334990978240967,
    0.494796484708786,
    0.5239737629890442,
    0.5274761915206909,
    0.49319836497306824,
    0.5229395031929016,
    0.510421633720398,
    0.5075730681419373,
    0.5240864753723145,
    0.5020225048065186,
    0.47979873418807983,
    0.5029821395874023,
    0.5114042162895203,
    0.508526086807251,
    0.5147367715835571,
    0.5191259980201721,
    0.5185132026672363,
    0.4967896342277527,
    0.5087698101997375,
    0.5040513873100281,
    0.4984205365180969,
    0.5321413278579712,
    0.528762698173523,
    0.5160599946975708,
    0.5047715306282043,
    0.4843430519104004,
    0.5290937423706055,
    0.5108726024627686,
    0.50163733959198,
    0.5114741325378418,
    0.5102344751358032,
    0.5093073844909668,
    0.5109601020812988,
    0.5288574695587158,
    0.5306609869003296,
    0.48252689838409424,
    0.5208842158317566,
    0.5256329774856567,
    0.49614328145980835,
    0.535920262336731,
    0.5174953937530518,
    0.517269492149353,
    0.49845126271247864,
    0.5313975811004639,
    0.4836687445640564,
    0.5160584449768066,
    0.49463170766830444,
    0.5051427483558655,
    0.5343909859657288,
    0.49221739172935486,
    0.5177063941955566,
    0.4909660220146179,
    0.5150454044342041,
    0.5381880402565002,
    0.5303476452827454,
    0.5081210136413574,
    0.5028629302978516,
    0.5315412282943726,
    0.5114322304725647,
    0.5035473108291626,
    0.48672378063201904,
    0.5356078147888184,
    0.47797006368637085,
    0.5079516172409058,
    0.5434429049491882,
    0.5043953657150269,
    0.5013719201087952,
    0.5040631294250488,
    0.5005902051925659,
    0.5013835430145264,
    0.49729710817337036,
    0.5247383117675781,
    0.5087441205978394,
    0.541596531867981,
    0.5279422998428345,
    0.5280324816703796,
    0.5152134895324707,
    0.5663063526153564,
    0.49864864349365234,
    0.5210141539573669,
    0.5273049473762512,
    0.4873513877391815,
    0.5277560353279114,
    0.5195000171661377,
    0.4957829415798187,
    0.5132807493209839,
    0.5242505073547363,
    0.5132620930671692,
    0.5191835165023804,
