{
  "version": "model_weights/_T_10_y0_0_01_network_architectures_4_50_activations_tanh_learning_rates_0_001_collocations_1024_epochs_50000_reg_epochs_1_0_reg_coeff_1_reg_decay_1_/run_0",
  "seed": 1,
  "y0": 0.01,
  "T": 10,
  "N_col": 1024,
  "N_hidden": 4,
  "N_neurons": 50,
  "activation": "tanh",
  "N_epochs": 50000,
  "learning_rate": 0.001,
  "decay_rate": 1.0,
  "freq_log": 100,
  "freq_print": 1000,
  "keys_print": [
    "loss"
  ],
  "freq_save": 0,
  "reg_coeff": 1,
  "reg_decay": 1,
  "reg_epochs": 1.0,
  "loss": [
    0.17302227020263672,
    0.1353582888841629,
    0.1353522539138794,
    0.1353525072336197,
    0.13535022735595703,
    0.13534854352474213,
    0.13534605503082275,
    0.13623948395252228,
    0.13552767038345337,
    0.13531839847564697,
    0.13530895113945007,
    0.13530322909355164,
    0.13528376817703247,
    0.1352587640285492,
    0.1351439505815506,
    0.1347329467535019,
    0.13551487028598785,
    0.13535480201244354,
    0.13535207509994507,
    0.135352224111557,
    0.13535232841968536,
    0.1353502869606018,
    0.13535019755363464,
    0.13535092771053314,
    0.1353486031293869,
    0.1353469341993332,
    0.13534168899059296,
    0.13533277809619904,
    0.13532358407974243,
    0.13529735803604126,
    0.13523471355438232,
    0.13504146039485931,
    0.14140163362026215,
    0.13535426557064056,
    0.1353420466184616,
    0.1353393942117691,
    0.13533878326416016,
    0.13533736765384674,
    0.13533854484558105,
    0.13532769680023193,
    0.13533297181129456,
    0.1353321224451065,
    0.13532878458499908,
    0.13532543182373047,
    0.1353217363357544,
    0.1353166103363037,
    0.1353074014186859,
    0.1352972388267517,
    0.13528667390346527,
    0.13526639342308044,
    0.13522611558437347,
    0.13517017662525177,
    0.13507023453712463,
    0.1426592320203781,
    0.033809687942266464,
    0.030214790254831314,
    0.03024597093462944,
    0.027332402765750885,
    0.031009461730718613,
    0.029457785189151764,
    0.02836630679666996,
    0.027601078152656555,
    0.030842993408441544,
    0.02841099351644516,
    0.0307527557015419,
    0.028131568804383278,
    0.028481915593147278,
    0.02800692990422249,
    0.02987172268331051,
    0.027871396392583847,
    0.02904592454433441,
    0.02876775898039341,
    0.028175806626677513,
    0.032059572637081146,
    0.028332484886050224,
    0.026003587990999222,
    0.031845975667238235,
    0.030599072575569153,
    0.030107520520687103,
    0.02901517227292061,
    0.029617605730891228,
    0.029258444905281067,
    0.02752424031496048,
    0.02855934575200081,
    0.029258128255605698,
    0.027180718258023262,
    0.030347518622875214,
    0.03004162199795246,
    0.02766565978527069,
    0.027160529047250748,
    0.029308991506695747,
    0.024746164679527283,
    0.027797479182481766,
    0.02594088390469551,
    0.02811744436621666,
    0.028155598789453506,
    0.028136495500802994,
    0.02795584499835968,
    0.03070373646914959,
    0.03025617077946663,
    0.025957420468330383,
    0.02702964097261429,
    0.029476303607225418,
    0.027838747948408127,
    0.027648769319057465,
    0.03307298570871353,
    0.02665671706199646,
    0.02888122946023941,
    0.02932656742632389,
    0.028875870630145073,
    0.029262779280543327,
    0.027830494567751884,
    0.02980596199631691,
    0.02810833789408207,
    0.027130957692861557,
    0.029782168567180634,
    0.02755650132894516,
    0.027622845023870468,
    0.02788855880498886,
    0.030283639207482338,
    0.03096736967563629,
    0.03025759570300579,
    0.028666246682405472,
    0.027107656002044678,
    0.026549819856882095,
    0.031410399824380875,
    0.028582915663719177,
    0.03003348596394062,
    0.029494762420654297,
    0.02913474291563034,
    0.027660652995109558,
    0.0257461816072464,
    0.02574687823653221,
    0.026793591678142548,
    0.0262635238468647,
    0.028231274336576462,
    0.03065820410847664,
    0.02718847244977951,
    0.028342876583337784,
    0.02816101722419262,
    0.027442682534456253,
    0.026647325605154037,
    0.029562342911958694,
    0.0275859534740448,
    0.03196930140256882,
    0.028365135192871094,
    0.026882339268922806,
    0.02827608585357666,
    0.026564564555883408,
    0.029429841786623,
    0.028467359021306038,
    0.028511425480246544,
    0.021839937195181847,
    0.028440697118639946,
    0.025197666138410568,
    0.028139805421233177,
    0.027710650116205215,
    0.029114633798599243,
    0.028443224728107452,
    0.027641698718070984,
    0.029220929369330406,
    0.02781524509191513,
    0.02791401743888855,
    0.02935185469686985,
    0.0291275754570961,
    0.02838570810854435,
    0.028549935668706894,
    0.02630351297557354,
    0.027788285166025162,
    0.02793165296316147,
    0.027286972850561142,
    0.028946463018655777,
    0.02849421463906765,
    0.0292854942381382,
    0.02756829932332039,
    0.027446817606687546,
    0.027583474293351173,
    0.029728282243013382,
    0.026373645290732384,
    0.028350723907351494,
    0.031660959124565125,
    0.026247411966323853,
    0.027410659939050674,
    0.030423179268836975,
    0.03052802011370659,
    0.029584644362330437,
    0.02729698456823826,
    0.02849598042666912,
    0.02975301817059517,
    0.02972405031323433,
    0.033280178904533386,
    0.026297450065612793,
    0.026129014790058136,
    0.029170406982302666,
    0.030627496540546417,
    0.027809644117951393,
    0.02973281592130661,
    0.028593137860298157,
    0.028897978365421295,
    0.029066797345876694,
    0.027322448790073395,
    0.029775984585285187,
    0.02909032627940178,
    0.031037818640470505,
    0.030702825635671616,
    0.02992258220911026,
    0.025960754603147507,
    0.030801553279161453,
    0.030048277229070663,
    0.030048301443457603,
    0.027775509282946587,
    0.030954178422689438,
    0.02761555090546608,
    0.026736674830317497,
    0.028665006160736084,
    0.026219187304377556,
    0.028187178075313568,
    0.03163166716694832,
    0.02871609479188919,
    0.02799159474670887,
    0.030029481276869774,
    0.02838738076388836,
    0.028268087655305862,
    0.030234534293413162,
    0.030387092381715775,
    0.029529187828302383,
    0.029074037447571754,
    0.02786879613995552,
    0.03133544698357582,
    0.033152986317873,
    0.028363674879074097,
    0.02804047055542469,
    0.028709664940834045,
    0.03241787105798721,
    0.02748081646859646,
    0.03333489969372749,
    0.02754540927708149,
    0.028240159153938293,
    0.03137078136205673,
    0.0310850590467453,
    0.028437312692403793,
    0.026141617447137833,
    0.02794763073325157,
    0.028431523591279984,
    0.027375448495149612,
    0.028080414980649948,
    0.026496736332774162,
    0.030150793492794037,
    0.02739473432302475,
    0.02928103506565094,
    0.028915883973240852,
    0.02796372026205063,
    0.02664773538708687,
    0.02918136864900589,
    0.027136128395795822,
    0.02719949558377266,
    0.02865246683359146,
    0.029385533183813095,
    0.025435319170355797,
    0.02583448588848114,
    0.028985779732465744,
    0.02832922339439392,
    0.027353690937161446,
    0.02889304608106613,
    0.02566956728696823,
    0.02983511984348297,
    0.03058011084794998,
    0.02761995606124401,
    0.0287121944129467,
    0.031242186203598976,
    0.03070734813809395,
    0.030307456851005554,
    0.028854431584477425,
    0.026861459016799927,
    0.03102988377213478,
    0.030172046273946762,
    0.03146990016102791,
    0.027050986886024475,
    0.032188527286052704,
    0.029308028519153595,
    0.028457436710596085,
    0.03038657456636429,
    0.02896967902779579,
    0.030620984733104706,
    0.027028409764170647,
    0.027355600148439407,
    0.025943871587514877,
    0.02897120825946331,
    0.02568083070218563,
    0.027932770550251007,
    0.028613675385713577,
    0.02854810655117035,
    0.026916833594441414,
    0.027094818651676178,
