{
  "version": "plots/_T_10_y0_0_001_network_architectures_4_50_activations_tanh_learning_rates_0_001_collocations_1024_epochs_50000_regularization_reg_derivative_reg_epochs_1_reg_coeff_1_reg_decay_1_/run_8",
  "seed": 1,
  "y0": 0.001,
  "T": 10,
  "N_col": 1024,
  "N_hidden": 4,
  "N_neurons": 50,
  "activation": "tanh",
  "N_epochs": 50000,
  "learning_rate": 0.001,
  "decay_rate": 1.0,
  "freq_log": 100,
  "freq_print": 1000,
  "keys_print": [
    "loss"
  ],
  "freq_save": 0,
  "regularization": "reg_derivative",
  "reg_coeff": 1,
  "reg_decay": 1,
  "reg_epochs": 1,
  "loss": [
    0.6126928925514221,
    0.14387041330337524,
    0.13318413496017456,
    0.1232471615076065,
    0.12687578797340393,
    0.11565569043159485,
    0.10779260098934174,
    0.08851298689842224,
    0.09390553832054138,
    0.08959689736366272,
    0.09044128656387329,
    0.08446384966373444,
    0.07987368106842041,
    0.08575471490621567,
    0.08171523362398148,
    0.07838018238544464,
    0.08485031127929688,
    0.07813291996717453,
    0.08198326081037521,
    0.0766000747680664,
    0.08237484097480774,
    0.08133501559495926,
    0.07621889561414719,
    0.07862731069326401,
    0.0747649222612381,
    0.08067227900028229,
    0.07931135594844818,
    0.08235540986061096,
    0.08334832638502121,
    0.074935182929039,
    0.07996772229671478,
    0.07883945107460022,
    0.0805845856666565,
    0.078133724629879,
    0.08255699276924133,
    0.07350433617830276,
    0.07427102327346802,
    0.07403606176376343,
    0.0767325609922409,
    0.07436633110046387,
    0.07834343612194061,
    0.07961426675319672,
    0.08121129870414734,
    0.07876203954219818,
    0.07424598187208176,
    0.0783294141292572,
    0.07576281577348709,
    0.07843382656574249,
    0.07842706143856049,
    0.08661989867687225,
    0.07447494566440582,
    0.07856936007738113,
    0.07415935397148132,
    0.07503692060709,
    0.07503540813922882,
    0.07647107541561127,
    0.07357024401426315,
    0.07623659074306488,
    0.07259606570005417,
    0.07994500547647476,
    0.07805460691452026,
    0.07227197289466858,
    0.0749603733420372,
    0.07908512651920319,
    0.07640426605939865,
    0.07421939074993134,
    0.07721242308616638,
    0.08022850751876831,
    0.08016544580459595,
    0.07642684876918793,
    0.07077621668577194,
    0.0743107721209526,
    0.07721935957670212,
    0.07456577569246292,
    0.07870987057685852,
    0.07596518099308014,
    0.07284577935934067,
    0.07885019481182098,
    0.07561598718166351,
    0.07839454710483551,
    0.07328833639621735,
    0.07002530992031097,
    0.07941929996013641,
    0.08172522485256195,
    0.07469382882118225,
    0.07710471749305725,
    0.0768166333436966,
    0.07329180836677551,
    0.06956065446138382,
    0.06816883385181427,
    0.074456125497818,
    0.07318302989006042,
    0.07789662480354309,
    0.07327345013618469,
    0.07566841691732407,
    0.07462909817695618,
    0.07823425531387329,
    0.0743003785610199,
    0.08485656976699829,
    0.07630925625562668,
    0.076059490442276,
    0.07382393628358841,
    0.07422593981027603,
    0.07086628675460815,
    0.07345380634069443,
    0.07454348355531693,
    0.07570923864841461,
    0.0810718983411789,
    0.07530206441879272,
    0.07586381584405899,
    0.06882226467132568,
    0.07540075480937958,
    0.0717446506023407,
    0.07822374254465103,
    0.07536344975233078,
    0.0759127214550972,
    0.0771433413028717,
    0.07943296432495117,
    0.0793619155883789,
    0.07135888934135437,
    0.07278675585985184,
    0.07160733640193939,
    0.08193498104810715,
    0.07536530494689941,
    0.07363651692867279,
    0.07324036210775375,
    0.07244554907083511,
    0.06976516544818878,
    0.07830800116062164,
    0.07696665823459625,
    0.07075908780097961,
    0.07362306118011475,
    0.07327201217412949,
    0.08359499275684357,
    0.07170572876930237,
    0.07447470724582672,
    0.0707344114780426,
    0.07205332070589066,
    0.0755576342344284,
    0.0697525292634964,
    0.07736599445343018,
    0.07584714889526367,
    0.07044422626495361,
    0.07556968927383423,
    0.07559874653816223,
    0.07282022386789322,
    0.07386679202318192,
    0.06962350010871887,
    0.07659368216991425,
    0.08035524934530258,
    0.07344885170459747,
    0.07165972143411636,
    0.07933208346366882,
    0.07821846008300781,
    0.07097456604242325,
    0.07349862158298492,
    0.07417874783277512,
    0.07693836838006973,
    0.0757913812994957,
    0.07574997842311859,
    0.07221796363592148,
    0.07051211595535278,
    0.07522377371788025,
    0.06980172544717789,
    0.07246672362089157,
    0.07453971356153488,
    0.07374683022499084,
    0.07689598947763443,
    0.07821966707706451,
    0.07401219755411148,
    0.0799068883061409,
    0.06959834694862366,
    0.07177799940109253,
    0.0762723982334137,
    0.08152295649051666,
    0.0791572704911232,
    0.08049531280994415,
    0.08022887259721756,
    0.08034547418355942,
    0.0687602087855339,
    0.0729031190276146,
    0.07428593188524246,
    0.07278868556022644,
    0.07180599868297577,
    0.07604602724313736,
    0.07360558956861496,
    0.07580464333295822,
    0.07472752034664154,
    0.07817431539297104,
    0.07711976766586304,
    0.07333222031593323,
    0.07474277913570404,
    0.07772816717624664,
    0.07549585402011871,
    0.07502934336662292,
    0.0732177197933197,
    0.06969371438026428,
    0.07568895816802979,
    0.07877945899963379,
    0.07907742261886597,
    0.07596701383590698,
    0.07406634837388992,
    0.07348982989788055,
    0.07625539600849152,
    0.08262336254119873,
    0.07278064638376236,
    0.07858856767416,
    0.07743155211210251,
    0.07984717190265656,
    0.07232271134853363,
    0.07565705478191376,
    0.07137472927570343,
    0.07424654066562653,
    0.07467900961637497,
    0.07316085696220398,
    0.07648263871669769,
    0.09336385130882263,
    0.08404369652271271,
    0.07627742737531662,
    0.07946079969406128,
    0.07406973838806152,
    0.07435145974159241,
    0.07513956725597382,
    0.07498019188642502,
    0.07319952547550201,
    0.07910002768039703,
    0.07375820726156235,
    0.07658706605434418,
    0.07282263040542603,
    0.08409050852060318,
    0.07517090439796448,
    0.07521983981132507,
    0.07299373298883438,
    0.06832364201545715,
    0.07290947437286377,
    0.07350261509418488,
    0.08107750117778778,
    0.07381347566843033,
    0.07277688384056091,
    0.07568253576755524,
    0.06906577944755554,
    0.07661636173725128,
    0.07614517211914062,
    0.07960020750761032,
    0.08004792034626007,
    0.07314010709524155,
    0.0808931440114975,
    0.07109308242797852,
    0.07378482818603516,
    0.06668291240930557,
    0.07805649936199188,
    0.07646124809980392,
    0.07633261382579803,
    0.08058762550354004,
    0.07308012247085571,
    0.07217442989349365,
    0.07449966669082642,
    0.07675184309482574,
    0.0762740969657898,
    0.07417206466197968,
    0.07547427713871002,
    0.07640963792800903,
    0.07614196836948395,
    0.07217322289943695,
    0.07491041719913483,
    0.07311132550239563,
    0.07405167073011398,
    0.07575879991054535,
    0.08476953953504562,
    0.07764290273189545,
    0.07740920037031174,
    0.08150423318147659,
    0.08117935806512833,
    0.07258479297161102,
    0.07734722644090652,
    0.07800982892513275,
    0.07664179801940918,
    0.07318331301212311,
    0.06746987998485565,
    0.07590970396995544,
    0.0762820765376091,
    0.07338245213031769,
    0.07165119796991348,
    0.07683175802230835,
    0.07532764971256256,
    0.07434698939323425,
    0.07334265112876892,
    0.07358351349830627,
    0.08108183741569519,
    0.07972943037748337,
    0.08254504203796387,
    0.07771417498588562,
    0.08040669560432434,
    0.07796301692724228,
    0.08122006803750992,
    0.07348181307315826,
    0.07399527728557587,
    0.07311047613620758,
