{
  "version": "plots/_T_7_5_y0_0_1_network_architectures_4_50_activations_tanh_learning_rates_0_001_collocations_1024_epochs_50000_regularization_reg_derivative_unstable_fp_reg_epochs_1_reg_coeff_1_reg_decay_1_/run_5",
  "seed": 1,
  "y0": 0.1,
  "T": 7.5,
  "N_col": 1024,
  "N_hidden": 4,
  "N_neurons": 50,
  "activation": "tanh",
  "N_epochs": 50000,
  "learning_rate": 0.001,
  "decay_rate": 1.0,
  "freq_log": 100,
  "freq_print": 1000,
  "keys_print": [
    "loss"
  ],
  "freq_save": 0,
  "regularization": "reg_derivative_unstable_fp",
  "reg_coeff": 1,
  "reg_decay": 1,
  "reg_epochs": 1,
  "loss": [
    0.02436022274196148,
    0.012499736621975899,
    0.011145849712193012,
    0.011493547819554806,
    0.010179000906646252,
    0.010950835421681404,
    0.0102756442502141,
    0.010281281545758247,
    0.010397352278232574,
    0.011049628257751465,
    0.010344810783863068,
    0.01180787943303585,
    0.010051583871245384,
    0.009885872714221478,
    0.00994015857577324,
    0.010076317936182022,
    0.010575952008366585,
    0.006816851440817118,
    0.002107738982886076,
    6.481859600171447e-05,
    3.196864417986944e-05,
    3.379487316124141e-05,
    5.734432488679886e-05,
    2.3381211576634087e-05,
    2.031484109465964e-05,
    8.468484338663984e-06,
    1.7728470993461087e-05,
    2.9920855013187975e-05,
    7.991658640094101e-05,
    4.4721000449499115e-06,
    4.6477734940708615e-06,
    5.7166043916367926e-06,
    2.1741028831456788e-05,
    1.3176412721804809e-05,
    4.47357160737738e-06,
    7.925083991722204e-06,
    1.656889980949927e-05,
    0.00021491371444426477,
    9.643574230722152e-06,
    3.593101428123191e-05,
    8.819733920972794e-06,
    1.8501061731512891e-06,
    1.8643563635123428e-06,
    3.0599453566537704e-06,
    1.1923326610485674e-06,
    7.290914800250903e-05,
    2.023701881626039e-06,
    7.285247534127848e-07,
    0.00017524267605040222,
    1.3958734825791907e-06,
    2.825824594765436e-06,
    3.7000349948357325e-06,
    5.751751359639456e-07,
    0.00018904951866716146,
    3.4796931913660956e-07,
    2.265657940370147e-06,
    6.155862593004713e-06,
    1.4921545243851142e-07,
    2.6213130695396103e-05,
    1.5723129820344184e-07,
    4.736979803965369e-07,
    2.2002576827162557e-07,
    6.901214533172606e-08,
    9.530913303024136e-08,
    7.28242866898654e-06,
    3.4932004382426385e-06,
    3.5601831314124865e-06,
    1.7029007722157985e-05,
    4.133605102651927e-08,
    2.545211508220291e-08,
    6.0887694417033345e-05,
    4.4340310978441266e-08,
    5.717353633372113e-05,
    3.157622074922983e-08,
    0.001476534060202539,
    1.0844719611213804e-07,
    2.8654044470499684e-08,
    0.0003093851846642792,
    4.805115167982876e-06,
    6.987604137975723e-05,
    3.8439431193637574e-08,
    1.3386295449890895e-07,
    9.92434797808528e-05,
    3.342164944797332e-08,
    1.470473398512695e-05,
    0.0003799118276219815,
    8.089868970273528e-07,
    7.453721195815888e-08,
    0.00010124235996045172,
    7.852381145312393e-08,
    0.00013512470468413085,
    4.4652814779055916e-08,
    1.1771793850812173e-07,
    4.801638624485349e-07,
    3.717627259902656e-05,
    4.661960417706723e-08,
    5.902116754441522e-05,
    6.884589254241291e-08,
    0.0001877413596957922,
    7.652741373931349e-08,
    3.242367796474355e-08,
    4.633657368913191e-08,
    4.671609588058345e-07,
    2.7433437935542315e-05,
    2.554520506237168e-07,
    1.8869636733143125e-06,
    8.57807208376471e-06,
    4.801942310450613e-08,
    2.1195498902670806e-06,
    8.448192966170609e-05,
    4.5804081310052425e-05,
    3.890563249342449e-08,
    3.9328372736235906e-07,
    3.864199626946174e-08,
    1.0598929293337278e-05,
    7.76097905941242e-08,
    5.0515140515017265e-08,
    3.2589042575636995e-08,
    3.39858274855942e-08,
    3.009244409213352e-08,
    1.4632712463935604e-07,
    6.740143362549134e-06,
    1.2614887623385584e-07,
    4.444314981810749e-06,
    1.7316472167294705e-07,
    1.732002914422992e-07,
    4.28234045557474e-07,
    2.9478819385531096e-08,
    4.0320930594361926e-08,
    5.068293376098154e-07,
    1.934655990964984e-08,
    1.404406975780148e-05,
    3.238462653598617e-08,
    6.02210411670967e-06,
    3.711290474939233e-08,
    6.736950695085397e-07,
    9.712078963275417e-08,
    4.043131411890499e-05,
    2.3821669969947834e-08,
    2.3998634191002566e-08,
    1.4277905791004741e-07,
    9.139025678450707e-06,
    6.120353646110743e-08,
    7.841053593438119e-05,
    2.000050969286349e-08,
    1.1706230651498117e-08,
    1.172029078588821e-05,
    1.233003104061936e-07,
    1.5006093235570006e-05,
    3.525835552409262e-07,
    0.02199423871934414,
    1.612830487829342e-06,
    6.745150926690258e-07,
    5.815671784148435e-07,
    4.142476086599345e-07,
    3.7526450569203007e-07,
    2.8734808665831224e-07,
    2.462360555455234e-07,
    2.3609982235939242e-07,
    1.8510689869799535e-07,
    1.4510780488308228e-07,
    1.2562229301238403e-07,
    1.1198157778835593e-07,
    9.473939854842683e-08,
    8.078728797045187e-08,
    6.94473385465244e-08,
    5.7707296718945145e-08,
    5.1738641815290976e-08,
    4.933791331040993e-08,
    4.256462204921263e-08,
    4.02030053692215e-08,
    3.570686502030185e-08,
    3.463653541757594e-08,
    3.172529972061966e-08,
    3.0773584569487866e-08,
    3.118429958703928e-08,
    2.7956616577284876e-08,
    2.6567008148958848e-08,
    2.6526793206471666e-08,
    7.586569950035482e-07,
    2.2485164663521573e-07,
    4.702807473222492e-06,
    0.00010834210115717724,
    2.0960799318459067e-08,
    7.162768724811031e-07,
    2.2197523321665358e-06,
    7.080680916260462e-06,
    1.4444379303313326e-05,
    1.6575891947923083e-07,
    7.554232297479757e-07,
    1.0594862942525651e-07,
    2.289942457878169e-08,
    1.958335715812609e-08,
    0.00012990672257728875,
    1.9850002530574784e-08,
    3.7301188626770454e-07,
    4.701559532804822e-07,
    1.8402996460054055e-08,
    1.1126266485916858e-07,
    6.799621132813627e-06,
    3.4483855415601283e-06,
    1.0329765700589633e-06,
    2.2593543036464325e-08,
    2.6104027384121764e-08,
    1.9381923266337253e-06,
    1.813706873576848e-08,
    1.5611830121997627e-06,
    1.8231189002904102e-08,
    3.297595796425412e-08,
    1.2634484392037848e-06,
    2.526645914713299e-08,
    1.979059760515156e-08,
    2.7701770477506216e-07,
    1.5075370356498752e-06,
    1.6393960322602652e-06,
    1.1076911505369935e-05,
    2.2718630532381212e-08,
    5.691567821486387e-07,
    3.771103251892782e-08,
    2.0976938230887754e-07,
    6.901650522195268e-06,
    1.2449670975911431e-05,
    2.3221453204769205e-08,
    9.963093816622859e-07,
    0.00011638810974545777,
    2.3436061979964506e-08,
    2.382828867553144e-08,
    5.0732043746393174e-05,
    5.9566023224988385e-08,
    2.039644009244057e-08,
    1.119671287597157e-05,
    1.7448762434923992e-08,
    1.7302049570844247e-08,
    1.858759546280453e-08,
    3.055728939216351e-06,
    6.667210072919261e-08,
    1.0042906069429591e-05,
    3.237978418724197e-08,
    2.3536837034043856e-05,
    1.5041903722590177e-08,
    4.115374031243846e-05,
    1.7565930932050833e-08,
    1.4120901781211614e-08,
    5.9543845054577105e-06,
    2.623990269512433e-08,
    2.945200094472966e-06,
    8.362194137134793e-08,
    3.839803684968501e-05,
    7.44614609970995e-08,
    1.322682010140852e-06,
    9.083724989977782e-07,
    1.3764528183912716e-08,
    6.070144991099369e-06,
    2.40642883397868e-08,
    1.3907833817938808e-05,
    2.3687768191393843e-08,
    4.548356628220063e-06,
    5.155958149316575e-08,
    8.846630095149521e-09,
    0.00027718435740098357,
    2.5425885041840957e-07,
    6.313097600241235e-08,
    4.972990552687406e-08,
    4.568838107843476e-08,
    4.0099209286381665e-08,
    3.652251834296294e-08,
    3.9417692221377365e-08,
    3.0069060130699654e-08,
    2.824168632287183e-08,
    3.5696537281637575e-08,
