{
  "version": "model_weights/_T_10_y0_0_01_network_architectures_4_50_activations_tanh_learning_rates_0_001_collocations_1024_epochs_50000_reg_epochs_0_25_reg_coeff_1_reg_decay_1_/run_12",
  "seed": 1,
  "y0": 0.01,
  "T": 10,
  "N_col": 1024,
  "N_hidden": 4,
  "N_neurons": 50,
  "activation": "tanh",
  "N_epochs": 50000,
  "learning_rate": 0.001,
  "decay_rate": 1.0,
  "freq_log": 100,
  "freq_print": 1000,
  "keys_print": [
    "loss"
  ],
  "freq_save": 0,
  "reg_coeff": 1,
  "reg_decay": 1,
  "reg_epochs": 0.25,
  "loss": [
    0.1596057415008545,
    0.13535143435001373,
    0.13534967601299286,
    0.13534927368164062,
    0.1353452503681183,
    0.1353406459093094,
    0.1353721171617508,
    0.1353539377450943,
    0.032662685960531235,
    0.02774077281355858,
    0.025707267224788666,
    0.032548241317272186,
    0.03026040643453598,
    0.032167207449674606,
    0.02903236448764801,
    0.030977364629507065,
    0.02445572055876255,
    0.030324921011924744,
    0.026524994522333145,
    0.02775614708662033,
    0.02743016555905342,
    0.02611726149916649,
    0.026835087686777115,
    0.02885887771844864,
    0.027968905866146088,
    0.02753717266023159,
    0.02610095776617527,
    0.026447396725416183,
    0.025483425706624985,
    0.030160479247570038,
    0.027694109827280045,
    0.028428513556718826,
    0.025776639580726624,
    0.02586357854306698,
    0.027080222964286804,
    0.02580568566918373,
    0.028414925560355186,
    0.02808438241481781,
    0.029551556333899498,
    0.02395160123705864,
    0.02693801373243332,
    0.0291871577501297,
    0.02783225104212761,
    0.026628846302628517,
    0.026818064972758293,
    0.02727624401450157,
    0.02500162087380886,
    0.02656415104866028,
    0.027634350582957268,
    0.027259791269898415,
    0.027652263641357422,
    0.025759048759937286,
    0.029109656810760498,
    0.028163356706500053,
    0.029395613819360733,
    0.026927990838885307,
    0.028097007423639297,
    0.025382887572050095,
    0.02932901121675968,
    0.02783987671136856,
    0.026903681457042694,
    0.026290059089660645,
    0.02918412536382675,
    0.026959113776683807,
    0.029325220733880997,
    0.026632139459252357,
    0.02701762318611145,
    0.026595596224069595,
    0.028377871960401535,
    0.026447013020515442,
    0.027577120810747147,
    0.027415534481406212,
    0.02667505294084549,
    0.030567603185772896,
    0.026898032054305077,
    0.024738427251577377,
    0.030219750478863716,
    0.02901487611234188,
    0.02856259047985077,
    0.0275226179510355,
    0.02816106751561165,
    0.027843579649925232,
    0.02615242637693882,
    0.02706904523074627,
    0.02777838706970215,
    0.02579020895063877,
    0.02879178524017334,
    0.028504852205514908,
    0.026301493868231773,
    0.02588491700589657,
    0.027770478278398514,
    0.023493994027376175,
    0.026397719979286194,
    0.02474668249487877,
    0.02665630728006363,
    0.026859071105718613,
    0.02677018567919731,
    0.026520121842622757,
    0.029152464121580124,
    0.02878262847661972,
    0.02472747303545475,
    0.02574428729712963,
    0.028017031028866768,
    0.026476673781871796,
    0.02624855376780033,
    0.03133257478475571,
    0.025483451783657074,
    0.027419090270996094,
    0.027759766206145287,
    0.027435090392827988,
    0.02784856967628002,
    0.026656998321413994,
    0.02823162078857422,
    0.02668088674545288,
    0.025767633691430092,
    0.028371114283800125,
    0.026176992803812027,
    0.02628685161471367,
    0.026487722992897034,
    0.028817709535360336,
    0.029435496777296066,
    0.028710708022117615,
    0.027238331735134125,
    0.0257454551756382,
    0.02522105909883976,
    0.029958652332425117,
    8.509178587701172e-05,
    3.4194588806713e-05,
    2.878517443605233e-05,
    2.452756598358974e-05,
    2.0996987586840987e-05,
    1.8041348084807396e-05,
    1.7790142010198906e-05,
    1.8817368982126936e-05,
    1.784903543011751e-05,
    1.8862887372961268e-05,
    2.1982064936310053e-05,
    1.9743947632377967e-05,
    2.027126174652949e-05,
    1.943838651641272e-05,
    1.9539354980224743e-05,
    1.8350598111283034e-05,
    2.012831646425184e-05,
    1.80506358447019e-05,
    2.3922892069094814e-05,
    2.043078711722046e-05,
    1.801336657081265e-05,
    1.9905184672097676e-05,
    1.7267066141357645e-05,
    2.1531501261051744e-05,
    1.9308958144392818e-05,
    1.9386601707083173e-05,
    1.308173068537144e-05,
    1.9846225768560544e-05,
    1.6641453839838505e-05,
    1.9515255189617164e-05,
    1.888054612209089e-05,
    2.1207670215517282e-05,
    2.0586317987181246e-05,
    2.466880869178567e-05,
    6.265338743105531e-05,
    2.5465467842877842e-05,
    2.703910467971582e-05,
    2.112465699610766e-05,
    2.1299048967193812e-05,
    4.5564109314000234e-05,
    6.933804252184927e-05,
    2.2811636881669983e-05,
    2.4616005248390138e-05,
    2.6240475563099608e-05,
    4.897509643342346e-05,
    2.0995770682930015e-05,
    1.9692375644808635e-05,
    2.4562319595133886e-05,
    2.0938034140272066e-05,
    1.973417602130212e-05,
    1.8329314116272144e-05,
    2.0982139176339842e-05,
    0.00017022571410052478,
    2.141101867891848e-05,
    3.2546795409871265e-05,
    1.9637915102066472e-05,
    1.870404048531782e-05,
    2.1680443751392886e-05,
    2.3839655113988556e-05,
    4.0103350329445675e-05,
    2.0977699023205787e-05,
    3.641687362687662e-05,
    2.555336686782539e-05,
    7.672217179788277e-05,
    2.8003847546642646e-05,
    3.691868914756924e-05,
    1.710147989797406e-05,
    2.1764331904705614e-05,
    2.602716449473519e-05,
    3.5011846193810925e-05,
    3.168187686242163e-05,
    9.125655924435705e-05,
    5.489603790920228e-05,
    2.255993604194373e-05,
    1.9321900253999047e-05,
    2.1630537958117202e-05,
    7.792921678628772e-05,
    2.400545054115355e-05,
    2.96444177365629e-05,
    2.1588633899227716e-05,
    0.0001362974726362154,
    2.2923743017599918e-05,
    2.3125059669837356e-05,
    2.802243034238927e-05,
    0.0001301822776440531,
    2.2665262804366648e-05,
    0.00011762070062104613,
    1.980351225938648e-05,
    3.3276472095167264e-05,
    0.00025915924925357103,
    2.0912861145916395e-05,
    2.668783417902887e-05,
    2.050743205472827e-05,
    2.129794484062586e-05,
    4.1044029785552993e-05,
    2.1229003323242068e-05,
    2.0194545868434943e-05,
    3.3010554034262896e-05,
    4.079706559423357e-05,
    4.897471808362752e-05,
    3.145349910482764e-05,
    2.137993578799069e-05,
    2.4793673219392076e-05,
    3.5414159356150776e-05,
    2.2444073692895472e-05,
    2.109327760990709e-05,
    6.195369496708736e-05,
    2.4099859729176387e-05,
    2.357998164370656e-05,
    2.584199683042243e-05,
    1.9670857000164688e-05,
    2.3864096874604e-05,
    4.5649569074157625e-05,
    2.240153480670415e-05,
    0.00010202231351286173,
    0.00012103070184821263,
    1.8842700228560716e-05,
    2.5197401555487886e-05,
    2.0115920051466674e-05,
    2.1287298295646906e-05,
    1.8937762433779426e-05,
    2.391868838458322e-05,
    1.827849519031588e-05,
    2.1497635316336527e-05,
    2.1675004973076284e-05,
    2.7166426662006415e-05,
    1.7940405086847022e-05,
    2.3718877855571918e-05,
    3.7569814594462514e-05,
    2.1012741854065098e-05,
    1.986799543374218e-05,
    3.077621295233257e-05,
    2.057713209069334e-05,
    1.7135047528427094e-05,
    3.238775389036164e-05,
    3.463725806795992e-05,
    2.1949905203655362e-05,
    2.195818888139911e-05,
    1.4930025827197824e-05,
    2.522988688724581e-05,
    2.4233573640231043e-05,
    2.1580333850579336e-05,
    2.1181451302254573e-05,
    3.721242683241144e-05,
    2.3152764697442763e-05,
    3.0793169571552426e-05,
    2.4516662961104885e-05,
    1.8585236830404028e-05,
    2.573597157606855e-05,
    2.3536867956863716e-05,
    2.4410463083768263e-05,
    2.106716056005098e-05,
    3.3458502002758905e-05,
    2.220422902610153e-05,
