{
  "version": "plots/_T_10_y0_0_1_network_architectures_4_50_activations_tanh_learning_rates_0_001_collocations_1024_epochs_50000_regularization_reg_derivative_reg_epochs_1_reg_coeff_100000_reg_decay_1_/run_8",
  "seed": 1,
  "y0": 0.1,
  "T": 10,
  "N_col": 1024,
  "N_hidden": 4,
  "N_neurons": 50,
  "activation": "tanh",
  "N_epochs": 50000,
  "learning_rate": 0.001,
  "decay_rate": 1.0,
  "freq_log": 100,
  "freq_print": 1000,
  "keys_print": [
    "loss"
  ],
  "freq_save": 0,
  "regularization": "reg_derivative",
  "reg_coeff": 100000,
  "reg_decay": 1,
  "reg_epochs": 1,
  "loss": [
    84533.796875,
    753.1155395507812,
    534.9775390625,
    482.56243896484375,
    359.0957946777344,
    383.0041198730469,
    212.46438598632812,
    227.5423583984375,
    78.47213745117188,
    117.68527221679688,
    631.0235595703125,
    172.15243530273438,
    56.79934310913086,
    108.8003921508789,
    137.62850952148438,
    32.16078186035156,
    5.770207405090332,
    122.2634506225586,
    166.8610076904297,
    159.97714233398438,
    117.16572570800781,
    249.359130859375,
    9.168452262878418,
    400.60382080078125,
    35.76364517211914,
    16.771995544433594,
    20.777751922607422,
    11.903736114501953,
    35.64265823364258,
    116.45768737792969,
    8.360665321350098,
    11.773676872253418,
    30.972530364990234,
    13.513557434082031,
    5.757701873779297,
    21.29788589477539,
    8.649209976196289,
    11.714978218078613,
    19.795026779174805,
    21.022380828857422,
    18.053253173828125,
    28.06658363342285,
    75.06298828125,
    70.01643371582031,
    35.0754280090332,
    20.956249237060547,
    10.133254051208496,
    13.41424560546875,
    22.442974090576172,
    9.130871772766113,
    10.392301559448242,
    8.90926742553711,
    5.192110061645508,
    6.1887407302856445,
    16.509260177612305,
    45.89845275878906,
    17.499351501464844,
    17.17308807373047,
    86.23065185546875,
    10.736632347106934,
    7.021707057952881,
    19.687490463256836,
    59.17926788330078,
    88.32879638671875,
    7.057718276977539,
    11.869928359985352,
    14.418900489807129,
    101.06326293945312,
    16.62352752685547,
    23.646656036376953,
    14.180122375488281,
    16.609365463256836,
    10.788074493408203,
    8.454320907592773,
    20.64727210998535,
    30.454479217529297,
    38.459617614746094,
    44.587738037109375,
    72.84845733642578,
    68.01605224609375,
    49.35972595214844,
    84.0141372680664,
    81.03997802734375,
    69.5540771484375,
    83.44163513183594,
    91.3833999633789,
    118.37860107421875,
    95.675048828125,
    71.29629516601562,
    143.71295166015625,
    75.05795288085938,
    102.22090911865234,
    86.27093505859375,
    87.52652740478516,
    79.680908203125,
    94.89277648925781,
    81.83708190917969,
    105.56022644042969,
    88.15741729736328,
    99.06051635742188,
    101.60332489013672,
    103.31582641601562,
    95.33698272705078,
    95.38046264648438,
    128.23023986816406,
    106.94618225097656,
    171.39280700683594,
    107.60255432128906,
    165.3511505126953,
    70.63784790039062,
    93.58578491210938,
    85.58016204833984,
    93.99791717529297,
    89.18659973144531,
    85.01791381835938,
    67.24801635742188,
    123.8094711303711,
    27.984737396240234,
    59.45626449584961,
    71.5034408569336,
    38.023887634277344,
    9.716501235961914,
    70.18605041503906,
    25.254863739013672,
    99.85441589355469,
    264.47998046875,
    21.367816925048828,
    25.705005645751953,
    12.61215591430664,
    9.250262260437012,
    8.799552917480469,
    8.169391632080078,
    15.461688041687012,
    10.727030754089355,
    17.287967681884766,
    18.154804229736328,
    52.649085998535156,
    33.65689468383789,
    22.204326629638672,
    51.17378234863281,
    253.9371337890625,
    57.03118133544922,
    22.486915588378906,
    26.48729133605957,
    22.321269989013672,
    13.42901611328125,
    34.756534576416016,
    50.92123794555664,
    50.1068229675293,
    60.16628646850586,
    65.95365905761719,
    87.92495727539062,
    85.59650421142578,
    79.77748107910156,
    94.94047546386719,
    87.52467346191406,
    90.29328918457031,
    98.84693908691406,
    105.98814392089844,
    95.31803131103516,
    72.14564514160156,
    36.52690124511719,
    15.337667465209961,
    15.4361572265625,
    13.893186569213867,
    9.817306518554688,
    11.94718074798584,
    10.412308692932129,
    15.41047477722168,
    8.647069931030273,
    15.432541847229004,
    13.93514633178711,
    18.254493713378906,
    14.195075035095215,
    13.863689422607422,
    12.637651443481445,
    16.76311492919922,
    22.876182556152344,
    16.331193923950195,
    27.897140502929688,
    10.801923751831055,
    9.453622817993164,
    9.430225372314453,
    7.3430352210998535,
    10.844541549682617,
    12.035160064697266,
    7.485448360443115,
    8.1025972366333,
    9.679123878479004,
    11.677736282348633,
    170.49620056152344,
    94.68293762207031,
    87.91852569580078,
    82.67898559570312,
    83.23868560791016,
    87.5773696899414,
    92.28009033203125,
    84.18896484375,
    95.53782653808594,
    81.3364028930664,
    71.88395690917969,
    65.85693359375,
    55.13935470581055,
    52.32228088378906,
    63.33369445800781,
    59.506195068359375,
    56.836448669433594,
    63.763893127441406,
    39.600948333740234,
    30.63121795654297,
    16.540050506591797,
    29.211523056030273,
    24.723655700683594,
    20.744112014770508,
    17.381784439086914,
    43.68096923828125,
    37.32109832763672,
    36.6556510925293,
    41.61445999145508,
    41.068267822265625,
    42.652076721191406,
    40.900596618652344,
    46.3172721862793,
    69.07987976074219,
    45.87226104736328,
    14.472454071044922,
    14.663006782531738,
    30.761280059814453,
    37.8558235168457,
    130.8749237060547,
    38.70010757446289,
    86.91543579101562,
    74.59220123291016,
    78.37509155273438,
    96.14167785644531,
    232.5455780029297,
    98.54690551757812,
    98.64965057373047,
    78.94995880126953,
    68.6576156616211,
    73.48368835449219,
    40.09141540527344,
    126.0008773803711,
    232.9334716796875,
    526.9354248046875,
    77.0597915649414,
    19.835498809814453,
    722.4114379882812,
    95.24140167236328,
    143.42437744140625,
    20.84490203857422,
    671.1598510742188,
    174.34402465820312,
    64.32086181640625,
    510.9751892089844,
    835.0433959960938,
    2271.9375,
    175.13992309570312,
    66.69672393798828,
    162.11668395996094,
    634.9370727539062,
    5027.75,
    216.70587158203125,
    75.97550201416016,
    18.232357025146484,
    43.64381790161133,
    131.57763671875,
    403.080078125,
    728.9292602539062,
    1098.514404296875,
    12.848160743713379,
    48.78219223022461,
    37.83881378173828,
    103.60299682617188,
    251.01458740234375,
    10.209532737731934,
    29.761215209960938,
    8.327760696411133,
    16.762861251831055,
    19.802913665771484,
    26.8743896484375,
    106.58474731445312,
    17.43143653869629,
    26.185449600219727,
    19.447067260742188,
    15.233980178833008,
    23.93755340576172,
    24.594589233398438,
    9.989459991455078,
    16.473548889160156,
    31.921348571777344,
    10.072219848632812,
    18.15269660949707,
    23.105525970458984,
    30.472885131835938,
    17.023311614990234,
    17.33978271484375,
    2.347015857696533,
    29.80072784423828,
    15.217333793640137,
    30.810285568237305,
    17.19362449645996,
    27.01752471923828,
    19.377685546875,
    18.04987335205078,
    17.729389190673828,
    29.00428009033203,
    27.896345138549805,
    26.126794815063477,
    16.143829345703125,
    16.086885452270508,
    11.787920951843262,
    24.20018768310547,
    5.030102252960205,
    11.881682395935059,
    15.255170822143555,
    15.632652282714844,
    8.730874061584473,
    105.57444763183594,
