{
  "version": "model_weights/_T_10_y0_0_1_network_architectures_4_50_activations_tanh_learning_rates_0_001_collocations_1024_epochs_50000_reg_epochs_0_25_reg_coeff_1_reg_decay_1_/run_17",
  "seed": 1,
  "y0": 0.1,
  "T": 10,
  "N_col": 1024,
  "N_hidden": 4,
  "N_neurons": 50,
  "activation": "tanh",
  "N_epochs": 50000,
  "learning_rate": 0.001,
  "decay_rate": 1.0,
  "freq_log": 100,
  "freq_print": 1000,
  "keys_print": [
    "loss"
  ],
  "freq_save": 0,
  "reg_coeff": 1,
  "reg_decay": 1,
  "reg_epochs": 0.25,
  "loss": [
    0.1807701289653778,
    0.02279551699757576,
    0.02149614691734314,
    0.022056780755519867,
    0.020247038453817368,
    0.02261098101735115,
    0.023643728345632553,
    0.022315386682748795,
    0.022758997976779938,
    0.021440492942929268,
    0.020901724696159363,
    0.024152344092726707,
    0.02301035262644291,
    0.024588502943515778,
    0.022691216319799423,
    0.024644410237669945,
    0.019394779577851295,
    0.023964090272784233,
    0.020922916010022163,
    0.021832868456840515,
    0.021870551630854607,
    0.020683351904153824,
    0.02119481936097145,
    0.022833731025457382,
    0.022204024717211723,
    0.02190345898270607,
    0.02080022543668747,
    0.02110321633517742,
    0.02042277343571186,
    0.024006905034184456,
    0.022131994366645813,
    0.022711345925927162,
    0.02059650793671608,
    0.020957615226507187,
    0.021788297221064568,
    0.020578743889927864,
    0.022681184113025665,
    0.022297518327832222,
    0.02352173812687397,
    0.019379764795303345,
    0.021526504307985306,
    0.02308587357401848,
    0.022049790248274803,
    0.021243901923298836,
    0.021517837420105934,
    0.02163315750658512,
    0.020056026056408882,
    0.021363507956266403,
    0.022050218656659126,
    0.021581489592790604,
    0.022071287035942078,
    0.020651189610362053,
    0.023195596411824226,
    0.02235497161746025,
    0.02343670278787613,
    0.021554967388510704,
    0.0223818589001894,
    0.020417017862200737,
    0.02318492718040943,
    0.022229531779885292,
    0.02170732244849205,
    0.02096392586827278,
    0.023257043212652206,
    0.021562455222010612,
    0.023267539218068123,
    0.021212855353951454,
    0.021476294845342636,
    0.02119613066315651,
    0.02252337336540222,
    0.021085521206259727,
    0.02187608927488327,
    0.021941404789686203,
    0.021248478442430496,
    0.02425689622759819,
    0.021600952371954918,
    0.019866283982992172,
    0.024098534137010574,
    0.02309369668364525,
    0.02272961102426052,
    0.02178129553794861,
    0.02241082303225994,
    0.022157294675707817,
    0.020869184285402298,
    0.02154291793704033,
    0.022226549685001373,
    0.020571134984493256,
    0.022944549098610878,
    0.022645022720098495,
    0.020969972014427185,
    0.020765606313943863,
    0.022143952548503876,
    0.019002271816134453,
    0.021110136061906815,
    0.019795075058937073,
    0.02138202078640461,
    0.021523114293813705,
    0.021450459957122803,
    0.021398264914751053,
    0.02320811152458191,
    0.02287200838327408,
    0.01962222158908844,
    0.02071255072951317,
    0.02234043926000595,
    0.021243423223495483,
    0.02097075805068016,
    0.024716058745980263,
    0.02049468830227852,
    0.021786214783787727,
    0.022049587219953537,
    0.021902132779359818,
    0.022130534052848816,
    0.021521639078855515,
    0.022316446527838707,
    0.021364234387874603,
    0.020528746768832207,
    0.022545617073774338,
    0.020903438329696655,
    0.021027853712439537,
    0.021152738481760025,
    0.022895503789186478,
    0.023334752768278122,
    0.022690819576382637,
    0.021655648946762085,
    0.020559389144182205,
    0.020182065665721893,
    0.023740030825138092,
    9.356757573186769e-07,
    4.64565090396718e-07,
    3.324879287447402e-07,
    2.8110014227422653e-07,
    2.443586026856792e-07,
    2.3070191446095123e-07,
    2.1483256773535686e-07,
    1.871608077408382e-07,
    2.050435625733371e-07,
    2.0384914023452438e-07,
    1.9035485365748173e-07,
    8.701765068508394e-07,
    8.370631121579208e-07,
    1.3671866327058524e-05,
    1.8649282651495014e-07,
    2.2654630527085828e-07,
    6.470405651270994e-07,
    1.5218378734971338e-07,
    2.613712968013715e-05,
    1.6325873275491176e-07,
    4.792242975781846e-07,
    1.7092850157496287e-07,
    3.437123439198331e-07,
    1.5596287994412705e-07,
    1.01030327641638e-05,
    8.481903250867617e-07,
    3.040314595637028e-07,
    1.4026548456058663e-07,
    1.0310166942417709e-07,
    5.465838512463961e-06,
    4.373355295683723e-06,
    1.4495842037831608e-07,
    1.264124591671134e-07,
    2.593479166534962e-06,
    1.432518672572769e-07,
    1.25431284914157e-07,
    8.453332043245609e-07,
    3.3126693779195193e-06,
    9.213546945829876e-06,
    1.4787839290875127e-06,
    2.396723175479565e-07,
    2.8199085022606596e-07,
    2.6076133508468047e-05,
    2.6581990823615342e-05,
    9.998127836752246e-08,
    3.2229665976046817e-06,
    4.3789759729406796e-07,
    2.9325179639272392e-05,
    8.880937940602962e-08,
    2.6741845431388356e-05,
    3.2587070109002525e-07,
    0.004710600711405277,
    0.0017338835168629885,
    0.0018539971206337214,
    0.0022299233824014664,
    0.0017111708875745535,
    0.0018308483995497227,
    0.0021557381842285395,
    0.002233649604022503,
    0.0020427503623068333,
    0.0017853113822638988,
    0.001897920505143702,
    0.0021027475595474243,
    0.0021007999312132597,
    0.002516545355319977,
    0.0017608650960028172,
    0.0016813566908240318,
    0.002005736343562603,
    0.0021728065330535173,
    0.001882578944787383,
    0.0020927442237734795,
    0.0018526501953601837,
    0.0020262179896235466,
    0.002048244932666421,
    0.0019104733364656568,
    0.002135742222890258,
    0.0019444781355559826,
    0.002263915492221713,
    0.002287844894453883,
    0.002111996989697218,
    0.001759177423082292,
    0.0022450401447713375,
    0.002168056322261691,
    0.0022049793042242527,
    0.0018834678921848536,
    0.002378673991188407,
    0.0019148527644574642,
    0.0017789104022085667,
    0.0020411524455994368,
    0.0017193169333040714,
    0.0019005185458809137,
    0.0023846658878028393,
    0.0019998031202703714,
    0.001991833560168743,
    0.0020876419730484486,
    0.0019642114639282227,
    0.0018540859455242753,
    0.002016525948420167,
    0.002193375490605831,
    0.002111125271767378,
    0.002232326427474618,
    0.0018816296942532063,
    0.002291481476277113,
    0.0024506128393113613,
    0.001961402827873826,
    0.0019453160930424929,
    0.002022148109972477,
    0.0023613139055669308,
    0.0019280987326055765,
    0.0024497099220752716,
    0.0019057159079238772,
    0.0020588277839124203,
    0.0022637229412794113,
    0.0021775709465146065,
    0.0019878349266946316,
    0.0017313517164438963,
    0.0018574128625914454,
    0.001972082071006298,
    0.0018140259198844433,
    0.0019129271386191249,
    0.0018211252754554152,
    0.0021733951289206743,
    0.0018020137213170528,
    0.0019508778350427747,
    0.002045375993475318,
    0.00195285864174366,
    0.0017224678304046392,
    0.002042195061221719,
    0.001852642628364265,
    0.0018123243935406208,
    0.0019570933654904366,
    0.0021005370654165745,
    0.0016281107673421502,
    0.001663681585341692,
    0.002017464954406023,
    0.0019563434179872274,
    0.0017777364701032639,
    0.001931263250298798,
    0.0015374915674328804,
    0.002092885784804821,
    0.0023235182743519545,
    0.0018305742414668202,
    0.002015161095187068,
    0.002280465792864561,
    0.0022287233732640743,
    0.002220610622316599,
    0.002064869273453951,
    0.0018154620192945004,
    0.002141542499884963,
    0.0021719192154705524,
    0.002286352915689349,
    0.0018663660157471895,
    0.002418884541839361,
    0.0020676548592746258,
    0.001991164404898882,
    0.002200938295572996,
    0.0020630136132240295,
