{
  "version": "plots/_T_7_5_y0_0_001_network_architectures_4_50_activations_tanh_learning_rates_0_001_collocations_1024_epochs_50000_regularization_unstable_fp_reg_epochs_1_reg_coeff_1_reg_decay_1_/run_9",
  "seed": 1,
  "y0": 0.001,
  "T": 7.5,
  "N_col": 1024,
  "N_hidden": 4,
  "N_neurons": 50,
  "activation": "tanh",
  "N_epochs": 50000,
  "learning_rate": 0.001,
  "decay_rate": 1.0,
  "freq_log": 100,
  "freq_print": 1000,
  "keys_print": [
    "loss"
  ],
  "freq_save": 0,
  "regularization": "unstable_fp",
  "reg_coeff": 1,
  "reg_decay": 1,
  "reg_epochs": 1,
  "loss": [
    0.004926055669784546,
    4.347393769421615e-06,
    3.6538058338919654e-06,
    3.2400325835624244e-06,
    2.582789420557674e-06,
    2.415890094198403e-06,
    2.521004262234783e-06,
    2.2978656488703564e-06,
    2.893500322898035e-06,
    1.29641839521355e-05,
    1.8385267139819916e-06,
    9.481445886194706e-06,
    8.280198926513549e-06,
    1.7330851278529735e-06,
    3.414106322452426e-05,
    1.8446529566062964e-06,
    4.603437446348835e-06,
    4.72537285531871e-05,
    3.3352949685649946e-05,
    2.5181996079481905e-06,
    2.038857246589032e-06,
    3.6336955417937133e-06,
    2.538001808716217e-06,
    3.394658415345475e-05,
    2.0164065062999725e-05,
    7.956483386806212e-06,
    1.3595458767667878e-05,
    2.3002003217698075e-05,
    2.565782233432401e-05,
    6.6593324845598545e-06,
    4.5540753490058705e-05,
    7.95141386333853e-06,
    3.6141398595646024e-05,
    3.5412551824265392e-06,
    1.7363599909003824e-05,
    1.6687874449416995e-05,
    1.698576488706749e-05,
    7.5019870564574376e-06,
    2.187737209169427e-06,
    1.1769376214942895e-05,
    2.223287992819678e-06,
    2.1192020085436525e-06,
    3.149780468447716e-06,
    3.009576175827533e-06,
    1.9997369236079976e-06,
    1.1079251635237597e-05,
    7.242149422381772e-06,
    1.848421220529417e-06,
    2.4632645363453776e-06,
    2.165364276152104e-05,
    6.228448000911158e-06,
    2.3547399905510247e-05,
    2.949668669316452e-06,
    1.4102253771852702e-05,
    3.041445779672358e-06,
    2.0839361241087317e-05,
    3.689403456519358e-06,
    3.706579946083366e-06,
    3.5017089885513997e-06,
    7.01546305208467e-05,
    4.581423581839772e-06,
    1.97828485397622e-05,
    2.4579967430327088e-06,
    3.177110556862317e-05,
    4.752942004415672e-06,
    2.831444362527691e-06,
    2.925686885646428e-06,
    5.221721949055791e-06,
    5.845773102919338e-06,
    3.604994617489865e-06,
    2.962388862215448e-06,
    7.242832907650154e-06,
    2.2051108317100443e-06,
    2.75371576208272e-06,
    1.98830366571201e-06,
    8.700813850737177e-06,
    2.063524789264193e-06,
    5.340792540664552e-06,
    2.6293205337424297e-06,
    1.7345995729556307e-05,
    2.3457357656297972e-06,
    2.6128815079573542e-05,
    6.036477770976489e-06,
    3.5410178043093765e-06,
    4.727830855699722e-06,
    2.2812580482423073e-06,
    2.1250407371553592e-06,
    2.7582614166021813e-06,
    5.1406877901172265e-06,
    1.7525676412333269e-06,
    7.135331543395296e-06,
    2.1273426682455465e-06,
    4.784291377291083e-06,
    2.1487082904059207e-06,
    1.669411290095013e-06,
    6.305509032245027e-06,
    2.4064406716206577e-06,
    2.495702574378811e-06,
    4.908652954327408e-06,
    1.8608855043567019e-06,
    1.6706590031390078e-06,
    2.0412080630194396e-06,
    1.7593860093256808e-06,
    1.7178491589220357e-06,
    3.7616107420035405e-06,
    1.7286427009821637e-06,
    1.935631416927208e-06,
    2.831365463862312e-06,
    4.356435056251939e-06,
    1.8331732007936807e-06,
    2.13708608498564e-06,
    1.870914843493665e-06,
    2.7538908398128115e-06,
    4.624146095011383e-05,
    1.1456015727162594e-06,
    1.4358529369928874e-06,
    1.9980079741799273e-06,
    1.8566111066320445e-06,
    1.2405587312969146e-06,
    1.3337413520275732e-06,
    1.4155477856547805e-06,
    1.1015785048584803e-06,
    1.0964110970235197e-06,
    2.232534598078928e-06,
    2.247923248432926e-06,
    2.1283071873767767e-06,
    2.1261043912090827e-06,
    2.1946905235381564e-06,
    2.149834472220391e-06,
    2.2231497496250086e-06,
    2.1552943962888094e-06,
    1.3395409723671037e-06,
    2.0696372757811332e-06,
    1.4220674984244397e-06,
    1.3905095102018095e-06,
    2.2798601548856823e-06,
    1.5061626754686586e-06,
    1.216772375300934e-06,
    2.304559984622756e-06,
    2.1889122763241176e-06,
    2.057675828837091e-06,
    2.2297867872111965e-06,
    2.25354506255826e-06,
    2.3098682504496537e-06,
    2.1919486243859865e-06,
    2.279788759551593e-06,
    2.026424454015796e-06,
    1.819071712816367e-06,
    2.1790147002320737e-06,
    1.818760893002036e-06,
    2.2967433324083686e-06,
    1.912500010803342e-06,
    1.7364327504765242e-06,
    2.272355914101354e-06,
    2.3870034056017175e-06,
    2.2508024812850635e-06,
    3.0727028388355393e-06,
    2.1416663003037684e-06,
    1.8178957361669745e-06,
    1.7783618204703089e-06,
    2.0251500245649368e-06,
    1.8788637135003228e-06,
    3.973551429226063e-06,
    1.7161736423076945e-06,
    1.8466735127731226e-06,
    2.050837110800785e-06,
    1.8764159221973387e-06,
    3.2923944672802463e-06,
    3.2150735478353454e-06,
    2.088898327201605e-06,
    2.1353243937483057e-06,
    3.1846245747146895e-06,
    2.768261083474499e-06,
    1.8364537481829757e-06,
    2.794808324324549e-06,
    1.7506459926153184e-06,
    2.4063010641839355e-06,
    2.262216185044963e-06,
    1.8721960941547877e-06,
    2.486056928319158e-06,
    2.439875061099883e-06,
    2.6208181225229055e-06,
    2.547518306528218e-06,
    5.679400146618718e-06,
    2.073804125757306e-06,
    2.1658329387719277e-06,
    1.9132887700834544e-06,
    1.7301146044701454e-06,
    9.394569133291952e-06,
    2.4825492346280953e-06,
    2.498806225048611e-06,
    2.301513404745492e-06,
    2.816917685777298e-06,
    2.5562117116351146e-06,
    3.0390162919502473e-06,
    2.3218522073875647e-06,
    2.789457766994019e-06,
    2.002219389396487e-06,
    9.227323971572332e-06,
    1.7213510545843747e-06,
    1.225110736413626e-06,
    2.1051773728686385e-06,
    1.0653047866071574e-06,
    1.5817354324099142e-06,
    1.1043479162253789e-06,
    1.3473281796905212e-06,
    2.0508932720986195e-06,
    1.8343164356338093e-06,
    1.295584297622554e-06,
    1.6919152585614938e-06,
    1.1045869996451074e-06,
    1.5888399502728134e-06,
    1.1286981589364586e-06,
    2.162397549909656e-06,
    1.1205413557036081e-06,
    1.4729172335137264e-06,
    2.554095317464089e-06,
    1.7611180282983696e-06,
    1.5403645647893427e-06,
    1.4224742699298076e-06,
    2.3587972464156337e-06,
    1.7005031622829847e-06,
    1.8831588022294454e-06,
    2.108237140419078e-06,
    2.5501612981315702e-06,
    1.7291808944719378e-06,
    2.5371355150127783e-06,
    2.0684969967987854e-06,
    1.8841965356841683e-06,
    1.7110705812228844e-06,
    2.3543234419776127e-06,
    3.0391929612960666e-06,
    1.7316569937975146e-06,
    3.042989874302293e-06,
    1.789506541172159e-06,
    2.092363729389035e-06,
    1.9802546376013197e-06,
    1.9647557110147318e-06,
    1.6440686749774613e-06,
    1.950693786056945e-06,
    4.4981429709878284e-06,
    1.8526301346355467e-06,
    2.883487240978866e-06,
    1.8426576389174443e-06,
    2.2525300664710812e-06,
    1.7359545836370671e-06,
    2.102868620568188e-06,
    1.839007609305554e-06,
    1.6328543779309257e-06,
    1.7338337556793704e-06,
    2.2366966732079163e-06,
    1.9857291135849664e-06,
    1.981658897420857e-06,
    1.669090352152125e-06,
    1.791087356650678e-06,
    1.6905614756979048e-06,
    2.0854693048022455e-06,
    1.7902560784932575e-06,
    1.921736384247197e-06,
    3.0467647320620017e-06,
    2.449499788781395e-06,
    1.781712967385829e-06,
    1.8455721146892756e-06,
    1.7666668554738862e-06,
    1.9259960026829503e-06,
    2.31496801461617e-06,
    1.3851363291905727e-06,
    2.2952895051275846e-06,
    3.001715185746434e-06,
