{
  "version": "model_weights/_T_10_y0_0_01_network_architectures_4_50_activations_tanh_learning_rates_0_001_collocations_1024_epochs_50000_reg_epochs_0_reg_coeff_1_reg_decay_1_/run_12",
  "seed": 1,
  "y0": 0.01,
  "T": 10,
  "N_col": 1024,
  "N_hidden": 4,
  "N_neurons": 50,
  "activation": "tanh",
  "N_epochs": 50000,
  "learning_rate": 0.001,
  "decay_rate": 1.0,
  "freq_log": 100,
  "freq_print": 1000,
  "keys_print": [
    "loss"
  ],
  "freq_save": 0,
  "reg_coeff": 1,
  "reg_decay": 1,
  "reg_epochs": 0,
  "loss": [
    0.19594672322273254,
    4.419921970111318e-05,
    1.9573217286961153e-05,
    2.1201791241765022e-05,
    1.901531868497841e-05,
    2.1834766812389717e-05,
    2.0895415218546987e-05,
    2.172966196667403e-05,
    2.084164589177817e-05,
    1.9079674530075863e-05,
    1.7177713743876666e-05,
    2.4220022169174626e-05,
    2.1298199499142356e-05,
    3.358383401064202e-05,
    2.45230312430067e-05,
    4.902014188701287e-05,
    1.709646858216729e-05,
    2.7213955036131665e-05,
    2.0002098608529195e-05,
    2.283747380715795e-05,
    2.1228530385997146e-05,
    2.22886010305956e-05,
    2.6351455744588748e-05,
    2.2807735149399377e-05,
    3.496076533338055e-05,
    2.047922316705808e-05,
    1.953834726009518e-05,
    1.8808717868523672e-05,
    1.7777594621293247e-05,
    2.93878711090656e-05,
    2.070071604975965e-05,
    2.305766611243598e-05,
    2.1860334527445957e-05,
    1.8694656318984926e-05,
    2.0801897335331887e-05,
    1.8270860891789198e-05,
    2.4267048502224497e-05,
    0.0001592737971805036,
    2.4128174118231982e-05,
    3.997144813183695e-05,
    2.900985964515712e-05,
    2.9497756258933805e-05,
    2.1411113266367465e-05,
    2.2674279534840025e-05,
    3.2879499485716224e-05,
    2.7414778742240742e-05,
    1.8926599295809865e-05,
    2.0788444089703262e-05,
    0.0002213381667388603,
    2.1847328753210604e-05,
    2.746707650658209e-05,
    2.0274317648727447e-05,
    2.2251209884416312e-05,
    4.6734174247831106e-05,
    2.3660060833208263e-05,
    2.124715319951065e-05,
    2.340283026569523e-05,
    2.1531890524784103e-05,
    2.4622200726298615e-05,
    3.529637251631357e-05,
    2.141250115528237e-05,
    2.4370692699449137e-05,
    2.3272325051948428e-05,
    2.153006244043354e-05,
    0.00010692479554563761,
    3.167276372550987e-05,
    2.1521405869862065e-05,
    3.4031276300083846e-05,
    2.119806049449835e-05,
    1.9456852896837518e-05,
    2.151640183001291e-05,
    2.9549148166552186e-05,
    3.218915298930369e-05,
    2.7342994144419208e-05,
    5.2288400183897465e-05,
    1.688126940280199e-05,
    2.5600271328585222e-05,
    2.1959667719784193e-05,
    2.3477565264329314e-05,
    2.1870951968594454e-05,
    2.181369563913904e-05,
    2.2550213543581776e-05,
    1.9273007637821138e-05,
    1.9537486878107302e-05,
    2.083741856040433e-05,
    3.0283288651844487e-05,
    2.328614027646836e-05,
    2.3032778699416667e-05,
    2.027504706347827e-05,
    1.9698922187671997e-05,
    2.2039837858756073e-05,
    2.020177817030344e-05,
    1.9281313143437728e-05,
    1.7545720766065642e-05,
    2.0881405362160876e-05,
    3.122917405562475e-05,
    2.9342734706006013e-05,
    2.621973180794157e-05,
    2.5631487005739473e-05,
    2.4523838874301873e-05,
    1.615071414562408e-05,
    2.343829328310676e-05,
    2.0873780158581212e-05,
    2.1232957806205377e-05,
    2.6275512936990708e-05,
    2.8159101930214092e-05,
    2.6825842724065296e-05,
    2.0619569113478065e-05,
    2.0290588508942164e-05,
    2.508273973944597e-05,
    2.8482096240622923e-05,
    2.3593533114762977e-05,
    2.1803374693263322e-05,
    1.9949218767578714e-05,
    2.0221164959366433e-05,
    2.118191696354188e-05,
    1.9194005290046334e-05,
    1.9128783605992794e-05,
    2.1621061023324728e-05,
    2.1845735318493098e-05,
    2.2985685063758865e-05,
    2.2887910745339468e-05,
    2.9380869818851352e-05,
    1.9422484911046922e-05,
    1.8121703760698438e-05,
    2.9001022994634695e-05,
    2.1329336959752254e-05,
    2.0844172468059696e-05,
    2.2101226932136342e-05,
    2.0023860997753218e-05,
    2.2914955479791388e-05,
    1.6839894669828936e-05,
    1.7132440916611813e-05,
    1.9165196135872975e-05,
    1.7491667676949874e-05,
    1.9091390640824102e-05,
    2.2011747205397114e-05,
    1.9052446077694185e-05,
    2.0887728169327602e-05,
    1.9602564861997962e-05,
    1.9875697034876794e-05,
    2.010465323110111e-05,
    2.041969491983764e-05,
    1.8011896827374585e-05,
    2.3836750187911093e-05,
    2.0324650904512964e-05,
    1.789129601093009e-05,
    1.9372917449800298e-05,
    1.7724230929161422e-05,
    2.1531861420953646e-05,
    1.9490293198032305e-05,
    1.973068356164731e-05,
    1.2594766303664073e-05,
    1.9512181097525172e-05,
    1.658280052652117e-05,
    1.8991118849953637e-05,
    1.8673490558285266e-05,
    2.0764273358508945e-05,
    2.0175448298687115e-05,
    1.9685712686623447e-05,
    2.0420802684384398e-05,
    1.8728835129877552e-05,
    2.009492163779214e-05,
    2.110675268340856e-05,
    2.103381120832637e-05,
    2.0147366740275174e-05,
    1.9108603737549856e-05,
    1.7884649423649535e-05,
    1.8770604583551176e-05,
    1.9057433746638708e-05,
    1.8888858903665096e-05,
    1.969231198017951e-05,
    1.9839197193505242e-05,
    2.045312794507481e-05,
    1.9251794583396986e-05,
    1.8895418179454282e-05,
    1.819935641833581e-05,
    2.1026571630500257e-05,
    1.7588658010936342e-05,
    1.881599018815905e-05,
    2.300230880791787e-05,
    1.7341173588647507e-05,
    1.8484641259419732e-05,
    2.1702977392124012e-05,
    2.2251271730056033e-05,
    2.0808298359042965e-05,
    1.8126676877727732e-05,
    1.8938060748041607e-05,
    2.12577979255002e-05,
    2.1141906472621486e-05,
    2.53259640885517e-05,
    1.7988499166676775e-05,
    1.740988045639824e-05,
    2.105544990627095e-05,
    2.1910969735472463e-05,
    1.912476000143215e-05,
    2.0938166926498525e-05,
    1.83312913577538e-05,
    2.0577734176185913e-05,
    2.057052552117966e-05,
    1.891933789011091e-05,
    2.1418520191218704e-05,
    2.0154642697889358e-05,
    2.3003869500826113e-05,
    2.301944186910987e-05,
    2.119903001585044e-05,
    1.7353992006974295e-05,
    2.2675063519272953e-05,
    2.2324113160721026e-05,
    2.1996342184138484e-05,
    1.9145260012010112e-05,
    2.3209404389490373e-05,
    1.932806844706647e-05,
    1.7956077499547973e-05,
    2.0316183508839458e-05,
    1.756148412823677e-05,
    1.9604844055720605e-05,
    2.4041411961661652e-05,
    2.0225310436217114e-05,
    1.9922645151382312e-05,
    2.0719366148114204e-05,
    1.925121250678785e-05,
    1.896826142910868e-05,
    2.0756064259330742e-05,
    2.1574234779109247e-05,
    2.1277464838931337e-05,
    2.1831579942954704e-05,
    1.9020964828087017e-05,
    2.2993641323409975e-05,
    2.4541737730032764e-05,
    1.9481465642456897e-05,
    1.9529044948285446e-05,
    2.0430503354873508e-05,
    2.3838807464926504e-05,
    1.901838550111279e-05,
    2.493679494364187e-05,
    1.9029976101592183e-05,
    2.0697365471278317e-05,
    2.2884261852595955e-05,
    2.219363523181528e-05,
    2.0167264665360563e-05,
    1.753366450429894e-05,
    1.9095949028269388e-05,
    1.9858543964801356e-05,
    1.835510556702502e-05,
    1.956408959813416e-05,
    1.8239865312352777e-05,
    2.1506340999621898e-05,
    1.84558975888649e-05,
    2.003052577492781e-05,
    2.0935391148668714e-05,
    2.0243507606210187e-05,
    1.7263204426853918e-05,
    2.060342376353219e-05,
    1.8785305655910634e-05,
    1.8124082998838276e-05,
    1.9801476810243912e-05,
    2.1105885025463067e-05,
    1.6435915313195437e-05,
    1.6557924027438276e-05,
    2.0480076273088343e-05,
    1.9651171896839514e-05,
    1.8002672732109204e-05,
    1.9314364180900156e-05,
    1.543203143228311e-05,
    2.1321910026017576e-05,
    2.314444282092154e-05,
    1.8440034182276577e-05,
    2.0267725631128997e-05,
    2.2805204935139045e-05,
