{
  "version": "plots/_T_10_y0_25_network_architectures_4_50_activations_tanh_learning_rates_0_001_collocations_1024_epochs_500_reg_epochs_1_reg_coeff_1_reg_decay_1_regularization_reg_derivative_unstable_fp_/run_3",
  "seed": 1,
  "g": 9.81,
  "l": 1,
  "theta0": 100,
  "omega0": 0,
  "T": 10,
  "N_col": 1024,
  "N_hidden": 4,
  "N_neurons": 50,
  "activation": "tanh",
  "N_epochs": 500,
  "learning_rate": 0.001,
  "decay_rate": 1.0,
  "freq_log": 100,
  "freq_print": 1000,
  "keys_print": [
    "loss_P",
    "loss_IC"
  ],
  "freq_save": 0,
  "regularizer": "unstable_fp",
  "reg_coeff": 1,
  "reg_decay": 1,
  "reg_epochs": 1,
  "regularization": "reg_derivative_unstable_fp",
  "y0": 25,
  "loss_train": [
    18.69105339050293,
    11.758674621582031,
    11.687737464904785,
    11.753318786621094,
    11.6990327835083
  ],
  "loss_P": [
    15.626100540161133,
    9.63343334197998,
    9.670440673828125,
    9.743549346923828,
    9.68227481842041
  ],
  "loss_IC": [
    3.064953327178955,
    2.1252408027648926,
    2.0172970294952393,
    2.0097694396972656,
    2.0167582035064697
  ]
}