{
  "version": "plots/_T_10_y0_0_001_network_architectures_4_50_activations_tanh_learning_rates_0_001_collocations_1024_epochs_50000_regularization_reg_derivative_reg_epochs_1_reg_coeff_100000_reg_decay_1_/run_3",
  "seed": 1,
  "y0": 0.001,
  "T": 10,
  "N_col": 1024,
  "N_hidden": 4,
  "N_neurons": 50,
  "activation": "tanh",
  "N_epochs": 50000,
  "learning_rate": 0.001,
  "decay_rate": 1.0,
  "freq_log": 100,
  "freq_print": 1000,
  "keys_print": [
    "loss"
  ],
  "freq_save": 0,
  "regularization": "reg_derivative",
  "reg_coeff": 100000,
  "reg_decay": 1,
  "reg_epochs": 1,
  "loss": [
    90816.8125,
    717.0106811523438,
    621.7865600585938,
    497.5321960449219,
    248.3048095703125,
    182.1317596435547,
    157.8553466796875,
    167.00299072265625,
    266.8096008300781,
    76.1394271850586,
    48.68484115600586,
    149.09527587890625,
    22.558300018310547,
    19.9195556640625,
    118.91925048828125,
    75.60993194580078,
    21.04831314086914,
    85.19815826416016,
    45.10893249511719,
    115.83700561523438,
    166.86370849609375,
    65.8001480102539,
    90.93893432617188,
    50.60353088378906,
    121.41378784179688,
    38.695701599121094,
    89.5198974609375,
    22.764904022216797,
    14.267215728759766,
    18.365467071533203,
    8.488431930541992,
    134.4952850341797,
    81.40349578857422,
    59.2494010925293,
    111.79139709472656,
    18.566434860229492,
    21.788509368896484,
    69.29904174804688,
    257.9145202636719,
    7.535915851593018,
    15.955015182495117,
    95.33985900878906,
    37.63688659667969,
    103.12950134277344,
    39.025543212890625,
    15.76866626739502,
    5.2136125564575195,
    39.26610565185547,
    350.91107177734375,
    453.65374755859375,
    113.57748413085938,
    143.955078125,
    1605.2197265625,
    96.21696472167969,
    91.00111389160156,
    96.22482299804688,
    90.47344207763672,
    89.68256378173828,
    82.91907501220703,
    85.22840881347656,
    91.73858642578125,
    89.8214340209961,
    88.98247528076172,
    86.8260498046875,
    83.59709167480469,
    85.87248229980469,
    87.75052642822266,
    83.37222290039062,
    86.00321960449219,
    86.58673095703125,
    82.78115844726562,
    87.92697143554688,
    82.27545166015625,
    76.56597900390625,
    88.15094757080078,
    83.57732391357422,
    83.41768646240234,
    82.65817260742188,
    87.0365982055664,
    86.37333679199219,
    75.98310852050781,
    79.6470718383789,
    86.10016632080078,
    82.19644927978516,
    83.96261596679688,
    83.79203033447266,
    77.6329574584961,
    85.45457458496094,
    85.64312744140625,
    89.50577545166016,
    79.37581634521484,
    87.64887237548828,
    84.78086853027344,
    84.42239379882812,
    80.77641296386719,
    86.20085906982422,
    86.63089752197266,
    85.22596740722656,
    80.27729797363281,
    86.15524291992188,
    86.14665222167969,
    88.22130584716797,
    83.35459899902344,
    84.80879974365234,
    89.22259521484375,
    81.95323181152344,
    85.39640808105469,
    82.8445816040039,
    84.76646423339844,
    82.671142578125,
    85.53421783447266,
    87.03058624267578,
    88.22412872314453,
    82.64913940429688,
    85.42585754394531,
    88.84611511230469,
    82.94572448730469,
    83.85392761230469,
    83.04163360595703,
    82.45925903320312,
    83.13672637939453,
    80.90731811523438,
    86.69165802001953,
    83.88176727294922,
    82.48859405517578,
    82.78235626220703,
    84.18545532226562,
    81.05105590820312,
    85.14629364013672,
    79.34593963623047,
    89.4150619506836,
    84.20317077636719,
    87.80328369140625,
    81.2032699584961,
    82.19075775146484,
    82.1727066040039,
    84.83474731445312,
    84.89396667480469,
    80.85536193847656,
    82.61994934082031,
    85.45315551757812,
    79.50520324707031,
    80.61866760253906,
    79.2891616821289,
    84.56272888183594,
    80.29249572753906,
    80.11572265625,
    86.6590576171875,
    86.91514587402344,
    84.5194091796875,
    87.27014923095703,
    80.90381622314453,
    88.22848510742188,
    79.58605194091797,
    85.1132583618164,
    83.72090911865234,
    80.9334945678711,
    90.39028930664062,
    84.50436401367188,
    82.42230987548828,
    87.45303344726562,
    86.47626495361328,
    85.61173248291016,
    86.11196899414062,
    84.24397277832031,
    84.60614776611328,
    83.05792999267578,
    82.35735321044922,
    81.7783203125,
    88.65228271484375,
    79.71221160888672,
    89.05065155029297,
    84.39543151855469,
    84.09294128417969,
    82.69120788574219,
    84.96775817871094,
    80.7425537109375,
    81.15690612792969,
    82.85345458984375,
    87.0433578491211,
    88.62034606933594,
    83.63471984863281,
    87.95277404785156,
    82.58020782470703,
    84.06986999511719,
    84.81396484375,
    88.80194854736328,
    84.53402709960938,
    81.3321533203125,
    80.74815368652344,
    88.7534408569336,
    80.60474395751953,
    84.35163116455078,
    87.15119934082031,
    78.87747192382812,
    84.82612609863281,
    89.00814056396484,
    77.87979125976562,
    84.17390441894531,
    80.00473022460938,
    85.59812927246094,
    86.53340148925781,
    81.46157836914062,
    86.53836822509766,
    83.98237609863281,
    78.79730987548828,
    78.6546401977539,
    90.04541015625,
    86.94691467285156,
    84.95014190673828,
    82.00120544433594,
    85.95181274414062,
    82.55402374267578,
    87.75726318359375,
    77.9863510131836,
    85.98454284667969,
    81.0851058959961,
    83.50346374511719,
    78.13643646240234,
    79.84774017333984,
    79.39061737060547,
    85.53096008300781,
    89.01126098632812,
    79.9366226196289,
    85.63381958007812,
    82.32341003417969,
    84.1800765991211,
    85.96627807617188,
    82.88294982910156,
    77.36261749267578,
    81.88978576660156,
    85.29426574707031,
    83.71875762939453,
    84.7562026977539,
    86.02714538574219,
    84.41312408447266,
    80.95985412597656,
    83.50779724121094,
    79.26453399658203,
    79.87965393066406,
    90.6470947265625,
    87.85186004638672,
    85.18699645996094,
    79.88516998291016,
    76.78469848632812,
    88.30791473388672,
    84.43807220458984,
    81.52743530273438,
    84.17131042480469,
    85.27923583984375,
    84.18448638916016,
    83.53697204589844,
    88.41667175292969,
    89.6373519897461,
    78.30363464355469,
    86.05131530761719,
    88.38388061523438,
    80.57447052001953,
    91.23892974853516,
    86.2004623413086,
    84.59212493896484,
    79.9102554321289,
    88.3676528930664,
    78.19293212890625,
    85.43634033203125,
    80.76915740966797,
    82.45259094238281,
    88.87197875976562,
    79.82064819335938,
    85.47529602050781,
    79.04187774658203,
    84.74430084228516,
    87.4749526977539,
    88.98870086669922,
    81.34790802001953,
    81.4743423461914,
    88.60457611083984,
    83.45716094970703,
    81.18069458007812,
    78.97763061523438,
    88.6573715209961,
    77.44470977783203,
    81.96357727050781,
    91.08643341064453,
    82.85391235351562,
    81.37870788574219,
    82.03309631347656,
    81.65660858154297,
    82.77635955810547,
    80.4537582397461,
    87.06816101074219,
    84.45234680175781,
    91.89511108398438,
    87.57897186279297,
    87.37615966796875,
    85.02839660644531,
    95.09962463378906,
    80.51850891113281,
    87.21769714355469,
    88.08740234375,
    79.00935363769531,
    89.302490234375,
    85.18255615234375,
    80.1087646484375,
    84.81672668457031,
    87.73231506347656,
    85.20288848876953,
    86.36133575439453,
    86.05270385742188,
    88.34156036376953,
    83.09290313720703,
    84.28437042236328,
    83.35718536376953,
    78.76112365722656,
    81.57666015625,
    84.03643035888672,
    82.60047912597656,
    80.12208557128906,
    86.77228546142578,
    82.43915557861328,
    86.06143188476562,
    84.39508056640625,
    80.64710998535156,
    83.3770980834961,
