{
  "version": "plots/_T_10_y0_0_01_network_architectures_4_50_activations_tanh_learning_rates_0_001_collocations_1024_epochs_50000_regularization_unstable_fp_reg_epochs_1_reg_coeff_0_01_reg_decay_1_/run_3",
  "seed": 1,
  "y0": 0.01,
  "T": 10,
  "N_col": 1024,
  "N_hidden": 4,
  "N_neurons": 50,
  "activation": "tanh",
  "N_epochs": 50000,
  "learning_rate": 0.001,
  "decay_rate": 1.0,
  "freq_log": 100,
  "freq_print": 1000,
  "keys_print": [
    "loss"
  ],
  "freq_save": 0,
  "regularization": "unstable_fp",
  "reg_coeff": 0.01,
  "reg_decay": 1,
  "reg_epochs": 1,
  "loss": [
    0.0732063502073288,
    0.010127470828592777,
    0.010046709328889847,
    0.010025488212704659,
    0.010018936358392239,
    0.010022316128015518,
    0.010021031834185123,
    0.010021609254181385,
    0.010020965710282326,
    0.010018929839134216,
    0.01001714076846838,
    0.0100240558385849,
    0.01002121064811945,
    0.010024046525359154,
    0.010021427646279335,
    0.010023387148976326,
    0.01001671701669693,
    0.01002327911555767,
    0.010018891654908657,
    0.010019470937550068,
    0.01002094242721796,
    0.010018578730523586,
    0.010018771514296532,
    0.010021482594311237,
    0.010020321235060692,
    0.010020106099545956,
    0.010018697008490562,
    0.010018697939813137,
    0.010017722845077515,
    0.010023604147136211,
    0.010020467452704906,
    0.010020914487540722,
    0.01001813355833292,
    0.010018136352300644,
    0.010020068846642971,
    0.010018520057201385,
    0.010021385736763477,
    0.010020311921834946,
    0.010023750364780426,
    0.010017594322562218,
    0.010023333132266998,
    0.010031862184405327,
    0.010019965469837189,
    0.010019649751484394,
    0.010020648129284382,
    0.010020666755735874,
    0.010017868131399155,
    0.010023096576333046,
    0.010020705871284008,
    0.010189051739871502,
    0.010023720562458038,
    0.010019319131970406,
    0.010021910071372986,
    0.010020569898188114,
    0.010025096125900745,
    0.010029729455709457,
    0.010022593662142754,
    0.010175677016377449,
    0.010023047216236591,
    0.010195665992796421,
    0.010020492598414421,
    0.01001940667629242,
    0.010023043490946293,
    0.010019782930612564,
    0.010023048147559166,
    0.010028643533587456,
    0.010018795728683472,
    0.010088030248880386,
    0.010116461664438248,
    0.01002951618283987,
    0.010019778273999691,
    0.010143890976905823,
    0.010018897242844105,
    0.010023385286331177,
    0.010026337578892708,
    0.010019994340837002,
    0.010023834183812141,
    0.010022261179983616,
    0.010023466311395168,
    0.010027468204498291,
    0.010021289810538292,
    0.010024268180131912,
    0.010022486560046673,
    0.01002102717757225,
    0.010021176189184189,
    0.010035875253379345,
    0.010037226602435112,
    0.0100214509293437,
    0.010020014829933643,
    0.010024361312389374,
    0.010027099400758743,
    0.010016780346632004,
    0.010022013448178768,
    0.010016577318310738,
    0.010021115653216839,
    0.010020597837865353,
    0.010042795911431313,
    0.010025085881352425,
    0.01002219133079052,
    0.010024814866483212,
    0.010016647167503834,
    0.01003091037273407,
    0.010027372278273106,
    0.01002140436321497,
    0.01002446562051773,
    0.010032828897237778,
    0.01002396922558546,
    0.010021829046308994,
    0.010022921487689018,
    0.010022473521530628,
    0.010030627250671387,
    0.010022200644016266,
    0.010021716356277466,
    0.010020184330642223,
    0.01005445048213005,
    0.010021687485277653,
    0.010018877685070038,
    0.01004108414053917,
    0.010020204819738865,
    0.010021994821727276,
    0.010023392736911774,
    0.010021067224442959,
    0.010026851668953896,
    0.010018972679972649,
    0.010018380358815193,
    0.010027988813817501,
    0.010023173876106739,
    0.010025441646575928,
    0.010021478869020939,
    0.010021242313086987,
    0.0100248446688056,
    0.01001665834337473,
    0.010019682347774506,
    0.010019426234066486,
    0.010018926113843918,
    0.010019039735198021,
    0.010022517293691635,
    0.010019183158874512,
    0.010019703768193722,
    0.01001957431435585,
    0.010019541718065739,
    0.010019328445196152,
    0.010020644403994083,
    0.010018336586654186,
    0.010024129413068295,
    0.01002111192792654,
    0.010018319822847843,
    0.010020008310675621,
    0.010017977096140385,
    0.010021660476922989,
    0.010019859299063683,
    0.01001984067261219,
    0.010013464838266373,
    0.01002001203596592,
    0.010016732849180698,
    0.010019134730100632,
    0.010018850676715374,
    0.010020955465734005,
    0.010022184811532497,
    0.01001987885683775,
    0.01002091821283102,
    0.010018819943070412,
    0.010020655579864979,
    0.010020971298217773,
    0.010021002031862736,
    0.01002014335244894,
    0.010019135661423206,
    0.015779398381710052,
    0.010019632056355476,
    0.010018935427069664,
    0.010018881410360336,
    0.01001956220716238,
    0.010019650682806969,
    0.010020446963608265,
    0.010019216686487198,
    0.010018862783908844,
    0.010018032044172287,
    0.010020926594734192,
    0.010017680935561657,
    0.010018644854426384,
    0.01002242136746645,
    0.01001716684550047,
    0.010018442757427692,
    0.010021517053246498,
    0.0100223608314991,
    0.010020549409091473,
    0.010017991065979004,
    0.010018859058618546,
    0.010021192952990532,
    0.010021085850894451,
    0.010025408118963242,
    0.010017863474786282,
    0.010016736574470997,
    0.010020255111157894,
    0.010021856985986233,
    0.010018845088779926,
    0.010020689107477665,
    0.010018316097557545,
    0.010020358487963676,
    0.010020347312092781,
    0.010018736124038696,
    0.010021478869020939,
    0.010019762441515923,
    0.01002264954149723,
    0.01002291589975357,
    0.010021164081990719,
    0.010016744025051594,
    0.010022510774433613,
    0.010021866299211979,
    0.010021895170211792,
    0.010019349865615368,
    0.010022523812949657,
    0.010019371286034584,
    0.010018308646976948,
    0.010019736364483833,
    0.010017300955951214,
    0.010019764304161072,
    0.010023913346230984,
    0.010020329616963863,
    0.010020680725574493,
    0.010020719841122627,
    0.010019502602517605,
    0.01001885998994112,
    0.010020677000284195,
    0.010021624155342579,
    0.010022425092756748,
    0.010021931491792202,
    0.010018955916166306,
    0.010023723356425762,
    0.010024712421000004,
    0.010019492357969284,
    0.010019484907388687,
    0.010021084919571877,
    0.010023967362940311,
    0.0100190918892622,
    0.010025085881352425,
    0.010018988512456417,
    0.010020912624895573,
    0.010023005306720734,
    0.010022039525210857,
    0.010020626708865166,
    0.010017470456659794,
    0.010019230656325817,
    0.010020064190030098,
    0.010019895620644093,
    0.010019373148679733,
    0.010018172673881054,
    0.010021476075053215,
    0.010018641129136086,
    0.010020059533417225,
    0.01002050843089819,
    0.010019424371421337,
    0.010017395950853825,
    0.010020707733929157,
    0.010018805973231792,
    0.010018343105912209,
    0.010019984096288681,
    0.010021068155765533,
    0.010016605257987976,
    0.010016913525760174,
    0.01002062764018774,
    0.010019681416451931,
    0.010018224827945232,
    0.01001941878348589,
    0.010015958920121193,
    0.010021325200796127,
    0.010022972710430622,
    0.010018489323556423,
    0.010020293295383453,
    0.010022711008787155,
    0.010022155940532684,
    0.01002176757901907,
    0.010020454414188862,
    0.010018283501267433,
    0.010021843016147614,
    0.010021943598985672,
    0.01002285722643137,
    0.010018686763942242,
    0.010024186223745346,
    0.010020794346928596,
    0.010019986890256405,
    0.010075179859995842,
    0.010020471177995205,
    0.010022616013884544,
    0.010017875581979752,
    0.010018454864621162,
