{
  "version": "plots/_T_7_5_y0_0_001_network_architectures_4_50_activations_tanh_learning_rates_0_001_collocations_1024_epochs_50000_regularization_reg_derivative_unstable_fp_reg_epochs_1_reg_coeff_100000_reg_decay_1_/run_9",
  "seed": 1,
  "y0": 0.001,
  "T": 7.5,
  "N_col": 1024,
  "N_hidden": 4,
  "N_neurons": 50,
  "activation": "tanh",
  "N_epochs": 50000,
  "learning_rate": 0.001,
  "decay_rate": 1.0,
  "freq_log": 100,
  "freq_print": 1000,
  "keys_print": [
    "loss"
  ],
  "freq_save": 0,
  "regularization": "reg_derivative_unstable_fp",
  "reg_coeff": 100000,
  "reg_decay": 1,
  "reg_epochs": 1,
  "loss": [
    0.030573740601539612,
    0.05001305043697357,
    0.0057709915563464165,
    0.04226436838507652,
    0.008548342622816563,
    0.009407627396285534,
    0.009662188589572906,
    0.008487002924084663,
    0.009359223768115044,
    0.007798958569765091,
    0.007219460792839527,
    0.008341842330992222,
    0.00973933283239603,
    0.008973222225904465,
    0.007958711124956608,
    0.00864342786371708,
    0.0072886282578110695,
    0.00824448000639677,
    0.007178076077252626,
    0.007972284220159054,
    0.006205620709806681,
    0.0066686575300991535,
    0.006647284608334303,
    0.006953839678317308,
    0.006390806753188372,
    0.0064146025106310844,
    0.005341869313269854,
    0.0046459706500172615,
    0.003727999748662114,
    0.003247170941904187,
    0.0027255485765635967,
    0.002484675496816635,
    0.0021486319601535797,
    0.0019092202419415116,
    0.0018399398541077971,
    0.0016243375139310956,
    0.0017754920991137624,
    0.0013495114399120212,
    0.0015657659387215972,
    0.001123910304158926,
    0.0011378282215446234,
    0.0011981595307588577,
    0.0008921502158045769,
    0.0007509641000069678,
    0.000954492250457406,
    0.00055560318287462,
    0.0006390372291207314,
    0.0003586990060284734,
    0.0005226184148341417,
    0.0006020879955030978,
    0.0005038806120865047,
    0.00047420922783203423,
    0.0005302841891534626,
    0.0002954525698442012,
    0.00031034048879519105,
    0.0003500660532154143,
    0.000524307310115546,
    0.00022185314446687698,
    0.00039842951809987426,
    0.00034780323039740324,
    0.0005162134766578674,
    0.00046125942026264966,
    0.00029087119037285447,
    0.000197148066945374,
    0.00029558874666690826,
    0.0005402092356234789,
    0.00032036693301051855,
    0.0002836794010363519,
    0.00024152871628757566,
    0.00022458707098849118,
    0.0001940204674610868,
    0.0003188021946698427,
    0.00030427012825384736,
    0.0003943064366467297,
    0.00015189235273282975,
    0.00011036517389584333,
    0.00033984705805778503,
    0.000233318583923392,
    0.00033043671282939613,
    9.215442696586251e-05,
    0.00038422615034505725,
    0.0003480088780634105,
    0.00014169486530590802,
    0.00017136518727056682,
    0.00010932634904747829,
    0.0001794729905668646,
    0.00011027089203707874,
    0.0001259062410099432,
    0.00031721265986561775,
    0.00021002793801017106,
    0.00021916830155532807,
    0.00015940700541250408,
    0.00016563653480261564,
    0.00011757537140510976,
    0.0002107021864503622,
    0.00024115029373206198,
    0.00014435703633353114,
    0.000286269438220188,
    0.000181144307134673,
    0.0002727713144849986,
    7.207805174402893e-05,
    0.0002720701741054654,
    0.00015939830336719751,
    0.0001698211854090914,
    0.00016354440595023334,
    0.0003139040491078049,
    0.00012673865421675146,
    0.0002505904412828386,
    0.0001391789992339909,
    4.859797627432272e-05,
    0.00010265393211739138,
    0.0001088716380763799,
    0.00011670657113427296,
    0.003508173394948244,
    0.0018404779257252812,
    0.0017282550688832998,
    0.0015089057851582766,
    0.0014473572373390198,
    0.0011460490059107542,
    0.00114055082667619,
    0.0008482846897095442,
    0.0010528499260544777,
    0.0005859209923073649,
    0.000880082487128675,
    0.003360619768500328,
    0.0010323520982638001,
    0.0007729716598987579,
    0.0008170175133273005,
    0.0006116738659329712,
    0.00038099128869362175,
    0.0005953923100605607,
    0.000471021281555295,
    0.0005514498334378004,
    0.0006171868881210685,
    0.0004938545753248036,
    0.0004542558453977108,
    0.00046261100214906037,
    0.0006685563712380826,
    0.0003549430693965405,
    0.01092054508626461,
    0.0011594590032473207,
    0.0006894820835441351,
    0.0007198479725047946,
    0.0006052494281902909,
    0.0009311866015195847,
    0.0005780017236247659,
    0.0005858853692188859,
    0.011681867763400078,
    0.00025804320466704667,
    0.00015595190052408725,
    9.996425069402903e-05,
    7.138511864468455e-05,
    4.6918696170905605e-05,
    5.297366442391649e-05,
    4.217692912789062e-05,
    3.441439912421629e-05,
    3.2827087125042453e-05,
    3.012767047039233e-05,
    2.5540026399539784e-05,
    2.1770914827357046e-05,
    1.9592727767303586e-05,
    1.6688471077941358e-05,
    1.655938831390813e-05,
    1.4408791685127653e-05,
    1.3671606211573817e-05,
    1.1515451660670806e-05,
    9.816043530008756e-06,
    9.512239557807334e-06,
    9.021832738653757e-06,
    8.128075933200307e-06,
    6.80075663694879e-06,
    7.662879397685174e-06,
    6.681503691652324e-06,
    5.958408110018354e-06,
    5.252327355265152e-06,
    5.1106962928315625e-06,
    4.973191153112566e-06,
    4.302964498492656e-06,
    4.121627171116415e-06,
    3.641935563791776e-06,
    3.335014071126352e-06,
    2.677729526112671e-06,
    2.5745034690771718e-06,
    2.646281245688442e-06,
    2.168835635529831e-06,
    1.8734141349341371e-06,
    2.074330495815957e-06,
    1.9687231542775407e-06,
    1.454037487746973e-06,
    1.4516109558826429e-06,
    1.7259253581869416e-06,
    2.8491501780081308e-06,
    0.009941091760993004,
    0.005974892061203718,
    0.004714473616331816,
    0.0033913953229784966,
    0.00258856313303113,
    0.0020673691760748625,
    0.0019183747936040163,
    0.001478009158745408,
    0.0008757401374168694,
    0.0020138283725827932,
    0.000569147348869592,
    0.00041516131022945046,
    0.00028047774685546756,
    0.00020719305030070245,
    0.00014236615970730782,
    0.00014772816211916506,
    0.00012081060413038358,
    9.697751374915242e-05,
    7.715101673966274e-05,
    8.25332899694331e-05,
    6.397235847543925e-05,
    5.055906513007358e-05,
    5.167290510144085e-05,
    3.835769894067198e-05,
    3.863047459162772e-05,
    4.087320121470839e-05,
    2.911817682615947e-05,
    2.5436556825297885e-05,
    2.5395385819138028e-05,
    2.0167753973510116e-05,
    1.8878467017202638e-05,
    1.8289059880771674e-05,
    1.921184411912691e-05,
    1.5857087419135496e-05,
    1.6417363440268673e-05,
    1.333254658675287e-05,
    1.3948156265541911e-05,
    1.2358739695628174e-05,
    1.0932877557934262e-05,
    1.0421794286230579e-05,
    1.1045494829886593e-05,
    1.1294383511994965e-05,
    7.98981636762619e-06,
    9.608362233848311e-06,
    9.492245226283558e-06,
    7.07161507307319e-06,
    7.1432832555728965e-06,
    7.779901352478191e-06,
    6.782874152122531e-06,
    9.484662768954877e-06,
    1.4471201211563312e-05,
    5.996160325594246e-06,
    0.06436657905578613,
    0.00485005509108305,
    0.0017574517987668514,
    0.0015086713247001171,
    0.0038883432280272245,
    0.0024670190177857876,
    0.0028102369979023933,
    0.0022829482331871986,
    0.0005706370575353503,
    0.000671643705572933,
    0.0005235933931544423,
    0.0004921754589304328,
    0.0003640688955783844,
    0.00047576724318787456,
    0.0003387894539628178,
    0.00036515138344839215,
    0.0003789384791161865,
    0.00038179586408659816,
    0.0001836439041653648,
    0.00030169676756486297,
    0.00017209697398357093,
    0.00021973678667563945,
    0.00042369720176793635,
    0.00015513368998654187,
    0.0002949650806840509,
    0.00033188960514962673,
    0.00014093515346758068,
    0.00036717139300890267,
