{
  "version": "model_weights/_T_7_5_y0_0_1_network_architectures_4_50_activations_tanh_learning_rates_0_001_collocations_1024_epochs_50000_reg_epochs_0_25_reg_coeff_1_reg_decay_1_/run_9",
  "seed": 1,
  "y0": 0.1,
  "T": 7.5,
  "N_col": 1024,
  "N_hidden": 4,
  "N_neurons": 50,
  "activation": "tanh",
  "N_epochs": 50000,
  "learning_rate": 0.001,
  "decay_rate": 1.0,
  "freq_log": 100,
  "freq_print": 1000,
  "keys_print": [
    "loss"
  ],
  "freq_save": 0,
  "reg_coeff": 1,
  "reg_decay": 1,
  "reg_epochs": 0.25,
  "loss": [
    0.14284378290176392,
    0.13501256704330444,
    0.04620569944381714,
    0.045334216207265854,
    0.043202098459005356,
    0.04806707799434662,
    0.04717344790697098,
    0.04622139781713486,
    0.047141991555690765,
    0.04474325478076935,
    0.04048661142587662,
    0.05052785202860832,
    0.04972604662179947,
    0.0520721897482872,
    0.04767679423093796,
    0.05082555115222931,
    0.04146118089556694,
    0.05105634778738022,
    0.04391888901591301,
    0.046344734728336334,
    0.045067623257637024,
    0.04495434835553169,
    0.04587725177407265,
    0.04943808540701866,
    0.04667431861162186,
    0.04589463025331497,
    0.04454272240400314,
    0.04481245577335358,
    0.04356347769498825,
    0.0499703511595726,
    0.04693298041820526,
    0.047970786690711975,
    0.04387306421995163,
    0.04382067546248436,
    0.045411936938762665,
    0.04516167938709259,
    0.04686223715543747,
    0.04748883470892906,
    0.04962275177240372,
    0.040767960250377655,
    0.04503485560417175,
    0.04918898642063141,
    0.04733790084719658,
    0.04509008675813675,
    0.045000120997428894,
    0.04629439115524292,
    0.0418258011341095,
    0.04397831857204437,
    0.04657083749771118,
    0.0457879938185215,
    0.04621003568172455,
    0.04330291599035263,
    0.048940978944301605,
    0.04789958894252777,
    0.04914869740605354,
    0.04443254694342613,
    0.0470699742436409,
    0.04165203496813774,
    0.04963192716240883,
    0.046160388737916946,
    0.044810086488723755,
    0.04439714550971985,
    0.0485817976295948,
    0.044704314321279526,
    0.04862299934029579,
    0.045770611613988876,
    0.046480752527713776,
    0.04546300321817398,
    0.048283372074365616,
    0.0451260544359684,
    0.04725636541843414,
    0.04577116668224335,
    0.045518115162849426,
    0.05085955187678337,
    0.045099593698978424,
    0.042147401720285416,
    0.04927919805049896,
    0.048702310770750046,
    0.048205696046352386,
    0.047649070620536804,
    0.047853149473667145,
    0.04733581840991974,
    0.04441170394420624,
    0.046473827213048935,
    0.04641791433095932,
    0.04415334761142731,
    0.048222169280052185,
    0.048149578273296356,
    0.04503974691033363,
    0.04324570670723915,
    0.04714883118867874,
    0.0395926833152771,
    0.04491757974028587,
    0.04220337048172951,
    0.04504953697323799,
    0.04427424818277359,
    0.04488104209303856,
    0.044048286974430084,
    0.049266085028648376,
    0.04810834303498268,
    0.042712122201919556,
    0.043217312544584274,
    0.046918660402297974,
    0.04413994401693344,
    0.044421933591365814,
    0.05284956842660904,
    0.04193742945790291,
    0.04692520201206207,
    0.04772704839706421,
    0.0464392714202404,
    0.04624108597636223,
    0.04390694573521614,
    0.04758445918560028,
    0.045106250792741776,
    0.0439380444586277,
    0.04718618839979172,
    0.044263873249292374,
    0.04399441182613373,
    0.044287681579589844,
    0.04857824370265007,
    0.04963812977075577,
    0.04883739352226257,
    0.0466001071035862,
    0.0436779223382473,
    0.04337156563997269,
    0.049614809453487396,
    0.002762655494734645,
    0.0028326886240392923,
    0.0027865180745720863,
    0.0027125857304781675,
    0.0025488603860139847,
    0.0022949574049562216,
    0.002285274676978588,
    0.00245832116343081,
    0.0023529655300080776,
    0.0025592930614948273,
    0.002927019726485014,
    0.0024953761603683233,
    0.0026471582241356373,
    0.0026050989981740713,
    0.002538948552682996,
    0.0025174482725560665,
    0.002719696145504713,
    0.00253403652459383,
    0.0030806316062808037,
    0.002631149720400572,
    0.0024085440672934055,
    0.002583249006420374,
    0.0023872912861406803,
    0.002802780596539378,
    0.002608951646834612,
    0.0025911363773047924,
    0.0017888398142531514,
    0.0026359762996435165,
    0.0022760266438126564,
    0.0025693923234939575,
    0.002517745364457369,
    0.0027144446503371,
    0.002637393306940794,
    0.0025822934694588184,
    0.0027447787579149008,
    0.0025140191428363323,
    0.00265273149125278,
    0.002755267545580864,
    0.00272987294010818,
    0.0026251268573105335,
    0.002579903230071068,
    0.002381098223850131,
    0.0025272315833717585,
    0.002523565199226141,
    0.002485299715772271,
    0.0026454576291143894,
    0.002677886513993144,
    0.0027002315036952496,
    0.002526107942685485,
    0.0025318507105112076,
    0.0024916832335293293,
    0.0027921702712774277,
    0.0023718622978776693,
    0.002543711569160223,
    0.0029478000942617655,
    0.0023400685749948025,
    0.0024834393989294767,
    0.0028382251039147377,
    0.0029058135114610195,
    0.002732709515839815,
    0.002436664653941989,
    0.002600722946226597,
    0.0028173248283565044,
    0.002801894210278988,
    0.003244980238378048,
    0.0024053743109107018,
    0.002320404164493084,
    0.002688049804419279,
    0.002876012120395899,
    0.0025359592400491238,
    0.0027842153795063496,
    0.0025963212829083204,
    0.002684200182557106,
    0.0027166593354195356,
    0.0025053638964891434,
    0.0028065803926438093,
    0.002654104493558407,
    0.002990755718201399,
    0.002934261690825224,
    0.002821648959070444,
    0.0022528106346726418,
    0.002921978710219264,
    0.0028366176411509514,
    0.0028648993466049433,
    0.002519626636058092,
    0.0029200552962720394,
    0.0025482303462922573,
    0.0024027542676776648,
    0.002665975596755743,
    0.0023376080207526684,
    0.002588307950645685,
    0.0030827440787106752,
    0.0026627248153090477,
    0.002593875862658024,
    0.00280337268486619,
    0.0026326181832700968,
    0.002531063975766301,
    0.002809536876156926,
    0.0029489127919077873,
    0.002777810674160719,
    0.0027907704934477806,
    0.0025395131669938564,
    0.0029967534355819225,
    0.0032602224964648485,
    0.002623653272166848,
    0.0026093912310898304,
    0.0026629483327269554,
    0.003120394190773368,
    0.0025573549792170525,
    0.0032214713282883167,
    0.002528054639697075,
    0.002639822894707322,
    0.0029780720360577106,
    0.002915307879447937,
    0.002675627125427127,
    0.0023361933417618275,
    0.0025314632803201675,
    0.002666786313056946,
    0.002491897204890847,
    0.0025733509100973606,
    0.0024220808409154415,
    0.0028311382047832012,
    0.0024572156835347414,
    0.002666324842721224,
    0.0026921634562313557,
    0.002615699078887701,
    0.002396877622231841,
    0.002708124928176403,
    0.0024751003365963697,
    0.0025112598668783903,
    0.0026148795150220394,
    0.0027715987525880337,
    0.0022752732038497925,
    0.002271478995680809,
    0.002679293742403388,
    0.002610442228615284,
    0.002418061252683401,
    0.0026212686207145452,
    0.0021972572430968285,
    0.0027944082394242287,
    0.0029987595044076443,
    0.002547440119087696,
    0.002660809550434351,
    0.003000780940055847,
    0.0028864690102636814,
    0.002904397901147604,
    0.0027032517828047276,
    0.0024241346400231123,
    0.0028908082749694586,
    0.0028481443878263235,
    0.002989595988765359,
    0.002491643186658621,
    0.003111752914264798,
    0.002744996687397361,
    0.002641946543008089,
    0.002864667447283864,
    0.002702477155253291,
    0.002917769132182002,
    0.002453520894050598,
    0.0024817660450935364,
    0.0022753053344786167,
