{
  "version": "plots/_T_10_y0_0_01_network_architectures_4_50_activations_tanh_learning_rates_0_001_collocations_1024_epochs_50000_regularization_unstable_fp_reg_epochs_1_reg_coeff_100000_reg_decay_1_/run_5",
  "seed": 1,
  "y0": 0.01,
  "T": 10,
  "N_col": 1024,
  "N_hidden": 4,
  "N_neurons": 50,
  "activation": "tanh",
  "N_epochs": 50000,
  "learning_rate": 0.001,
  "decay_rate": 1.0,
  "freq_log": 100,
  "freq_print": 1000,
  "keys_print": [
    "loss"
  ],
  "freq_save": 0,
  "regularization": "unstable_fp",
  "reg_coeff": 100000,
  "reg_decay": 1,
  "reg_epochs": 1,
  "loss": [
    0.10839349031448364,
    0.005499925464391708,
    0.003114820923656225,
    0.0023060766980051994,
    0.0015203382354229689,
    0.001216001808643341,
    0.0011264104396104813,
    0.0008844759431667626,
    0.0007183682173490524,
    0.0008258958114311099,
    0.00031996716279536486,
    0.0008284401847049594,
    0.00015629178960807621,
    0.00011659909068839625,
    0.00012161579797975719,
    0.0001299469731748104,
    0.00010615757491905242,
    9.882013546302915e-05,
    4.99130692332983e-05,
    3.216930781491101e-05,
    0.00010397098958492279,
    0.19616273045539856,
    0.16134297847747803,
    0.2984863519668579,
    0.23206031322479248,
    0.21416105329990387,
    0.17650526762008667,
    0.33266305923461914,
    0.5759910941123962,
    0.09347734600305557,
    0.030538808554410934,
    0.09919412434101105,
    0.050875261425971985,
    0.0730670690536499,
    0.07785332202911377,
    0.07454831153154373,
    0.1046706885099411,
    0.02290794625878334,
    0.10530108958482742,
    0.07337424159049988,
    0.07166625559329987,
    0.12599772214889526,
    0.082673080265522,
    0.06119348853826523,
    0.1434037685394287,
    0.0677543580532074,
    0.11091432720422745,
    0.017421966418623924,
    0.08037468791007996,
    0.10815846174955368,
    0.095521941781044,
    0.08214571326971054,
    0.0915408730506897,
    0.015273557975888252,
    0.019723612815141678,
    0.04969461262226105,
    0.07133439183235168,
    0.013370752334594727,
    0.0654449611902237,
    0.04152356833219528,
    0.09585681557655334,
    0.06559956818819046,
    0.04582633823156357,
    0.0311990138143301,
    0.03527168184518814,
    0.11250670999288559,
    0.06467865407466888,
    0.03786245733499527,
    0.03478798642754555,
    0.03694641962647438,
    0.02395879290997982,
    0.060804758220911026,
    0.0940127968788147,
    0.05738651379942894,
    0.012879583984613419,
    0.004926638677716255,
    0.038557931780815125,
    0.015685681253671646,
    0.07980488985776901,
    0.004707983694970608,
    0.10229629278182983,
    0.02396412566304207,
    0.008873453363776207,
    0.014770996756851673,
    0.0073719993233680725,
    0.03349479287862778,
    0.004572520963847637,
    0.007903657853603363,
    0.03119518607854843,
    0.04226275533437729,
    0.07253257185220718,
    0.03429355099797249,
    0.026868078857660294,
    0.0022865801583975554,
    0.05102958902716637,
    0.0453866645693779,
    0.022027838975191116,
    0.08005426079034805,
    0.03320184350013733,
    0.046576954424381256,
    0.006450265645980835,
    0.0693228542804718,
    0.05712679773569107,
    0.018741248175501823,
    0.029045311734080315,
    0.07289623469114304,
    0.0431327223777771,
    0.04234594106674194,
    0.036107949912548065,
    0.0018215060699731112,
    0.04333554580807686,
    0.0038634096272289753,
    0.0064943223260343075,
    0.02037080191075802,
    0.04946691170334816,
    0.0003355743538122624,
    0.050353147089481354,
    0.03670100122690201,
    0.02248307690024376,
    0.024613870307803154,
    0.0010259207338094711,
    0.049978405237197876,
    0.0017010568408295512,
    0.0378166064620018,
    0.03254324197769165,
    0.03457506373524666,
    0.03310917317867279,
    0.044557664543390274,
    0.065606489777565,
    0.009478995576500893,
    0.008601808920502663,
    0.055820658802986145,
    0.0001365499192615971,
    0.00017415906768292189,
    0.028089366853237152,
    0.04385975003242493,
    0.015968039631843567,
    0.004073665011674166,
    0.03343074023723602,
    0.008734255097806454,
    0.058733467012643814,
    0.11818857491016388,
    0.021596889942884445,
    0.0038886205293238163,
    0.003860036376863718,
    0.0026648854836821556,
    0.02035546489059925,
    0.0004017066676169634,
    6.313916674116626e-05,
    0.07058268785476685,
    0.019958069548010826,
    0.03313077986240387,
    6.449242937378585e-05,
    0.0536918044090271,
    0.037094227969646454,
    0.042078204452991486,
    0.005720032844692469,
    0.013316338881850243,
    0.08551441133022308,
    0.040592312812805176,
    0.002860349602997303,
    0.00013025602675043046,
    0.0257420651614666,
    0.0002718819014262408,
    9.233115997631103e-05,
    0.044547587633132935,
    0.0036533456295728683,
    0.03990590572357178,
    0.056795597076416016,
    0.024182522669434547,
    0.02319972962141037,
    0.02447216771543026,
    0.01843206211924553,
    0.053008515387773514,
    0.05327926203608513,
    0.017718777060508728,
    0.009100766852498055,
    0.0068059456534683704,
    0.004798476584255695,
    0.002287228824570775,
    0.029962539672851562,
    0.0011669662781059742,
    0.004494895227253437,
    0.0007438267930410802,
    0.0044881501235067844,
    0.030641432851552963,
    0.0003751135664060712,
    0.0003285622806288302,
    0.01573166809976101,
    0.04564707726240158,
    0.15381398797035217,
    0.005349928047508001,
    0.030439157038927078,
    0.0002563206071499735,
    0.03159932792186737,
    0.0029427018016576767,
    0.02795478329062462,
    0.0001472639269195497,
    8.71777519932948e-05,
    7.711238868068904e-05,
    0.00013819726882502437,
    0.019412852823734283,
    0.049016453325748444,
    0.06428797543048859,
    0.0030860474798828363,
    0.04868689924478531,
    0.0017588858027011156,
    0.04211069643497467,
    0.04041532427072525,
    0.04679001495242119,
    0.007332968525588512,
    0.00023949609021656215,
    0.057470571249723434,
    0.010667212307453156,
    0.055208634585142136,
    0.0011963415890932083,
    0.019866783171892166,
    0.045869581401348114,
    0.10122725367546082,
    0.027906661853194237,
    0.002063620835542679,
    0.0003022286400664598,
    2.412444337096531e-05,
    3.129247488686815e-05,
    0.0011736317537724972,
    0.03301023691892624,
    0.00116635556332767,
    5.4331347200786695e-05,
    0.09659191220998764,
    0.026633433997631073,
    0.0011850472074002028,
    0.00011103766155429184,
    0.0021860001143068075,
    0.04710005968809128,
    0.05255686491727829,
    0.056625302881002426,
    0.024308698251843452,
    0.0008562082657590508,
    0.012073168531060219,
    6.945384666323662e-05,
    0.008160988800227642,
    0.08451598882675171,
    4.044144952786155e-05,
    0.0642494186758995,
    3.663639654405415e-05,
    0.021225139498710632,
    0.04813593626022339,
    0.04973404482007027,
    3.0053777663852088e-05,
    0.020431581884622574,
    0.03536555543541908,
    0.04410618543624878,
    3.2748728699516505e-05,
    0.03462793305516243,
    0.000356490898411721,
    3.138541796943173e-05,
    2.2292286303127185e-05,
    0.0913764238357544,
    2.0943585695931688e-05,
    0.013509896583855152,
    0.000733829801902175,
    0.0005792826414108276,
    0.039272062480449677,
    0.042828820645809174,
    0.00012527639046311378,
    0.00025907435338012874,
    0.00017223299073521048,
    5.974397936370224e-05,
    0.03485701233148575,
    0.04816088452935219,
    0.00027672419673763216,
    0.018861116841435432,
    0.040659207850694656,
    0.039603911340236664,
    3.108502278337255e-05,
    0.0003161283675581217,
    2.528603363316506e-05,
    0.020912881940603256,
    6.818326801294461e-05,
    0.04624313861131668,
    0.0020447522401809692,
    0.00018064698087982833,
    6.47791093797423e-05,
    0.03794113174080849,
    6.881277658976614e-05,
    0.09551312029361725,
