{
  "version": "plots/_T_7_5_y0_0_01_network_architectures_4_50_activations_tanh_learning_rates_0_001_collocations_1024_epochs_50000_regularization_reg_derivative_unstable_fp_reg_epochs_1_reg_coeff_1_reg_decay_1_/run_9",
  "seed": 1,
  "y0": 0.01,
  "T": 7.5,
  "N_col": 1024,
  "N_hidden": 4,
  "N_neurons": 50,
  "activation": "tanh",
  "N_epochs": 50000,
  "learning_rate": 0.001,
  "decay_rate": 1.0,
  "freq_log": 100,
  "freq_print": 1000,
  "keys_print": [
    "loss"
  ],
  "freq_save": 0,
  "regularization": "reg_derivative_unstable_fp",
  "reg_coeff": 1,
  "reg_decay": 1,
  "reg_epochs": 1,
  "loss": [
    0.09900423139333725,
    0.0073239244520664215,
    0.004206497687846422,
    0.0022636137437075377,
    0.0014843554235994816,
    0.0011617064010351896,
    0.0007310968358069658,
    0.00043753322097472847,
    0.0002668406814336777,
    0.00010886999370995909,
    4.478578921407461e-05,
    3.433764504734427e-05,
    3.617787660914473e-05,
    1.6858957678778097e-05,
    1.3335073163034394e-05,
    2.2882057237438858e-05,
    8.78633090906078e-06,
    1.3261490494187456e-05,
    2.2251913833315484e-05,
    7.3617288762761746e-06,
    7.309818101930432e-06,
    8.991319191409275e-06,
    5.514219083124772e-06,
    0.0005509073380380869,
    7.580140390928136e-06,
    0.00012445621541701257,
    5.017353942093905e-06,
    3.147268944303505e-05,
    5.784600944025442e-06,
    1.3729728379985318e-05,
    4.1356364818057045e-05,
    2.532124926801771e-05,
    6.671548362646718e-06,
    7.631636981386691e-05,
    1.084823361452436e-05,
    6.819663212809246e-06,
    1.2156702723586932e-05,
    9.832931027631275e-06,
    1.6798463548184372e-05,
    7.66611992730759e-06,
    2.943775871244725e-05,
    1.1814505342044868e-05,
    7.625960279256105e-06,
    1.4232575267669745e-05,
    1.32878813019488e-05,
    5.554235394811258e-05,
    7.528746209573001e-06,
    0.00010457184544065967,
    1.7312633644905873e-05,
    3.0742521630600095e-05,
    1.5027716472104657e-05,
    2.207790566899348e-05,
    3.055340130231343e-05,
    8.04642968432745e-06,
    5.256024451227859e-05,
    8.52862558531342e-06,
    1.8916740373242646e-05,
    6.3967995629354846e-06,
    0.0003075410786550492,
    2.9575678127002902e-05,
    1.1530832125572488e-05,
    7.313093192351516e-06,
    0.00016147819405887276,
    5.317407158145215e-06,
    2.9231261578388512e-05,
    0.0005417919019237161,
    3.2336683943867683e-05,
    8.99335827853065e-06,
    4.789827471540775e-06,
    7.03250989317894e-05,
    7.282430487975944e-06,
    3.2479388210049365e-06,
    2.598009359644493e-06,
    1.7060407117241994e-05,
    2.5627101422287524e-05,
    2.1382350041676546e-06,
    1.2346086805337109e-05,
    1.3856509895049385e-06,
    3.4978090752701974e-06,
    0.0002435356582282111,
    2.1814134925079998e-06,
    5.965948730590753e-07,
    1.9089443412667606e-06,
    2.3771142878104e-05,
    1.591974069015123e-06,
    1.978776890609879e-05,
    1.0164969808101887e-06,
    1.1218389772693627e-06,
    1.944425457622856e-05,
    3.815642685367493e-06,
    0.00013971381122246385,
    1.9633664578577736e-06,
    5.923128810536582e-06,
    1.4525519418384647e-06,
    2.3130385784497776e-07,
    2.9474901452886115e-07,
    2.3905213311081752e-05,
    2.0195086563035147e-06,
    6.357254278555047e-06,
    6.398881851055194e-06,
    1.8925257450064237e-07,
    1.6997509533211996e-07,
    2.314690573257394e-05,
    1.3620530808111653e-05,
    3.1856427540333243e-07,
    6.758966264897026e-06,
    5.811460823679226e-07,
    1.3561844752985053e-05,
    2.701618359424174e-05,
    3.9976058019419725e-07,
    9.380688425153494e-06,
    1.7253931616778573e-07,
    2.3363787704511196e-07,
    4.782054475072073e-06,
    8.067328849392652e-07,
    1.544523797747388e-07,
    6.933369149919599e-06,
    2.9104021450621076e-06,
    5.509336347131466e-07,
    4.837517053601914e-07,
    8.876115771272453e-07,
    6.0118886722193565e-06,
    5.489994236995699e-07,
    8.598807426096755e-07,
    1.214572421304183e-06,
    1.4757819144506357e-07,
    1.793725061816076e-07,
    3.411476200199104e-06,
    3.0428668651438784e-06,
    3.6363377375892014e-07,
    9.713203326100484e-06,
    8.348506526090205e-06,
    1.5271751863110694e-06,
    6.633609928030637e-07,
    2.853572027561313e-07,
    1.3979129107610788e-06,
    1.1785170954681234e-06,
    0.0008185671758837998,
    0.00024491577642038465,
    0.00019413098925724626,
    0.00020777303143404424,
    0.0002018614177359268,
    0.00018233517766930163,
    0.0002631413808558136,
    0.00026434101164340973,
    0.00014154292875900865,
    0.00018601716146804392,
    0.00017285693320445716,
    0.000302710774121806,
    0.0001728737261146307,
    0.00023903025430627167,
    0.00020515365758910775,
    0.00023574693477712572,
    0.00020499032689258456,
    0.00019149496802128851,
    0.00016300706192851067,
    0.00020735591533593833,
    0.0001925222168210894,
    0.00018186282250098884,
    0.00030593646806664765,
    0.00025967531837522984,
    0.00023564860748592764,
    0.00019996921764686704,
    0.00021761798416264355,
    0.00018191782874055207,
    0.00019789607904385775,
    0.00017678539734333754,
    0.00021975171694066375,
    0.0002004317648243159,
    0.00021503539755940437,
    0.0002446321304887533,
    0.0001976627972908318,
    0.00048462350969202816,
    0.00017144891899079084,
    0.0001982465764740482,
    0.00017495664360467345,
    0.0001695443643257022,
    0.0002382477541686967,
    0.00023265279014594853,
    0.00019124035316053778,
    0.0002587601775303483,
    0.0002537850523367524,
    0.00016493091243319213,
    0.0003532604896463454,
    0.0001929071149788797,
    0.00024328904692083597,
    0.00019429399981163442,
    0.00020286324433982372,
    0.00019067681569140404,
    0.0002248524979222566,
    0.00021442856814246625,
    0.0001696761028142646,
    0.0002001152461161837,
    0.00018160571926273406,
    0.00016707717441022396,
    0.00016365604824386537,
    0.00017976175877265632,
    0.000216743559576571,
    0.00019889709074050188,
    0.00017841527005657554,
    0.0001636036322452128,
    0.00017085128638427705,
    0.000173061023815535,
    0.00019746809266507626,
    0.00015945527411531657,
    0.000165503442985937,
    0.00019732210785150528,
    0.00023005639377515763,
    0.00017762198694981635,
    0.00019934205920435488,
    0.00017064137500710785,
    0.00018361797265242785,
    0.00021775069762952626,
    0.00017594362725503743,
    0.00016305118333548307,
    0.0001675551029620692,
    0.00018691670265980065,
    0.00018784917483571917,
    0.00016516531468369067,
    0.0001671017671469599,
    0.0001871318818302825,
    0.00017798799672164023,
    0.0001630529877729714,
    0.0001604318676982075,
    0.0001420188054908067,
    0.000135163456434384,
    0.00014015899796504527,
    0.0001437001774320379,
    0.00014315357839222997,
    0.00014616287080571055,
    0.00013988689170219004,
    0.00012371898628771305,
    0.00013380227028392255,
    0.00012964996858499944,
    0.00012930722732562572,
    0.0001239300036104396,
    0.00010417740850243717,
    9.513953409623355e-05,
    0.00011174976680194959,
    0.0001026486570481211,
    9.38999728532508e-05,
    9.723920084070414e-05,
    9.435020911041647e-05,
    0.00010882320930249989,
    0.00010715702956076711,
    9.443075396120548e-05,
    9.698716894490644e-05,
    9.750872413860634e-05,
    0.00045906932791695,
    0.00011625906336121261,
    0.00012409419286996126,
    0.0001278558629564941,
    0.00011752305726986378,
    8.962726133177057e-05,
    0.00012001348659396172,
    9.89131658570841e-05,
    0.00015730899758636951,
    0.00011261447798460722,
    9.675791807239875e-05,
    8.924060966819525e-05,
    9.05037741176784e-05,
    8.479920506943017e-05,
    0.0021288541611284018,
    0.0001239454431924969,
    8.43749730847776e-05,
    9.145720105152577e-05,
    8.577936387155205e-05,
    8.543908188585192e-05,
    8.04480368969962e-05,
