{
  "version": "plots/_T_10_y0_0_001_network_architectures_4_50_activations_tanh_learning_rates_0_001_collocations_1024_epochs_50000_regularization_reg_derivative_unstable_fp_reg_epochs_1_reg_coeff_10_reg_decay_1_/run_5",
  "seed": 1,
  "y0": 0.001,
  "T": 10,
  "N_col": 1024,
  "N_hidden": 4,
  "N_neurons": 50,
  "activation": "tanh",
  "N_epochs": 50000,
  "learning_rate": 0.001,
  "decay_rate": 1.0,
  "freq_log": 100,
  "freq_print": 1000,
  "keys_print": [
    "loss"
  ],
  "freq_save": 0,
  "regularization": "reg_derivative_unstable_fp",
  "reg_coeff": 10,
  "reg_decay": 1,
  "reg_epochs": 1,
  "loss": [
    0.03958594799041748,
    1.5400932170450687e-05,
    1.3287008187035099e-05,
    6.61669546389021e-05,
    1.0780466254800558e-05,
    2.1351304894778877e-05,
    0.00011998078844044358,
    8.387839443457779e-06,
    1.2369627256703097e-05,
    3.294377529527992e-05,
    4.170844113104977e-05,
    7.310324144782498e-05,
    1.4297203051683027e-05,
    0.00012624073133338243,
    2.0198711354169063e-05,
    5.5894561228342354e-05,
    1.6528018022654578e-05,
    5.700231122318655e-05,
    1.9321469153510407e-05,
    2.730874257395044e-05,
    1.9038094251300208e-05,
    1.6417507140431553e-05,
    1.1244427696510684e-05,
    0.00014904874842613935,
    0.0002236122527392581,
    0.0002787380653899163,
    5.5139080359367654e-05,
    1.963492832146585e-05,
    1.8481499864719808e-05,
    0.00029771466506645083,
    6.859478889964521e-05,
    1.1698853995767422e-05,
    1.3031180060352199e-05,
    9.37728054850595e-06,
    0.00010960748477373272,
    2.1609146642731503e-05,
    2.0643601601477712e-05,
    8.743276339373551e-06,
    0.00010763191676232964,
    1.227258144353982e-05,
    9.888861677609384e-05,
    2.1329014998627827e-05,
    2.4218359612859786e-05,
    9.982253686757758e-06,
    1.1456556421762798e-05,
    0.00016822227917145938,
    2.1630032279063016e-05,
    1.352566687273793e-05,
    1.4262922377383802e-05,
    7.984705734997988e-05,
    5.850286925124237e-06,
    6.460221811721567e-06,
    1.1235668353037909e-05,
    1.946003976627253e-05,
    2.748202132352162e-05,
    2.6639958377927542e-05,
    1.6380527085857466e-05,
    5.530266207642853e-05,
    1.5083057405718137e-05,
    3.2300544262398034e-05,
    1.5285877452697605e-05,
    6.219750503078103e-05,
    1.5160311704676133e-05,
    1.5751027603982948e-05,
    2.6642896045814268e-05,
    1.545364830235485e-05,
    7.942957381601445e-06,
    8.518040885974187e-06,
    8.566236829210538e-06,
    9.57899283093866e-06,
    1.0709696653066203e-05,
    1.8830412955139764e-05,
    7.243950221891282e-06,
    2.1829553588759154e-05,
    7.737236956018023e-06,
    4.721952791442163e-06,
    1.6393121768487617e-05,
    1.563613477628678e-05,
    6.973630661377683e-06,
    8.409824658883736e-06,
    1.2396378224366345e-05,
    1.0621781257214025e-05,
    1.0365598427597433e-05,
    1.103495105780894e-05,
    1.1167028787895106e-05,
    1.018438797473209e-05,
    1.029168470267905e-05,
    9.97106599243125e-06,
    1.0343674148316495e-05,
    1.0388072951172944e-05,
    1.1285051186860073e-05,
    1.2217114999657497e-05,
    9.495790436631069e-06,
    9.500909072812647e-06,
    1.0307918273610994e-05,
    3.002260928042233e-05,
    0.00010629469034029171,
    1.5503304894082248e-05,
    9.172980753646698e-06,
    2.3545060685137287e-05,
    8.359384082723409e-06,
    8.659184459247626e-06,
    8.894701750250533e-06,
    9.504685294814408e-06,
    8.141955731844064e-06,
    9.541166036797222e-06,
    2.094063165714033e-05,
    1.3099765055812895e-05,
    7.139042281778529e-06,
    9.61475889198482e-05,
    2.4472677978337742e-05,
    8.204253390431404e-06,
    6.512650543299969e-06,
    8.47100091050379e-06,
    6.574328835995402e-06,
    6.460988515755162e-06,
    7.658345566596836e-06,
    7.343097422563005e-06,
    6.556668722623726e-06,
    6.308260708465241e-06,
    6.858243978058454e-06,
    1.2335408428043593e-05,
    1.0974807082675397e-05,
    6.709912668156903e-06,
    8.757338946452364e-06,
    1.0765521437861025e-05,
    1.0823525371961296e-05,
    8.752636858844198e-06,
    2.136955845344346e-05,
    1.4395322068594396e-05,
    1.6736632460379042e-05,
    7.31352065486135e-06,
    1.805749434424797e-06,
    7.0536880230065435e-06,
    8.959324077295605e-06,
    9.03312502487097e-06,
    8.920183972804807e-06,
    8.328434887516778e-06,
    9.097511792788282e-06,
    8.061751941568218e-06,
    1.3681530617759563e-05,
    9.67092637438327e-06,
    9.345205398858525e-06,
    1.248851913260296e-05,
    8.535238521290012e-06,
    7.92776518210303e-06,
    9.24805772228865e-06,
    9.818018588703126e-05,
    4.4171894842293113e-05,
    7.868260581744835e-06,
    6.270638095884351e-06,
    9.075229172594845e-06,
    1.8747099602478556e-05,
    2.2857790099806152e-05,
    8.984343367046677e-06,
    6.010835932102054e-06,
    6.85324539517751e-06,
    5.904578756599221e-06,
    1.1625113074842375e-05,
    7.734554856142495e-06,
    6.285264589678263e-06,
    6.047882834536722e-06,
    1.9395327399251983e-05,
    2.0295707145123743e-05,
    1.1025402272935025e-05,
    5.708243861590745e-06,
    6.739372565789381e-06,
    6.186937753227539e-06,
    1.8071563317789696e-05,
    1.826024890760891e-05,
    8.719716788618825e-06,
    5.914941539231222e-06,
    7.446779363817768e-06,
    8.083756256382912e-06,
    6.573211067006923e-06,
    7.4371732807776425e-06,
    6.651323928963393e-06,
    3.1200740977510577e-06,
    9.679119102656841e-06,
    6.94009486323921e-06,
    7.974709660629742e-06,
    8.043014531722292e-06,
    7.524766260758042e-06,
    8.035488281166181e-05,
    1.090963269234635e-05,
    9.94429865386337e-06,
    6.352127911668504e-06,
    2.1399033357738517e-05,
    5.762569344369695e-06,
    7.959510185173713e-06,
    9.040012628247496e-06,
    6.860933808638947e-06,
    6.7034989115200005e-06,
    6.3312218117062e-06,
    6.300258974079043e-06,
    6.840366950200405e-06,
    5.696825610357337e-06,
    6.327963092189748e-06,
    6.310965545708314e-06,
    7.618518793606199e-06,
    5.963928288110765e-06,
    8.153081580530852e-06,
    6.407274668163154e-06,
    9.468849384575151e-06,
    8.570825229980983e-06,
    7.86045529821422e-06,
    8.412403985857964e-06,
    7.68930112826638e-06,
    9.496428901911713e-06,
    7.769716830807738e-06,
    6.208773356775055e-06,
    1.1666717909974977e-05,
    8.404567779507488e-06,
    6.774565918021835e-06,
    6.166175808175467e-06,
    4.413820352056064e-05,
    7.892501344031189e-06,
    1.1254030141572002e-05,
    5.781984327768441e-06,
    9.840086931944825e-06,
    7.2038797043205705e-06,
    6.106579803599743e-06,
    5.958202109468402e-06,
    5.504105502041057e-06,
    8.793919732852373e-06,
    5.627609880320961e-06,
    5.632186002912931e-06,
    5.5910177252371795e-06,
    5.444128873932641e-06,
    5.3849680625717156e-06,
    5.064472588856006e-06,
    6.143985046946909e-06,
    7.547909717686707e-06,
    5.10282052346156e-06,
    5.930602583248401e-06,
    5.917688213230576e-06,
    5.527534085558727e-06,
    9.787643648451194e-06,
    5.832655460835667e-06,
    4.914882993034553e-06,
    5.750875970989e-06,
    1.28354240587214e-05,
    4.81134475194267e-06,
    4.908265509584453e-06,
    5.0660250963119324e-06,
    6.577380645467201e-06,
    5.3062840379425324e-06,
    5.089205387776019e-06,
    5.908653292863164e-06,
    5.267897904559504e-06,
    5.60381704417523e-06,
    6.197322363732383e-06,
    6.400285201380029e-06,
    5.4657675718772225e-06,
    5.353951564757153e-06,
    5.661074283125345e-06,
    5.188599971006624e-06,
    4.7858525249466766e-06,
    5.005138973501744e-06,
    5.153728125151247e-06,
    5.3316935009206645e-06,
    5.98168571741553e-06,
    5.73021770833293e-06,
    6.262639544729609e-06,
    5.213621989241801e-06,
    6.136948286439292e-06,
    5.127499207446817e-06,
    5.773006705567241e-06,
    6.797787136747502e-06,
    4.746594640891999e-06,
    7.265082786034327e-06,
