{
  "version": "model_weights/_T_10_y0_0_01_network_architectures_4_50_activations_tanh_learning_rates_0_001_collocations_1024_epochs_50000_reg_epochs_0_5_reg_coeff_1_reg_decay_1_/run_0",
  "seed": 1,
  "y0": 0.01,
  "T": 10,
  "N_col": 1024,
  "N_hidden": 4,
  "N_neurons": 50,
  "activation": "tanh",
  "N_epochs": 50000,
  "learning_rate": 0.001,
  "decay_rate": 1.0,
  "freq_log": 100,
  "freq_print": 1000,
  "keys_print": [
    "loss"
  ],
  "freq_save": 0,
  "reg_coeff": 1,
  "reg_decay": 1,
  "reg_epochs": 0.5,
  "loss": [
    0.13771559298038483,
    0.1353776901960373,
    0.1353597790002823,
    0.1353577822446823,
    0.13535282015800476,
    0.13535328209400177,
    0.13535358011722565,
    0.13535283505916595,
    0.13535244762897491,
    0.13535086810588837,
    0.13534881174564362,
    0.13535384833812714,
    0.13535283505916595,
    0.1353548914194107,
    0.13535189628601074,
    0.13535314798355103,
    0.13534758985042572,
    0.1353529542684555,
    0.13534823060035706,
    0.1353490948677063,
    0.13534832000732422,
    0.1353473663330078,
    0.13534604012966156,
    0.13534747064113617,
    0.1353457123041153,
    0.1353451907634735,
    0.1353437602519989,
    0.13534101843833923,
    0.1353382170200348,
    0.13533692061901093,
    0.13532839715480804,
    0.13532304763793945,
    0.1353052854537964,
    0.1352498084306717,
    0.18416713178157806,
    0.027313468977808952,
    0.030101466923952103,
    0.029408302158117294,
    0.030512813478708267,
    0.02468263730406761,
    0.027649050578475,
    0.0295362900942564,
    0.028299102559685707,
    0.02697274275124073,
    0.02723231352865696,
    0.027413975447416306,
    0.02531128004193306,
    0.02662483975291252,
    0.027739692479372025,
    0.0272802896797657,
    0.027802040800452232,
    0.02596987597644329,
    0.029378283768892288,
    0.028383631259202957,
    0.02941354550421238,
    0.027043921872973442,
    0.02828025445342064,
    0.025347057729959488,
    0.029289644211530685,
    0.02798500470817089,
    0.027069296687841415,
    0.026389896869659424,
    0.02929798886179924,
    0.026976831257343292,
    0.029256992042064667,
    0.02673123963177204,
    0.027088787406682968,
    0.02667481265962124,
    0.02834470197558403,
    0.026462452486157417,
    0.02761249616742134,
    0.027362266555428505,
    0.0267682746052742,
    0.03053620085120201,
    0.027004113420844078,
    0.02483237162232399,
    0.030359666794538498,
    0.02903817780315876,
    0.028606442734599113,
    0.02748817577958107,
    0.02822248823940754,
    0.027841513976454735,
    0.02626572549343109,
    0.02738865092396736,
    0.027914084494113922,
    0.02578003518283367,
    0.02888312004506588,
    0.02857031673192978,
    0.02635621838271618,
    0.02583695948123932,
    0.027698058634996414,
    0.024363955482840538,
    0.02646758407354355,
    0.02479393407702446,
    0.026763947680592537,
    0.027573799714446068,
    0.027022002264857292,
    0.026579178869724274,
    0.0292808897793293,
    0.02870345115661621,
    0.02458462119102478,
    0.025775402784347534,
    0.028185397386550903,
    0.026636335998773575,
    0.026333900168538094,
    0.031770575791597366,
    0.02563650533556938,
    0.027337927371263504,
    0.02774844691157341,
    0.02755129151046276,
    0.028301380574703217,
    0.02658030018210411,
    0.028343386948108673,
    0.026703352108597755,
    0.026744600385427475,
    0.02834312990307808,
    0.026239978149533272,
    0.026280807331204414,
    0.02683377079665661,
    0.028852850198745728,
    0.029583198949694633,
    0.0287424698472023,
    0.02714395336806774,
    0.02582116611301899,
    0.02525082603096962,
    0.029824405908584595,
    0.02717253565788269,
    0.028347410261631012,
    0.028188638389110565,
    0.02775554172694683,
    0.026503922417759895,
    0.024516470730304718,
    0.0255623497068882,
    0.025630570948123932,
    0.02499423176050186,
    0.02668066695332527,
    0.029184626415371895,
    0.02598964050412178,
    0.027178136631846428,
    0.026736721396446228,
    0.026084579527378082,
    0.025299066677689552,
    0.028165772557258606,
    0.026186369359493256,
    0.030414532870054245,
    0.02706836350262165,
    0.025604844093322754,
    0.026891909539699554,
    0.025330800563097,
    0.028024323284626007,
    0.026999816298484802,
    0.027170594781637192,
    0.02096402645111084,
    0.027161672711372375,
    0.02390029840171337,
    0.026683393865823746,
    0.026428252458572388,
    0.02768997848033905,
    0.02702939324080944,
    0.026621047407388687,
    0.027866855263710022,
    0.026485808193683624,
    0.02672724984586239,
    0.027857288718223572,
    0.027702372521162033,
    0.027027711272239685,
    0.027020446956157684,
    0.025137322023510933,
    0.02639792114496231,
    0.0267463568598032,
    0.02598678134381771,
    0.027557488530874252,
    0.027102503925561905,
    0.02771126665174961,
    0.026399051770567894,
    0.02618514373898506,
    0.026184700429439545,
    0.02835126221179962,
    0.0251742172986269,
    0.026820208877325058,
    0.03018232434988022,
    0.025028221309185028,
    0.02599397674202919,
    0.029003683477640152,
    0.029098723083734512,
    0.02814745530486107,
    0.02602146938443184,
    0.02675451524555683,
    0.028251152485609055,
    0.028324827551841736,
    0.03148903697729111,
    0.025172002613544464,
    0.024649815633893013,
    0.027647241950035095,
    0.02909327857196331,
    0.026483874768018723,
    0.028322836384177208,
    0.02712787501513958,
    0.027411269024014473,
    0.02778933197259903,
    0.026003362610936165,
    0.02820488065481186,
    0.027663931250572205,
    0.02949795499444008,
    0.029288288205862045,
    0.028392799198627472,
    0.024564258754253387,
    0.02925839275121689,
    0.02846088632941246,
    0.02877519652247429,
    0.026701558381319046,
    0.029394889250397682,
    0.026216261088848114,
    0.02556650899350643,
    0.027272548526525497,
    0.02507343515753746,
    0.026793411001563072,
    0.0302983857691288,
    0.027288492769002914,
    0.026697052642703056,
    0.02836621180176735,
    0.026972049847245216,
    0.026814164593815804,
    0.02882557362318039,
    0.028930136933922768,
    0.02803698740899563,
    0.02785143256187439,
    0.026476498693227768,
    0.029745856299996376,
    0.03147006407380104,
    0.027103517204523087,
    0.02665415033698082,
    0.027271006256341934,
    0.030770892277359962,
    0.025994226336479187,
    0.031656596809625626,
    0.026307828724384308,
    0.026830799877643585,
    0.029965996742248535,
    0.029507946223020554,
    0.027158493176102638,
    0.024836895987391472,
    0.026572678238153458,
    0.02681877091526985,
    0.025989670306444168,
    0.02661833167076111,
    0.025178246200084686,
    0.028656993061304092,
    0.026013560593128204,
    0.027908610180020332,
    0.02748415246605873,
    1.91920389625011e-05,
    4.102806997252628e-06,
    2.1070425191282993e-06,
    1.0070311873278115e-06,
    6.114200914453249e-07,
    3.5603517289928277e-07,
    2.909728493705188e-07,
    2.0438849901438516e-07,
    1.7706088328850456e-07,
    1.569136145462835e-07,
    2.1539958083849342e-07,
    1.3984244162656978e-07,
    1.1953500234085368e-07,
    1.9616973645497637e-07,
    1.7159089793494786e-07,
    5.153012807568302e-07,
    2.612116531963693e-06,
    1.2779547375885159e-07,
    8.648770744912326e-06,
    2.202939839435203e-07,
    1.0552606966029998e-07,
    2.9085106234560953e-07,
    1.1714708136878471e-07,
    2.756294452410657e-05,
    2.17078450077679e-05,
    9.500328815192915e-06,
    8.714612249605125e-07,
    0.00011359304335201159,
    6.329640456215202e-08,
    3.5546552368259654e-08,
    8.762663128436543e-08,
    1.6236059309449047e-05,
    2.2965617972658947e-05,
    1.2176046482181846e-07,
    0.0001458481710869819,
    3.538585602314015e-08,
    1.0915178449977248e-07,
    1.4116115210072167e-07,
    3.486311754841154e-07,
