{
  "version": "plots/_T_10_y0_0_001_network_architectures_4_50_activations_tanh_learning_rates_0_001_collocations_1024_epochs_50000_regularization_unstable_fp_reg_epochs_1_reg_coeff_1_reg_decay_1_/run_5",
  "seed": 1,
  "y0": 0.001,
  "T": 10,
  "N_col": 1024,
  "N_hidden": 4,
  "N_neurons": 50,
  "activation": "tanh",
  "N_epochs": 50000,
  "learning_rate": 0.001,
  "decay_rate": 1.0,
  "freq_log": 100,
  "freq_print": 1000,
  "keys_print": [
    "loss"
  ],
  "freq_save": 0,
  "regularization": "unstable_fp",
  "reg_coeff": 1,
  "reg_decay": 1,
  "reg_epochs": 1,
  "loss": [
    0.5554848313331604,
    5.596543269348331e-05,
    1.7063690393115394e-05,
    9.544944987283088e-06,
    6.002737791277468e-06,
    4.264346898708027e-06,
    3.7314816836442333e-06,
    3.5343987292435486e-06,
    3.098620027230936e-06,
    2.9931798053439707e-06,
    2.6757597879623063e-06,
    2.7861312901222846e-06,
    2.770935680018738e-06,
    2.745470965237473e-06,
    2.7251419396634446e-06,
    2.176521320507163e-06,
    1.9415761016716715e-06,
    2.3502636850025738e-06,
    2.625147999424371e-06,
    2.2997221549303504e-06,
    2.447357019264018e-06,
    2.771423623926239e-06,
    2.7922860681428574e-06,
    2.010717253142502e-06,
    1.8769610505842138e-06,
    1.932990016939584e-06,
    2.3272973521670792e-06,
    1.9652095488709165e-06,
    1.8038706457446096e-06,
    2.5723343242134433e-06,
    2.302655730090919e-06,
    2.600625066406792e-06,
    2.1036892121628625e-06,
    1.832008820201736e-06,
    2.4967062017822172e-06,
    2.1405439838417806e-06,
    2.9240973162814043e-06,
    0.00012912851525470614,
    2.037477315752767e-06,
    3.3092478588514496e-06,
    2.832793597917771e-06,
    8.242986041295808e-06,
    2.3781958589097485e-06,
    3.0027090360817965e-06,
    7.016537711024284e-05,
    1.4980898413341492e-05,
    2.1818641471327282e-06,
    1.1922283192689065e-05,
    1.625776531000156e-05,
    5.369313294067979e-05,
    4.2905990085273515e-06,
    3.7570466702163685e-06,
    2.7483854410093045e-06,
    2.951267561002169e-06,
    3.333987478981726e-06,
    5.179711297387257e-05,
    4.907499260298209e-06,
    6.0269947425695136e-05,
    2.8966596801183186e-06,
    1.7145237507065758e-05,
    2.149878127966076e-06,
    5.415113264461979e-05,
    4.771923158841673e-06,
    8.561653521610424e-05,
    2.9591678867291193e-06,
    2.2632815671386197e-05,
    2.08329151973885e-06,
    3.7009849620517343e-06,
    0.00011508254101499915,
    1.8673854356165975e-05,
    3.7610150229738792e-06,
    1.3336202755453996e-05,
    3.723502004504553e-06,
    1.9240601432102267e-06,
    1.4314296095108148e-05,
    2.3065208551997785e-06,
    1.3308586858329363e-05,
    2.7381267955206567e-06,
    1.7468703390477458e-06,
    6.9995203375583515e-06,
    1.1636182534857653e-05,
    2.2896276732353726e-06,
    1.74552078533452e-05,
    2.546232735767262e-06,
    2.02406936296029e-05,
    1.1489454664115328e-05,
    1.028713995765429e-05,
    3.613143053371459e-05,
    6.183856385177933e-06,
    1.4808056221227162e-06,
    1.0847919838852249e-05,
    2.47028356170631e-06,
    2.3674779185967054e-06,
    8.882436668500304e-05,
    1.5528999028902035e-06,
    2.4836640477587935e-06,
    3.316034053568728e-05,
    5.179964773560641e-06,
    1.1259276107011829e-05,
    1.2958313163835555e-05,
    4.468415681913029e-06,
    1.1364961210347246e-05,
    2.5584661216271343e-06,
    2.2015324248059187e-06,
    1.9172895918018185e-05,
    2.387986569374334e-06,
    3.6055914733879035e-06,
    1.1441176184234791e-06,
    2.54843762377277e-05,
    2.320990461157635e-06,
    3.604708354032482e-06,
    3.181644387950655e-06,
    3.062129508180078e-06,
    5.524369043996558e-06,
    2.168994114981615e-06,
    2.001884013225208e-06,
    1.9212602637708187e-06,
    4.00511407860904e-06,
    3.272104549978394e-06,
    2.614026470837416e-06,
    3.5794208088191226e-05,
    1.4058142369322013e-05,
    5.235681783233304e-06,
    2.750728526734747e-06,
    9.162957212538458e-06,
    2.416708866803674e-06,
    8.962500032794196e-06,
    2.521000851629651e-06,
    2.195030447182944e-06,
    1.8327305042475928e-06,
    3.1182667044049595e-06,
    1.9651188267744146e-06,
    2.3826084998290753e-06,
    2.1131011180841597e-06,
    3.6179935705149546e-06,
    2.8180488698126283e-06,
    2.834451152011752e-06,
    2.3006650735624135e-06,
    2.3506406705564586e-06,
    2.118599013556377e-06,
    2.326356934645446e-06,
    2.6888421871262835e-06,
    2.252611011499539e-06,
    2.2650251594313886e-06,
    2.577894974820083e-06,
    2.5229078346455935e-06,
    2.2572667148779146e-06,
    2.6705345135269454e-06,
    2.093407601932995e-06,
    2.310448053322034e-06,
    1.5103706800800865e-06,
    7.465684575436171e-06,
    1.4422895446841721e-06,
    2.018973191297846e-06,
    1.917354438774055e-06,
    2.505914835637668e-06,
    2.2837493816041388e-06,
    0.021881716325879097,
    2.0737181785079883e-06,
    1.609302103133814e-06,
    1.6500451920364867e-06,
    1.7515310446469812e-06,
    1.6118910934892483e-06,
    1.9209041965950746e-06,
    1.7977455399886821e-06,
    1.8296702819498023e-06,
    1.8404828097118298e-06,
    1.6786621017672587e-06,
    1.9189260456187185e-06,
    2.2351398456521565e-06,
    2.0512293303909246e-06,
    1.6131430129462387e-06,
    1.6516289633727865e-06,
    1.7225028159373323e-06,
    1.6337221495632548e-06,
    2.0389318251545774e-06,
    1.5949558473948855e-06,
    2.6045097456517396e-06,
    2.482204763509799e-06,
    2.2707768039254006e-06,
    2.1364467102102935e-06,
    2.089808958771755e-06,
    2.0317834241723176e-06,
    2.104040277117747e-06,
    2.0169686649751384e-06,
    2.0493446299951756e-06,
    2.003555891860742e-06,
    1.8536773040978005e-06,
    2.5776316761039197e-06,
    2.544522885727929e-06,
    2.7813091492134845e-06,
    1.957023414433934e-06,
    2.2363387870427687e-06,
    2.3232901185110677e-06,
    2.2046410776965786e-06,
    1.6293404314637883e-06,
    2.7000685349776177e-06,
    2.043189851974603e-06,
    1.6235673001574469e-06,
    2.0708234842459206e-06,
    2.3555192001367686e-06,
    2.4485962057951838e-06,
    2.785553306239308e-06,
    2.187808604503516e-06,
    2.599439540063031e-06,
    2.0428183233889285e-06,
    2.456618403812172e-06,
    5.132859314471716e-06,
    2.25452754420985e-06,
    2.613914148241747e-06,
    2.490099859642214e-06,
    2.119227474395302e-06,
    2.717645202210406e-06,
    2.805366648317431e-06,
    2.2454187273979187e-06,
    2.0046368263137992e-06,
    2.284321908518905e-06,
    2.0561421933962265e-06,
    1.9474205146252643e-06,
    2.1194907731114654e-06,
    2.2393032850231975e-06,
    2.641784249135526e-06,
    2.7586620490183122e-06,
    2.0928328012814745e-06,
    1.5329030702559976e-06,
    1.917917870741803e-06,
    1.9416916074987967e-06,
    1.7259775404454558e-06,
    2.2570038709091023e-06,
    1.2374990774333128e-06,
    1.9995613911305554e-06,
    2.6912018711300334e-06,
    5.184303518035449e-06,
    1.821677187763271e-06,
    2.582452452770667e-06,
    6.542861228808761e-06,
    1.744206429066253e-06,
    2.7427959139458835e-06,
    2.3368227175524225e-06,
    1.6473118193971459e-06,
    1.5147202248044778e-06,
    1.507171191406087e-06,
    1.7518366348667769e-06,
    1.635988155612722e-06,
    1.5649957276764326e-06,
    1.66113386512734e-06,
    1.5147647900448646e-06,
    1.6560337599003105e-06,
    1.567673734825803e-06,
    2.387125732639106e-06,
    1.5264201920217602e-06,
    1.6005767520255176e-06,
    1.7117487232098938e-06,
    1.5333380360971205e-06,
    1.7263214431295637e-06,
    2.210224238297087e-06,
    2.4275127543660346e-06,
    1.6379104863517568e-06,
    2.194025910284836e-06,
    1.827935989240359e-06,
    1.8823627669917187e-06,
    2.1165858470340027e-06,
    1.559889597047004e-06,
    2.2833357888885075e-06,
    1.6272933862637728e-06,
    2.2824051484349184e-06,
    2.0014529127365677e-06,
    1.818484861360048e-06,
    2.343116875636042e-06,
