{
  "version": "plots/_T_7_5_y0_0_01_network_architectures_4_50_activations_tanh_learning_rates_0_001_collocations_1024_epochs_50000_regularization_no_reg_reg_epochs_1_reg_coeff_10_reg_decay_1_/run_3",
  "seed": 1,
  "y0": 0.01,
  "T": 7.5,
  "N_col": 1024,
  "N_hidden": 4,
  "N_neurons": 50,
  "activation": "tanh",
  "N_epochs": 50000,
  "learning_rate": 0.001,
  "decay_rate": 1.0,
  "freq_log": 100,
  "freq_print": 1000,
  "keys_print": [
    "loss"
  ],
  "freq_save": 0,
  "regularization": "no_reg",
  "reg_coeff": 10,
  "reg_decay": 1,
  "reg_epochs": 1,
  "loss": [
    0.05023791640996933,
    3.96121249650605e-05,
    3.164957888657227e-05,
    2.9701535822823644e-05,
    2.6353936846135184e-05,
    2.92910699499771e-05,
    2.8600490622920915e-05,
    2.8605460101971403e-05,
    2.7830095859826542e-05,
    2.619303995743394e-05,
    2.3154698283178732e-05,
    3.131294943159446e-05,
    2.8764894523192197e-05,
    3.2075055059976876e-05,
    2.8755783205269836e-05,
    3.137877502012998e-05,
    2.319807026651688e-05,
    3.1540221243631095e-05,
    2.5626428396208212e-05,
    2.6476100174477324e-05,
    2.7586069336393848e-05,
    2.551019497332163e-05,
    2.5758723495528102e-05,
    2.864236375899054e-05,
    2.72877405222971e-05,
    2.691399640752934e-05,
    2.5247580197174102e-05,
    2.5298215405200608e-05,
    2.4090177248581313e-05,
    3.0727147532161325e-05,
    2.7158830562257208e-05,
    2.8017049771733582e-05,
    2.4595730792498216e-05,
    2.4628488972666673e-05,
    2.652809052960947e-05,
    2.4968370780698024e-05,
    2.807062628562562e-05,
    2.7388105081627145e-05,
    3.0151284590829164e-05,
    2.2447875380748883e-05,
    2.6813278964255005e-05,
    2.9617363907163963e-05,
    2.715025402721949e-05,
    3.0055996830924414e-05,
    2.651211070769932e-05,
    8.574622916057706e-05,
    0.00010682375432224944,
    3.068665319005959e-05,
    4.1061401134356856e-05,
    3.13373348035384e-05,
    2.701703124330379e-05,
    2.536442298151087e-05,
    3.5217082768213004e-05,
    3.598547482397407e-05,
    3.07017944578547e-05,
    2.716615199460648e-05,
    3.750131145352498e-05,
    3.0331400921568274e-05,
    2.948654946521856e-05,
    2.7495982067193836e-05,
    2.817759377649054e-05,
    3.3141324820462614e-05,
    2.940064041467849e-05,
    4.227660974720493e-05,
    2.930377740995027e-05,
    2.8415486667654477e-05,
    0.00010328672942705452,
    2.5853212719084695e-05,
    8.233179687522352e-05,
    3.194041346432641e-05,
    2.7025391318602487e-05,
    4.90789461764507e-05,
    4.4732107198797166e-05,
    3.174411540385336e-05,
    2.6232173695461825e-05,
    2.6861580408876762e-05,
    3.0933610105421394e-05,
    2.9398788683465682e-05,
    2.83694316749461e-05,
    3.3056348911486566e-05,
    2.86751746898517e-05,
    2.807675627991557e-05,
    2.8306731110205874e-05,
    2.668281740625389e-05,
    3.065940836677328e-05,
    2.468596721882932e-05,
    3.067246871069074e-05,
    3.332033520564437e-05,
    2.6622725272318348e-05,
    2.6838759367819875e-05,
    2.9656788683496416e-05,
    2.2223099222173914e-05,
    2.545126699260436e-05,
    2.35116713156458e-05,
    3.1061565096024424e-05,
    2.8403075702954084e-05,
    3.7566274841083214e-05,
    2.7292913728160784e-05,
    2.9554317734437063e-05,
    3.434665995882824e-05,
    2.283206777065061e-05,
    2.8024443963658996e-05,
    2.9344068025238812e-05,
    2.5926561647793278e-05,
    6.98292424203828e-05,
    3.6287863622419536e-05,
    2.4879333068383858e-05,
    2.7441534257377498e-05,
    2.756980939011555e-05,
    2.744462835835293e-05,
    2.9657239792868495e-05,
    2.71224034804618e-05,
    2.8272414056118578e-05,
    2.6308443921152502e-05,
    2.5859721063170582e-05,
    3.1146839319262654e-05,
    2.5280616682721302e-05,
    2.6777441235026345e-05,
    2.7807345759356394e-05,
    2.868466981453821e-05,
    2.9629491109517403e-05,
    2.9145743610570207e-05,
    2.8551006835186854e-05,
    2.6804158551385626e-05,
    2.5642450054874644e-05,
    3.0123876058496535e-05,
    2.6469253498362377e-05,
    2.7871063139173202e-05,
    2.903779204643797e-05,
    2.6937294023809955e-05,
    2.5788904167711735e-05,
    2.311431489943061e-05,
    2.9052105674054474e-05,
    2.4693725208635442e-05,
    2.3503860575146973e-05,
    2.754658089543227e-05,
    2.898929778893944e-05,
    2.5128418201347813e-05,
    2.6634650566847995e-05,
    2.625672277645208e-05,
    2.714155925787054e-05,
    2.3865040930104442e-05,
    2.769678394543007e-05,
    2.4741610104683787e-05,
    3.08813905576244e-05,
    2.6390061975689605e-05,
    2.4921811927924864e-05,
    2.596173362690024e-05,
    2.4004821170819923e-05,
    2.812282764352858e-05,
    2.634438715176657e-05,
    2.6928933948511258e-05,
    1.8543298210715875e-05,
    2.6795365556608886e-05,
    2.2389405785361305e-05,
    2.5796747650019825e-05,
    2.5677150915726088e-05,
    2.756487810984254e-05,
    2.6632573280949146e-05,
    2.6126768716494553e-05,
    2.7446538297226653e-05,
    2.5663353881100193e-05,
    2.6200050342595205e-05,
    2.836544081219472e-05,
    2.7432037313701585e-05,
    2.715591836022213e-05,
    2.6179524866165593e-05,
    2.429867527098395e-05,
    2.537221553211566e-05,
    2.6673893444240093e-05,
    2.5153720343951136e-05,
    2.6782097847899422e-05,
    2.6541310944594443e-05,
    2.7359845262253657e-05,
    2.5723637008923106e-05,
    2.5384724722243845e-05,
    2.5377066776854917e-05,
    2.806087832141202e-05,
    2.3807131583453156e-05,
    4.99463094456587e-05,
    3.0206574592739344e-05,
    2.3652253730688244e-05,
    2.4939141439972445e-05,
    2.872556433430873e-05,
    2.894499630201608e-05,
    2.7802707336377352e-05,
    2.4828279492794536e-05,
    2.5833476684056222e-05,
    2.7994688934995793e-05,
    2.7879586923518218e-05,
    3.25227010762319e-05,
    2.400402445346117e-05,
    2.3023076209938154e-05,
    2.719506483117584e-05,
    2.900388790294528e-05,
    2.5429184461245313e-05,
    2.760914503596723e-05,
    2.6069865270983428e-05,
    2.7014502848032862e-05,
    2.7011094061890617e-05,
    2.498218418622855e-05,
    2.8148664569016546e-05,
    2.7010888516088016e-05,
    2.966509600810241e-05,
    2.939390469691716e-05,
    2.807731470966246e-05,
    2.3008411517366767e-05,
    2.93304165097652e-05,
    2.8591750378836878e-05,
    2.8551663490361534e-05,
    2.56390940194251e-05,
    2.9452658054651693e-05,
    2.5479992473265156e-05,
    2.421089811832644e-05,
    2.640292586875148e-05,
    2.3764147044857964e-05,
    2.6381116185802966e-05,
    3.0527677154168487e-05,
    2.6895340852206573e-05,
    2.5976725737564266e-05,
    2.8068536266800947e-05,
    2.6221387088298798e-05,
    2.5873392587527633e-05,
    2.813190258166287e-05,
    2.9181486752349883e-05,
    2.7938938728766516e-05,
    2.7813117412733845e-05,
    2.6515961508266628e-05,
    3.002168523380533e-05,
    3.2183936127694324e-05,
    2.6277741199010052e-05,
    2.592866076156497e-05,
    2.6834253731067292e-05,
    3.1162424420472234e-05,
    2.5195231501129456e-05,
    3.247336280765012e-05,
    2.532677899580449e-05,
    2.71154276560992e-05,
    3.061354800593108e-05,
    2.9857299523428082e-05,
    2.6673475076677278e-05,
    2.3513774067396298e-05,
    2.5793167878873646e-05,
    2.680722900549881e-05,
    2.483085700077936e-05,
    2.5910774638759904e-05,
    2.4240309357992373e-05,
    2.9041693778708577e-05,
    2.520292764529586e-05,
    2.700668846955523e-05,
    2.709846739890054e-05,
    2.6235877157887444e-05,
    2.407874126220122e-05,
    2.7302075977786444e-05,
    2.5267005185014568e-05,
    2.495120497769676e-05,
    2.6822552172234282e-05,
    2.7772959583671764e-05,
    2.2687605451210402e-05,
    2.2945328964851797e-05,
    2.7309590223012492e-05,
    2.617781501612626e-05,
    2.5206256395904347e-05,
    2.657402365002781e-05,
    2.2387210265151225e-05,
    2.8272268536966294e-05,
    2.9630113203893416e-05,
    2.523686271160841e-05,
    2.7217154638492502e-05,
