{
  "version": "plots/_T_7_5_y0_0_01_network_architectures_4_50_activations_tanh_learning_rates_0_001_collocations_1024_epochs_50000_regularization_no_reg_reg_epochs_1_reg_coeff_0_01_reg_decay_1_/run_8",
  "seed": 1,
  "y0": 0.01,
  "T": 7.5,
  "N_col": 1024,
  "N_hidden": 4,
  "N_neurons": 50,
  "activation": "tanh",
  "N_epochs": 50000,
  "learning_rate": 0.001,
  "decay_rate": 1.0,
  "freq_log": 100,
  "freq_print": 1000,
  "keys_print": [
    "loss"
  ],
  "freq_save": 0,
  "regularization": "no_reg",
  "reg_coeff": 0.01,
  "reg_decay": 1,
  "reg_epochs": 1,
  "loss": [
    0.09682595729827881,
    0.00016329073696397245,
    4.8998583224602044e-05,
    3.083625779254362e-05,
    2.4867629690561444e-05,
    2.8251586627447978e-05,
    2.7682264772010967e-05,
    2.7945083274971694e-05,
    2.7423531719250605e-05,
    2.5445602659601718e-05,
    2.27291566261556e-05,
    3.093479972449131e-05,
    2.8581987862708047e-05,
    3.155271406285465e-05,
    2.8328442567726597e-05,
    3.091467806370929e-05,
    2.27910750254523e-05,
    3.0746250558877364e-05,
    2.5205707061104476e-05,
    2.6404271920910105e-05,
    2.705228871491272e-05,
    2.5219196686521173e-05,
    2.557613879616838e-05,
    2.8679012757493183e-05,
    2.723765283008106e-05,
    2.68157891696319e-05,
    2.5242501578759402e-05,
    2.5358622224302962e-05,
    2.4174438294721767e-05,
    3.080976239289157e-05,
    2.7240912459092215e-05,
    2.8193571779411286e-05,
    2.480791044945363e-05,
    2.4514276447007433e-05,
    2.658964876900427e-05,
    2.5247252779081464e-05,
    2.80000786005985e-05,
    2.7451747882878408e-05,
    3.233313327655196e-05,
    2.2698739485349506e-05,
    3.672749880934134e-05,
    0.0009637547191232443,
    2.8080774427508004e-05,
    2.6251065719407052e-05,
    2.746333302638959e-05,
    2.6775394871947356e-05,
    2.378918361500837e-05,
    2.852556099242065e-05,
    4.9177986511494964e-05,
    3.885789919877425e-05,
    3.8206584576983005e-05,
    2.7908672564080916e-05,
    3.337233647471294e-05,
    2.798625428113155e-05,
    3.0165059797582217e-05,
    5.335182504495606e-05,
    2.9469170840457082e-05,
    2.9669296054635197e-05,
    3.3194301067851484e-05,
    4.01711295126006e-05,
    2.6596397219691426e-05,
    2.8844726330135018e-05,
    3.748432209249586e-05,
    5.273723945720121e-05,
    8.490531763527542e-05,
    9.736984793562442e-05,
    2.5958566766348667e-05,
    3.0093229725025594e-05,
    5.230589522398077e-05,
    4.95988606417086e-05,
    2.684608261915855e-05,
    0.0002485937438905239,
    2.593215504020918e-05,
    3.347835809108801e-05,
    0.00011602711310843006,
    2.335269164177589e-05,
    3.2395535527030006e-05,
    5.372523082769476e-05,
    3.2777585147414356e-05,
    2.752560430963058e-05,
    2.8878588636871427e-05,
    3.636154724517837e-05,
    3.6442688724491745e-05,
    4.323154280427843e-05,
    2.8872122129541822e-05,
    2.4526667402824387e-05,
    5.6917007896117866e-05,
    9.535370918456465e-05,
    2.7060268621426076e-05,
    2.90313437290024e-05,
    2.991446672240272e-05,
    3.5385266528464854e-05,
    3.107446536887437e-05,
    2.3488049919251353e-05,
    2.7799465897260234e-05,
    5.912509368499741e-05,
    8.935825462685898e-05,
    2.7017729735234752e-05,
    2.9883585739298724e-05,
    2.9112889023963362e-05,
    2.268987736897543e-05,
    2.53522812272422e-05,
    2.802821109071374e-05,
    8.622588939033449e-05,
    0.00010993138857884333,
    5.351091022021137e-05,
    3.209997157682665e-05,
    5.279734614305198e-05,
    2.843419679265935e-05,
    4.571458703139797e-05,
    5.4116440878715366e-05,
    4.859476030105725e-05,
    4.037352846353315e-05,
    3.936543362215161e-05,
    0.00012228908599354327,
    4.06079416279681e-05,
    3.84101876989007e-05,
    3.74880874005612e-05,
    5.9151505411136895e-05,
    3.0082392186159268e-05,
    3.636895417002961e-05,
    2.7807083824882284e-05,
    4.763080141856335e-05,
    2.749537452473305e-05,
    4.0227263525594026e-05,
    4.93334409839008e-05,
    2.8933984140167013e-05,
    4.129354783799499e-05,
    3.0215978767955676e-05,
    2.7635624064714648e-05,
    3.0811082979198545e-05,
    2.464114731992595e-05,
    2.853257319657132e-05,
    3.0666178645333275e-05,
    2.398424840066582e-05,
    3.033575922017917e-05,
    3.0312765375128947e-05,
    3.084775744355284e-05,
    2.772671723505482e-05,
    3.93339287256822e-05,
    0.0001032292639138177,
    3.368340549059212e-05,
    3.2428059057565406e-05,
    2.5153949536615983e-05,
    3.956270302296616e-05,
    3.129697870463133e-05,
    3.0246557798818685e-05,
    6.259149813558906e-05,
    2.6846391847357154e-05,
    2.856835453712847e-05,
    3.0382505428860895e-05,
    4.533479659585282e-05,
    2.0787312678294256e-05,
    7.275741518242285e-05,
    2.271317134727724e-05,
    2.8352096705930308e-05,
    2.7700316422851756e-05,
    0.0002664396888576448,
    2.6444588002050295e-05,
    2.5725646992214024e-05,
    2.7103296815766953e-05,
    2.5374782126164064e-05,
    2.620029954414349e-05,
    2.7673489967128262e-05,
    2.7557156499824487e-05,
    2.6605455786921084e-05,
    2.5931834898074158e-05,
    2.3932650947244838e-05,
    2.5235860448447056e-05,
    2.5518373149679974e-05,
    2.5135637770290487e-05,
    2.6450703444425017e-05,
    2.6404897653264925e-05,
    2.7211201086174697e-05,
    2.5639617888373323e-05,
    2.5137247575912625e-05,
    2.4969052901724353e-05,
    2.800229049171321e-05,
    2.3680982849327847e-05,
    2.575400867499411e-05,
    3.0068757041590288e-05,
    2.3476744900108315e-05,
    2.5002196707646362e-05,
    2.8647646104218438e-05,
    2.9252803869894706e-05,
    2.7674690500134602e-05,
    2.4667420802870765e-05,
    2.5986420951085165e-05,
    2.831468009389937e-05,
    2.8123919037170708e-05,
    3.280521195847541e-05,
    2.4356888388865627e-05,
    2.349514761590399e-05,
    2.8399648726917803e-05,
    3.0251216230681166e-05,
    2.6353200155426748e-05,
    2.8167007258161902e-05,
    2.663039049366489e-05,
    3.7765043089166284e-05,
    2.8692506020888686e-05,
    2.515489177312702e-05,
    3.203892265446484e-05,
    2.7185047656530514e-05,
    3.0074592359596863e-05,
    3.0025283194845542e-05,
    3.2700030715204775e-05,
    2.264696558995638e-05,
    2.9377111786743626e-05,
    3.4640877856872976e-05,
    3.560899131116457e-05,
    2.6412490115035325e-05,
    2.9628616175614297e-05,
    2.575627513579093e-05,
    2.936367854999844e-05,
    2.628444053698331e-05,
    2.4154573111445643e-05,
    3.810555790551007e-05,
    3.095170541200787e-05,
    2.8401076633599587e-05,
    2.7434165531303734e-05,
    2.829058576026e-05,
    2.682838385226205e-05,
    2.6293731934856623e-05,
    2.873492121580057e-05,
    2.9251576052047312e-05,
    2.812219099723734e-05,
    2.8484646463766694e-05,
    2.5516614186926745e-05,
    2.9963237466290593e-05,
    3.232799645047635e-05,
    2.625198249006644e-05,
    2.6165827875956893e-05,
    3.08760027110111e-05,
    3.170802665408701e-05,
    2.5363744498463348e-05,
    3.2252210075967014e-05,
    2.6251473173033446e-05,
    2.6671708837966435e-05,
    3.1255342037184164e-05,
    3.1119579944061115e-05,
    2.7768219297286123e-05,
    2.4112225219141692e-05,
    2.5807603378780186e-05,
    2.640237653395161e-05,
    2.524330557207577e-05,
    2.6556372176855803e-05,
    2.4380156901315786e-05,
    2.8450969693949446e-05,
    2.5489622203167528e-05,
    2.7657133614411578e-05,
    2.7487323677632958e-05,
    2.5814333639573306e-05,
    2.420385499135591e-05,
    2.7347916329745203e-05,
    2.5655506760813296e-05,
    2.567436604294926e-05,
    2.6776029699249193e-05,
    2.7765378035837784e-05,
    2.299701009178534e-05,
    2.3378466721624136e-05,
    2.7433550712885335e-05,
    2.654039599292446e-05,
    2.507544013496954e-05,
    2.67628493020311e-05,
    2.3391352442558855e-05,
    2.839122316800058e-05,
    2.942641731351614e-05,
    2.5278444809373468e-05,
    2.7061212676926516e-05,
