{
  "version": "plots/_T_10_y0_0_1_network_architectures_4_50_activations_tanh_learning_rates_0_001_collocations_1024_epochs_50000_regularization_reg_derivative_reg_epochs_1_reg_coeff_100000_reg_decay_1_/run_4",
  "seed": 1,
  "y0": 0.1,
  "T": 10,
  "N_col": 1024,
  "N_hidden": 4,
  "N_neurons": 50,
  "activation": "tanh",
  "N_epochs": 50000,
  "learning_rate": 0.001,
  "decay_rate": 1.0,
  "freq_log": 100,
  "freq_print": 1000,
  "keys_print": [
    "loss"
  ],
  "freq_save": 0,
  "regularization": "reg_derivative",
  "reg_coeff": 100000,
  "reg_decay": 1,
  "reg_epochs": 1,
  "loss": [
    71050.4453125,
    142.32110595703125,
    86.85428619384766,
    83.08380126953125,
    79.26187133789062,
    71.28764343261719,
    72.6781005859375,
    75.74482727050781,
    70.43608093261719,
    74.07502746582031,
    74.67134857177734,
    69.71633911132812,
    69.30760955810547,
    63.69171905517578,
    71.87604522705078,
    65.6878433227539,
    66.9544677734375,
    68.93739318847656,
    68.04711151123047,
    70.95935821533203,
    71.99906158447266,
    70.13444519042969,
    68.94976043701172,
    68.63333129882812,
    73.0895767211914,
    69.42303466796875,
    63.80329513549805,
    73.19764709472656,
    69.0830078125,
    70.51901245117188,
    72.22178649902344,
    71.51760864257812,
    68.1305160522461,
    71.428955078125,
    71.57804870605469,
    67.6259994506836,
    69.92752075195312,
    68.07377624511719,
    69.89167785644531,
    71.10375213623047,
    68.51168823242188,
    71.4197998046875,
    69.73199462890625,
    66.7027587890625,
    66.51638793945312,
    69.09835815429688,
    71.788818359375,
    72.67909240722656,
    67.51763916015625,
    72.78427124023438,
    71.91023254394531,
    75.08099365234375,
    74.57624816894531,
    70.803466796875,
    69.46005249023438,
    76.86836242675781,
    69.8309097290039,
    70.65447998046875,
    65.78993225097656,
    96.71827697753906,
    72.87774658203125,
    71.9217758178711,
    72.3939208984375,
    71.38983154296875,
    68.28092956542969,
    69.8187255859375,
    72.10569763183594,
    68.51441955566406,
    70.86317443847656,
    71.35139465332031,
    68.36656188964844,
    73.38459777832031,
    68.7049560546875,
    63.355865478515625,
    72.74676513671875,
    69.28892517089844,
    71.85213470458984,
    68.38262176513672,
    72.40802764892578,
    71.61780548095703,
    62.66126251220703,
    65.44302368164062,
    71.04667663574219,
    67.83519744873047,
    69.40699005126953,
    68.97987365722656,
    64.47921752929688,
    70.64679718017578,
    71.91439819335938,
    75.39631652832031,
    65.66471099853516,
    72.17452239990234,
    69.81866455078125,
    71.20304107666016,
    67.2158203125,
    71.57642364501953,
    71.6860122680664,
    70.34974670410156,
    66.51345825195312,
    71.74175262451172,
    71.34835815429688,
    73.01118469238281,
    69.19196319580078,
    69.86112213134766,
    74.55472564697266,
    69.46617889404297,
    70.09020233154297,
    69.02708435058594,
    70.40037536621094,
    69.32352447509766,
    70.29150390625,
    71.1994400024414,
    72.6558837890625,
    68.14884185791016,
    70.73120880126953,
    72.98747253417969,
    68.57955169677734,
    69.37591552734375,
    68.25215148925781,
    67.970458984375,
    68.28073120117188,
    67.84591674804688,
    72.01079559326172,
    68.99095153808594,
    68.4676513671875,
    68.36688232421875,
    69.1242446899414,
    66.69471740722656,
    70.4007568359375,
    65.68229675292969,
    73.73664093017578,
    69.43910217285156,
    72.9792709350586,
    67.33403778076172,
    68.08988189697266,
    68.03889465332031,
    70.00772857666016,
    72.29443359375,
    64.8565902709961,
    68.67062377929688,
    70.20002746582031,
    65.5217514038086,
    66.46123504638672,
    65.22172546386719,
    69.57779693603516,
    66.59748840332031,
    66.10595703125,
    72.03651428222656,
    72.25482940673828,
    69.50364685058594,
    72.78377532958984,
    66.59452819824219,
    72.45916748046875,
    65.7360610961914,
    70.27545928955078,
    68.82503509521484,
    66.39047241210938,
    75.46163177490234,
    70.0114517211914,
    68.1435546875,
    71.83377838134766,
    71.28678894042969,
    70.99022674560547,
    70.5833969116211,
    69.64204406738281,
    70.06468963623047,
    68.72793579101562,
    67.68475341796875,
    67.24217987060547,
    73.25577545166016,
    65.89546203613281,
    73.15390014648438,
    69.45545196533203,
    69.92024230957031,
    67.630126953125,
    69.82569885253906,
    67.07332611083984,
    67.56005859375,
    68.3681869506836,
    71.95618438720703,
    74.8057861328125,
    69.13046264648438,
    74.04440307617188,
    68.2477035522461,
    69.37969970703125,
    69.89598846435547,
    73.31228637695312,
    69.844970703125,
    66.9989013671875,
    65.43093872070312,
    73.42996215820312,
    65.99186706542969,
    69.44366455078125,
    71.59705352783203,
    65.0145263671875,
    70.39483642578125,
    72.55023193359375,
    63.880455017089844,
    69.6952896118164,
    66.22998046875,
    70.59056091308594,
    71.95695495605469,
    67.79632568359375,
    70.48707580566406,
    70.42855072021484,
    64.77951049804688,
    64.6963119506836,
    75.09843444824219,
    71.77642059326172,
    69.65220642089844,
    67.53805541992188,
    71.0174331665039,
    68.493408203125,
    72.5831069946289,
    64.94085693359375,
    70.3336181640625,
    65.98429107666016,
    68.83854675292969,
    65.03950500488281,
    65.68462371826172,
    65.44357299804688,
    70.80049133300781,
    73.04402923583984,
    66.46028137207031,
    70.26559448242188,
    68.14302825927734,
    69.33588409423828,
    71.5599594116211,
    67.99736785888672,
    66.46996307373047,
    66.60724639892578,
    69.78152465820312,
    69.04341125488281,
    69.94745635986328,
    71.11043548583984,
    69.6675033569336,
    66.42947387695312,
    68.73951721191406,
    65.39842987060547,
    66.15254211425781,
    74.13043975830078,
    73.01701354980469,
    70.14704895019531,
    66.1594467163086,
    63.17962646484375,
    72.76785278320312,
    69.3092041015625,
    67.48115539550781,
    69.40656280517578,
    70.2574691772461,
    69.36164093017578,
    69.00698852539062,
    72.42385864257812,
    73.61681365966797,
    65.20161437988281,
    70.68905639648438,
    72.37342834472656,
    67.29692077636719,
    75.24950408935547,
    71.5874252319336,
    69.73506164550781,
    65.76102447509766,
    73.15423583984375,
    64.55502319335938,
    71.03687286376953,
    66.53378295898438,
    67.82597351074219,
    73.56806945800781,
    65.74162292480469,
    71.21564483642578,
    65.2232437133789,
    69.80364990234375,
    72.21383666992188,
    73.31183624267578,
    67.24436950683594,
    67.32603454589844,
    73.43902587890625,
    68.93119049072266,
    66.80165100097656,
    65.90215301513672,
    73.13594818115234,
    63.38994598388672,
    67.85203552246094,
    75.13389587402344,
    68.64583587646484,
    67.66334533691406,
    67.4903793334961,
    67.55821228027344,
    68.460205078125,
    66.51322174072266,
    72.26240539550781,
    69.51213836669922,
    74.88275146484375,
    72.23558044433594,
    72.42444610595703,
    70.09754943847656,
    77.11685180664062,
    66.35796356201172,
    72.42098236083984,
    72.701416015625,
    65.15126037597656,
    73.87030792236328,
    70.5315933227539,
    65.67781829833984,
    69.38811492919922,
    72.36479187011719,
    69.54280090332031,
    70.92471313476562,
    71.25177001953125,
    72.55860137939453,
    68.44503021240234,
    69.70826721191406,
    68.95587921142578,
    64.78230285644531,
    67.6015625,
    69.6126708984375,
    68.55248260498047,
    66.5539779663086,
    71.33451080322266,
    67.81510925292969,
    70.93284606933594,
    69.94823455810547,
    66.2287368774414,
    68.86371612548828,
    67.06623840332031,
    74.04067993164062,
