{
  "version": "model_weights/_T_7_5_y0_0_001_network_architectures_4_50_activations_tanh_learning_rates_0_001_collocations_1024_epochs_50000_reg_epochs_0_5_reg_coeff_1_reg_decay_1_/run_6",
  "seed": 1,
  "y0": 0.001,
  "T": 7.5,
  "N_col": 1024,
  "N_hidden": 4,
  "N_neurons": 50,
  "activation": "tanh",
  "N_epochs": 50000,
  "learning_rate": 0.001,
  "decay_rate": 1.0,
  "freq_log": 100,
  "freq_print": 1000,
  "keys_print": [
    "loss"
  ],
  "freq_save": 0,
  "reg_coeff": 1,
  "reg_decay": 1,
  "reg_epochs": 0.5,
  "loss": [
    0.14075608551502228,
    0.13486681878566742,
    0.03638650104403496,
    0.035457782447338104,
    0.03351795673370361,
    0.03743140026926994,
    0.03650738671422005,
    0.03682578355073929,
    0.03616978973150253,
    0.03403829410672188,
    0.031195610761642456,
    0.03857792168855667,
    0.03801107779145241,
    0.039708591997623444,
    0.03632720932364464,
    0.03881591558456421,
    0.03158776834607124,
    0.03910042345523834,
    0.03359059616923332,
    0.035590969026088715,
    0.03483104705810547,
    0.03409263491630554,
    0.03483168035745621,
    0.0375712513923645,
    0.03578462079167366,
    0.035083893686532974,
    0.034050408750772476,
    0.03428303822875023,
    0.03336317837238312,
    0.038307394832372665,
    0.035785824060440063,
    0.03693978488445282,
    0.03360848128795624,
    0.033599063754081726,
    0.0347537025809288,
    0.03420465439558029,
    0.03597607463598251,
    0.03624483197927475,
    0.037797942757606506,
    0.031202519312500954,
    0.034577421844005585,
    0.03749118745326996,
    0.036154478788375854,
    0.03444666787981987,
    0.03439994528889656,
    0.035341568291187286,
    0.0321887843310833,
    0.033671461045742035,
    0.035676632076501846,
    0.03503229469060898,
    0.036487676203250885,
    0.033048100769519806,
    0.03732858598232269,
    0.03652527928352356,
    0.03762340545654297,
    0.03411412239074707,
    0.035876091569662094,
    0.032026566565036774,
    0.037811268121004105,
    0.03537062928080559,
    0.03436426445841789,
    0.03401113301515579,
    0.03714551404118538,
    0.034298159182071686,
    0.037254154682159424,
    0.03486597537994385,
    0.03544563800096512,
    0.03477746993303299,
    0.03693253546953201,
    0.034399159252643585,
    0.036033447831869125,
    0.03508492559194565,
    0.03472329303622246,
    0.0389370322227478,
    0.03453310579061508,
    0.03228216618299484,
    0.037791766226291656,
    0.037221577018499374,
    0.03684993460774422,
    0.036210961639881134,
    0.036430321633815765,
    0.03616171330213547,
    0.033925171941518784,
    0.035385992377996445,
    0.03547537326812744,
    0.033728089183568954,
    0.0368415042757988,
    0.03672217205166817,
    0.034283347427845,
    0.03314657509326935,
    0.03599297255277634,
    0.03010891005396843,
    0.03432716429233551,
    0.03226429224014282,
    0.03432697430253029,
    0.0339619517326355,
    0.034379743039608,
    0.033841822296381,
    0.03747987002134323,
    0.036783892661333084,
    0.03245869278907776,
    0.033083874732255936,
    0.03589180111885071,
    0.03382701799273491,
    0.034046921879053116,
    0.04036017507314682,
    0.032151445746421814,
    0.035756632685661316,
    0.03636328503489494,
    0.03547540307044983,
    0.035392358899116516,
    0.03366626799106598,
    0.03630760684609413,
    0.03429720178246498,
    0.03361121192574501,
    0.0363280214369297,
    0.03384463116526604,
    0.03371436521410942,
    0.03397388756275177,
    0.03705786541104317,
    0.03795606642961502,
    0.037349771708250046,
    0.035602349787950516,
    0.03337915241718292,
    0.033056702464818954,
    0.0379679836332798,
    0.0348726361989975,
    0.03662300109863281,
    0.035849593579769135,
    0.035982005298137665,
    0.03399898484349251,
    0.03199312090873718,
    0.03202452510595322,
    0.03304693475365639,
    0.03281530737876892,
    0.035272713750600815,
    0.03771315515041351,
    0.033268559724092484,
    0.03491593524813652,
    0.03493739664554596,
    0.033373963087797165,
    0.03302495554089546,
    0.0363544262945652,
    0.03496465086936951,
    0.03861077502369881,
    0.03413262218236923,
    0.03328706696629524,
    0.03427800163626671,
    0.03280662000179291,
    0.03598536178469658,
    0.03512724116444588,
    0.034760426729917526,
    0.02777993306517601,
    0.03519901633262634,
    0.031165407970547676,
    0.034547071903944016,
    0.034274619072675705,
    0.03556264191865921,
    0.035143040120601654,
    0.033717598766088486,
    0.035577982664108276,
    0.034086085855960846,
    0.03364770859479904,
    0.035815052688121796,
    0.035471875220537186,
    0.03439692407846451,
    0.03522411733865738,
    0.032407596707344055,
    0.03417743369936943,
    0.03399676829576492,
    0.03351807966828346,
    0.03545840457081795,
    0.03507707267999649,
    0.03560113161802292,
    0.03367195278406143,
    0.033713556826114655,
    0.03436402976512909,
    0.03660356253385544,
    0.0324871689081192,
    0.03515373170375824,
    0.03817032277584076,
    0.03246482461690903,
    0.03375502675771713,
    0.03704553097486496,
    0.03700454533100128,
    0.036175504326820374,
    0.03396356478333473,
    0.03516470640897751,
    0.03601005673408508,
    0.03645101562142372,
    0.03954058885574341,
    0.03209257498383522,
    0.03238579258322716,
    0.03589356690645218,
    0.03755521401762962,
    0.03444112092256546,
    0.03637757897377014,
    0.036107540130615234,
    0.03542950004339218,
    0.035854462534189224,
    0.033580247312784195,
    0.03587011247873306,
    0.03578406944870949,
    0.037637725472450256,
    0.03690774738788605,
    0.03672816976904869,
    0.03225836902856827,
    0.03730456531047821,
    0.036473117768764496,
    0.03600859269499779,
    0.03443455696105957,
    0.03735291585326195,
    0.03414463251829147,
    0.03279745206236839,
    0.03565944358706474,
    0.03241462633013725,
    0.03499361500144005,
    0.03794838860630989,
    0.03515638783574104,
    0.034035325050354004,
    0.03723982349038124,
    0.03529856726527214,
    0.03505878895521164,
    0.03739418461918831,
    0.037307530641555786,
    0.03613119199872017,
    0.03481215238571167,
    0.03435688465833664,
    0.037887170910835266,
    0.040189508348703384,
    0.03521525859832764,
    0.03414281830191612,
    0.03484612703323364,
    0.03910035640001297,
    0.03380780667066574,
    0.04039742052555084,
    0.03371819108724594,
    0.034098464995622635,
    0.038129791617393494,
    0.03804606944322586,
    0.034612927585840225,
    0.03245563060045242,
    0.034416813403367996,
    0.035441696643829346,
    0.03407720476388931,
    0.03446290269494057,
    0.032578110694885254,
    0.03682704642415047,
    0.03395404294133186,
    0.0363653302192688,
    0.03519165515899658,
    3.1767332984600216e-05,
    1.2949537449458148e-05,
    9.449604476685636e-06,
    5.758218321716413e-06,
    4.6443010432994924e-06,
    3.586050297599286e-06,
    3.4984600461029913e-06,
    2.740898707997985e-06,
    2.4417429358436493e-06,
    2.3094962671166286e-06,
    2.1533451217692345e-06,
    1.8357272892899346e-06,
    1.6849830899445806e-06,
    2.281849901919486e-06,
    6.400234724424081e-06,
    2.0138600120844785e-06,
    4.929225724481512e-06,
    2.9329705739655765e-06,
    6.3688307818665635e-06,
    3.393814949959051e-06,
    1.6569759964113473e-06,
    1.313986331297201e-06,
    1.0943830375254038e-06,
    1.2971530622962746e-06,
    1.0080078936880454e-05,
    1.5102848465176066e-06,
    1.0883584309340222e-06,
    1.877464910648996e-06,
    9.948724937203224e-07,
    1.1860362292281934e-06,
    1.0630230917740846e-06,
    1.3233552635938395e-06,
    3.4007040085271e-05,
    1.0400609653515858e-06,
    8.787491196926567e-07,
    7.049942723824643e-06,
    2.720670818234794e-05,
    8.537562621313555e-07,
    4.158746378379874e-06,
    1.1955282843700843e-06,
    3.4067775231960695e-06,
