{
  "version": "plots/_T_10_y0_25_network_architectures_4_50_activations_tanh_learning_rates_0_001_collocations_1024_epochs_500_reg_epochs_1_reg_coeff_1_reg_decay_1_regularization_unstable_fp_/run_2",
  "seed": 1,
  "g": 9.81,
  "l": 1,
  "theta0": 100,
  "omega0": 0,
  "T": 10,
  "N_col": 1024,
  "N_hidden": 4,
  "N_neurons": 50,
  "activation": "tanh",
  "N_epochs": 500,
  "learning_rate": 0.001,
  "decay_rate": 1.0,
  "freq_log": 100,
  "freq_print": 1000,
  "keys_print": [
    "loss_P",
    "loss_IC"
  ],
  "freq_save": 0,
  "regularizer": "unstable_fp",
  "reg_coeff": 1,
  "reg_decay": 1,
  "reg_epochs": 1,
  "regularization": "unstable_fp",
  "y0": 25,
  "loss_train": [
    46.31928634643555,
    11.963552474975586,
    11.77182674407959,
    11.767906188964844,
    11.697954177856445
  ],
  "loss_P": [
    43.11286163330078,
    9.623334884643555,
    9.661803245544434,
    9.74735164642334,
    9.684051513671875
  ],
  "loss_IC": [
    3.206423044204712,
    2.3402178287506104,
    2.1100234985351562,
    2.020554780960083,
    2.013902425765991
  ]
}