{
  "version": "plots/_T_10_y0_0_01_network_architectures_4_50_activations_tanh_learning_rates_0_001_collocations_1024_epochs_50000_regularization_reg_derivative_reg_epochs_1_reg_coeff_100000_reg_decay_1_/run_0",
  "seed": 1,
  "y0": 0.01,
  "T": 10,
  "N_col": 1024,
  "N_hidden": 4,
  "N_neurons": 50,
  "activation": "tanh",
  "N_epochs": 50000,
  "learning_rate": 0.001,
  "decay_rate": 1.0,
  "freq_log": 100,
  "freq_print": 1000,
  "keys_print": [
    "loss"
  ],
  "freq_save": 0,
  "regularization": "reg_derivative",
  "reg_coeff": 100000,
  "reg_decay": 1,
  "reg_epochs": 1,
  "loss": [
    78977.484375,
    564.2467041015625,
    432.9412536621094,
    683.5721435546875,
    310.62420654296875,
    557.2199096679688,
    203.77499389648438,
    409.223876953125,
    206.486328125,
    292.68206787109375,
    143.31178283691406,
    308.2119140625,
    155.53382873535156,
    225.4978790283203,
    10.191060066223145,
    17.452922821044922,
    219.5316162109375,
    199.37815856933594,
    4.004644870758057,
    2479.913818359375,
    41.07035827636719,
    23.870283126831055,
    85.25640869140625,
    879.7735595703125,
    106.13372802734375,
    100.28563690185547,
    89.4329833984375,
    100.69379425048828,
    93.60833740234375,
    94.45162200927734,
    95.89945983886719,
    94.82937622070312,
    89.06777954101562,
    93.31473541259766,
    92.62889099121094,
    88.21531677246094,
    89.77581024169922,
    86.95984649658203,
    89.94922637939453,
    90.25121307373047,
    86.1185073852539,
    90.22289276123047,
    87.46236419677734,
    83.67770385742188,
    83.48728942871094,
    85.94689178466797,
    87.262939453125,
    90.01420593261719,
    84.00043487548828,
    90.00534057617188,
    88.61203002929688,
    92.43157196044922,
    90.87416076660156,
    86.67915344238281,
    85.12849426269531,
    91.11382293701172,
    85.61933135986328,
    86.95197296142578,
    80.83758544921875,
    83.38825988769531,
    89.69951629638672,
    88.11203002929688,
    88.9022216796875,
    88.08442687988281,
    84.78689575195312,
    86.49542999267578,
    88.70033264160156,
    84.09750366210938,
    86.93921661376953,
    88.0469970703125,
    84.55384826660156,
    89.25308227539062,
    84.24064636230469,
    78.40937805175781,
    90.45124816894531,
    84.73179626464844,
    87.96841430664062,
    83.90664672851562,
    88.61072540283203,
    88.52295684814453,
    78.25338745117188,
    80.82317352294922,
    87.28112030029297,
    83.59449768066406,
    85.24764251708984,
    84.86637115478516,
    78.98524475097656,
    87.31800842285156,
    87.8570785522461,
    92.01760864257812,
    81.2457046508789,
    89.7144775390625,
    85.95325469970703,
    85.73973083496094,
    84.00068664550781,
    88.41951751708984,
    89.87864685058594,
    86.52099609375,
    81.65568542480469,
    87.23747253417969,
    87.99736785888672,
    90.39664459228516,
    85.32208251953125,
    86.5885009765625,
    93.57977294921875,
    83.94673156738281,
    86.31834411621094,
    84.31886291503906,
    86.27605438232422,
    84.02423858642578,
    85.87973022460938,
    88.53324890136719,
    89.66326904296875,
    84.43008422851562,
    87.10850524902344,
    89.70147705078125,
    84.23543548583984,
    85.96147918701172,
    84.0956802368164,
    84.0992202758789,
    84.4891357421875,
    82.25643920898438,
    88.14787292480469,
    86.64588165283203,
    84.18705749511719,
    84.22221374511719,
    85.69334411621094,
    82.49851989746094,
    86.81419372558594,
    80.9718017578125,
    90.9733657836914,
    85.67196655273438,
    89.75727844238281,
    82.66029357910156,
    83.76445007324219,
    83.36750030517578,
    86.31625366210938,
    86.79586029052734,
    80.40606689453125,
    84.0654525756836,
    86.99324035644531,
    81.27781677246094,
    82.31199645996094,
    80.56059265136719,
    85.78660583496094,
    81.92144775390625,
    81.51800537109375,
    87.92750549316406,
    87.90751647949219,
    86.5676498413086,
    89.07084655761719,
    82.41634368896484,
    90.50923156738281,
    80.97591400146484,
    86.38136291503906,
    85.61416625976562,
    82.45039367675781,
    92.48786163330078,
    86.43800354003906,
    83.88568115234375,
    88.91180419921875,
    87.92803955078125,
    87.17866516113281,
    87.13701629638672,
    85.83028411865234,
    85.79071044921875,
    84.8316421508789,
    83.60018157958984,
    83.04301452636719,
    90.0327377319336,
    81.71121215820312,
    90.76007843017578,
    84.90937042236328,
    85.5614013671875,
    83.82743072509766,
    86.3549575805664,
    82.32215881347656,
    83.19462585449219,
    84.71963500976562,
    88.59965515136719,
    89.54674530029297,
    85.18557739257812,
    89.140380859375,
    84.1068344116211,
    85.88819122314453,
    85.89594268798828,
    90.10145568847656,
    85.99981689453125,
    82.5860824584961,
    81.8676986694336,
    90.52692413330078,
    82.26522827148438,
    85.9482650756836,
    88.23147583007812,
    80.08291625976562,
    86.71001434326172,
    90.19580078125,
    78.91217803955078,
    85.6589584350586,
    81.55667877197266,
    87.22006225585938,
    87.61705780029297,
    82.91877746582031,
    88.208251953125,
    85.40807342529297,
    80.68569946289062,
    80.01543426513672,
    91.89811706542969,
    88.39273834228516,
    86.3167495727539,
    83.46041107177734,
    87.70588684082031,
    84.10899353027344,
    89.10486602783203,
    79.25067901611328,
    87.27761840820312,
    83.09182739257812,
    84.97972106933594,
    79.1492691040039,
    81.2165298461914,
    80.36909484863281,
    86.97537994384766,
    90.59300994873047,
    81.36884307861328,
    86.94291687011719,
    83.80348205566406,
    85.54711151123047,
    87.5692138671875,
    83.53667449951172,
    78.78809356689453,
    83.62141418457031,
    86.71737670898438,
    85.24543762207031,
    86.13308715820312,
    87.5762710571289,
    85.47626495361328,
    82.19805145263672,
    84.835205078125,
    80.85945892333984,
    81.35797119140625,
    91.50398254394531,
    89.34725189208984,
    87.2206802368164,
    81.11689758300781,
    77.79502868652344,
    89.56362915039062,
    86.21166229248047,
    82.90695190429688,
    85.65074920654297,
    86.44662475585938,
    85.73829650878906,
    84.94900512695312,
    89.84884643554688,
    91.24810791015625,
    79.95389556884766,
    87.82279968261719,
    89.77925109863281,
    82.16319274902344,
    92.85138702392578,
    87.60714721679688,
    85.96987915039062,
    81.30487060546875,
    89.80732727050781,
    79.5657958984375,
    86.82991027832031,
    82.11160278320312,
    83.75636291503906,
    90.36274719238281,
    81.13763427734375,
    87.27654266357422,
    80.38980102539062,
    86.29203033447266,
    89.63615417480469,
    90.41020202636719,
    82.8316650390625,
    82.97329711914062,
    90.33422088623047,
    84.77397155761719,
    82.55471801757812,
    80.10664367675781,
    90.10663604736328,
    79.0838623046875,
    83.38578796386719,
    92.5177993774414,
    84.14753723144531,
    82.79359436035156,
    83.3001480102539,
    82.9632568359375,
    84.19381713867188,
    81.84872436523438,
    88.70982360839844,
    85.8546371459961,
    93.42321014404297,
    88.89376068115234,
    88.9078369140625,
    86.53915405273438,
    96.44580078125,
    81.96038818359375,
    88.607177734375,
    89.64048767089844,
    80.24447631835938,
    90.56259155273438,
    86.63501739501953,
    81.4818115234375,
    86.43765258789062,
    89.28588104248047,
    86.85111236572266,
    87.68404388427734,
    87.33531951904297,
    89.85186767578125,
    84.41775512695312,
    85.65825653076172,
    84.8189468383789,
    80.10494995117188,
    82.92533874511719,
    85.61805725097656,
    83.90650939941406,
    81.49762725830078,
    88.1539535522461,
    83.60614013671875,
    87.54118347167969,
    86.12755584716797,
    81.9853515625,
    84.89521789550781,
