{
  "version": "plots/_T_7_5_y0_0_001_network_architectures_4_50_activations_tanh_learning_rates_0_001_collocations_1024_epochs_50000_regularization_reg_derivative_reg_epochs_1_reg_coeff_1_reg_decay_1_/run_9",
  "seed": 1,
  "y0": 0.001,
  "T": 7.5,
  "N_col": 1024,
  "N_hidden": 4,
  "N_neurons": 50,
  "activation": "tanh",
  "N_epochs": 50000,
  "learning_rate": 0.001,
  "decay_rate": 1.0,
  "freq_log": 100,
  "freq_print": 1000,
  "keys_print": [
    "loss"
  ],
  "freq_save": 0,
  "regularization": "reg_derivative",
  "reg_coeff": 1,
  "reg_decay": 1,
  "reg_epochs": 1,
  "loss": [
    0.8639520406723022,
    0.10227587819099426,
    0.09226075559854507,
    0.08319152146577835,
    0.07649604976177216,
    0.06551597267389297,
    0.06338316202163696,
    0.06600913405418396,
    0.055826347321271896,
    0.0569266751408577,
    0.049264922738075256,
    0.05291313678026199,
    0.06050252914428711,
    0.050636954605579376,
    0.047249503433704376,
    0.04840006306767464,
    0.05219472944736481,
    0.048058487474918365,
    0.05328639596700668,
    0.04701549932360649,
    0.05115688219666481,
    0.050533708184957504,
    0.05666346475481987,
    0.049577537924051285,
    0.048800528049468994,
    0.047693341970443726,
    0.04590441659092903,
    0.05069991946220398,
    0.048419781029224396,
    0.05054251849651337,
    0.048112984746694565,
    0.04991286247968674,
    0.049822479486465454,
    0.04499772936105728,
    0.044610388576984406,
    0.050375036895275116,
    0.04880417510867119,
    0.04816542938351631,
    0.05118013545870781,
    0.04799365997314453,
    0.04834761098027229,
    0.05037511885166168,
    0.04709464684128761,
    0.04623431712388992,
    0.04938409850001335,
    0.04649391770362854,
    0.043066248297691345,
    0.04668852686882019,
    0.04891504347324371,
    0.04992372542619705,
    0.047044094651937485,
    0.04750339686870575,
    0.04783935472369194,
    0.04853399097919464,
    0.046802155673503876,
    0.047011472284793854,
    0.050619516521692276,
    0.044420793652534485,
    0.049412861466407776,
    0.04410865902900696,
    0.048501476645469666,
    0.049027036875486374,
    0.04742247238755226,
    0.045801907777786255,
    0.045820802450180054,
    0.046865396201610565,
    0.04829747602343559,
    0.0482223704457283,
    0.04903875291347504,
    0.049861758947372437,
    0.04679514095187187,
    0.04587005451321602,
    0.050232864916324615,
    0.04769229516386986,
    0.04961526021361351,
    0.04547235742211342,
    0.044804319739341736,
    0.045938216149806976,
    0.05108021944761276,
    0.05114607512950897,
    0.04865307733416557,
    0.04449401795864105,
    0.0545191764831543,
    0.04899757727980614,
    0.04499133303761482,
    0.04698912799358368,
    0.04747569561004639,
    0.046733975410461426,
    0.0510566271841526,
    0.04462999850511551,
    0.04909028857946396,
    0.04358326643705368,
    0.04564458131790161,
    0.045608021318912506,
    0.04810814559459686,
    0.04502445459365845,
    0.04633333161473274,
    0.04337821155786514,
    0.047337181866168976,
    0.047227464616298676,
    0.04941778630018234,
    0.05091579258441925,
    0.04675857350230217,
    0.044632438570261,
    0.04873617738485336,
    0.046546176075935364,
    0.04616189002990723,
    0.048489928245544434,
    0.04742976278066635,
    0.045445166528224945,
    0.04709143564105034,
    0.04716150462627411,
    0.048302099108695984,
    0.046345680952072144,
    0.045835115015506744,
    0.04424987733364105,
    0.04746106266975403,
    0.04503244534134865,
    0.04320002347230911,
    0.0465938076376915,
    0.05027925968170166,
    0.04640334099531174,
    0.04947987198829651,
    0.04796130210161209,
    0.04715673252940178,
    0.04498319327831268,
    0.045971423387527466,
    0.04395954683423042,
    0.04642868787050247,
    0.046700648963451385,
    0.04610075056552887,
    0.04308271035552025,
    0.044584862887859344,
    0.04947139695286751,
    0.044502053409814835,
    0.049451928585767746,
    0.04862095043063164,
    0.04877511039376259,
    0.04650707542896271,
    0.046757422387599945,
    0.047028303146362305,
    0.048099368810653687,
    0.04515894502401352,
    0.047041356563568115,
    0.044993698596954346,
    0.04431656375527382,
    0.044156815856695175,
    0.04374697804450989,
    0.045377738773822784,
    0.04808780178427696,
    0.04638750106096268,
    0.04442457854747772,
    0.04589454457163811,
    0.048486679792404175,
    0.04471264034509659,
    0.04215673729777336,
    0.04507052153348923,
    0.048911526799201965,
    0.047879409044981,
    0.04648015648126602,
    0.04573613032698631,
    0.04462989419698715,
    0.044713206589221954,
    0.04592537879943848,
    0.047714442014694214,
    0.04929988831281662,
    0.05015888437628746,
    0.04584752023220062,
    0.04643820598721504,
    0.046180471777915955,
    0.04844214767217636,
    0.0454409122467041,
    0.04669542610645294,
    0.04826342314481735,
    0.04724884033203125,
    0.04534776881337166,
    0.04828520119190216,
    0.04799303412437439,
    0.048807017505168915,
    0.04789984971284866,
    0.045503079891204834,
    0.0474201999604702,
    0.0500764399766922,
    0.044789042323827744,
    0.046853207051754,
    0.045457664877176285,
    0.04934155195951462,
    0.04550417512655258,
    0.04353175684809685,
    0.046587273478507996,
    0.04496392607688904,
    0.05535874515771866,
    0.04715418815612793,
    0.04608137533068657,
    0.04755113273859024,
    0.047558218240737915,
    0.047812700271606445,
    0.05048191547393799,
    0.046941228210926056,
    0.04679796099662781,
    0.04788672924041748,
    0.04676124453544617,
    0.04895251244306564,
    0.04740266874432564,
    0.046268023550510406,
    0.04466928169131279,
    0.04571906849741936,
    0.04675162583589554,
    0.04804515838623047,
    0.04264508932828903,
    0.04674932733178139,
    0.046279314905405045,
    0.05021016672253609,
    0.04684892296791077,
    0.04697461426258087,
    0.049503032118082047,
    0.047551948577165604,
    0.04580633342266083,
    0.046581968665122986,
    0.04456062242388725,
    0.047779664397239685,
    0.04689764231443405,
    0.04684049263596535,
    0.04250468313694,
    0.045146264135837555,
    0.048070333898067474,
    0.04553600400686264,
    0.04352289438247681,
    0.045303523540496826,
    0.044912975281476974,
    0.05010117590427399,
    0.04427032545208931,
    0.04396763816475868,
    0.04539145156741142,
    0.047309745103120804,
    0.04933025687932968,
    0.04615243524312973,
    0.04488509148359299,
    0.046010881662368774,
    0.04651162028312683,
    0.04750664904713631,
    0.04546884447336197,
    0.04661504551768303,
    0.051820531487464905,
    0.04880645498633385,
    0.04595596343278885,
    0.05143076181411743,
    0.0447908416390419,
    0.04706105217337608,
    0.046990349888801575,
    0.04827794060111046,
    0.04716503247618675,
    0.0486016571521759,
    0.050914373248815536,
    0.047249674797058105,
    0.045418620109558105,
    0.043888166546821594,
    0.04780745133757591,
    0.04785861819982529,
    0.044195204973220825,
    0.050180286169052124,
    0.05099053680896759,
    0.04976281523704529,
    0.04733184725046158,
    0.04729094356298447,
    0.046865928918123245,
    0.044538430869579315,
    0.04547976702451706,
    0.043964531272649765,
    0.048995643854141235,
    0.04552137851715088,
    0.046389319002628326,
    0.04825200140476227,
    0.04614628106355667,
    0.0487121120095253,
    0.047985948622226715,
    0.04937432333827019,
    0.049085795879364014,
    0.0441247932612896,
    0.04768916219472885,
    0.04583176225423813,
    0.04486221447587013,
    0.046048905700445175,
    0.04679378122091293,
    0.04510447755455971,
    0.045707765966653824,
    0.044266533106565475,
    0.04519756883382797,
    0.048370666801929474,
    0.04781026393175125,
    0.04667561873793602,
    0.04677100479602814,
    0.04713167995214462,
