{
  "version": "plots/_T_7_5_y0_0_01_network_architectures_4_50_activations_tanh_learning_rates_0_001_collocations_1024_epochs_50000_regularization_no_reg_reg_epochs_1_reg_coeff_1_reg_decay_1_/run_3",
  "seed": 1,
  "y0": 0.01,
  "T": 7.5,
  "N_col": 1024,
  "N_hidden": 4,
  "N_neurons": 50,
  "activation": "tanh",
  "N_epochs": 50000,
  "learning_rate": 0.001,
  "decay_rate": 1.0,
  "freq_log": 100,
  "freq_print": 1000,
  "keys_print": [
    "loss"
  ],
  "freq_save": 0,
  "regularization": "no_reg",
  "reg_coeff": 1,
  "reg_decay": 1,
  "reg_epochs": 1,
  "loss": [
    0.08484009653329849,
    2.7209840482100844e-05,
    2.5250032194890082e-05,
    2.674651659617666e-05,
    2.4302007659571245e-05,
    2.7925620088353753e-05,
    2.7453403163235635e-05,
    2.77311701211147e-05,
    2.7374637284083292e-05,
    2.533583392505534e-05,
    2.2591375454794616e-05,
    3.080152964685112e-05,
    2.916493031079881e-05,
    3.2219322747550905e-05,
    2.849543852789793e-05,
    3.0953684472478926e-05,
    2.283368303324096e-05,
    3.284406557213515e-05,
    6.939272861927748e-05,
    2.7300584406475537e-05,
    3.012745946762152e-05,
    2.5008081138366833e-05,
    2.9564809665316716e-05,
    2.8708680474665016e-05,
    2.8148362616775557e-05,
    2.7120313461637124e-05,
    2.7818055968964472e-05,
    3.235215990571305e-05,
    6.268917786655948e-05,
    3.177917096763849e-05,
    2.79157939075958e-05,
    2.935051452368498e-05,
    3.536684380378574e-05,
    6.085243512643501e-05,
    2.7624239010037854e-05,
    2.5003004338941537e-05,
    2.8222391847521067e-05,
    2.7571972168516368e-05,
    4.0591890865471214e-05,
    2.2807642380939797e-05,
    3.059970185859129e-05,
    5.5391647038049996e-05,
    2.70259624812752e-05,
    3.289473897893913e-05,
    2.82073269772809e-05,
    3.249360452173278e-05,
    6.7736349592451e-05,
    2.659483470779378e-05,
    4.679874473367818e-05,
    2.6944398996420205e-05,
    3.3972872188314795e-05,
    2.5159202778013423e-05,
    3.341531191836111e-05,
    3.4912838600575924e-05,
    3.425950126256794e-05,
    3.618500704760663e-05,
    2.8415382985258475e-05,
    2.904005850723479e-05,
    2.9344239010242745e-05,
    2.8633388865273446e-05,
    2.712324567255564e-05,
    2.717016832320951e-05,
    3.070280217798427e-05,
    3.096920409006998e-05,
    2.9551600164268166e-05,
    4.572146281134337e-05,
    2.6265795895596966e-05,
    2.821249836415518e-05,
    2.8376614864100702e-05,
    2.8697086236206815e-05,
    3.4541808417998254e-05,
    2.7114127078675665e-05,
    2.6897865609498695e-05,
    3.1378254789160565e-05,
    2.6500529202166945e-05,
    2.422582656436134e-05,
    3.233151801396161e-05,
    2.912111085606739e-05,
    2.9221029762993567e-05,
    2.6953608539770357e-05,
    2.91572814603569e-05,
    2.95161698886659e-05,
    2.5468612875556573e-05,
    2.7536327252164483e-05,
    2.7425503503764048e-05,
    2.457329901517369e-05,
    3.07448826788459e-05,
    3.02264052152168e-05,
    2.660583413671702e-05,
    2.4899800337152556e-05,
    2.9223836463643238e-05,
    2.2458900275523774e-05,
    2.5593788450350985e-05,
    2.4843811843311414e-05,
    2.9147759050829336e-05,
    2.74985286523588e-05,
    2.6635394533514045e-05,
    2.6784829969983548e-05,
    3.0199946195352823e-05,
    2.9416072720778175e-05,
    2.2942476789467037e-05,
    2.5133324015769176e-05,
    2.79404703178443e-05,
    2.5839355657808483e-05,
    2.7567661163629964e-05,
    3.203396772732958e-05,
    2.4870174456737004e-05,
    2.688610038603656e-05,
    2.733238579821773e-05,
    2.7476540708448738e-05,
    2.7204860089113936e-05,
    2.7062424123869278e-05,
    2.8124610253144056e-05,
    2.620711711642798e-05,
    2.4548036890337244e-05,
    2.863999907276593e-05,
    2.552814839873463e-05,
    2.5433826522203162e-05,
    2.6495785277802497e-05,
    2.884636342059821e-05,
    2.988176856888458e-05,
    2.8005371859762818e-05,
    2.7657348255161196e-05,
    2.4645567464176565e-05,
    2.4295599359902553e-05,
    3.038477007066831e-05,
    2.656094147823751e-05,
    2.8527054382720962e-05,
    2.829045661201235e-05,
    2.70826476480579e-05,
    2.5386587367393076e-05,
    2.343373853364028e-05,
    2.3211132429423742e-05,
    2.4871376808732748e-05,
    2.3694401534157805e-05,
    2.623609543661587e-05,
    2.8982467483729124e-05,
    2.469320679665543e-05,
    2.710360240598675e-05,
    2.622161446197424e-05,
    2.5707160602905788e-05,
    2.4689126803423278e-05,
    2.8557564291986637e-05,
    2.4946148187154904e-05,
    3.089728852501139e-05,
    2.6762016204884276e-05,
    2.4348652004846372e-05,
    2.670373214641586e-05,
    2.4218883481808007e-05,
    2.805623080348596e-05,
    2.6289464585715905e-05,
    2.660075006133411e-05,
    1.8325610653846525e-05,
    2.6376304958830588e-05,
    2.2677675588056445e-05,
    2.6585290470393375e-05,
    2.528033292037435e-05,
    2.742538708844222e-05,
    4.024747613584623e-05,
    2.55095110333059e-05,
    2.7185295039089397e-05,
    2.554878665250726e-05,
    2.6103389245690778e-05,
    2.756197500275448e-05,
    2.7439496989245526e-05,
    2.6522757252678275e-05,
    2.613260039652232e-05,
    2.3828646590118296e-05,
    2.5397421268280596e-05,
    2.5635259589762427e-05,
    2.5152887246804312e-05,
    2.665055035322439e-05,
    2.6434656319906935e-05,
    2.715970913413912e-05,
    2.5587487471057102e-05,
    2.5136807380476967e-05,
    2.5102512154262513e-05,
    2.7977628633379936e-05,
    2.3803559088264592e-05,
    2.5949546397896484e-05,
    3.0260696803452447e-05,
    2.368558489251882e-05,
    2.496340312063694e-05,
    2.87485836452106e-05,
    2.9023969545960426e-05,
    2.783080708468333e-05,
    2.4849337933119386e-05,
    2.6001600417657755e-05,
    2.798658169922419e-05,
    2.792874329315964e-05,
    3.2528470910619944e-05,
    2.40816043515224e-05,
    2.314135417691432e-05,
    2.7216508897254243e-05,
    2.900185063481331e-05,
    2.551386205595918e-05,
    2.7634341677185148e-05,
    2.6111771148862317e-05,
    2.7040528948418796e-05,
    2.7077448976342566e-05,
    2.4991742975544184e-05,
    2.808452154567931e-05,
    2.6997928216587752e-05,
    2.985196806548629e-05,
    2.9335282306419685e-05,
    2.8109205231885426e-05,
    2.2966618416830897e-05,
    2.9360029657254927e-05,
    2.854978447430767e-05,
    2.915398908953648e-05,
    2.5519244445604272e-05,
    2.9469685614458285e-05,
    2.560090069891885e-05,
    2.4360688257729635e-05,
    2.6896599592873827e-05,
    2.3871552912169136e-05,
    2.6240613806294277e-05,
    3.1136893085204065e-05,
    2.679638419067487e-05,
    2.5990462745539844e-05,
    2.8087155442335643e-05,
    2.6498175429878756e-05,
    2.587203198345378e-05,
    2.84437137452187e-05,
    2.8877588192699477e-05,
    2.7991074603050947e-05,
    2.801537630148232e-05,
    2.558142296038568e-05,
    2.9942322726128623e-05,
    3.203070809831843e-05,
    2.6393754524178803e-05,
    2.5875922801787965e-05,
    2.674001189006958e-05,
    3.122201087535359e-05,
    2.516177119105123e-05,
    3.255069168517366e-05,
    2.5325291062472388e-05,
    2.710184344323352e-05,
    3.0480394343612716e-05,
    2.9732444090768695e-05,
    2.6789446565089747e-05,
    2.3570846678921953e-05,
    2.5856188585748896e-05,
    2.6811365387402475e-05,
    2.4813540221657604e-05,
    2.5857254513539374e-05,
    2.4383141862927005e-05,
    2.8762595320586115e-05,
    2.504826625226997e-05,
    2.7083759050583467e-05,
    2.7190335458726622e-05,
    2.5813065803959034e-05,
    2.4399008907494135e-05,
    2.7273663363303058e-05,
    2.5018996893777512e-05,
    2.5137493139482103e-05,
    2.6672412786865607e-05,
    2.784985554171726e-05,
    2.264716022182256e-05,
    2.2922638891031966e-05,
    2.7326808776706457e-05,
    2.6220401196042076e-05,
    2.4982535251183435e-05,
    2.6470315788174048e-05,
    2.225022399215959e-05,
    6.0455044149421155e-05,
    2.9903570975875482e-05,
    2.5118068151641637e-05,
    2.680736724869348e-05,
