{
  "version": "plots/_T_10_y0_0_001_network_architectures_4_50_activations_tanh_learning_rates_0_001_collocations_1024_epochs_50000_regularization_no_reg_reg_epochs_1_reg_coeff_1_reg_decay_1_/run_9",
  "seed": 1,
  "y0": 0.001,
  "T": 10,
  "N_col": 1024,
  "N_hidden": 4,
  "N_neurons": 50,
  "activation": "tanh",
  "N_epochs": 50000,
  "learning_rate": 0.001,
  "decay_rate": 1.0,
  "freq_log": 100,
  "freq_print": 1000,
  "keys_print": [
    "loss"
  ],
  "freq_save": 0,
  "regularization": "no_reg",
  "reg_coeff": 1,
  "reg_decay": 1,
  "reg_epochs": 1,
  "loss": [
    0.09930194914340973,
    5.015148872189457e-06,
    5.365809556678869e-07,
    5.196831125431345e-07,
    4.900695671494759e-07,
    4.836232960769848e-07,
    4.4616348304771236e-07,
    4.405342224345077e-07,
    4.1178924448104226e-07,
    3.694169663503999e-07,
    3.4861704989452846e-07,
    3.9540339002996916e-07,
    3.3386578479621676e-07,
    3.5458725733406027e-07,
    3.1918378340378695e-07,
    3.24583993460692e-07,
    2.3652872016555193e-07,
    2.933836924512434e-07,
    3.3474523775112175e-07,
    7.347544396907324e-06,
    2.6696596933106775e-07,
    0.00048126434558071196,
    2.6617505000103847e-07,
    3.001711945671559e-07,
    5.272686394164339e-07,
    2.52823411983627e-07,
    2.159936229872983e-07,
    2.0901256903016474e-07,
    0.00011353971785865724,
    2.730827759478416e-07,
    7.701923095737584e-06,
    2.431992243145942e-07,
    2.4466405648126965e-06,
    3.60982448910363e-06,
    2.1684762430140836e-07,
    6.477610440924764e-05,
    2.2483089878733153e-07,
    2.1810959083268244e-07,
    7.001193580435938e-07,
    1.7393105622431904e-07,
    4.9336490519635845e-06,
    2.9897711328885634e-07,
    5.193222750676796e-05,
    1.5474488463951275e-05,
    5.089318051432201e-07,
    3.8499902075272985e-06,
    1.7520771962153958e-06,
    6.326111360976938e-06,
    0.00011681489559123293,
    2.7605679520092963e-07,
    1.334851845058438e-06,
    8.318270556628704e-05,
    2.3297576490222127e-07,
    2.4193170133912645e-07,
    2.544391293213266e-07,
    2.578266276032082e-07,
    5.292700961945229e-07,
    2.537140062486287e-07,
    3.341430954151292e-07,
    3.026991635124432e-06,
    2.484435981386923e-07,
    1.3748271157965064e-05,
    2.2383741793419176e-07,
    2.4900127755245194e-06,
    2.3567336882024392e-07,
    2.003207555389963e-07,
    1.660254565649666e-05,
    2.118483450885833e-07,
    3.9872402339824475e-06,
    2.717878828661924e-07,
    4.927774170937482e-07,
    3.117808228125796e-05,
    1.9451042021501053e-07,
    0.00010925719107035547,
    2.0446206860924576e-07,
    2.0871981121217686e-07,
    5.200928399062832e-07,
    3.6011499560117954e-07,
    3.115644631179748e-06,
    1.8881115693147876e-07,
    2.3040101382321154e-07,
    2.8217846193001606e-06,
    9.602463251212612e-07,
    2.1976170216930768e-07,
    1.6964454516710248e-06,
    1.9869891332291445e-07,
    2.1913247394422797e-07,
    3.1883473639027216e-07,
    7.301180176000344e-07,
    2.0033809278174886e-07,
    2.1876039113521983e-07,
    0.000965080049354583,
    2.2394696941319125e-07,
    1.6264172586488712e-07,
    2.0178684678739955e-07,
    2.0565093450386485e-07,
    2.027911563118323e-07,
    2.0413732215729397e-07,
    2.1990291543261264e-07,
    2.3253599579220463e-07,
    1.6117131451665045e-07,
    1.9872547341037716e-07,
    2.0830829328133404e-07,
    1.9906954662474163e-07,
    1.911731430936925e-07,
    2.4786226049400284e-07,
    1.9226970948693634e-07,
    2.0888255392037536e-07,
    2.022296001769064e-07,
    2.0063180272700265e-07,
    2.0773731534973194e-07,
    2.1371661773628148e-07,
    2.169533956930536e-07,
    1.9838344655909168e-07,
    1.8479440200280806e-07,
    2.1167944908029313e-07,
    1.223883145939908e-06,
    5.9105664149683435e-06,
    2.048126646059245e-07,
    2.2098384988566977e-07,
    5.057231646787841e-06,
    2.4643044525873847e-05,
    2.528219056330272e-07,
    1.9775745840888703e-07,
    1.7790509332371585e-07,
    5.665846174451872e-07,
    2.2925317466615525e-07,
    2.516236747851508e-07,
    2.4559299163229298e-06,
    1.9789348471022095e-07,
    1.9773941062339873e-07,
    1.6875695507678756e-07,
    2.2117734488347196e-07,
    2.41053868421659e-07,
    3.3452279240009375e-06,
    2.0360728569812636e-07,
    2.23366967588845e-07,
    2.5914710022334475e-06,
    4.883307838099427e-07,
    2.6962902666127775e-07,
    2.6331096592002723e-07,
    1.9281554841654724e-07,
    2.731254937771155e-07,
    1.8620498565269372e-07,
    2.505244651729299e-07,
    1.4008537618792616e-06,
    1.7844328681348998e-07,
    2.0794689703507174e-07,
    1.7536711993670906e-07,
    2.2785786768508842e-07,
    9.976082537832553e-07,
    3.635837629190064e-06,
    1.345375437722396e-07,
    2.9352673891480663e-07,
    5.29756846390228e-07,
    1.9679194451782678e-07,
    1.672951611908502e-06,
    2.0601819983312453e-07,
    2.1443497644213494e-06,
    2.5499247158222715e-07,
    2.9547920803452143e-06,
    3.342141553730471e-06,
    4.188012212580361e-07,
    2.9228647235868266e-07,
    2.413886477370397e-07,
    2.0645111931116844e-07,
    1.9084473024122417e-07,
    1.7985675526688283e-07,
    1.9011319807304972e-07,
    1.8717699390435882e-07,
    1.8736437823463348e-07,
    1.9682602214743383e-07,
    1.9574011389522639e-07,
    2.058974928331736e-07,
    1.9129471695578104e-07,
    1.9245172211412864e-07,
    1.7947883179658675e-07,
    2.087814436890767e-07,
    1.7737110624693742e-07,
    1.8460694661825983e-07,
    2.2097626128925185e-07,
    1.700538518889516e-07,
    1.852915829658741e-07,
    2.1463799271259631e-07,
    2.269928813802835e-07,
    2.0256911170690728e-07,
    1.7678829067335755e-07,
    1.9091061176368385e-07,
    2.1196331090322929e-07,
    2.1346315293158113e-07,
    2.590920757938875e-07,
    1.7752238079538074e-07,
    1.6983074146992294e-07,
    2.0126684319166088e-07,
    2.1942064165614283e-07,
    1.8843508087229566e-07,
    2.1044948539383768e-07,
    1.7858663170500222e-07,
    2.029650261192728e-07,
    2.0593604688201594e-07,
    1.905772109012105e-07,
    2.1578361497631704e-07,
    1.9452814115084038e-07,
    2.282894371319344e-07,
    2.3330198928306345e-07,
    2.135026591076894e-07,
    1.6137454394993256e-07,
    2.2798505483478948e-07,
    2.224476816081733e-07,
    2.2367754581864574e-07,
    1.901536705872786e-07,
    2.2869156168781046e-07,
    2.6660961793822935e-07,
    1.8932837519969326e-07,
    2.0004566181341943e-07,
    9.443343174098118e-07,
    3.7186470080996514e-07,
    3.0704529763170285e-07,
    9.075446314454894e-07,
    2.0272844380997412e-07,
    2.2341124861213757e-07,
    2.0477605744417815e-07,
    2.2011454348103143e-07,
    2.1247731751827814e-07,
    2.334362818601221e-07,
    2.1577741335931933e-06,
    3.303077846794622e-07,
    1.930028474816936e-07,
    1.093406126528862e-06,
    2.07390371542715e-06,
    1.9987508892427286e-07,
    3.934296728402842e-06,
    2.0934638200742484e-07,
    2.657559150520683e-07,
    7.278939619936864e-07,
    2.4692261035852425e-07,
    2.16299213207094e-07,
    2.1603537447845156e-07,
    2.3526658310402127e-07,
    2.405152486062434e-07,
    3.4264991199961514e-07,
    2.5590247787476983e-07,
    2.582305000942142e-07,
    2.323675971638295e-07,
    1.9101861425951938e-07,
    2.0152525337380212e-07,
    3.0340959256136557e-07,
    2.553129831994738e-07,
    2.3106198909772502e-07,
    2.8871784252260113e-07,
    2.1491064217116218e-07,
    2.1143583239791042e-07,
    2.5992960672738263e-07,
    2.1781207237836497e-07,
    2.0322460159150069e-07,
    3.4257720926689217e-07,
    2.1040401065874903e-07,
    2.1462332711053023e-07,
    3.737875715614791e-07,
    1.7057800505426712e-07,
    2.4134521936503006e-07,
    2.0762993813150388e-07,
    2.0560887037390785e-07,
    2.7392744073040376e-07,
    1.6088759480226145e-07,
    2.452777607686585e-07,
    2.8696797471639e-07,
    2.1011688033922837e-07,
    4.418119203819515e-07,
