{
  "version": "plots/_T_10_y0_0_1_network_architectures_4_50_activations_tanh_learning_rates_0_001_collocations_1024_epochs_50000_regularization_no_reg_reg_epochs_1_reg_coeff_0_01_reg_decay_1_/run_0",
  "seed": 1,
  "y0": 0.1,
  "T": 10,
  "N_col": 1024,
  "N_hidden": 4,
  "N_neurons": 50,
  "activation": "tanh",
  "N_epochs": 50000,
  "learning_rate": 0.001,
  "decay_rate": 1.0,
  "freq_log": 100,
  "freq_print": 1000,
  "keys_print": [
    "loss"
  ],
  "freq_save": 0,
  "regularization": "no_reg",
  "reg_coeff": 0.01,
  "reg_decay": 1,
  "reg_epochs": 1,
  "loss": [
    0.008780467323958874,
    0.001945464056916535,
    0.0018586104270070791,
    0.002033448312431574,
    0.0018254418391734362,
    0.002106985542923212,
    0.0020595435053110123,
    0.002109106397256255,
    0.002041311003267765,
    0.0018805891741067171,
    0.0016875849105417728,
    0.0023602538276463747,
    0.002119060605764389,
    0.00244911084882915,
    0.0021645324304699898,
    0.0023530966136604548,
    0.0016957148909568787,
    0.0023488053120672703,
    0.0019818057771772146,
    0.0019498318433761597,
    0.0021381392143666744,
    0.0018527350621297956,
    0.001922252238728106,
    0.0022061876952648163,
    0.0020170537754893303,
    0.00201177760027349,
    0.001907051308080554,
    0.001870528212748468,
    0.0017692707479000092,
    0.0023538891691714525,
    0.002023291075602174,
    0.0020873635075986385,
    0.0018042868468910456,
    0.0017967798048630357,
    0.0020036271307617426,
    0.0019093053415417671,
    0.0021274080500006676,
    0.0020202300511300564,
    0.0023127244785428047,
    0.0016519998898729682,
    0.001985542243346572,
    0.0022189640440046787,
    0.001977367326617241,
    0.0019420005846768618,
    0.0020353395957499743,
    0.001955581596121192,
    0.0017646600026637316,
    0.002020197454839945,
    0.002085740678012371,
    0.0019976203329861164,
    0.002017401857301593,
    0.00190542743075639,
    0.002202095463871956,
    0.002085232175886631,
    0.002235615160316229,
    0.0020024366676807404,
    0.002172240288928151,
    0.001845586346462369,
    0.0022304332815110683,
    0.0021612043492496014,
    0.002033072058111429,
    0.00197013933211565,
    0.002212867606431246,
    0.0019031353294849396,
    0.002225603675469756,
    0.0019454858265817165,
    0.0018698611529543996,
    0.0019162683747708797,
    0.0020338832400739193,
    0.001884941477328539,
    0.0019771293736994267,
    0.0020743911154568195,
    0.0018938087159767747,
    0.00237850658595562,
    0.0019504184601828456,
    0.0016498956829309464,
    0.0023843408562242985,
    0.0021583850029855967,
    0.0022035487927496433,
    0.0019281943095847964,
    0.0021376414224505424,
    0.0020453082397580147,
    0.0018922496819868684,
    0.0019454273860901594,
    0.0020600988063961267,
    0.0017820372013375163,
    0.002122607547789812,
    0.0020881553646177053,
    0.0019173151813447475,
    0.0018613310530781746,
    0.002026510192081332,
    0.0016677072271704674,
    0.0018734463956207037,
    0.001649937592446804,
    0.00200855266302824,
    0.002008379902690649,
    0.0020091189071536064,
    0.0020001071970909834,
    0.002205674070864916,
    0.0022461004555225372,
    0.0016324270982295275,
    0.0019347257912158966,
    0.0020766956731677055,
    0.001980070024728775,
    0.0018618579488247633,
    0.002416004426777363,
    0.0019109814893454313,
    0.0020186102483421564,
    0.0019918307662010193,
    0.002014500554651022,
    0.0020495543722063303,
    0.0020872214809060097,
    0.002103733364492655,
    0.0019941506907343864,
    0.001774492091499269,
    0.0020858822390437126,
    0.0018864492885768414,
    0.0019151540473103523,
    0.0019252973143011332,
    0.002173570916056633,
    0.00221506180241704,
    0.002040029037743807,
    0.0019648591987788677,
    0.001838225987739861,
    0.0017692387336865067,
    0.0022529528941959143,
    0.0019645392894744873,
    0.0020757075399160385,
    0.002132951747626066,
    0.0019656196236610413,
    0.0019235594663769007,
    0.0016737934201955795,
    0.0016725421883165836,
    0.0018571463879197836,
    0.0017195334658026695,
    0.0018482289742678404,
    0.00218344759196043,
    0.0019183505792170763,
    0.002001391723752022,
    0.0019158050417900085,
    0.001936058048158884,
    0.001757059246301651,
    0.002010369673371315,
    0.0018199342302978039,
    0.0023667458444833755,
    0.0020197001285851,
    0.0017746950034052134,
    0.0019307041075080633,
    0.0017315471777692437,
    0.0021278630010783672,
    0.0019148573046550155,
    0.001922752009704709,
    0.0012515949783846736,
    0.0019578502979129553,
    0.0016619493253529072,
    0.0019198569934815168,
    0.0018699206411838531,
    0.002047192305326462,
    0.002018606523051858,
    0.0019607841968536377,
    0.002067184541374445,
    0.001843955833464861,
    0.0019869618117809296,
    0.0020846757106482983,
    0.0020734816789627075,
    0.0019825852941721678,
    0.0018901961157098413,
    0.0017734882421791553,
    0.0018782037077471614,
    0.0018845556769520044,
    0.0018555019050836563,
    0.0019558523781597614,
    0.001966747222468257,
    0.0020325081422924995,
    0.001897416077554226,
    0.001892810221761465,
    0.0018032077932730317,
    0.0020840787328779697,
    0.0017527216114103794,
    0.0018507798667997122,
    0.0022173109464347363,
    0.0017164767486974597,
    0.0018382761627435684,
    0.002137275878340006,
    0.0022285538725554943,
    0.0020326231606304646,
    0.0017759399488568306,
    0.0018989896634593606,
    0.0021123848855495453,
    0.0021087939385324717,
    0.0025339799467474222,
    0.0017756880261003971,
    0.0016790771624073386,
    0.002004502806812525,
    0.0021644486114382744,
    0.0018755089258775115,
    0.0020851336885243654,
    0.0018473435193300247,
    0.0020229078363627195,
    0.002043710323050618,
    0.0018840611446648836,
    0.002143257763236761,
    0.0019440375035628676,
    0.0022754387464374304,
    0.0022733397781848907,
    0.0021142736077308655,
    0.0016272547654807568,
    0.0022416054271161556,
    0.0021650944836437702,
    0.0022248118184506893,
    0.0018449043855071068,
    0.0022305906750261784,
    0.0019099808996543288,
    0.0017809001728892326,
    0.0019478758331388235,
    0.0017150116618722677,
    0.001890123588964343,
    0.0023675316479057074,
    0.002001887885853648,
    0.0019779882859438658,
    0.002087083412334323,
    0.0019192728213965893,
    0.0018470673821866512,
    0.002025577938184142,
    0.002178496215492487,
    0.0021070409566164017,
    0.002189742401242256,
    0.0018827174790203571,
    0.0022912484128028154,
    0.002464012708514929,
    0.001954032573848963,
    0.00195010332390666,
    0.002025112509727478,
    0.002369551220908761,
    0.0019165151752531528,
    0.002442124066874385,
    0.0019012319389730692,
    0.0020288764499127865,
    0.002264810260385275,
    0.0021768829319626093,
    0.0020021821837872267,
    0.001738022081553936,
    0.00185805419459939,
    0.0019812723621726036,
    0.001803143066354096,
    0.0019127667183056474,
    0.0018237890908494592,
    0.0021348982118070126,
    0.001802188577130437,
    0.0019509054254740477,
    0.002043299376964569,
    0.0019488059915602207,
    0.0017258378211408854,
    0.002031012438237667,
    0.0018507062923163176,
    0.0018151717958971858,
    0.001966536045074463,
    0.002081521088257432,
    0.0016378366854041815,
    0.0016507087275385857,
    0.002016963204368949,
    0.001951318816281855,
    0.0017685722559690475,
    0.0019220374524593353,
    0.0015342349652200937,
    0.002094323979690671,
    0.0023184907622635365,
    0.0018290037987753749,
    0.0020122588612139225,
    0.002272577490657568,
    0.0021725804544985294,
    0.002218339592218399,
    0.0020716944709420204,
    0.0018115404527634382,
    0.002132628345862031,
    0.0021742964163422585,
    0.0022627958096563816,
    0.001858539879322052,
