{
  "version": "model_weights/_T_7_5_y0_0_1_network_architectures_4_50_activations_tanh_learning_rates_0_001_collocations_1024_epochs_50000_reg_epochs_1_0_reg_coeff_1_reg_decay_1_/run_2",
  "seed": 1,
  "y0": 0.1,
  "T": 7.5,
  "N_col": 1024,
  "N_hidden": 4,
  "N_neurons": 50,
  "activation": "tanh",
  "N_epochs": 50000,
  "learning_rate": 0.001,
  "decay_rate": 1.0,
  "freq_log": 100,
  "freq_print": 1000,
  "keys_print": [
    "loss"
  ],
  "freq_save": 0,
  "reg_coeff": 1,
  "reg_decay": 1,
  "reg_epochs": 1.0,
  "loss": [
    0.0896928682923317,
    0.052387043833732605,
    0.047822028398513794,
    0.04629373550415039,
    0.04381108283996582,
    0.048381879925727844,
    0.047657545655965805,
    0.04654112458229065,
    0.04726497456431389,
    0.044798947870731354,
    0.04056958109140396,
    0.050537191331386566,
    0.04988347738981247,
    0.05212726071476936,
    0.04762548953294754,
    0.05085323750972748,
    0.041466835886240005,
    0.05174113065004349,
    0.04400042071938515,
    0.0463915690779686,
    0.045304737985134125,
    0.04502388834953308,
    0.04578321427106857,
    0.04943465441465378,
    0.04675045609474182,
    0.046048685908317566,
    0.04449756070971489,
    0.04484601318836212,
    0.0440102219581604,
    0.049993544816970825,
    0.047208428382873535,
    0.048597369343042374,
    0.04392945021390915,
    0.04397432506084442,
    0.04560002684593201,
    0.0453634187579155,
    0.04701193422079086,
    0.04757898673415184,
    0.049550190567970276,
    0.04083322733640671,
    0.045419804751873016,
    0.049392931163311005,
    0.0474015511572361,
    0.045185498893260956,
    0.04508586227893829,
    0.04638022556900978,
    0.04189123213291168,
    0.04401163384318352,
    0.046717993915081024,
    0.04594629257917404,
    0.047602150589227676,
    0.04322703182697296,
    0.04875306412577629,
    0.047990165650844574,
    0.04926925152540207,
    0.04446129873394966,
    0.04717433080077171,
    0.041776031255722046,
    0.04969834163784981,
    0.04619324952363968,
    0.04468965902924538,
    0.04528838396072388,
    0.048619188368320465,
    0.04471271112561226,
    0.04866248369216919,
    0.04590347036719322,
    0.046606115996837616,
    0.04581214487552643,
    0.048599790781736374,
    0.04521894454956055,
    0.04732046276330948,
    0.0458616279065609,
    0.04561876505613327,
    0.050989311188459396,
    0.04518616944551468,
    0.04226519912481308,
    0.049134448170661926,
    0.04875265061855316,
    0.04841321334242821,
    0.047767274081707,
    0.04777292162179947,
    0.047337815165519714,
    0.04431180655956268,
    0.04660070687532425,
    0.04642216116189957,
    0.04436911642551422,
    0.048310983926057816,
    0.048516541719436646,
    0.04516613483428955,
    0.04316762089729309,
    0.047205135226249695,
    0.03943057358264923,
    0.04485929757356644,
    0.04227776452898979,
    0.045074500143527985,
    0.04421054199337959,
    0.0450558066368103,
    0.044077567756175995,
    0.049210257828235626,
    0.048023708164691925,
    0.04241161420941353,
    0.04318593069911003,
    0.046949319541454315,
    0.04415677487850189,
    0.04435884207487106,
    0.05292763561010361,
    0.041925374418497086,
    0.04697401821613312,
    0.047702912241220474,
    0.046498920768499374,
    0.046191178262233734,
    0.043988559395074844,
    0.04765617847442627,
    0.044930350035429,
    0.044007133692502975,
    0.04721677303314209,
    0.044422127306461334,
    0.04398477077484131,
    0.04422894865274429,
    0.048620957881212234,
    0.04973150044679642,
    0.04880919307470322,
    0.046738289296627045,
    0.043696071952581406,
    0.04332628473639488,
    0.04989933967590332,
    0.04549694061279297,
    0.04780450463294983,
    0.047131702303886414,
    0.04717133566737175,
    0.044620249420404434,
    0.04182454198598862,
    0.04195661470293999,
    0.04353674501180649,
    0.04313265532255173,
    0.046647537499666214,
    0.0495237335562706,
    0.043500497937202454,
    0.045696042478084564,
    0.04585055261850357,
    0.043712422251701355,
    0.043231576681137085,
    0.04751159995794296,
    0.04624560475349426,
    0.050499945878982544,
    0.044425029307603836,
    0.043485675007104874,
    0.044770725071430206,
    0.04299548268318176,
    0.047288984060287476,
    0.04600051790475845,
    0.045207489281892776,
    0.03633172810077667,
    0.04622069373726845,
    0.04066045209765434,
    0.04507390409708023,
    0.04485299438238144,
    0.04664734750986099,
    0.045178428292274475,
    0.0441482774913311,
    0.04659997671842575,
    0.044522788375616074,
    0.04395502805709839,
    0.0469060018658638,
    0.04648289829492569,
    0.04493077099323273,
    0.04615094140172005,
    0.04245472699403763,
    0.04465414583683014,
    0.0446641780436039,
    0.04405707120895386,
    0.046377211809158325,
    0.04593319445848465,
    0.04667873680591583,
    0.04412306100130081,
    0.0441836453974247,
    0.045113369822502136,
    0.04808387905359268,
    0.04243408888578415,
    0.046019092202186584,
    0.04965794086456299,
    0.042453549802303314,
    0.04413938894867897,
    0.04841386526823044,
    0.048433948308229446,
    0.04729275405406952,
    0.044682957231998444,
    0.045873261988162994,
    0.046986475586891174,
    0.0478016659617424,
    0.05149402096867561,
    0.041755374521017075,
    0.04210411757230759,
    0.047062505036592484,
    0.04923747107386589,
    0.04499248042702675,
    0.04759226739406586,
    0.04762745648622513,
    0.0463271290063858,
    0.04701231047511101,
    0.04385502636432648,
    0.04684692993760109,
    0.0467119924724102,
    0.04904798045754433,
    0.04821030795574188,
    0.04820984601974487,
    0.042174823582172394,
    0.04871831089258194,
    0.047844670712947845,
    0.046890586614608765,
    0.04516252130270004,
    0.048726435750722885,
    0.044717784970998764,
    0.042732201516628265,
    0.04676704481244087,
    0.04244115948677063,
    0.04593169689178467,
    0.049327507615089417,
    0.04605244845151901,
    0.044191211462020874,
    0.04896923154592514,
    0.046474356204271317,
    0.045850418508052826,
    0.04890824481844902,
    0.04877788573503494,
    0.047491200268268585,
    0.0455736368894577,
    0.04490813985466957,
    0.04959729686379433,
    0.05261245742440224,
    0.04626762121915817,
    0.044566988945007324,
    0.04535245895385742,
    0.0510609932243824,
    0.04437610134482384,
    0.05363882705569267,
    0.04407640919089317,
    0.0444546714425087,
    0.04975096136331558,
    0.04982028901576996,
    0.045208849012851715,
    0.042301639914512634,
    0.04497062414884567,
    0.046765707433223724,
    0.044584378600120544,
    0.04503874480724335,
    0.04263869300484657,
    0.04833625629544258,
    0.04440194368362427,
    0.047548286616802216,
    0.04600105434656143,
    0.04480292648077011,
    0.04363618046045303,
    0.046874724328517914,
    0.04393865168094635,
    0.04375408589839935,
    0.04519897699356079,
    0.04694642871618271,
    0.041607778519392014,
    0.04151774197816849,
    0.04584168270230293,
    0.04538336396217346,
    0.04405113309621811,
    0.047002457082271576,
    0.04278514161705971,
    0.04761381447315216,
    0.04835842549800873,
    0.04461020976305008,
    0.04571670666337013,
    0.05034860968589783,
    0.049220334738492966,
    0.048734720796346664,
    0.046010278165340424,
    0.042895108461380005,
    0.050676129758358,
    0.04771215841174126,
    0.05007050186395645,
    0.04379936307668686,
    0.05027800425887108,
    0.047373510897159576,
    0.0454549565911293,
    0.047941021621227264,
    0.04629652947187424,
    0.0478510782122612,
    0.04373391717672348,
    0.04454237222671509,
    0.042260751128196716,
    0.04661001265048981,
    0.04234328866004944,
    0.04599466919898987,
    0.046305589377880096,
    0.04552330821752548,
    0.04460646212100983,
    0.04389160871505737,
    0.04720768705010414,
