{
  "version": "model_weights/_T_7_5_y0_0_01_network_architectures_4_50_activations_tanh_learning_rates_0_001_collocations_1024_epochs_50000_reg_epochs_0_reg_coeff_1_reg_decay_1_/run_2",
  "seed": 1,
  "y0": 0.01,
  "T": 7.5,
  "N_col": 1024,
  "N_hidden": 4,
  "N_neurons": 50,
  "activation": "tanh",
  "N_epochs": 50000,
  "learning_rate": 0.001,
  "decay_rate": 1.0,
  "freq_log": 100,
  "freq_print": 1000,
  "keys_print": [
    "loss"
  ],
  "freq_save": 0,
  "reg_coeff": 1,
  "reg_decay": 1,
  "reg_epochs": 0,
  "loss": [
    0.16326747834682465,
    3.427572301006876e-05,
    2.630140988912899e-05,
    2.7075853722635657e-05,
    2.46355302806478e-05,
    2.8411561288521625e-05,
    2.796157423290424e-05,
    2.7971247618552297e-05,
    4.0585371607448906e-05,
    2.7312751626595855e-05,
    2.317398502782453e-05,
    6.716328061884269e-05,
    4.954086762154475e-05,
    0.00010324138565920293,
    3.0392662665690295e-05,
    7.275883399415761e-05,
    2.268967182317283e-05,
    3.654040483525023e-05,
    2.841866808012128e-05,
    2.882130502257496e-05,
    2.9838985938113183e-05,
    2.58579348155763e-05,
    2.7790601961896755e-05,
    4.103643004782498e-05,
    2.8973388907616027e-05,
    4.676004027714953e-05,
    2.6495286874705926e-05,
    3.19545142701827e-05,
    7.602923142258078e-05,
    3.2830612326506525e-05,
    4.501833609538153e-05,
    2.9443170205922797e-05,
    2.6771651391754858e-05,
    2.5023431589943357e-05,
    2.8792748707928695e-05,
    2.5821867893682793e-05,
    2.8185220799059607e-05,
    3.003164238180034e-05,
    3.08689777739346e-05,
    2.4679819034645334e-05,
    2.976155337819364e-05,
    5.977166802040301e-05,
    2.69859992840793e-05,
    2.6250745577272028e-05,
    2.8305623345659114e-05,
    3.151120836264454e-05,
    6.1009181081317365e-05,
    2.6291756512364373e-05,
    4.171542605035938e-05,
    2.6521920517552644e-05,
    3.184319211868569e-05,
    2.512582068447955e-05,
    3.399604611331597e-05,
    3.365577504155226e-05,
    3.0211860575946048e-05,
    2.693657370400615e-05,
    3.447081326157786e-05,
    3.010423097293824e-05,
    3.125245711999014e-05,
    2.7486916224006563e-05,
    2.8277321689529344e-05,
    2.6561343474895693e-05,
    2.9308714147191495e-05,
    2.6429624995216727e-05,
    2.9970877221785486e-05,
    2.8642456527450122e-05,
    2.6193421945208684e-05,
    3.980031397077255e-05,
    2.8881297112093307e-05,
    2.604218025226146e-05,
    2.6849962523556314e-05,
    2.7200852855457924e-05,
    2.6419829737278633e-05,
    3.2021565857576206e-05,
    2.6356447051512077e-05,
    2.8202752218930982e-05,
    3.04407840303611e-05,
    2.9781203920720145e-05,
    2.842378307832405e-05,
    2.6706109565566294e-05,
    2.8640886739594862e-05,
    2.781928014883306e-05,
    2.5129260393441655e-05,
    2.716192466323264e-05,
    2.7454931114334613e-05,
    2.4373830456170253e-05,
    3.0263907319749705e-05,
    2.9540027753682807e-05,
    2.8541215215227567e-05,
    2.5052393539226614e-05,
    3.388023469597101e-05,
    2.2740256099496037e-05,
    3.200166247552261e-05,
    2.5064146029762924e-05,
    2.8663260309258476e-05,
    2.7847025194205344e-05,
    2.7424071959103458e-05,
    2.7868903998751193e-05,
    2.9569835533038713e-05,
    7.593672489747405e-05,
    2.2885753423906863e-05,
    2.4990107704070397e-05,
    2.7757021598517895e-05,
    2.5887173251248896e-05,
    2.5300705601694062e-05,
    3.1681011023465544e-05,
    2.466408841428347e-05,
    2.6860410798690282e-05,
    2.721185956033878e-05,
    2.7015252271667123e-05,
    2.728068284341134e-05,
    2.6517591322772205e-05,
    2.7727946871891618e-05,
    2.6181633074884303e-05,
    2.4489283532602713e-05,
    2.79654013866093e-05,
    2.524568662920501e-05,
    2.5434688723180443e-05,
    2.5585981347830966e-05,
    2.878911982406862e-05,
    2.9425231332425028e-05,
    2.8130923965363763e-05,
    2.6524907298153266e-05,
    2.4645951270940714e-05,
    2.4086952180368826e-05,
    2.996058356075082e-05,
    2.63590227405075e-05,
    2.7825208235299215e-05,
    2.7584734198171645e-05,
    2.6922516553895548e-05,
    2.5277557142544538e-05,
    2.300420601386577e-05,
    2.3118893295759335e-05,
    2.4644899895065464e-05,
    2.3498501832364127e-05,
    2.5906949304044247e-05,
    2.919104190368671e-05,
    2.4714652681723237e-05,
    2.6199440981145017e-05,
    2.6220286599709652e-05,
    2.537073305575177e-05,
    2.452512489981018e-05,
    2.76054361165734e-05,
    2.4958506401162595e-05,
    3.0869061447447166e-05,
    2.6499108571442775e-05,
    2.4368597223656252e-05,
    2.6120080292457715e-05,
    2.4071738152997568e-05,
    2.811513331835158e-05,
    2.6300340323359706e-05,
    2.6569730835035443e-05,
    1.8039310816675425e-05,
    2.6367932150606066e-05,
    2.278354440932162e-05,
    2.601909545774106e-05,
    2.525847048673313e-05,
    2.7400416001910344e-05,
    2.6645957404980436e-05,
    2.5944791559595615e-05,
    2.7243542717769742e-05,
    2.5505332814645953e-05,
    2.6590827474137768e-05,
    2.7756355848396197e-05,
    2.740104537224397e-05,
    2.7084128305432387e-05,
    2.637492070789449e-05,
    2.4330893211299554e-05,
    2.5366938643855974e-05,
    2.5860979803837836e-05,
    2.5186782295349985e-05,
    2.726902675931342e-05,
    2.653337833180558e-05,
    2.7180718461750075e-05,
    2.5542211005813442e-05,
    2.5039942556759343e-05,
    2.5184344849549234e-05,
    2.798555578920059e-05,
    2.394199327682145e-05,
    2.645057247718796e-05,
    3.051064777537249e-05,
    2.3635269826627336e-05,
    2.5029677999555133e-05,
    2.8729211408062838e-05,
    2.9028908102191053e-05,
    2.817155109369196e-05,
    2.594222860352602e-05,
    2.63233196164947e-05,
    2.8041778932674788e-05,
    2.822017813741695e-05,
    3.225697946618311e-05,
    2.417221912764944e-05,
    2.308356124558486e-05,
    2.7430371119407937e-05,
    2.9005161195527762e-05,
    2.5854506020550616e-05,
    2.765719182207249e-05,
    2.6035948394564912e-05,
    2.733663859544322e-05,
    2.7022579160984606e-05,
    2.4924633180489764e-05,
    2.807252894854173e-05,
    2.7080724976258352e-05,
    2.9644092137459666e-05,
    2.954772935481742e-05,
    2.828376818797551e-05,
    2.3361004423350096e-05,
    2.9320781322894618e-05,
    2.8665297577390447e-05,
    2.857694744307082e-05,
    2.5534656742820516e-05,
    3.0055560273467563e-05,
    2.5628960429457948e-05,
    2.4239483536803164e-05,
    3.480716623016633e-05,
    2.4726999981794506e-05,
    2.676229451026302e-05,
    3.0409713872359134e-05,
    2.6924253688775934e-05,
    2.5933224605978467e-05,
    2.809609577525407e-05,
    2.6326506485929713e-05,
    2.60773922491353e-05,
    2.8334996386547573e-05,
    2.859509186237119e-05,
    2.794532701955177e-05,
    2.7741698431782424e-05,
    2.565014801803045e-05,
    2.9948902010801248e-05,
    3.1933643185766414e-05,
    2.6139292458537966e-05,
    2.5852437829598784e-05,
    2.677666452655103e-05,
    3.126760202576406e-05,
    2.5138931960100308e-05,
    3.2626692700432613e-05,
    2.5309334887424484e-05,
    2.6559249818092212e-05,
    3.0346738640218973e-05,
    2.9539289243984967e-05,
    2.6518715458223596e-05,
    2.3509172024205327e-05,
    2.5747889594640583e-05,
    2.6218414859613404e-05,
    2.4981802198453806e-05,
    2.5847184588201344e-05,
    2.4455457605654374e-05,
    2.8454684070311487e-05,
    2.488160680513829e-05,
    2.717080496950075e-05,
    2.7199432224733755e-05,
    2.588331699371338e-05,
    2.4121865862980485e-05,
    2.748781298578251e-05,
    2.5063463908736594e-05,
    2.4827470042509958e-05,
    2.649499219842255e-05,
    2.7613907150225714e-05,
    2.2725807866663672e-05,
    2.2727754185325466e-05,
    2.7568232326302677e-05,
    2.6267334760632366e-05,
    2.496788147254847e-05,
    2.6478461222723126e-05,
    2.2679978428641334e-05,
    2.8402921088854782e-05,
    2.94909314106917e-05,
    2.5224928322131746e-05,
    2.7015728846890852e-05,
    3.0194001737982035e-05,
