{
  "version": "plots/_T_7_5_y0_0_001_network_architectures_4_50_activations_tanh_learning_rates_0_001_collocations_1024_epochs_50000_regularization_unstable_fp_reg_epochs_1_reg_coeff_100000_reg_decay_1_/run_9",
  "seed": 1,
  "y0": 0.001,
  "T": 7.5,
  "N_col": 1024,
  "N_hidden": 4,
  "N_neurons": 50,
  "activation": "tanh",
  "N_epochs": 50000,
  "learning_rate": 0.001,
  "decay_rate": 1.0,
  "freq_log": 100,
  "freq_print": 1000,
  "keys_print": [
    "loss"
  ],
  "freq_save": 0,
  "regularization": "unstable_fp",
  "reg_coeff": 100000,
  "reg_decay": 1,
  "reg_epochs": 1,
  "loss": [
    0.015567421913146973,
    0.010406222194433212,
    0.0079317232593894,
    0.006336791440844536,
    0.004959857556968927,
    0.0036379946395754814,
    0.0024467462208122015,
    0.0019777785055339336,
    0.0016548049170523882,
    0.0011297520250082016,
    0.0007907451945357025,
    0.0005373815074563026,
    0.00040731194894760847,
    0.0003594225854612887,
    0.00029609233024530113,
    0.00025574519531801343,
    0.00021234346786513925,
    0.00018543534679338336,
    0.00015899060235824436,
    0.00013602001126855612,
    0.00012914683611597866,
    9.746793512022123e-05,
    8.223691838793457e-05,
    6.889583164593205e-05,
    6.106795626692474e-05,
    5.022607001592405e-05,
    3.7710327887907624e-05,
    3.5594028304331005e-05,
    2.702387973840814e-05,
    2.6445874027558602e-05,
    2.0037719878018834e-05,
    1.4951737284718547e-05,
    1.189877002616413e-05,
    1.0800239579111803e-05,
    9.680714356363751e-06,
    7.441844900313299e-06,
    8.154715033015236e-06,
    6.454293725255411e-06,
    6.210767878656043e-06,
    5.168943971511908e-06,
    5.668055564456154e-06,
    5.060445801063906e-06,
    4.562498816085281e-06,
    4.2360466068203095e-06,
    3.851330802717712e-06,
    0.05079302936792374,
    0.01450454443693161,
    0.0006495318375527859,
    0.0003460102598182857,
    0.0002433373301755637,
    0.0001959960936801508,
    0.00014959122927393764,
    0.00013592903269454837,
    0.00011641547462204471,
    0.00010777930583572015,
    8.638814324513078e-05,
    7.341434684349224e-05,
    6.35173637419939e-05,
    6.14285672781989e-05,
    5.402038004831411e-05,
    4.490847641136497e-05,
    3.7368568882811815e-05,
    4.31047155871056e-05,
    3.845155515591614e-05,
    3.5107765143038705e-05,
    2.628697984619066e-05,
    2.6659228751668707e-05,
    2.2321935830404982e-05,
    2.3532978957518935e-05,
    1.95423599507194e-05,
    1.8332637409912422e-05,
    1.6921178030315787e-05,
    1.5563000488327816e-05,
    1.5900674043223262e-05,
    1.3495611710823141e-05,
    1.1380030628060922e-05,
    1.288110070163384e-05,
    1.2065336704836227e-05,
    1.0884956282097846e-05,
    1.0057498002424836e-05,
    8.753731890465133e-06,
    8.260370123025496e-06,
    7.234984423121205e-06,
    7.387393907265505e-06,
    7.620794804097386e-06,
    6.05045715929009e-06,
    7.1989288699114695e-06,
    6.150916306069121e-06,
    5.202665306569543e-06,
    4.6049685806792695e-06,
    4.923632332065608e-06,
    4.153438567300327e-06,
    4.047946731589036e-06,
    3.5836924325849395e-06,
    3.907487553078681e-06,
    3.4864565350289922e-06,
    3.284327476649196e-06,
    3.1625838801119244e-06,
    3.3399144285795046e-06,
    2.889066536226892e-06,
    2.524760930100456e-06,
    2.8256331461307127e-06,
    2.552690830270876e-06,
    2.2742306100553833e-06,
    6.426373875001445e-05,
    0.0786602720618248,
    0.0015282637905329466,
    0.0006840775604359806,
    0.00035333435516804457,
    0.00022093950246926397,
    0.00014455729979090393,
    0.00010551622835919261,
    7.802079926477745e-05,
    6.310771277640015e-05,
    4.8922640417004004e-05,
    4.8372869059676304e-05,
    3.7643054383806884e-05,
    3.582702629501e-05,
    3.0263236112659797e-05,
    3.075860513490625e-05,
    2.7778423827840015e-05,
    2.373750976403244e-05,
    2.1260944777168334e-05,
    1.8629198166308925e-05,
    1.8846581951947883e-05,
    2.168243190681096e-05,
    1.4895087588229217e-05,
    1.3567338100983761e-05,
    1.180473918793723e-05,
    1.1262545740464702e-05,
    8.899842214304954e-06,
    8.222511496569496e-06,
    8.018923836061731e-06,
    7.432926850015065e-06,
    5.734238584409468e-06,
    5.614637757389573e-06,
    5.468163180921692e-06,
    4.560951310850214e-06,
    4.162615368841216e-06,
    3.5751777431869414e-06,
    3.381614078534767e-06,
    2.9172165341151413e-06,
    2.8847546218457865e-06,
    2.229773599538021e-06,
    2.401421852482599e-06,
    1.981966079256381e-06,
    1.7858255887404084e-06,
    1.7296092664764728e-06,
    1.6893957308639074e-06,
    1.594041236785415e-06,
    1.4414031284104567e-06,
    1.3953684856460313e-06,
    1.145509031630354e-06,
    1.1862159681186313e-06,
    1.0259087730446481e-06,
    9.570533165970119e-07,
    9.274006629311771e-07,
    9.09213440536405e-07,
    9.764727337824297e-07,
    9.541687404635013e-07,
    1.691802481218474e-06,
    0.010324312373995781,
    0.0013775306288152933,
    0.0012414834927767515,
    0.0008686615037731826,
    0.0006953785195946693,
    0.0004661726125050336,
    0.0007899944903329015,
    0.0006267197895795107,
    0.0006857904954813421,
    0.000797564978711307,
    0.0005053495988249779,
    0.0002147640334442258,
    0.0005577621050179005,
    0.0002980564604513347,
    0.0011924558784812689,
    0.0001982429384952411,
    0.0002979523269459605,
    0.0012225868413224816,
    0.00026113761123269796,
    0.00037377234548330307,
    0.00013064885570202023,
    0.0004918287158943713,
    0.00016736201359890401,
    0.000489929923787713,
    0.0005232823896221817,
    0.00023830076679587364,
    0.0003889103536494076,
    0.0007339487201534212,
    0.0006267818971537054,
    0.0013983647804707289,
    0.0004713693051598966,
    0.00033205849467776716,
    0.00011162853479618207,
    0.0005083876894786954,
    0.0003891601227223873,
    0.00043520581675693393,
    9.031855734065175e-05,
    0.00014594238018617034,
    0.00011100146366516128,
    0.0002223895862698555,
    0.0007796238642185926,
    0.015551562421023846,
    0.0017116984818130732,
    0.001080798450857401,
    0.000505875505041331,
    0.0004169655730947852,
    0.0006650689756497741,
    0.0008209182997234166,
    0.0011561495484784245,
    0.0007381663308478892,
    9.391960338689387e-05,
    0.000478411209769547,
    0.001002129982225597,
    0.0008972136420197785,
    0.0003078666632063687,
    0.0003383730072528124,
    0.0003474602126516402,
    0.0010782028548419476,
    0.0007343711331486702,
    0.00040863442700356245,
    0.00019074766896665096,
    7.64866781537421e-05,
    6.547987868543714e-05,
    0.0003718077205121517,
    0.0006633408484049141,
    0.00040836213156580925,
    4.313947647460736e-05,
    0.0011570942588150501,
    0.0009067587088793516,
    0.0002411965688224882,
    0.00013022113125771284,
    0.0007255884702317417,
    0.00039074127562344074,
    0.000868951203301549,
    0.00042313808808103204,
    0.0007565185660496354,
    6.332197517622262e-05,
    0.0005761540960520506,
    2.8005817512166686e-05,
    0.00035419632331468165,
    0.0007378603331744671,
    6.264918283704901e-06,
    0.0007058670744299889,
    5.768423216068186e-05,
    0.00036648206878453493,
    0.0007421704358421266,
    0.0009463380556553602,
    9.745239367475733e-05,
    0.00042459811083972454,
    0.0004915950121358037,
    0.0007207763846963644,
    6.754686182830483e-06,
    0.00031247310107573867,
    0.00020529555331449956,
    5.232004332356155e-05,
    4.269029159331694e-05,
    0.0006159112672321498,
    7.948872371343896e-05,
    0.05957533419132233,
    0.04637725651264191,
    0.007698594126850367,
    0.0010549885919317603,
    0.000911987735889852,
    0.0005403679679147899,
    0.00029065049602650106,
    0.00040733255445957184,
    0.00015823918511159718,
    0.000571295851841569,
    0.0007059501949697733,
    0.00010093564924318343,
    0.0008805702673271298,
