{
  "version": "plots/_T_10_y0_0_001_network_architectures_4_50_activations_tanh_learning_rates_0_001_collocations_1024_epochs_50000_regularization_no_reg_reg_epochs_1_reg_coeff_100000_reg_decay_1_/run_2",
  "seed": 1,
  "y0": 0.001,
  "T": 10,
  "N_col": 1024,
  "N_hidden": 4,
  "N_neurons": 50,
  "activation": "tanh",
  "N_epochs": 50000,
  "learning_rate": 0.001,
  "decay_rate": 1.0,
  "freq_log": 100,
  "freq_print": 1000,
  "keys_print": [
    "loss"
  ],
  "freq_save": 0,
  "regularization": "no_reg",
  "reg_coeff": 100000,
  "reg_decay": 1,
  "reg_epochs": 1,
  "loss": [
    0.08006860315799713,
    0.006137070246040821,
    0.0036894436925649643,
    0.002354168798774481,
    0.0016403226181864738,
    0.0013151589082553983,
    0.0009487859206274152,
    0.001200804254040122,
    0.0007033597212284803,
    0.0004875733866356313,
    0.00026199285639449954,
    0.0005872751353308558,
    0.00018571624241303653,
    0.0003380082780495286,
    0.00034196372143924236,
    0.0001740631996653974,
    0.0001343855110462755,
    0.00011856506171170622,
    0.00010747081250883639,
    9.111803228734061e-05,
    0.0004045919922646135,
    7.737106352578849e-05,
    0.00021337784710340202,
    0.00014522280253004283,
    0.0008842826937325299,
    6.615798338316381e-05,
    5.2367482567206025e-05,
    0.00048503291327506304,
    9.792990022106096e-05,
    5.2161598432576284e-05,
    7.267996261361986e-05,
    8.161045116139576e-05,
    3.71574133168906e-05,
    4.682105645770207e-05,
    7.902934157755226e-05,
    2.2309495761874132e-05,
    3.1192819733405486e-05,
    2.2109332348918542e-05,
    5.2671577577712014e-05,
    5.47103481949307e-05,
    2.313942604814656e-05,
    9.738649532664567e-05,
    0.00012272696767468005,
    1.2218921256135218e-05,
    1.8716986232902855e-05,
    1.3929696251580026e-05,
    6.208640843397006e-05,
    1.497392076998949e-05,
    0.00031106366077437997,
    8.448359949397855e-06,
    1.169709321402479e-05,
    5.779431376140565e-06,
    7.966214616317302e-05,
    1.1010557500412688e-05,
    7.881335477577522e-06,
    5.051738298789132e-06,
    1.5829369658604264e-05,
    1.8320481103728525e-05,
    3.2246430237137247e-06,
    5.0568225560709834e-05,
    2.1871178432775196e-06,
    1.3167048564355355e-05,
    2.0919380858686054e-06,
    1.5361262057922431e-06,
    4.734941467177123e-05,
    6.177159775688779e-06,
    5.0921034926432185e-06,
    1.389521798955684e-06,
    1.2960425920027774e-05,
    6.138026947155595e-06,
    7.1680678956909105e-06,
    1.7318363461527042e-05,
    1.4867549907648936e-05,
    6.056928896214231e-07,
    0.0004315850674174726,
    4.969805331711541e-07,
    3.4598684806042e-07,
    1.8178536265622824e-05,
    3.869798092637211e-06,
    3.0204132599465083e-06,
    2.657568529684795e-07,
    4.32683591498062e-05,
    1.7851562006399035e-06,
    1.6644096376694506e-06,
    1.850946318882052e-05,
    5.681837365045794e-07,
    1.5478413843084127e-05,
    1.4092938727117144e-06,
    6.301726216406678e-07,
    9.733381375554018e-06,
    1.5707887541793752e-06,
    1.7558113540872e-07,
    2.386701453360729e-05,
    7.690948109484452e-07,
    5.219263584876899e-06,
    4.100928890693467e-06,
    4.935540346195921e-05,
    2.8717337841044355e-07,
    1.8295884274266427e-06,
    4.3255613491055556e-06,
    1.6748995221860241e-06,
    6.388045221683569e-06,
    1.4568298638550914e-06,
    8.227183911913016e-07,
    4.2098713493032847e-07,
    4.107854749690887e-07,
    3.2683374229236506e-07,
    2.5231349809473613e-07,
    2.4415660959675733e-07,
    2.8963816589566704e-07,
    3.126516219253972e-07,
    2.459306358559843e-07,
    2.6341859893364017e-07,
    2.8751637159984966e-07,
    2.1266080807436083e-07,
    2.6370639716333244e-07,
    2.662715417045547e-07,
    3.244676349822839e-07,
    5.747988325310871e-06,
    2.595535022464901e-07,
    8.401652280554117e-07,
    3.071576202273718e-07,
    5.317495833878638e-06,
    1.151871174442931e-06,
    2.4236076569650322e-05,
    1.5849893316044472e-05,
    2.4465310843879706e-07,
    2.405422492302023e-05,
    3.104588870428415e-07,
    1.6786485502962023e-05,
    1.4684917914564721e-05,
    1.5562036423943937e-05,
    8.53981475756882e-07,
    6.182940978760598e-06,
    2.2141423983157438e-07,
    1.3152971405361313e-06,
    3.3745345717761666e-07,
    3.279832299085683e-07,
    8.414575859205797e-06,
    2.1251929638310685e-07,
    5.560410727412091e-07,
    8.280947440653108e-06,
    3.244791969336802e-06,
    2.7172111003892496e-05,
    7.651515261386521e-06,
    3.1933541322359815e-06,
    6.390617272700183e-06,
    2.04253183255787e-07,
    2.5477693270659074e-06,
    6.662580744887237e-07,
    1.5502868336625397e-05,
    4.867041297984542e-06,
    4.7869241825537756e-05,
    2.694554837034957e-07,
    2.3794106596142228e-07,
    2.7290354864817346e-07,
    1.0221897355222609e-06,
    3.4056205322485766e-07,
    4.977721346222097e-06,
    2.9960151550767478e-06,
    6.666663807664008e-07,
    6.315302698567393e-07,
    3.8408620639529545e-06,
    6.127094093244523e-05,
    6.9009452090540435e-06,
    2.5483070203335956e-05,
    3.107826159975957e-06,
    6.438282071030699e-06,
    4.873932084592525e-07,
    1.1349304713803576e-06,
    6.630719326494727e-06,
    1.3773480986856157e-06,
    5.849486797160353e-07,
    5.953875188424718e-07,
    3.1082657869774266e-07,
    2.1466239559231326e-06,
    3.0588466870540287e-07,
    1.7724701137922239e-06,
    1.6758719993958948e-06,
    2.784497610264225e-07,
    3.126817546217353e-06,
    1.7602195612198557e-07,
    3.772445325012086e-07,
    1.273445946026186e-06,
    3.0102012260613265e-07,
    4.862539753958117e-06,
    2.775850589387119e-07,
    2.0258495680991473e-07,
    8.933905064623104e-07,
    6.930456947884522e-06,
    3.067695388381253e-06,
    2.4564531031501247e-06,
    4.898151382803917e-05,
    8.394795827371127e-07,
    1.9814440292975632e-06,
    1.921081462796792e-07,
    2.9425184493447887e-06,
    2.333668192022742e-07,
    2.519477959594951e-07,
    2.3406555271776597e-07,
    1.899567791951995e-07,
    2.2350208439547714e-07,
    2.1590311405361717e-07,
    2.368042686384797e-07,
    2.3929612780193565e-07,
    2.2132604726721183e-07,
    1.7083951320273627e-07,
    2.3235402579757647e-07,
    2.2595999382701848e-07,
    2.26745612508239e-07,
    1.9213956647945452e-07,
    2.294737555530446e-07,
    1.9654700622595556e-07,
    1.831965903420496e-07,
    2.0230061181791825e-07,
    1.767722608292388e-07,
    1.9186796862413757e-07,
    2.4907421902753413e-07,
    2.0242791265445703e-07,
    1.9867607647938712e-07,
    2.0832364100442646e-07,
    1.973598671156651e-07,
    1.893822627607733e-07,
    2.1234120595181594e-07,
    2.260534017750615e-07,
    2.1429843855003128e-07,
    2.2663009247025911e-07,
    1.9351742253093107e-07,
    2.3346923683220666e-07,
    2.521631472518493e-07,
    2.0895828356515267e-07,
    2.0886059814984037e-07,
    2.085642023530454e-07,
    1.8916468889074167e-06,
    1.0211476819677046e-06,
    1.313081338594202e-05,
    2.467932517902227e-06,
    2.205391069765028e-07,
    2.468668469646218e-07,
    7.658373988306266e-07,
    4.2819385726033943e-07,
    2.490498809493147e-05,
    1.2060420431225793e-06,
    4.8169647470786e-07,
    1.0882059768846375e-06,
    2.208736077591311e-06,
    2.1732678590069554e-07,
    2.74684680334758e-05,
    1.8338265306283574e-07,
    6.554112769663334e-05,
    2.1284645868036023e-07,
    1.3594703887065407e-06,
    2.6551319365353265e-07,
    2.2775004708819324e-06,
    7.854733667045366e-06,
    1.2122120551794069e-06,
    4.851088988289121e-07,
    6.931916232133517e-07,
    3.226266699130065e-06,
    4.264124982000794e-06,
    6.766689466530806e-07,
    2.277529631555808e-07,
    3.0153696570778266e-06,
    2.2980948699569126e-07,
    1.7096468241106777e-07,
    1.2918027323394199e-06,
    1.915647771966178e-06,
    2.032166577237149e-07,
    4.633881871995982e-06,
    1.0185869996348629e-06,
