{
  "version": "model_weights/_T_7_5_y0_0_01_network_architectures_4_50_activations_tanh_learning_rates_0_001_collocations_1024_epochs_50000_reg_epochs_0_reg_coeff_1_reg_decay_1_/run_13",
  "seed": 1,
  "y0": 0.01,
  "T": 7.5,
  "N_col": 1024,
  "N_hidden": 4,
  "N_neurons": 50,
  "activation": "tanh",
  "N_epochs": 50000,
  "learning_rate": 0.001,
  "decay_rate": 1.0,
  "freq_log": 100,
  "freq_print": 1000,
  "keys_print": [
    "loss"
  ],
  "freq_save": 0,
  "reg_coeff": 1,
  "reg_decay": 1,
  "reg_epochs": 0,
  "loss": [
    0.16082996129989624,
    2.9308899684110656e-05,
    2.647422115842346e-05,
    2.7120478989672847e-05,
    2.4795564968371764e-05,
    2.833626786014065e-05,
    4.8678612074581906e-05,
    8.568334305891767e-05,
    5.536207027034834e-05,
    2.758360278676264e-05,
    2.669138484634459e-05,
    3.744375135283917e-05,
    3.8112993934191763e-05,
    4.308302959543653e-05,
    2.9257487767608836e-05,
    0.00038825225783511996,
    2.305626549059525e-05,
    3.0671857530251145e-05,
    2.7264683012617752e-05,
    2.8544498491100967e-05,
    3.388832919881679e-05,
    3.400787682039663e-05,
    2.8158689019619487e-05,
    3.0292860174085945e-05,
    2.7698653866536915e-05,
    2.953789589810185e-05,
    2.52406534855254e-05,
    3.4338634577579796e-05,
    4.7069443098735064e-05,
    3.0620809411630034e-05,
    2.8172707970952615e-05,
    3.339572504046373e-05,
    2.473120912327431e-05,
    2.793555540847592e-05,
    3.5745048080570996e-05,
    2.56958810496144e-05,
    2.8560152713907883e-05,
    4.574623017106205e-05,
    5.688914825441316e-05,
    6.834426312707365e-05,
    3.4026284993160516e-05,
    0.0001640673726797104,
    2.6983048883266747e-05,
    2.6056073693325743e-05,
    3.1258430681191385e-05,
    4.8510715714655817e-05,
    2.8141406801296398e-05,
    3.543194179655984e-05,
    5.422110189101659e-05,
    3.25490182149224e-05,
    4.163954145042226e-05,
    2.74346093647182e-05,
    8.097344834823161e-05,
    2.8133308660471812e-05,
    3.5468699934426695e-05,
    3.7199544749455526e-05,
    4.422586061991751e-05,
    8.57993436511606e-05,
    2.969778870465234e-05,
    3.639852366177365e-05,
    3.92971996916458e-05,
    2.7642445274977945e-05,
    3.3718166378093883e-05,
    2.5782346710911952e-05,
    3.567361272871494e-05,
    6.10972783761099e-05,
    9.96077578747645e-05,
    5.66822818655055e-05,
    3.431897857808508e-05,
    4.627875023288652e-05,
    2.7279340429231524e-05,
    2.9006005206611007e-05,
    3.6651352274930105e-05,
    3.90035129385069e-05,
    3.154830483254045e-05,
    2.4712970116524957e-05,
    3.2129169994732365e-05,
    2.919383769039996e-05,
    3.203209053026512e-05,
    3.500631282804534e-05,
    2.8545584427774884e-05,
    2.9245602490846068e-05,
    3.47502100339625e-05,
    3.1991832656785846e-05,
    2.7661661079037003e-05,
    2.615613084344659e-05,
    3.368061879882589e-05,
    2.8754624509019777e-05,
    2.660323843883816e-05,
    3.108245800831355e-05,
    3.215000106138177e-05,
    2.2205318600754254e-05,
    2.6388544938527048e-05,
    2.4056906113401055e-05,
    2.898294223996345e-05,
    3.575329901650548e-05,
    4.049253766424954e-05,
    3.137923704343848e-05,
    3.004645259352401e-05,
    4.194997018203139e-05,
    2.567675619502552e-05,
    2.9171655114623718e-05,
    3.560601544450037e-05,
    3.738416125997901e-05,
    5.55630394956097e-05,
    3.212164301658049e-05,
    3.488262518658303e-05,
    2.744113589869812e-05,
    2.710262924665585e-05,
    2.711853085202165e-05,
    2.7272733859717846e-05,
    2.6981924747815356e-05,
    2.8026597647112794e-05,
    2.6485984562896192e-05,
    2.425929415039718e-05,
    2.7792693799710833e-05,
    2.5353154342155904e-05,
    2.5370150979142636e-05,
    2.5555451429681852e-05,
    2.8757269319612533e-05,
    2.959725316031836e-05,
    2.7678601327352226e-05,
    2.6683032047003508e-05,
    2.4820004909997806e-05,
    2.4127553842845373e-05,
    3.0837640224490315e-05,
    2.6586922103888355e-05,
    2.7756836061598733e-05,
    2.8751177524100058e-05,
    2.67927061941009e-05,
    2.5824971089605242e-05,
    2.308780858584214e-05,
    2.2938864276511595e-05,
    2.5142337108263746e-05,
    2.3755601432640105e-05,
    2.5791243388084695e-05,
    2.931671406258829e-05,
    2.5500741685391404e-05,
    2.6695415726862848e-05,
    2.77272702078335e-05,
    2.661147118487861e-05,
    2.5583434762666002e-05,
    3.242196544306353e-05,
    2.5103867301368155e-05,
    3.173171353409998e-05,
    2.7742007659981027e-05,
    2.5493041903246194e-05,
    2.7759986551245674e-05,
    2.482794297975488e-05,
    2.8587659471668303e-05,
    2.645366475917399e-05,
    2.6303649065084755e-05,
    2.035689612966962e-05,
    2.7857415261678398e-05,
    2.3045375201036222e-05,
    2.6411504222778603e-05,
    2.7101170417154208e-05,
    2.8443238988984376e-05,
    2.680405850696843e-05,
    2.688971653697081e-05,
    2.7751979359891266e-05,
    4.190401523374021e-05,
    6.0807080444647e-05,
    3.1248571758624166e-05,
    2.7776264687418006e-05,
    2.6848665584111586e-05,
    2.7150847017765045e-05,
    3.4688790037762374e-05,
    3.6899044062010944e-05,
    3.759418905247003e-05,
    2.8071262931916863e-05,
    2.734739609877579e-05,
    3.1025927455630153e-05,
    3.554156864993274e-05,
    2.6418958441354334e-05,
    2.6920555683318526e-05,
    2.9060138331260532e-05,
    2.8003199986414984e-05,
    2.6104331482201815e-05,
    2.5350898795295507e-05,
    3.0231443815864623e-05,
    2.6928528313874267e-05,
    2.8503965950221755e-05,
    2.958705954370089e-05,
    3.0385504942387342e-05,
    2.75692182185594e-05,
    4.3923650082433596e-05,
    2.6007093765656464e-05,
    2.8007572836941108e-05,
    3.3265801903326064e-05,
    3.4737109672278166e-05,
    3.094243220402859e-05,
    2.342864900128916e-05,
    2.9257513233460486e-05,
    3.019492214662023e-05,
    2.802350718411617e-05,
    3.524146450217813e-05,
    2.5249100872315466e-05,
    2.799859612423461e-05,
    2.751696592895314e-05,
    3.52223651134409e-05,
    2.846149254764896e-05,
    2.6782907298184e-05,
    2.983888771268539e-05,
    2.956422758870758e-05,
    2.8191827368573286e-05,
    2.276083978358656e-05,
    2.9573304345831275e-05,
    2.8782906156266108e-05,
    2.8361755539663136e-05,
    2.5402900064364076e-05,
    2.9381568310782313e-05,
    2.576286715338938e-05,
    2.4213541109929793e-05,
    2.6494239136809483e-05,
    2.3683172912569717e-05,
    2.5789780920604244e-05,
    3.1042538466863334e-05,
    2.681438490981236e-05,
    2.612580283312127e-05,
    2.8146339900558814e-05,
    2.6021463781944476e-05,
    2.554750426497776e-05,
    2.7849930120282806e-05,
    2.8728034521918744e-05,
    2.7984866392216645e-05,
    2.9090206226101145e-05,
    2.549142845964525e-05,
    3.0069564672885463e-05,
    3.2481773814652115e-05,
    2.6283545594196767e-05,
    2.59346270468086e-05,
    2.72713259619195e-05,
    3.112547710770741e-05,
    2.5463719794061035e-05,
    3.2747953810030594e-05,
    2.6693105610320345e-05,
    2.6636820621206425e-05,
    3.0149029043968767e-05,
    2.94567144010216e-05,
    2.8293121431488544e-05,
    2.8870959795312956e-05,
    2.5428827939322218e-05,
    3.628850754466839e-05,
    2.595964542706497e-05,
    2.8378866772982292e-05,
    2.6582685677567497e-05,
    3.3671494747977704e-05,
    3.19198370561935e-05,
    3.6348596040625125e-05,
    2.964855229947716e-05,
    2.6372526917839423e-05,
    3.268036380177364e-05,
    2.7280024369247258e-05,
    2.9502400138881058e-05,
    2.4958044377854094e-05,
    2.7544214390218258e-05,
    3.3034095395123586e-05,
    2.2398773580789566e-05,
    2.4292552552651614e-05,
    2.904546636273153e-05,
    2.970103560073767e-05,
    2.5958874175557867e-05,
    2.69516804110026e-05,
    2.1656293029082008e-05,
    2.8256175937713124e-05,
    3.0187580705387518e-05,
    3.156487218802795e-05,
    4.199360409984365e-05,
    3.051991734537296e-05,
    2.914985452662222e-05,
