{
  "version": "model_weights/_T_7_5_y0_0_01_network_architectures_4_50_activations_tanh_learning_rates_0_001_collocations_1024_epochs_50000_reg_epochs_0_5_reg_coeff_1_reg_decay_1_/run_15",
  "seed": 1,
  "y0": 0.01,
  "T": 7.5,
  "N_col": 1024,
  "N_hidden": 4,
  "N_neurons": 50,
  "activation": "tanh",
  "N_epochs": 50000,
  "learning_rate": 0.001,
  "decay_rate": 1.0,
  "freq_log": 100,
  "freq_print": 1000,
  "keys_print": [
    "loss"
  ],
  "freq_save": 0,
  "reg_coeff": 1,
  "reg_decay": 1,
  "reg_epochs": 0.5,
  "loss": [
    0.18031537532806396,
    0.037856828421354294,
    0.034870266914367676,
    0.03417371213436127,
    0.03217150270938873,
    0.035384565591812134,
    0.03508646413683891,
    0.03439261391758919,
    0.03508506342768669,
    0.032979514449834824,
    0.0302080437541008,
    0.037533294409513474,
    0.03685468062758446,
    0.03860713541507721,
    0.03527463972568512,
    0.037722937762737274,
    0.030655523762106895,
    0.03785894066095352,
    0.032929882407188416,
    0.03453843668103218,
    0.033700451254844666,
    0.03304784744977951,
    0.033794622868299484,
    0.03641219437122345,
    0.03476518765091896,
    0.03413563221693039,
    0.03293754160404205,
    0.03325964882969856,
    0.03227660804986954,
    0.0372457355260849,
    0.03469989821314812,
    0.03584679588675499,
    0.03283991664648056,
    0.03263315558433533,
    0.033802907913923264,
    0.03314492106437683,
    0.034998174756765366,
    0.03522380441427231,
    0.0366445854306221,
    0.03033164143562317,
    0.03350748121738434,
    0.036417923867702484,
    0.03509759530425072,
    0.03350944072008133,
    0.033386580646038055,
    0.03430423513054848,
    0.031246431171894073,
    0.032929468899965286,
    0.03460316359996796,
    0.03385905921459198,
    0.03541025519371033,
    0.032098639756441116,
    0.03622492775321007,
    0.03545503690838814,
    0.036518871784210205,
    0.033108267933130264,
    0.0347890704870224,
    0.03121623396873474,
    0.036687470972537994,
    0.03435295820236206,
    0.03324466198682785,
    0.0329984687268734,
    0.03611523285508156,
    0.03332982584834099,
    0.03604181110858917,
    0.03381656855344772,
    0.034402936697006226,
    0.033603545278310776,
    0.035725902765989304,
    0.03338707983493805,
    0.03499072417616844,
    0.03404577448964119,
    0.03370386362075806,
    0.03782816603779793,
    0.03350590914487839,
    0.031494177877902985,
    0.03675258159637451,
    0.03631716966629028,
    0.035741932690143585,
    0.03516025096178055,
    0.035361722111701965,
    0.03503504768013954,
    0.032900407910346985,
    0.03431722894310951,
    0.034504204988479614,
    0.032830704003572464,
    0.03588075563311577,
    0.03567330166697502,
    0.03327946364879608,
    0.03216774761676788,
    0.03489593043923378,
    0.029288440942764282,
    0.03325657173991203,
    0.03140050172805786,
    0.03329406678676605,
    0.03304598480463028,
    0.033337824046611786,
    0.03279866650700569,
    0.036411210894584656,
    0.03564285859465599,
    0.03143853321671486,
    0.03204780071973801,
    0.034847479313611984,
    0.03284263610839844,
    0.03294920176267624,
    0.03912706673145294,
    0.031220752745866776,
    0.03465504199266434,
    0.03521179035305977,
    0.03438292071223259,
    0.03438340872526169,
    0.03260630741715431,
    0.035256046801805496,
    0.03330785781145096,
    0.03267339617013931,
    0.03511720150709152,
    0.03289154917001724,
    0.03271472826600075,
    0.0329391248524189,
    0.03595645725727081,
    0.03672577068209648,
    0.03619509935379028,
    0.03449038788676262,
    0.03238485008478165,
    0.03202454000711441,
    0.03700179606676102,
    0.03383208438754082,
    0.035517461597919464,
    0.03478672355413437,
    0.03489825502038002,
    0.033035725355148315,
    0.031030070036649704,
    0.031100453808903694,
    0.032259341329336166,
    0.031841933727264404,
    0.034331727772951126,
    0.03657776117324829,
    0.03229949623346329,
    0.03385593369603157,
    0.03388296812772751,
    0.03241392970085144,
    0.03203944116830826,
    0.035305608063936234,
    0.03399462252855301,
    0.03741452470421791,
    0.033120691776275635,
    0.032233066856861115,
    0.033262334764003754,
    0.031856387853622437,
    0.034905560314655304,
    0.03409329801797867,
    0.03370720148086548,
    0.02693883702158928,
    0.03416786715388298,
    0.030207080766558647,
    0.033474527299404144,
    0.03323877230286598,
    0.034504227340221405,
    0.03347188979387283,
    0.03271469846367836,
    0.03456217795610428,
    0.033114515244960785,
    0.0327746607363224,
    0.034739721566438675,
    0.03441109135746956,
    0.033430129289627075,
    0.03423658758401871,
    0.03725685924291611,
    0.033168062567710876,
    0.03298487886786461,
    0.03253380209207535,
    0.034418702125549316,
    0.034034255892038345,
    0.034511834383010864,
    0.03271924704313278,
    0.03271554410457611,
    0.03335162252187729,
    0.03550393879413605,
    0.031520579010248184,
    0.03408379852771759,
    0.037014689296483994,
    0.03152916207909584,
    0.032761186361312866,
    0.03595104068517685,
    0.035920701920986176,
    0.03506740182638168,
    0.03288407623767853,
    0.03402739018201828,
    0.034927837550640106,
    0.035322390496730804,
    0.03833963721990585,
    0.031133759766817093,
    0.03119726851582527,
    0.03481450304389,
    0.03642507642507553,
    0.033309973776340485,
    0.03528069704771042,
    0.03510603308677673,
    0.03432098776102066,
    0.03475796431303024,
    0.03252337872982025,
    0.03478779271245003,
    0.03469530865550041,
    0.03637956827878952,
    0.035798922181129456,
    0.035623855888843536,
    0.0313100665807724,
    0.03613146394491196,
    0.035343997180461884,
    0.034968052059412,
    0.03346225619316101,
    0.03621916100382805,
    0.033056825399398804,
    0.031853917986154556,
    0.03457315266132355,
    0.03149210661649704,
    0.03390089049935341,
    0.03665033355355263,
    0.034121543169021606,
    0.032860178500413895,
    0.03609743341803551,
    0.03427967056632042,
    0.0339784249663353,
    0.03628358244895935,
    0.03613586351275444,
    0.03509148210287094,
    0.03386833146214485,
    0.03333211690187454,
    0.03676227852702141,
    0.03896328806877136,
    0.03412337228655815,
    0.033151622861623764,
    0.03370169922709465,
    0.037950776517391205,
    0.032800622284412384,
    0.03922003135085106,
    0.032745689153671265,
    0.033097755163908005,
    0.03698522225022316,
    0.03688287362456322,
    0.0335969552397728,
    0.0313967727124691,
    0.03338979184627533,
    0.034324709326028824,
    0.032997000962495804,
    0.033425040543079376,
    0.031605929136276245,
    0.03575275093317032,
    0.03291267901659012,
    0.035190731287002563,
    0.034136660397052765,
    4.2095522076124325e-05,
    5.762975888501387e-06,
    5.683049039362231e-06,
    2.9104980967531446e-06,
    1.205611988552846e-05,
    2.058491872958257e-06,
    8.323899237439036e-06,
    1.1774537824749132e-06,
    1.0840737559192348e-05,
    1.8078119410347426e-06,
    1.4287882095231907e-06,
    5.445200486065005e-07,
    3.599920432861836e-07,
    4.83100905057654e-07,
    3.1721133382234257e-06,
    2.508307943571708e-07,
    2.3304480123442772e-07,
    1.6453162743346184e-07,
    2.1460449772803258e-07,
    9.875162021444339e-08,
    4.3484743628141587e-07,
    1.9812520690720703e-07,
    1.2670019486904494e-06,
    8.068493428936563e-08,
    6.800294016784392e-08,
    4.9585125339035585e-08,
    4.378762952228499e-08,
    1.490287104388699e-06,
    8.38729050656184e-08,
    4.688409660502657e-08,
    3.472833398632247e-08,
    6.886827759444714e-05,
    5.136244496384279e-08,
    9.113389751291834e-06,
    9.42556835070718e-06,
    5.8940301528309647e-08,
    3.699071839946555e-06,
    6.54417107170957e-08,
    2.8600672052903064e-08,
    8.807502922536514e-07,
    3.8999864671040996e-08,
