{
  "version": "model_weights/_T_10_y0_0_01_network_architectures_4_50_activations_tanh_learning_rates_0_001_collocations_1024_epochs_50000_reg_epochs_0_75_reg_coeff_1_reg_decay_1_/run_8",
  "seed": 1,
  "y0": 0.01,
  "T": 10,
  "N_col": 1024,
  "N_hidden": 4,
  "N_neurons": 50,
  "activation": "tanh",
  "N_epochs": 50000,
  "learning_rate": 0.001,
  "decay_rate": 1.0,
  "freq_log": 100,
  "freq_print": 1000,
  "keys_print": [
    "loss"
  ],
  "freq_save": 0,
  "reg_coeff": 1,
  "reg_decay": 1,
  "reg_epochs": 0.75,
  "loss": [
    0.164790540933609,
    0.13536767661571503,
    0.13535472750663757,
    0.13535334169864655,
    0.13535170257091522,
    0.1353548914194107,
    0.13535386323928833,
    0.1353542059659958,
    0.13535402715206146,
    0.1353522092103958,
    0.13535071909427643,
    0.1353563815355301,
    0.13535432517528534,
    0.1353563517332077,
    0.1353542059659958,
    0.13535578548908234,
    0.13535034656524658,
    0.1353553831577301,
    0.13535207509994507,
    0.13535280525684357,
    0.13535328209400177,
    0.13535191118717194,
    0.13535228371620178,
    0.13535436987876892,
    0.13535356521606445,
    0.13535313308238983,
    0.13535217940807343,
    0.1353520303964615,
    0.13535137474536896,
    0.1353558897972107,
    0.1353534758090973,
    0.13535386323928833,
    0.13535186648368835,
    0.13535164296627045,
    0.13535308837890625,
    0.13535240292549133,
    0.13535372912883759,
    0.13535304367542267,
    0.13535413146018982,
    0.13534925878047943,
    0.13534030318260193,
    0.13522674143314362,
    0.1363358348608017,
    0.13536542654037476,
    0.13535873591899872,
    0.13535721600055695,
    0.13535365462303162,
    0.1353571116924286,
    0.1353558897972107,
    0.13535521924495697,
    0.13535577058792114,
    0.13535289466381073,
    0.1353549361228943,
    0.13535481691360474,
    0.135356143116951,
    0.13535389304161072,
    0.13535359501838684,
    0.1353520005941391,
    0.13535453379154205,
    0.13535325229167938,
    0.13535204529762268,
    0.13535071909427643,
    0.1353539228439331,
    0.1353520154953003,
    0.1353534609079361,
    0.13535034656524658,
    0.13535012304782867,
    0.13534948229789734,
    0.13535015285015106,
    0.13534723222255707,
    0.13534709811210632,
    0.13534574210643768,
    0.1353425830602646,
    0.13534334301948547,
    0.13533347845077515,
    0.1353236436843872,
    0.1353190690279007,
    0.1352931559085846,
    0.13517135381698608,
    0.03751856088638306,
    0.030144497752189636,
    0.02920791506767273,
    0.027668431401252747,
    0.028621260076761246,
    0.02940322831273079,
    0.027121881023049355,
    0.03044244274497032,
    0.030075278133153915,
    0.02767934650182724,
    0.027125321328639984,
    0.029168715700507164,
    0.024754192680120468,
    0.02784811705350876,
    0.026011791080236435,
    0.028152748942375183,
    0.028129365295171738,
    0.02817634679377079,
    0.0278642475605011,
    0.03072955831885338,
    0.030147841200232506,
    0.025944024324417114,
    0.027123145759105682,
    0.029452932998538017,
    0.02784040756523609,
    0.027579547837376595,
    0.033012278378009796,
    0.026631107553839684,
    0.02882097102701664,
    0.029241589829325676,
    0.028912458568811417,
    0.02929959073662758,
    0.027928462252020836,
    0.029827391728758812,
    0.02803688310086727,
    0.02727106772363186,
    0.02979378215968609,
    0.027607832103967667,
    0.027615465223789215,
    0.02806377410888672,
    0.03027534857392311,
    0.030962256714701653,
    0.030249513685703278,
    0.028588050976395607,
    0.027096999809145927,
    0.026557039469480515,
    0.03139948099851608,
    0.028579793870449066,
    0.029865242540836334,
    0.02944384329020977,
    0.029109254479408264,
    0.027794068679213524,
    0.025768514722585678,
    0.025986284017562866,
    0.026815813034772873,
    0.026249799877405167,
    0.028179723769426346,
    0.030637744814157486,
    0.027239035815000534,
    0.028297949582338333,
    0.028138291090726852,
    0.027367275208234787,
    0.02662818133831024,
    0.029558798298239708,
    0.0275731198489666,
    0.03194441646337509,
    0.02835586667060852,
    0.02689233049750328,
    0.028283754363656044,
    0.026568030938506126,
    0.029470808804035187,
    0.02841922640800476,
    0.028482753783464432,
    0.021826593205332756,
    0.02846517041325569,
    0.025159373879432678,
    0.02804998867213726,
    0.02771032229065895,
    0.02907637692987919,
    0.0284509789198637,
    0.027646753937005997,
    0.029170626774430275,
    0.027847211807966232,
    0.027913939207792282,
    0.029312070459127426,
    0.02910236269235611,
    0.02849377505481243,
    0.028583768755197525,
    0.02632690593600273,
    0.027776755392551422,
    0.027961835265159607,
    0.027299929410219193,
    0.028825875371694565,
    0.028474945574998856,
    0.029204636812210083,
    0.027583206072449684,
    0.027474846690893173,
    0.02763441950082779,
    0.02979174815118313,
    0.026431575417518616,
    0.02833106368780136,
    0.031670376658439636,
    0.02630516327917576,
    0.02737162820994854,
    0.030476758256554604,
    0.03054022416472435,
    0.029582785442471504,
    0.02745765820145607,
    0.028505850583314896,
    0.029689844697713852,
    0.029690660536289215,
    0.033280856907367706,
    0.02628215029835701,
    0.02611830085515976,
    0.029079744592308998,
    0.030592912808060646,
    0.027764106169342995,
    0.02977033331990242,
    0.028655847534537315,
    0.02890859916806221,
    0.029094912111759186,
    0.02728521078824997,
    0.02979923039674759,
    0.029074756428599358,
    0.030996855348348618,
    0.030670061707496643,
    0.02993101440370083,
    0.025906424969434738,
    0.030805101618170738,
    0.029965657740831375,
    0.0300486721098423,
    0.02778363600373268,
    0.030947856605052948,
    0.02767632156610489,
    0.026728419587016106,
    0.02868340164422989,
    0.02622678317129612,
    0.028375405818223953,
    0.031606338918209076,
    0.02876431681215763,
    0.027946624904870987,
    0.03004332259297371,
    0.028397507965564728,
    0.028255630284547806,
    0.03020988404750824,
    0.03042258322238922,
    0.029540985822677612,
    0.029093636199831963,
    0.027875587344169617,
    0.03128327056765556,
    0.033151328563690186,
    0.028367504477500916,
    0.028038812801241875,
    0.02856236882507801,
    0.03236846998333931,
    0.027402238920331,
    0.03336187079548836,
    0.027544528245925903,
    0.028229059651494026,
    0.031333278864622116,
    0.031099066138267517,
    0.028493622317910194,
    0.026195844635367393,
    0.02793820947408676,
    0.028324592858552933,
    0.027329854667186737,
    0.028081014752388,
    0.026500094681978226,
    0.03015705570578575,
    0.027397524565458298,
    0.029320187866687775,
    0.028920872136950493,
    0.02797609753906727,
    0.02666543424129486,
    0.029199346899986267,
    0.02718360908329487,
    0.027182992547750473,
    0.028633451089262962,
    0.029368694871664047,
    0.02543618716299534,
    0.02580951899290085,
    0.029011044651269913,
    0.028345827013254166,
    0.027349498122930527,
    0.02893189527094364,
    0.02562490850687027,
    0.029823677614331245,
    0.030638106167316437,
    0.027597079053521156,
    0.028707783669233322,
    0.031243834644556046,
    0.03072279319167137,
    0.030306339263916016,
    0.028846198692917824,
    0.02686113491654396,
    0.03101472742855549,
    0.03015747293829918,
    0.03150131553411484,
    0.027045436203479767,
    0.032172538340091705,
    0.029303662478923798,
    0.028427304700016975,
    0.030343450605869293,
    0.028985314071178436,
    0.030607208609580994,
    0.027019236236810684,
    0.027356639504432678,
    0.025994714349508286,
    0.02897747978568077,
    0.025693226605653763,
    0.027939707040786743,
    0.028612889349460602,
    0.028529196977615356,
    0.026897985488176346,
    0.027092980220913887,
