{
  "version": "plots/_T_10_y0_0_001_network_architectures_4_50_activations_tanh_learning_rates_0_001_collocations_1024_epochs_50000_regularization_reg_derivative_unstable_fp_reg_epochs_1_reg_coeff_1_reg_decay_1_/run_5",
  "seed": 1,
  "y0": 0.001,
  "T": 10,
  "N_col": 1024,
  "N_hidden": 4,
  "N_neurons": 50,
  "activation": "tanh",
  "N_epochs": 50000,
  "learning_rate": 0.001,
  "decay_rate": 1.0,
  "freq_log": 100,
  "freq_print": 1000,
  "keys_print": [
    "loss"
  ],
  "freq_save": 0,
  "regularization": "reg_derivative_unstable_fp",
  "reg_coeff": 1,
  "reg_decay": 1,
  "reg_epochs": 1,
  "loss": [
    0.01928015798330307,
    3.31153096340131e-05,
    5.901198619540082e-06,
    3.6112960515310988e-06,
    2.5876629479171243e-06,
    2.1881053271499695e-06,
    2.33826540352311e-06,
    1.940857600857271e-06,
    2.148413386748871e-06,
    2.264019940412254e-06,
    4.257137334207073e-06,
    5.133555532665923e-05,
    1.5044686733745039e-05,
    2.621813109726645e-06,
    1.8779708625515923e-05,
    1.7214222680195235e-05,
    2.0930508526362246e-06,
    1.8296434518561e-06,
    6.912336539244279e-05,
    1.4791213288845029e-05,
    5.171533757675206e-06,
    4.66835917904973e-05,
    1.859028634498827e-05,
    3.290318272775039e-05,
    4.4756852730643004e-05,
    2.0950628822902218e-06,
    5.938852154940832e-06,
    1.4046140677237418e-06,
    5.656185749103315e-06,
    8.405407243117224e-06,
    1.9627554138423875e-05,
    2.1143810954526998e-05,
    1.1482539775897749e-05,
    6.472557288361713e-06,
    5.943276482867077e-05,
    2.6948093818646157e-06,
    7.287390872079413e-06,
    2.258589802295319e-06,
    1.7766822566045448e-05,
    2.3363798391073942e-05,
    3.0951909138821065e-05,
    1.8123555491911247e-05,
    2.6355221052654088e-05,
    3.638662019511685e-05,
    2.3896955099189654e-06,
    2.567422779975459e-05,
    3.6454928249440854e-06,
    2.3980783225852065e-06,
    3.3630138204898685e-05,
    3.5710727388504893e-06,
    9.34302261157427e-06,
    3.625232420745306e-05,
    2.3061393221723847e-05,
    3.0945773232815554e-06,
    5.201179737923667e-05,
    9.768591553438455e-06,
    2.8156250664324034e-06,
    2.1573971025645733e-05,
    3.229464255127823e-06,
    2.1800319700560067e-06,
    2.358629217269481e-06,
    3.5230286812293343e-06,
    5.984512881695991e-06,
    3.4685558603086974e-06,
    1.9889278064511018e-06,
    4.094135874765925e-06,
    4.0573777368990704e-06,
    3.421689325477928e-05,
    2.5148117401840864e-06,
    2.908522674260894e-06,
    3.752626071218401e-06,
    2.9229468054836616e-06,
    2.439798436171259e-06,
    7.128185188776115e-06,
    2.802392828016309e-06,
    2.21674076783529e-06,
    1.56733108269691e-06,
    1.998305378947407e-06,
    2.647429255375755e-06,
    3.3472049381089164e-06,
    2.83809481516073e-06,
    2.738114517342183e-06,
    3.068313617404783e-06,
    2.722465296756127e-06,
    1.7386387298756745e-06,
    2.291171540491632e-06,
    2.8348561045277165e-06,
    2.119179725923459e-06,
    3.615539526435896e-06,
    2.34550111599674e-06,
    2.310335730726365e-06,
    5.006603714718949e-06,
    2.227561253675958e-06,
    2.546981249906821e-06,
    5.350309947971255e-06,
    2.352257752136211e-06,
    2.453045453876257e-06,
    1.6128078641486354e-05,
    9.490067895967513e-06,
    6.786623998777941e-06,
    3.6648093555413652e-06,
    2.012616278079804e-06,
    3.2238888252322795e-06,
    1.873445626188186e-06,
    2.5143122002191376e-06,
    2.224830041086534e-06,
    9.263542779081035e-06,
    1.926685854414245e-06,
    1.0843258678505663e-05,
    1.594461537024472e-06,
    2.2950134734855965e-06,
    2.24615814659046e-06,
    1.4393539231605246e-06,
    2.044879238383146e-06,
    1.8058739215121022e-06,
    1.5605639873683685e-06,
    1.7098450371122453e-06,
    3.011355147464201e-06,
    2.559486802056199e-06,
    3.094915200563264e-06,
    2.0734191821247805e-06,
    2.3175989554147236e-06,
    2.4156672679964686e-06,
    1.5577506928821094e-06,
    1.9743720258702524e-06,
    1.7097053159886855e-06,
    1.8472339888830902e-06,
    2.1002397261327133e-06,
    1.7730604895405122e-06,
    1.7584275155968498e-06,
    2.189691713283537e-06,
    2.085110054395045e-06,
    1.5835996691748733e-06,
    2.029488541666069e-06,
    1.6186963875952642e-06,
    2.141406639566412e-06,
    1.8060757156490581e-06,
    2.005197984544793e-06,
    1.905145836644806e-06,
    1.8918083242169814e-06,
    1.8703020714383456e-06,
    1.767827143339673e-06,
    1.6444010952909593e-06,
    1.643953282837174e-06,
    1.5860701978454017e-06,
    2.1757639387942618e-06,
    2.825950332407956e-06,
    3.986177944170777e-06,
    1.799867504814756e-06,
    1.4199168845152599e-06,
    2.746847712842282e-06,
    2.0701158973679412e-06,
    2.140574906661641e-06,
    2.0572942958096974e-06,
    2.0453569504752522e-06,
    1.984863502002554e-06,
    1.8975263174070278e-06,
    2.120094450219767e-06,
    2.0128777578065637e-06,
    2.1453836325235898e-06,
    2.0753789158334257e-06,
    2.8217846193001606e-06,
    2.503591531421989e-06,
    1.9665556010295404e-06,
    3.0001795039424906e-06,
    1.7383932799930335e-06,
    2.706305622268701e-06,
    2.1052553620393155e-06,
    2.0513589333859272e-06,
    2.4274727365991566e-06,
    4.365155746199889e-06,
    2.610564251881442e-06,
    2.1649293557857163e-06,
    2.2709527911501937e-06,
    5.026119197282242e-06,
    2.5479944270045962e-06,
    1.774710881363717e-06,
    3.0946159768063808e-06,
    4.148216248722747e-06,
    2.2829806766822003e-05,
    1.732906866891426e-06,
    3.0585069907829165e-06,
    2.572421863078489e-06,
    2.891136546168127e-06,
    2.4544651751057245e-06,
    1.9352319213794544e-06,
    2.3797872472641757e-06,
    1.7351222822981072e-06,
    2.6151476504310267e-06,
    3.988663593190722e-06,
    1.9485210032144096e-06,
    2.0716431663458934e-06,
    1.9281269487692043e-06,
    1.8154116787627572e-06,
    2.0019401745230425e-06,
    1.811049060052028e-06,
    2.2424401322496124e-06,
    2.2916733541933354e-06,
    3.6904614262311952e-06,
    2.210582806583261e-06,
    1.3971115322419791e-06,
    2.7803032480733236e-06,
    1.7805035668061464e-06,
    1.7070585727196885e-06,
    1.7303188997175312e-06,
    1.7886418390844483e-06,
    1.7403417587047443e-06,
    1.722086039990245e-06,
    1.5941191122692544e-06,
    1.699107997410465e-06,
    1.6023241187212989e-06,
    1.996603259613039e-06,
    2.4309129003086127e-06,
    2.115697043336695e-06,
    1.8282341898157028e-06,
    1.687290250629303e-06,
    1.6303056327160448e-06,
    1.6309841157635674e-06,
    2.616826805024175e-06,
    1.797346158127766e-06,
    1.6622709608782316e-06,
    1.8767250367091037e-06,
    2.100897290802095e-06,
    2.1282849047565833e-06,
    2.6078323571709916e-06,
    1.634171667319606e-06,
    1.5482766002605786e-06,
    3.4686077015066985e-06,
    2.5857523269223748e-06,
    2.224962827312993e-06,
    1.804389967219322e-06,
    1.7077047687052982e-06,
    2.009006266234792e-06,
    2.690440851438325e-06,
    1.7010792134897201e-06,
    2.435238002362894e-06,
    2.0555619357764954e-06,
    2.045346036538831e-06,
    2.3576362764288206e-06,
    2.0672048322012415e-06,
    2.207695615652483e-06,
    1.8162261312681949e-06,
    2.786060122161871e-06,
    1.8585520820124657e-06,
    2.54685505751695e-06,
    1.7476977518526837e-06,
    4.018526851723436e-06,
    1.789041334632202e-06,
    2.7139715257362695e-06,
    1.8639126437847153e-06,
    2.429103687973111e-06,
    1.7556685634190217e-06,
    2.0275979295547586e-06,
    2.002258042921312e-06,
    2.22538210437051e-06,
    1.8641269434738206e-06,
    1.950828618646483e-06,
    1.805109491215262e-06,
    4.3258978621452115e-06,
    4.775446541316342e-06,
    1.6757765024522087e-06,
    1.6871858861122746e-06,
    1.8858802377508255e-06,
    2.879846533687669e-06,
    2.2317485672829207e-06,
    3.087161303483299e-06,
    1.9591286672948627e-06,
    1.184033294521214e-06,
