{
  "version": "model_weights/_T_10_y0_0_01_network_architectures_4_50_activations_tanh_learning_rates_0_001_collocations_1024_epochs_50000_reg_epochs_0_5_reg_coeff_1_reg_decay_1_/run_18",
  "seed": 1,
  "y0": 0.01,
  "T": 10,
  "N_col": 1024,
  "N_hidden": 4,
  "N_neurons": 50,
  "activation": "tanh",
  "N_epochs": 50000,
  "learning_rate": 0.001,
  "decay_rate": 1.0,
  "freq_log": 100,
  "freq_print": 1000,
  "keys_print": [
    "loss"
  ],
  "freq_save": 0,
  "reg_coeff": 1,
  "reg_decay": 1,
  "reg_epochs": 0.5,
  "loss": [
    0.13750408589839935,
    0.13538235425949097,
    0.13535454869270325,
    0.13535314798355103,
    0.13535121083259583,
    0.13535387814044952,
    0.1353534460067749,
    0.1353534311056137,
    0.1353531777858734,
    0.13535179197788239,
    0.13534994423389435,
    0.13535533845424652,
    0.1353539079427719,
    0.1353559046983719,
    0.13535352051258087,
    0.13535505533218384,
    0.1353495568037033,
    0.13535495102405548,
    0.13535068929195404,
    0.13535140454769135,
    0.13535115122795105,
    0.13534972071647644,
    0.13534878194332123,
    0.13534989953041077,
    0.13534745573997498,
    0.13534604012966156,
    0.13534358143806458,
    0.13533765077590942,
    0.13533058762550354,
    0.13531902432441711,
    0.13528689742088318,
    0.13521890342235565,
    0.1091436892747879,
    0.02926088683307171,
    0.029058629646897316,
    0.02714022621512413,
    0.029945747926831245,
    0.02924090251326561,
    0.030458416789770126,
    0.02454673871397972,
    0.027536410838365555,
    0.029481008648872375,
    0.028253501281142235,
    0.02692590281367302,
    0.027146466076374054,
    0.02740776166319847,
    0.025220967829227448,
    0.026774130761623383,
    0.027884628623723984,
    0.027072783559560776,
    0.027707893401384354,
    0.02586202323436737,
    0.029243048280477524,
    0.028446855023503304,
    0.02958320453763008,
    0.027154332026839256,
    0.028075912967324257,
    0.02538788691163063,
    0.029441779479384422,
    0.028002437204122543,
    0.026993151754140854,
    0.026209665462374687,
    0.029370009899139404,
    0.027124498039484024,
    0.029312556609511375,
    0.02676459029316902,
    0.027106542140245438,
    0.026682406663894653,
    0.028400935232639313,
    0.026514464989304543,
    0.027605190873146057,
    0.02735672891139984,
    0.026753125712275505,
    0.03043154999613762,
    0.027063041925430298,
    0.024845289066433907,
    0.03034333698451519,
    0.02907700650393963,
    0.028655579313635826,
    0.0275384783744812,
    0.028249472379684448,
    0.027794424444437027,
    0.026266194880008698,
    0.027165453881025314,
    0.027929149568080902,
    0.025788404047489166,
    0.028851307928562164,
    0.028558040037751198,
    0.0263665821403265,
    0.025805167853832245,
    0.027740640565752983,
    0.02365211211144924,
    0.026460306718945503,
    0.02492845430970192,
    0.026789868250489235,
    0.026954319328069687,
    0.026822831481695175,
    0.026581618934869766,
    0.029232578352093697,
    0.02867719903588295,
    0.024650201201438904,
    0.02589738741517067,
    0.02811158075928688,
    0.026760593056678772,
    0.026487983763217926,
    0.03139137104153633,
    0.025392143055796623,
    0.027387211099267006,
    0.027830887585878372,
    0.027512766420841217,
    0.028007347136735916,
    0.026590004563331604,
    0.02841069921851158,
    0.026636555790901184,
    0.025873346254229546,
    0.028487099334597588,
    0.02619040384888649,
    0.026272021234035492,
    0.026539266109466553,
    0.0287571270018816,
    0.029402874410152435,
    0.028706572949886322,
    0.027181686833500862,
    0.025808069854974747,
    0.02525879070162773,
    0.029793590307235718,
    0.027148131281137466,
    0.02835654467344284,
    0.02799138054251671,
    0.027700606733560562,
    0.026528704911470413,
    0.024490369483828545,
    0.02512117102742195,
    0.025466840714216232,
    0.024949703365564346,
    0.02669346332550049,
    0.029124855995178223,
    0.026034384965896606,
    0.02687884494662285,
    0.026749659329652786,
    0.02599438838660717,
    0.02532728761434555,
    0.02807695046067238,
    0.026154909282922745,
    0.030408302322030067,
    0.027012497186660767,
    0.025611678138375282,
    0.02699914388358593,
    0.025270812213420868,
    0.028016742318868637,
    0.026996809989213943,
    0.02708173729479313,
    0.02081691101193428,
    0.027128638699650764,
    0.023920070379972458,
    0.026714036241173744,
    0.026306794956326485,
    0.027622748166322708,
    0.02706487476825714,
    0.026301920413970947,
    0.02772074192762375,
    0.026510553434491158,
    0.026513313874602318,
    0.027877608314156532,
    0.027673788368701935,
    0.027108408510684967,
    0.027169562876224518,
    0.025055108591914177,
    0.02639540657401085,
    0.026647355407476425,
    0.02606092020869255,
    0.02735249139368534,
    0.02705184742808342,
    0.027715370059013367,
    0.026235368102788925,
    0.02612055279314518,
    0.02624654397368431,
    0.02832009829580784,
    0.02508004754781723,
    0.026905449107289314,
    0.030171845108270645,
    0.025120802223682404,
    0.02599480003118515,
    0.028922073543071747,
    0.029095273464918137,
    0.02811126597225666,
    0.026170680299401283,
    0.02705668844282627,
    0.028221147134900093,
    0.028201373293995857,
    0.031603649258613586,
    0.02504821866750717,
    0.024865876883268356,
    0.027614330872893333,
    0.02902972884476185,
    0.026442475616931915,
    0.02827911078929901,
    0.027344919741153717,
    0.02740561217069626,
    0.027682729065418243,
    0.02592688612639904,
    0.02831393852829933,
    0.027721475809812546,
    0.029468098655343056,
    0.02918139658868313,
    0.028417933732271194,
    0.024615826085209846,
    0.029231874272227287,
    0.028483066707849503,
    0.028576435521245003,
    0.026462823152542114,
    0.029365599155426025,
    0.026316264644265175,
    0.02548029087483883,
    0.02722868323326111,
    0.02494216337800026,
    0.026820316910743713,
    0.02998390793800354,
    0.02728147618472576,
    0.026578910648822784,
    0.028452057391405106,
    0.02695690467953682,
    0.02690350078046322,
    0.028666578233242035,
    0.02884339913725853,
    0.02808310277760029,
    0.027675282210111618,
    0.026465313509106636,
    0.029689572751522064,
    0.03146075829863548,
    0.026957012712955475,
    0.026664970442652702,
    0.02714938297867775,
    0.030756715685129166,
    0.026030227541923523,
    0.03171162307262421,
    0.0261930450797081,
    0.026895606890320778,
    0.029907021671533585,
    0.029517488554120064,
    0.02718072570860386,
    0.024843301624059677,
    0.026545200496912003,
    0.026821991428732872,
    0.025954369455575943,
    0.026688553392887115,
    0.025193527340888977,
    0.028653329238295555,
    0.026045747101306915,
    0.027839843183755875,
    0.027506796643137932,
    4.9307532208331395e-06,
    1.0047710929939058e-06,
    7.58033877445996e-07,
    4.001213937954162e-07,
    3.076957000303082e-07,
    2.0375219378365728e-07,
    1.8445059879468317e-07,
    9.434720737999669e-08,
    7.816548475148011e-08,
    5.9071481928185676e-08,
    4.609438875036176e-08,
    3.0373826120921876e-08,
    2.6485988513513803e-08,
    1.5346177661967886e-08,
    1.616943201554477e-08,
    1.7719486322675948e-08,
    1.208024258403384e-08,
    1.3260449627239268e-08,
    1.6198185903704143e-08,
    1.1267093924516303e-08,
    1.6993664075926063e-07,
    3.2330540307157207e-06,
    7.026633852547093e-07,
    2.613466065781722e-08,
    7.552807801403105e-08,
    4.228679983953043e-08,
    5.713133759854827e-06,
    2.239195140418815e-08,
    3.698846558108926e-05,
    2.018168032691392e-08,
    1.0682166248443536e-05,
    8.023562259040773e-06,
    2.816873490019134e-08,
    0.00013780489098280668,
    2.8884304725806942e-08,
    2.8332085122428907e-08,
    1.1692794714690535e-06,
    2.9229004212538712e-05,
