{
  "version": "plots/_T_10_y0_0_001_network_architectures_4_50_activations_tanh_learning_rates_0_001_collocations_1024_epochs_50000_regularization_reg_derivative_reg_epochs_1_reg_coeff_100000_reg_decay_1_/run_6",
  "seed": 1,
  "y0": 0.001,
  "T": 10,
  "N_col": 1024,
  "N_hidden": 4,
  "N_neurons": 50,
  "activation": "tanh",
  "N_epochs": 50000,
  "learning_rate": 0.001,
  "decay_rate": 1.0,
  "freq_log": 100,
  "freq_print": 1000,
  "keys_print": [
    "loss"
  ],
  "freq_save": 0,
  "regularization": "reg_derivative",
  "reg_coeff": 100000,
  "reg_decay": 1,
  "reg_epochs": 1,
  "loss": [
    77568.6953125,
    179.89161682128906,
    112.01565551757812,
    105.27420043945312,
    99.15373992919922,
    88.60453033447266,
    89.94097900390625,
    93.6110610961914,
    86.81741333007812,
    91.00712585449219,
    91.19181823730469,
    85.37320709228516,
    84.66187286376953,
    77.76641845703125,
    87.8281021118164,
    80.8828125,
    81.6460189819336,
    83.85836791992188,
    82.74938201904297,
    86.01902770996094,
    87.25191497802734,
    85.08425903320312,
    83.65058898925781,
    82.97838592529297,
    88.70357513427734,
    83.62579345703125,
    77.58677673339844,
    88.93045043945312,
    83.57965850830078,
    85.83341217041016,
    87.63922119140625,
    86.81977844238281,
    82.42123413085938,
    86.57469940185547,
    86.58729553222656,
    81.77012634277344,
    84.54779052734375,
    82.6217041015625,
    83.97550964355469,
    90.51360321044922,
    82.86071014404297,
    86.48246765136719,
    84.2027359008789,
    80.6953125,
    80.09396362304688,
    83.417236328125,
    84.29644775390625,
    87.95377349853516,
    81.38716888427734,
    156.06390380859375,
    87.4494400024414,
    90.5825424194336,
    88.86419677734375,
    84.84597778320312,
    84.27129364013672,
    89.73468017578125,
    83.88601684570312,
    85.24989318847656,
    78.47411346435547,
    81.71605682373047,
    87.81221008300781,
    86.5595703125,
    87.55070495605469,
    86.11061096191406,
    82.4656982421875,
    84.28019714355469,
    86.98383331298828,
    82.75253295898438,
    85.44409942626953,
    86.110107421875,
    82.5425796508789,
    88.39920043945312,
    83.00575256347656,
    76.02742767333984,
    87.8902359008789,
    84.32501983642578,
    86.40615844726562,
    83.00680541992188,
    88.08346557617188,
    86.40298461914062,
    78.33454895019531,
    79.15997314453125,
    85.53239440917969,
    82.20164489746094,
    84.18573760986328,
    83.27070617675781,
    78.1529541015625,
    86.34566497802734,
    88.13479614257812,
    94.59803009033203,
    79.68878173828125,
    87.12010955810547,
    84.27120971679688,
    86.02653503417969,
    87.2518310546875,
    86.14678192138672,
    86.90046691894531,
    85.01530456542969,
    79.96627807617188,
    86.30462646484375,
    85.95877838134766,
    88.28705596923828,
    84.18205261230469,
    84.58316802978516,
    89.71636962890625,
    82.41329193115234,
    84.49165344238281,
    83.77349853515625,
    84.5185546875,
    83.16931915283203,
    84.36940002441406,
    86.1442642211914,
    87.73680114746094,
    89.82171630859375,
    85.90855407714844,
    88.04595184326172,
    82.63411712646484,
    83.64398193359375,
    82.46939849853516,
    82.1272964477539,
    82.61962890625,
    83.18023681640625,
    86.88047790527344,
    83.46517944335938,
    82.84210968017578,
    82.18913269042969,
    83.8084487915039,
    80.77069854736328,
    85.0223159790039,
    79.1222915649414,
    89.11349487304688,
    83.9163818359375,
    87.97613525390625,
    81.03800964355469,
    81.65492248535156,
    81.72528839111328,
    84.45143127441406,
    85.39092254638672,
    76.89923858642578,
    83.28910827636719,
    84.87521362304688,
    79.15619659423828,
    80.42665100097656,
    78.80117797851562,
    83.83354187011719,
    80.43214416503906,
    79.67930603027344,
    85.95100402832031,
    85.89845275878906,
    84.24604797363281,
    87.9168701171875,
    80.6596450805664,
    87.58271789550781,
    80.42912292480469,
    84.93232727050781,
    83.06330108642578,
    80.19200897216797,
    90.97100067138672,
    84.68621826171875,
    82.48518371582031,
    86.99710083007812,
    86.53666687011719,
    86.28218078613281,
    85.13912963867188,
    83.99989318847656,
    85.13360595703125,
    83.06700134277344,
    81.97785186767578,
    81.18342590332031,
    88.79166412353516,
    79.42800903320312,
    88.41746520996094,
    83.34037780761719,
    83.96056365966797,
    81.82301330566406,
    84.22029113769531,
    80.8333511352539,
    80.83271026611328,
    82.56637573242188,
    86.60913848876953,
    90.51510620117188,
    83.78817749023438,
    89.51235961914062,
    82.36100769042969,
    83.9467544555664,
    84.22853088378906,
    88.80790710449219,
    84.0240249633789,
    80.94402313232422,
    79.1002197265625,
    88.72128295898438,
    79.8250732421875,
    84.07211303710938,
    86.46578979492188,
    78.71739959716797,
    84.3221435546875,
    87.51544189453125,
    77.25637817382812,
    83.96780395507812,
    80.04251098632812,
    85.2586898803711,
    87.42179870605469,
    81.7470932006836,
    85.10613250732422,
    84.97758483886719,
    78.63796997070312,
    78.28658294677734,
    90.5594482421875,
    86.62727355957031,
    84.22482299804688,
    81.55294036865234,
    85.61550903320312,
    82.84327697753906,
    87.90705871582031,
    78.03509521484375,
    84.66193389892578,
    79.68009185791016,
    83.21278381347656,
    78.5038070678711,
    79.3611831665039,
    78.819580078125,
    85.42788696289062,
    88.04745483398438,
    79.76091003417969,
    85.04146575927734,
    81.97499084472656,
    83.70169830322266,
    86.02137756347656,
    82.20215606689453,
    78.67095184326172,
    80.40052795410156,
    84.49532318115234,
    83.33985900878906,
    84.37377166748047,
    85.92381286621094,
    84.07843017578125,
    80.30384826660156,
    82.96308898925781,
    79.04562377929688,
    79.76573944091797,
    89.37680053710938,
    88.3519287109375,
    84.7112808227539,
    80.12403106689453,
    76.93357849121094,
    87.80419158935547,
    83.71501922607422,
    81.48066711425781,
    83.84342956542969,
    84.77394104003906,
    83.86227416992188,
    83.1670913696289,
    87.37091064453125,
    88.66436767578125,
    78.25279998779297,
    85.07269287109375,
    87.41348266601562,
    81.17329406738281,
    90.83588409423828,
    87.51016998291016,
    84.17811584472656,
    79.28640747070312,
    87.94837951660156,
    78.14297485351562,
    85.65027618408203,
    80.0670394897461,
    81.95015716552734,
    88.61940002441406,
    79.55169677734375,
    85.35968017578125,
    78.97875213623047,
    84.09152221679688,
    86.69988250732422,
    88.71753692626953,
    80.95579528808594,
    81.2931137084961,
    89.44783020019531,
    83.25215148925781,
    80.6561508178711,
    79.5406723022461,
    88.24006652832031,
    77.09782409667969,
    81.91702270507812,
    90.68169403076172,
    82.88496398925781,
    81.69988250732422,
    81.73365020751953,
    81.47505950927734,
    82.68375396728516,
    80.25470733642578,
    86.90312194824219,
    83.98770141601562,
    90.25626373291016,
    87.02017974853516,
    87.2136001586914,
    83.92987823486328,
    93.00810241699219,
    80.13790893554688,
    87.53421020507812,
    87.66488647460938,
    78.68161010742188,
    89.17273712158203,
    84.92715454101562,
    79.78215789794922,
    83.67593383789062,
    87.33572387695312,
    83.88548278808594,
    85.49356079101562,
    86.02594757080078,
    87.37847900390625,
    82.69816589355469,
    84.13189697265625,
    83.17088317871094,
    78.2824478149414,
    81.25801086425781,
    83.83842468261719,
    82.618896484375,
    80.90986633300781,
    86.06619262695312,
    81.86676025390625,
    85.56270599365234,
    84.27619171142578,
    80.00922393798828,
    83.26943969726562,
