{
  "version": "plots/_T_7_5_y0_0_01_network_architectures_4_50_activations_tanh_learning_rates_0_001_collocations_1024_epochs_50000_regularization_reg_derivative_reg_epochs_1_reg_coeff_0_01_reg_decay_1_/run_1",
  "seed": 1,
  "y0": 0.01,
  "T": 7.5,
  "N_col": 1024,
  "N_hidden": 4,
  "N_neurons": 50,
  "activation": "tanh",
  "N_epochs": 50000,
  "learning_rate": 0.001,
  "decay_rate": 1.0,
  "freq_log": 100,
  "freq_print": 1000,
  "keys_print": [
    "loss"
  ],
  "freq_save": 0,
  "regularization": "reg_derivative",
  "reg_coeff": 0.01,
  "reg_decay": 1,
  "reg_epochs": 1,
  "loss": [
    0.03263058885931969,
    0.010034455917775631,
    0.01002720557153225,
    0.010027078911662102,
    0.01002471148967743,
    0.010028628632426262,
    0.010027716867625713,
    0.010028204880654812,
    0.010027598589658737,
    0.01002528890967369,
    0.010022791102528572,
    0.010030986741185188,
    0.010028764605522156,
    0.010060404427349567,
    0.01003387849777937,
    0.01006348803639412,
    0.01002297643572092,
    0.010041884146630764,
    0.010202654637396336,
    0.010032019577920437,
    0.010027098469436169,
    0.01008522417396307,
    0.010025868192315102,
    0.01003069244325161,
    0.010027210228145123,
    0.010030671022832394,
    0.010026869364082813,
    0.010028542950749397,
    0.010025019757449627,
    0.010031154379248619,
    0.01002744771540165,
    0.010029108263552189,
    0.01004890538752079,
    0.01004329975694418,
    0.010034676641225815,
    0.010028804652392864,
    0.010030772536993027,
    0.010097767226397991,
    0.010044030845165253,
    0.010040701366961002,
    0.010030603036284447,
    0.010033510625362396,
    0.010027250275015831,
    0.010026258416473866,
    0.010031282901763916,
    0.010027043521404266,
    0.010028498247265816,
    0.010036210529506207,
    0.010050780139863491,
    0.010026834905147552,
    0.01005475502461195,
    0.010027357377111912,
    0.010031216777861118,
    0.01002759300172329,
    0.010030384175479412,
    0.010027704760432243,
    0.010029383935034275,
    0.01002534944564104,
    0.010029969736933708,
    0.010027521289885044,
    0.010040231049060822,
    0.010026519186794758,
    0.010029859840869904,
    0.010032755322754383,
    0.010029451921582222,
    0.010026596486568451,
    0.010034012608230114,
    0.010042947717010975,
    0.010048139840364456,
    0.01002761535346508,
    0.010026856325566769,
    0.01003092061728239,
    0.010027702897787094,
    0.010031532496213913,
    0.01002661045640707,
    0.010025165975093842,
    0.010030419565737247,
    0.010030134581029415,
    0.010033286176621914,
    0.010026851668953896,
    0.010031125508248806,
    0.010029459372162819,
    0.0100250830873847,
    0.01002981886267662,
    0.010027701035141945,
    0.01002571266144514,
    0.01002875342965126,
    0.010031327605247498,
    0.010027356445789337,
    0.010025582276284695,
    0.01002966146916151,
    0.010026809759438038,
    0.010028770193457603,
    0.010029030032455921,
    0.010026604868471622,
    0.010031517595052719,
    0.010045506991446018,
    0.010028443299233913,
    0.010029229335486889,
    0.010033005848526955,
    0.010022892616689205,
    0.010026118718087673,
    0.010031628422439098,
    0.010026483796536922,
    0.010037193074822426,
    0.010031861253082752,
    0.01002577692270279,
    0.010027683340013027,
    0.01002784725278616,
    0.010031822137534618,
    0.01003494393080473,
    0.01002699788659811,
    0.010029075667262077,
    0.01002642884850502,
    0.010914419777691364,
    0.0100279925391078,
    0.010025194846093655,
    0.01002531498670578,
    0.010025477968156338,
    0.010028669610619545,
    0.01002932246774435,
    0.010027911514043808,
    0.010026439093053341,
    0.010024577379226685,
    0.010024012997746468,
    0.010029745288193226,
    0.010026232339441776,
    0.010027647018432617,
    0.010027516633272171,
    0.010026771575212479,
    0.010025209747254848,
    0.010022769682109356,
    0.010022896341979504,
    0.010024618357419968,
    0.010023435577750206,
    0.01002538949251175,
    0.010028861463069916,
    0.010024738498032093,
    0.010026026517152786,
    0.010025763884186745,
    0.010025407187640667,
    0.010023828595876694,
    0.01002733875066042,
    0.010024718008935452,
    0.010030826553702354,
    0.01002640463411808,
    0.010024307295680046,
    0.01002573687583208,
    0.010023852810263634,
    0.010028088465332985,
    0.010026151314377785,
    0.01002630777657032,
    0.010018182918429375,
    0.010026277974247932,
    0.010022410191595554,
    0.010025781579315662,
    0.010025142692029476,
    0.010027325712144375,
    0.010026633739471436,
    0.010025795549154282,
    0.010027078911662102,
    0.01002535130828619,
    0.010026521980762482,
    0.010027535259723663,
    0.010027549229562283,
    0.010026821866631508,
    0.010026155970990658,
    0.010023771785199642,
    0.010025211609899998,
    0.010025449097156525,
    0.010025549679994583,
    0.010027755983173847,
    0.010026462376117706,
    0.010027207434177399,
    0.010025959461927414,
    0.01002597063779831,
    0.010024785995483398,
    0.010028334334492683,
    0.010023823007941246,
    0.010025657713413239,
    0.010031561367213726,
    0.010023524053394794,
    0.010024969466030598,
    0.010029039345681667,
    0.010029182769358158,
    0.010027975775301456,
    0.010024621151387691,
    0.01002573873847723,
    0.010029356926679611,
    0.010027927346527576,
    0.010032732039690018,
    0.010024004615843296,
    0.010022931732237339,
    0.010027301497757435,
    0.010029202327132225,
    0.010025475174188614,
    0.01002768985927105,
    0.010026223957538605,
    0.010027395561337471,
    0.010026947595179081,
    0.010025177150964737,
    0.010028128512203693,
    0.01002731267362833,
    0.010029597207903862,
    0.010029581375420094,
    0.01002804096788168,
    0.010023568756878376,
    0.010029376484453678,
    0.0100285978987813,
    0.010028370656073093,
    0.01002567633986473,
    0.010029532015323639,
    0.010026222094893456,
    0.010024171322584152,
    0.010028112679719925,
    0.010023977607488632,
    0.010026008822023869,
    0.010030549950897694,
    0.010026735253632069,
    0.01002600509673357,
    0.010028090327978134,
    0.010026169009506702,
    0.010025816038250923,
    0.010028376244008541,
    0.010029098950326443,
    0.010028429329395294,
    0.010027365759015083,
    0.01002582535147667,
    0.01002989336848259,
    0.010032025165855885,
    0.010026135481894016,
    0.010025832802057266,
    0.010026669129729271,
    0.010031186044216156,
    0.010025019757449627,
    0.0100324098020792,
    0.010025233961641788,
    0.01002642884850502,
    0.010030212812125683,
    0.010029505006968975,
    0.01002641674131155,
    0.010023430921137333,
    0.010025746189057827,
    0.010026142001152039,
    0.010024872608482838,
    0.010025853291153908,
    0.01002429984509945,
    0.010028433986008167,
    0.01002481859177351,
    0.010027073323726654,
    0.010027077049016953,
    0.01002601906657219,
    0.010024067014455795,
    0.010027364827692509,
    0.010024878196418285,
    0.010025030001997948,
    0.0100264186039567,
    0.010027680546045303,
    0.010022630915045738,
    0.010022936388850212,
    0.010027376003563404,
    0.01002616435289383,
    0.010025069117546082,
    0.01002663653343916,
    0.01002228818833828,
    0.010028276592493057,
    0.010029506869614124,
    0.010025165043771267,
    0.010027027688920498,
    0.010030185803771019,
    0.010029119439423084,
    0.010028531774878502,
    0.01002675760537386,
    0.010024488903582096,
    0.010029342025518417,
    0.010028716176748276,
    0.010030409321188927,
    0.010024867951869965,
    0.010030961595475674,
    0.010027505457401276,
    0.010026618838310242,
    0.010029349476099014,
    0.010026994161307812,
    0.010029545985162258,
    0.010024367831647396,
    0.01002494152635336,
    0.010023442097008228,
