{
  "version": "plots/_T_10_y0_0_1_network_architectures_4_50_activations_tanh_learning_rates_0_001_collocations_1024_epochs_50000_regularization_no_reg_reg_epochs_1_reg_coeff_100000_reg_decay_1_/run_9",
  "seed": 1,
  "y0": 0.1,
  "T": 10,
  "N_col": 1024,
  "N_hidden": 4,
  "N_neurons": 50,
  "activation": "tanh",
  "N_epochs": 50000,
  "learning_rate": 0.001,
  "decay_rate": 1.0,
  "freq_log": 100,
  "freq_print": 1000,
  "keys_print": [
    "loss"
  ],
  "freq_save": 0,
  "regularization": "no_reg",
  "reg_coeff": 100000,
  "reg_decay": 1,
  "reg_epochs": 1,
  "loss": [
    0.038856200873851776,
    0.0019607008434832096,
    0.0018579910974949598,
    0.0020274664275348186,
    0.0018159521277993917,
    0.002105069812387228,
    0.0020551756024360657,
    0.0021184817887842655,
    0.002034972421824932,
    0.0018806474981829524,
    0.0016769838985055685,
    0.002355142729356885,
    0.0021144580096006393,
    0.0023993374779820442,
    0.0021614786237478256,
    0.0023568333126604557,
    0.001662098104134202,
    0.002358829602599144,
    0.0018982761539518833,
    0.0019506659591570497,
    0.0020766023080796003,
    0.0018472325755283237,
    0.0018738695653155446,
    0.0021715755574405193,
    0.0020146272145211697,
    0.002007103292271495,
    0.0018573999404907227,
    0.0018622336210682988,
    0.0017512488411739469,
    0.0023508304730057716,
    0.0020294953137636185,
    0.002087774220854044,
    0.0018016500398516655,
    0.001801563543267548,
    0.001994490623474121,
    0.0019278835970908403,
    0.002123139100149274,
    0.002021457999944687,
    0.0023378343321383,
    0.0016513894079253078,
    0.0019788434728980064,
    0.0022095961030572653,
    0.001997718820348382,
    0.0019514365121722221,
    0.0020180977880954742,
    0.0019457325106486678,
    0.0017627759370952845,
    0.002036058809608221,
    0.0020706106442958117,
    0.002023210981860757,
    0.0020032983738929033,
    0.001912738080136478,
    0.002195113804191351,
    0.002044843975454569,
    0.002210462000221014,
    0.0019818644504994154,
    0.0021690353751182556,
    0.0018456163816154003,
    0.0022189419250935316,
    0.0021058274433016777,
    0.0020364532247185707,
    0.001939601032063365,
    0.002201640512794256,
    0.0019074487499892712,
    0.002230821643024683,
    0.0019500667694956064,
    0.0018762724939733744,
    0.0019207396544516087,
    0.0020286559592932463,
    0.0018881859723478556,
    0.0019851294346153736,
    0.0020430900622159243,
    0.001899220864288509,
    0.0023443643003702164,
    0.0019422443583607674,
    0.0016432118136435747,
    0.0023953313939273357,
    0.002158400835469365,
    0.0021171350963413715,
    0.0019096710020676255,
    0.0021346663124859333,
    0.0020363349467515945,
    0.0018366414587944746,
    0.0019441688200458884,
    0.0020569588523358107,
    0.0017776605673134327,
    0.002119152806699276,
    0.0020899702794849873,
    0.0019093770533800125,
    0.0018603958887979388,
    0.0020246750209480524,
    0.001661399146541953,
    0.001876279478892684,
    0.0016504402738064528,
    0.002014620928093791,
    0.0020064767450094223,
    0.002007684437558055,
    0.0019976631738245487,
    0.0022010519169270992,
    0.0022496292367577553,
    0.0016211672918871045,
    0.0019274874357506633,
    0.002079483587294817,
    0.001960662892088294,
    0.0018598311580717564,
    0.0024221795611083508,
    0.0019171255407854915,
    0.002019172068685293,
    0.002003617584705353,
    0.002010249299928546,
    0.002048683352768421,
    0.0020856033079326153,
    0.0021049357019364834,
    0.001983300317078829,
    0.001776792574673891,
    0.002086937427520752,
    0.0018785482970997691,
    0.0018830617191269994,
    0.0019238381646573544,
    0.0021636178717017174,
    0.0022235780488699675,
    0.002044863300397992,
    0.0019648978486657143,
    0.0018514557741582394,
    0.0017736388836055994,
    0.0022532499860972166,
    0.0019648002926260233,
    0.002071129158139229,
    0.0021049603819847107,
    0.0019642915576696396,
    0.001930557074956596,
    0.0016686837188899517,
    0.0016684026923030615,
    0.001854579197242856,
    0.0017246045172214508,
    0.0018493386451154947,
    0.0021630802657455206,
    0.0019130267901346087,
    0.001944560557603836,
    0.0018981368048116565,
    0.00193423917517066,
    0.0017571188509464264,
    0.002008122857660055,
    0.0018147784285247326,
    0.002366467844694853,
    0.002016585785895586,
    0.001775451935827732,
    0.001918877474963665,
    0.0017372560687363148,
    0.002132551744580269,
    0.0019148094579577446,
    0.001924643525853753,
    0.0012725661508738995,
    0.0019528756383806467,
    0.001644953852519393,
    0.001897787326015532,
    0.0018607076490297914,
    0.0020385850220918655,
    0.002015806036069989,
    0.0019586728885769844,
    0.0020499066449701786,
    0.0018469891510903835,
    0.001989391166716814,
    0.002086243825033307,
    0.0020811567083001137,
    0.0019851357210427523,
    0.0018904430326074362,
    0.0017676926217973232,
    0.001875324989669025,
    0.0018660753266885877,
    0.0018549889791756868,
    0.001957786036655307,
    0.0019494065782055259,
    0.0020311116240918636,
    0.0019005350768566132,
    0.0018964690389111638,
    0.0017915256321430206,
    0.002076254226267338,
    0.001752077485434711,
    0.0018506718333810568,
    0.0022203943226486444,
    0.0017017561476677656,
    0.001833645161241293,
    0.0021446754690259695,
    0.0022353604435920715,
    0.002028710674494505,
    0.0017735178116708994,
    0.0018987315706908703,
    0.0021040095016360283,
    0.002104258630424738,
    0.0025583812966942787,
    0.0017614556709304452,
    0.0016722579021006823,
    0.0020054623018950224,
    0.002164118690416217,
    0.0018731147283688188,
    0.0020803166553378105,
    0.001828989596106112,
    0.002017158782109618,
    0.0020439461804926395,
    0.0018808390013873577,
    0.0021422253921628,
    0.0019437199225649238,
    0.002253146842122078,
    0.0022733709774911404,
    0.002115271519869566,
    0.0016243717400357127,
    0.0022373879328370094,
    0.0021661589853465557,
    0.002201526192948222,
    0.0018503449391573668,
    0.002237452659755945,
    0.0019061643397435546,
    0.0017758931498974562,
    0.0019367228960618377,
    0.0017129442421719432,
    0.001878057373687625,
    0.00236299866810441,
    0.002000286243855953,
    0.0019784620963037014,
    0.0020928052254021168,
    0.0019196253269910812,
    0.0018480790313333273,
    0.0020337537862360477,
    0.00216490775346756,
    0.0021108011715114117,
    0.00217852252535522,
    0.0018824846483767033,
    0.002286042319610715,
    0.0024467422626912594,
    0.0019479545298963785,
    0.001943368697538972,
    0.0020246426574885845,
    0.0023663691245019436,
    0.001893881824798882,
    0.002443163888528943,
    0.0019016374135389924,
    0.0020297125447541475,
    0.0022632572799921036,
    0.0021846252493560314,
    0.001990419812500477,
    0.001731091528199613,
    0.0018605879740789533,
    0.001962376991286874,
    0.0017999134724959731,
    0.0019165481207892299,
    0.001823347294703126,
    0.0021363948471844196,
    0.0017994109075516462,
    0.0019495964515954256,
    0.002039032056927681,
    0.0019496757304295897,
    0.0017162710428237915,
    0.0020309791434556246,
    0.001849019667133689,
    0.0018071371596306562,
    0.0019646016880869865,
    0.0020797685720026493,
    0.00163013837300241,
    0.001657248241826892,
    0.002013998571783304,
    0.001952053513377905,
    0.0017595278332009912,
    0.0019233509665355086,
    0.0015478834975510836,
    0.002097558695822954,
    0.0023081807885318995,
    0.0018357696244493127,
    0.002009951276704669,
    0.0022702005226165056,
    0.0021736915223300457,
    0.0022076983004808426,
    0.002058448037132621,
    0.0018112407997250557,
    0.002138801384717226,
    0.0021703429520130157,
    0.0022550246212631464,
    0.0018484106985852122,
