{
  "version": "plots/_T_7_5_y0_0_001_network_architectures_4_50_activations_tanh_learning_rates_0_001_collocations_1024_epochs_50000_regularization_reg_derivative_unstable_fp_reg_epochs_1_reg_coeff_100000_reg_decay_1_/run_5",
  "seed": 1,
  "y0": 0.001,
  "T": 7.5,
  "N_col": 1024,
  "N_hidden": 4,
  "N_neurons": 50,
  "activation": "tanh",
  "N_epochs": 50000,
  "learning_rate": 0.001,
  "decay_rate": 1.0,
  "freq_log": 100,
  "freq_print": 1000,
  "keys_print": [
    "loss"
  ],
  "freq_save": 0,
  "regularization": "reg_derivative_unstable_fp",
  "reg_coeff": 100000,
  "reg_decay": 1,
  "reg_epochs": 1,
  "loss": [
    0.07089056819677353,
    0.020893020555377007,
    0.0033822928089648485,
    0.013965627178549767,
    0.010967759415507317,
    0.012149816378951073,
    0.011153191328048706,
    0.009659749455749989,
    0.009858416393399239,
    0.008006647229194641,
    0.007232699543237686,
    0.008418397046625614,
    0.008568337187170982,
    0.008310960605740547,
    0.007456204388290644,
    0.007868142798542976,
    0.006238317117094994,
    0.007077755872160196,
    0.00628235936164856,
    0.006649802438914776,
    0.005279539152979851,
    0.00517935398966074,
    0.004795854911208153,
    0.004344765562564135,
    0.0033090708311647177,
    0.002574265468865633,
    0.00203122990205884,
    0.0016937324544414878,
    0.0014758151955902576,
    0.0014443692052736878,
    0.001195333432406187,
    0.0010954164899885654,
    0.0009586800588294864,
    0.0008051486220210791,
    0.000727590115275234,
    0.0005766497342847288,
    0.0005244517815299332,
    0.0004067670088261366,
    0.0003546616935636848,
    0.00026854019961319864,
    0.000253068283200264,
    0.0002063595748040825,
    0.00018532710964791477,
    0.0001489594578742981,
    0.00012288286234252155,
    0.00010860166366910562,
    8.999399142339826e-05,
    7.356605783570558e-05,
    6.221076182555407e-05,
    5.213064650888555e-05,
    4.652875941246748e-05,
    3.643728268798441e-05,
    3.4714983485173434e-05,
    2.956458047265187e-05,
    2.7672511350829154e-05,
    2.26322536036605e-05,
    2.259083339595236e-05,
    1.790371970855631e-05,
    1.8741937310551293e-05,
    1.643000177864451e-05,
    1.5800520486664027e-05,
    1.3637290066981222e-05,
    1.3159335139789619e-05,
    1.1108841135865077e-05,
    1.212373172165826e-05,
    1.032690670399461e-05,
    1.2400947525748052e-05,
    2.1676867618225515e-05,
    8.408456778852269e-06,
    7.1501563070341945e-06,
    9.676208719611168e-06,
    5.537912147701718e-05,
    7.566374733869452e-06,
    6.966998626012355e-06,
    1.5294242984964512e-05,
    1.0895319064729847e-05,
    4.770992291014409e-06,
    7.3887972575903405e-06,
    4.471148713491857e-06,
    3.6171584270050516e-06,
    4.53547909273766e-06,
    4.159417585469782e-06,
    7.0517935455427505e-06,
    2.9057814572297502e-06,
    3.4352065085840877e-06,
    1.8697155610425398e-05,
    2.163893896067748e-06,
    0.02363533154129982,
    0.028326768428087234,
    0.009730360470712185,
    0.005300736054778099,
    0.0028378921560943127,
    0.0014320428017526865,
    0.0010184369748458266,
    0.0012534682173281908,
    0.0011343804653733969,
    0.0009467076743021607,
    0.0009727670112624764,
    0.0008651441894471645,
    0.0008535352535545826,
    0.00040956662269309163,
    0.0006995223229750991,
    0.0005252610426396132,
    0.0005561072612181306,
    0.0004156568320468068,
    0.0007019211770966649,
    0.0004246121970936656,
    0.0005914804060012102,
    0.0003647733828984201,
    0.00027736095944419503,
    0.00029525699210353196,
    0.0003494594420772046,
    0.00036459325929172337,
    0.00032553065102547407,
    0.0002839284425135702,
    0.0002031620970228687,
    0.0003758968668989837,
    0.00019707143655978143,
    0.0002861831453628838,
    0.0002149655920220539,
    0.00019625184359028935,
    0.00040620926301926374,
    0.00022578344214707613,
    0.00028188590658828616,
    0.00020250785746611655,
    0.00019331419025547802,
    0.00026590737979859114,
    0.0003835555980913341,
    0.0003329954342916608,
    0.0002769481507129967,
    0.00027641793712973595,
    0.0001715918187983334,
    9.379885159432888e-05,
    0.00011122215073555708,
    0.00027774792397394776,
    0.00023844001407269388,
    0.0002927580790128559,
    0.0003093094564974308,
    0.00022352876840159297,
    0.00018409221956972033,
    0.00020157569088041782,
    0.0002908426395151764,
    8.677611185703427e-05,
    0.0001609481405466795,
    0.0002476201334502548,
    0.00018454273231327534,
    0.0001430291449651122,
    0.00016847936785779893,
    7.435379666276276e-05,
    0.00019380467711016536,
    0.0002096248499583453,
    9.37228905968368e-05,
    6.774622306693345e-05,
    0.00020161957945674658,
    0.00015008043556008488,
    0.00030742475064471364,
    0.00017841305816546082,
    0.00014486534928437322,
    0.0002630897506605834,
    0.00017931728507392108,
    0.00018861389253288507,
    0.00010779219883261248,
    0.0001365571515634656,
    0.00013553450116887689,
    0.00014322585775516927,
    0.00012916862033307552,
    0.00011573126539587975,
    0.00012614070146810263,
    0.0001373436680296436,
    7.173875928856432e-05,
    0.00010366344940848649,
    0.00011835165059892461,
    5.849173612659797e-05,
    0.00012906669871881604,
    6.824152660556138e-05,
    0.00018790061585605145,
    9.792319178814068e-05,
    5.8514611737336963e-05,
    0.00022046960657462478,
    7.96592648839578e-05,
    7.843759522074834e-05,
    4.0547209209762514e-05,
    0.0048844884149730206,
    0.001858819741755724,
    0.0010078439954668283,
    0.000637405610177666,
    0.0004200948169454932,
    0.0003149972762912512,
    0.00024257766199298203,
    0.0001940412330441177,
    0.00017389515414834023,
    0.00012689275899901986,
    0.00010676968668121845,
    0.00010920721251750365,
    0.00010158937948290259,
    7.873866707086563e-05,
    7.425319927278906e-05,
    6.459355063270777e-05,
    6.10831193625927e-05,
    5.848201544722542e-05,
    4.5477856474462897e-05,
    4.0130369598045945e-05,
    3.8912567106308416e-05,
    3.8603033317485824e-05,
    3.398081025807187e-05,
    2.993043563037645e-05,
    2.413289257674478e-05,
    2.6593897928250954e-05,
    2.1708181520807557e-05,
    1.939260255312547e-05,
    1.6455147488159128e-05,
    1.7246649804292247e-05,
    1.4021716197021306e-05,
    1.2019231689919252e-05,
    1.1544138033059426e-05,
    1.0316218322259374e-05,
    9.298251825384796e-06,
    1.0542140444158576e-05,
    7.727008778601885e-06,
    7.015029495960334e-06,
    6.785061486880295e-06,
    5.935751232755138e-06,
    5.648893875331851e-06,
    5.24880215380108e-06,
    5.171137217985233e-06,
    4.618433194991667e-06,
    4.246323442202993e-06,
    3.7250431432767073e-06,
    3.856932380585931e-06,
    3.305280642962316e-06,
    2.862449491658481e-06,
    2.5783624550967943e-06,
    2.4844807740009855e-06,
    2.586586560937576e-06,
    1.8655069879969233e-06,
    2.0122631667618407e-06,
    1.5841424101381563e-06,
    1.537866410217248e-06,
    1.4751332173545961e-06,
    1.3271961734062643e-06,
    1.4134367347651278e-06,
    2.250616944365902e-06,
    0.0017824126407504082,
    0.0004953587776981294,
    0.00015750093734823167,
    0.00019620044622570276,
    0.000256420171353966,
    0.00022713383077643812,
    0.00012814557703677565,
    0.00011499429820105433,
    0.0001958906650543213,
    0.0002325072418898344,
    3.730655589606613e-05,
    0.00013314696843735874,
    9.70348046394065e-05,
    0.00014787267718929797,
    4.089676804142073e-05,
    0.00017442127864342183,
    8.957035606727004e-05,
    0.00012577926099766046,
    0.000144354096846655,
    0.00016018854512367398,
    4.5455442887032405e-05,
    0.00011334825103404,
    9.1617061116267e-05,
    7.774730329401791e-05,
    0.00014138959522824734,
    4.810507016372867e-05,
    0.0017256309511139989,
    0.00038908497663214803,
    0.00016031705308705568,
