{
  "version": "plots/_T_10_y0_0_1_network_architectures_4_50_activations_tanh_learning_rates_0_001_collocations_1024_epochs_50000_regularization_no_reg_reg_epochs_1_reg_coeff_1_reg_decay_1_/run_2",
  "seed": 1,
  "y0": 0.1,
  "T": 10,
  "N_col": 1024,
  "N_hidden": 4,
  "N_neurons": 50,
  "activation": "tanh",
  "N_epochs": 50000,
  "learning_rate": 0.001,
  "decay_rate": 1.0,
  "freq_log": 100,
  "freq_print": 1000,
  "keys_print": [
    "loss"
  ],
  "freq_save": 0,
  "regularization": "no_reg",
  "reg_coeff": 1,
  "reg_decay": 1,
  "reg_epochs": 1,
  "loss": [
    0.009603345766663551,
    0.0019519354682415724,
    0.0018586290534585714,
    0.0020382744260132313,
    0.0018379328539595008,
    0.0021035629324615,
    0.002060744445770979,
    0.002117209369316697,
    0.002045226749032736,
    0.0018792619230225682,
    0.0016993398312479258,
    0.002356546698138118,
    0.0021141027100384235,
    0.002549102995544672,
    0.0021493288222700357,
    0.0023466814309358597,
    0.0016640862450003624,
    0.0023552917409688234,
    0.0019134918693453074,
    0.0019577480852603912,
    0.002080371603369713,
    0.0018467274494469166,
    0.0018908169586211443,
    0.0021571761462837458,
    0.002019541570916772,
    0.0020081980619579554,
    0.0018818120006471872,
    0.0018587326630949974,
    0.0017692167311906815,
    0.0023599322885274887,
    0.002026339527219534,
    0.0020912615582346916,
    0.0017921096878126264,
    0.0017960009863600135,
    0.001993199810385704,
    0.0019356164848431945,
    0.0021243311930447817,
    0.002029064577072859,
    0.00231714965775609,
    0.0016518322518095374,
    0.0019973847083747387,
    0.002213176107034087,
    0.0019746902398765087,
    0.0019405167549848557,
    0.0020246286876499653,
    0.0019522939110174775,
    0.0017634135438129306,
    0.0020397710613906384,
    0.0020659593865275383,
    0.0019949572160840034,
    0.0020448309369385242,
    0.001905105891637504,
    0.0022105444222688675,
    0.002059626393020153,
    0.002209879457950592,
    0.0019830819219350815,
    0.002163540106266737,
    0.0018558346200734377,
    0.002222494687885046,
    0.002136512193828821,
    0.002031431533396244,
    0.0019703637808561325,
    0.002210819162428379,
    0.001908987294882536,
    0.0022239612881094217,
    0.0019467901438474655,
    0.0018733043689280748,
    0.0019170815357938409,
    0.0020508551970124245,
    0.0018873328808695078,
    0.0019789445213973522,
    0.0020367098040878773,
    0.0018823138670995831,
    0.0023807089310139418,
    0.0019445191137492657,
    0.001649815822020173,
    0.002387810032814741,
    0.0021606648806482553,
    0.0022129840217530727,
    0.0019283611327409744,
    0.0021400535479187965,
    0.0020449706353247166,
    0.001906142570078373,
    0.0019452809356153011,
    0.0020644706673920155,
    0.0017830119468271732,
    0.0021275661420077085,
    0.0020879616495221853,
    0.001913090469315648,
    0.001861230586655438,
    0.002041194587945938,
    0.0016660983674228191,
    0.0018727469723671675,
    0.0016492120921611786,
    0.0020057130604982376,
    0.002008273033425212,
    0.0020095431245863438,
    0.0019932477734982967,
    0.002206906909123063,
    0.002268246840685606,
    0.001626403070986271,
    0.0019396094139665365,
    0.002071085851639509,
    0.0019646810833364725,
    0.00185877934563905,
    0.002422485500574112,
    0.0019065726082772017,
    0.0020369351841509342,
    0.001991613768041134,
    0.002014374826103449,
    0.002049532486125827,
    0.0020887376740574837,
    0.0021149865351617336,
    0.0019884745124727488,
    0.0017797676846385002,
    0.002085397718474269,
    0.001880599302239716,
    0.0019219974055886269,
    0.001923094503581524,
    0.002184046898037195,
    0.002217181259766221,
    0.002043029759079218,
    0.001964402152225375,
    0.0018385836156085134,
    0.00176954735070467,
    0.0022574583999812603,
    0.0019629979506134987,
    0.0020696623250842094,
    0.002116729971021414,
    0.0019682093989104033,
    0.001918281428515911,
    0.0016702576540410519,
    0.0016702464781701565,
    0.001859119045548141,
    0.0017152198124676943,
    0.0018433206714689732,
    0.0021734877955168486,
    0.0019273677607998252,
    0.001983154099434614,
    0.0019145039841532707,
    0.0019313836237415671,
    0.0017761362250894308,
    0.002020931337028742,
    0.0018228570697829127,
    0.0023650070652365685,
    0.0020233639515936375,
    0.0017739750910550356,
    0.0019252473721280694,
    0.001731318305246532,
    0.0021306355483829975,
    0.0019174457993358374,
    0.0019220043905079365,
    0.0012733384501188993,
    0.001970113255083561,
    0.0016465450171381235,
    0.001904156873933971,
    0.0018602388445287943,
    0.002042416948825121,
    0.0020103640854358673,
    0.001968603115528822,
    0.0020676245912909508,
    0.001845416147261858,
    0.002005424350500107,
    0.002082137856632471,
    0.0020766532979905605,
    0.0019827059004455805,
    0.0018929914804175496,
    0.0017730072140693665,
    0.0018776636570692062,
    0.0018715590704232454,
    0.0018548673251643777,
    0.0019529249984771013,
    0.0019609557930380106,
    0.0020313705317676067,
    0.0018963402835652232,
    0.0018943247850984335,
    0.0017943627899512649,
    0.0020844358950853348,
    0.0017530149780213833,
    0.0018503795145079494,
    0.0022182678803801537,
    0.0017022343818098307,
    0.0018346605356782675,
    0.0021432938519865274,
    0.0022312025539577007,
    0.002031781477853656,
    0.0017813361482694745,
    0.001901774201542139,
    0.002112467773258686,
    0.002103854902088642,
    0.0025479630567133427,
    0.001771803479641676,
    0.0016723490552976727,
    0.002005550544708967,
    0.002164557110518217,
    0.001872229389846325,
    0.0020866855047643185,
    0.0018280156655237079,
    0.0020213439129292965,
    0.002045033033937216,
    0.0018845400772988796,
    0.0021415245719254017,
    0.0019480036571621895,
    0.00227225455455482,
    0.002268169540911913,
    0.002112206071615219,
    0.001630934071727097,
    0.002242169575765729,
    0.002163791097700596,
    0.002222091192379594,
    0.0018460557330399752,
    0.002231401391327381,
    0.0019147440325468779,
    0.0017796120373532176,
    0.00195438414812088,
    0.001715035643428564,
    0.0018893806263804436,
    0.002356648910790682,
    0.0020025174599140882,
    0.0019765521865338087,
    0.002086627995595336,
    0.0019237538799643517,
    0.0018469537608325481,
    0.0020267991349101067,
    0.002168531995266676,
    0.002110149711370468,
    0.0021917540580034256,
    0.0018838364630937576,
    0.0022918505128473043,
    0.002459669951349497,
    0.001950603211298585,
    0.0019455559086054564,
    0.0020251350942999125,
    0.00237344135530293,
    0.0019052298739552498,
    0.002446027472615242,
    0.0019006594084203243,
    0.0020332669373601675,
    0.0022687246091663837,
    0.0021786633878946304,
    0.0020001332741230726,
    0.0017361361533403397,
    0.001857944531366229,
    0.0019711970817297697,
    0.0018072822131216526,
    0.0019151190062984824,
    0.0018252481240779161,
    0.0021370849572122097,
    0.001801583101041615,
    0.0019540474750101566,
    0.0020428006537258625,
    0.0019502952927723527,
    0.001722539309412241,
    0.0020332918502390385,
    0.0018573545385152102,
    0.0018217487959191203,
    0.0019629395101219416,
    0.0020800624042749405,
    0.0016323683084920049,
    0.0016562235541641712,
    0.00201969500631094,
    0.001951269106939435,
    0.0017728391103446484,
    0.0019224676070734859,
    0.0015383491991087794,
    0.002102636033669114,
    0.00231001153588295,
    0.001830629538744688,
    0.002019068691879511,
    0.0022759875282645226,
    0.002175186760723591,
    0.0022066188976168633,
    0.0020702467299997807,
    0.0018121323082596064,
    0.0021382709965109825,
    0.002170342719182372,
    0.002251338679343462,
    0.0018529118970036507,
    0.0024161699693650007,
