{
  "version": "model_weights/_T_7_5_y0_0_001_network_architectures_4_50_activations_tanh_learning_rates_0_001_collocations_1024_epochs_50000_reg_epochs_0_75_reg_coeff_1_reg_decay_1_/run_17",
  "seed": 1,
  "y0": 0.001,
  "T": 7.5,
  "N_col": 1024,
  "N_hidden": 4,
  "N_neurons": 50,
  "activation": "tanh",
  "N_epochs": 50000,
  "learning_rate": 0.001,
  "decay_rate": 1.0,
  "freq_log": 100,
  "freq_print": 1000,
  "keys_print": [
    "loss"
  ],
  "freq_save": 0,
  "reg_coeff": 1,
  "reg_decay": 1,
  "reg_epochs": 0.75,
  "loss": [
    0.15524451434612274,
    0.1351899951696396,
    0.037520743906497955,
    0.03466622903943062,
    0.03275208920240402,
    0.03613942116498947,
    0.035918138921260834,
    0.035252735018730164,
    0.03588726371526718,
    0.033827777951955795,
    0.030953485518693924,
    0.0384988859295845,
    0.03782039135694504,
    0.03943720832467079,
    0.03616517037153244,
    0.03873051702976227,
    0.0314352922141552,
    0.0389113575220108,
    0.033394839614629745,
    0.03534477576613426,
    0.03480236977338791,
    0.03399202227592468,
    0.03473859652876854,
    0.03733000159263611,
    0.03557790070772171,
    0.03492560610175133,
    0.03375779464840889,
    0.03431937098503113,
    0.03306267783045769,
    0.03811804577708244,
    0.035559847950935364,
    0.03652707114815712,
    0.03335149213671684,
    0.03340991213917732,
    0.03465842828154564,
    0.03399563208222389,
    0.03580409660935402,
    0.03606115281581879,
    0.03766423091292381,
    0.031108539551496506,
    0.03429638594388962,
    0.03726233169436455,
    0.03596873953938484,
    0.0342455618083477,
    0.03416549786925316,
    0.03515895828604698,
    0.0320129357278347,
    0.03346742317080498,
    0.03530736267566681,
    0.0347350649535656,
    0.035356249660253525,
    0.03286270797252655,
    0.03714023903012276,
    0.03634187579154968,
    0.0373593345284462,
    0.033999260514974594,
    0.03571493178606033,
    0.03203107789158821,
    0.03758416697382927,
    0.035270076245069504,
    0.034111469984054565,
    0.03363499045372009,
    0.036986056715250015,
    0.034305475652217865,
    0.03710203990340233,
    0.034624770283699036,
    0.03537813946604729,
    0.034441590309143066,
    0.03668604791164398,
    0.034264855086803436,
    0.03579743206501007,
    0.0348772257566452,
    0.03451434522867203,
    0.03867550194263458,
    0.03431931138038635,
    0.03210505470633507,
    0.03774067386984825,
    0.03697921708226204,
    0.036646995693445206,
    0.0360029861330986,
    0.036326684057712555,
    0.03593689948320389,
    0.03372810035943985,
    0.03518756479024887,
    0.035312239080667496,
    0.033521298319101334,
    0.03671844303607941,
    0.036552608013153076,
    0.033987995237112045,
    0.03298389911651611,
    0.03582509607076645,
    0.029973620548844337,
    0.03408686816692352,
    0.032143622636795044,
    0.03394599258899689,
    0.03382280468940735,
    0.03408737853169441,
    0.03366948664188385,
    0.03729022666811943,
    0.03657733276486397,
    0.032228246331214905,
    0.032820750027894974,
    0.03576114773750305,
    0.033702194690704346,
    0.03380148485302925,
    0.04032031446695328,
    0.03193587064743042,
    0.035731710493564606,
    0.03610987216234207,
    0.03523097559809685,
    0.03521224483847618,
    0.0333511047065258,
    0.036097973585128784,
    0.03411082178354263,
    0.03342558816075325,
    0.035932913422584534,
    0.033742211759090424,
    0.03368820995092392,
    0.03380856290459633,
    0.03685888275504112,
    0.037631526589393616,
    0.037145428359508514,
    0.03537721931934357,
    0.033187076449394226,
    0.03297074884176254,
    0.03788168728351593,
    0.03465671464800835,
    0.036535732448101044,
    0.03566873073577881,
    0.03578668832778931,
    0.0338042750954628,
    0.0318131297826767,
    0.03185312822461128,
    0.03292301297187805,
    0.03270307183265686,
    0.03515182062983513,
    0.037586938589811325,
    0.03319977968931198,
    0.03470258414745331,
    0.034855496138334274,
    0.033199846744537354,
    0.0329909548163414,
    0.0361604169011116,
    0.03483896702528,
    0.0383555144071579,
    0.033915407955646515,
    0.03304700180888176,
    0.034066103398799896,
    0.03263455256819725,
    0.0357537716627121,
    0.03495495021343231,
    0.03451838716864586,
    0.027657607570290565,
    0.035019077360630035,
    0.03095736727118492,
    0.034309275448322296,
    0.034098733216524124,
    0.03533625230193138,
    0.03437165170907974,
    0.033607929944992065,
    0.03544394671916962,
    0.034021757543087006,
    0.03362656757235527,
    0.03558690845966339,
    0.035274066030979156,
    0.03426957502961159,
    0.035077013075351715,
    0.032242551445961,
    0.034001778811216354,
    0.03382199630141258,
    0.03331952542066574,
    0.03525640815496445,
    0.03486918658018112,
    0.035446327179670334,
    0.033573295921087265,
    0.033515267074108124,
    0.03419975936412811,
    0.03641663119196892,
    0.03230948746204376,
    0.03502045199275017,
    0.03796568885445595,
    0.03237990662455559,
    0.0335855707526207,
    0.03687650337815285,
    0.036817945539951324,
    0.03599151223897934,
    0.03380585461854935,
    0.034957487136125565,
    0.03580242395401001,
    0.03624768927693367,
    0.03933163359761238,
    0.031903769820928574,
    0.03207385912537575,
    0.03567296266555786,
    0.03730558976531029,
    0.034167397767305374,
    0.036150071769952774,
    0.035955991595983505,
    0.03521917760372162,
    0.03565085679292679,
    0.03337088227272034,
    0.0356588289141655,
    0.0355520024895668,
    0.03729608654975891,
    0.03666778281331062,
    0.0365263894200325,
    0.03220461681485176,
    0.036999233067035675,
    0.036245279014110565,
    0.035796839743852615,
    0.03426710516214371,
    0.037311434745788574,
    0.033877551555633545,
    0.0325964093208313,
    0.03557715192437172,
    0.03231043368577957,
    0.03482704609632492,
    0.03764180839061737,
    0.034978847950696945,
    0.03372238576412201,
    0.037070367485284805,
    0.03511898219585419,
    0.03485630825161934,
    0.03716602176427841,
    0.037047117948532104,
    0.03592272102832794,
    0.03469008952379227,
    0.03416851907968521,
    0.037812694907188416,
    0.03996753320097923,
    0.03498341888189316,
    0.03394421562552452,
    0.03455875813961029,
    0.03890438750386238,
    0.03367793560028076,
    0.04017831012606621,
    0.033526260405778885,
    0.033912818878889084,
    0.03797563165426254,
    0.03779572993516922,
    0.03442339971661568,
    0.032201312482357025,
    0.03424462303519249,
    0.03531128168106079,
    0.03387483209371567,
    0.03428125008940697,
    0.032395415008068085,
    0.036648329347372055,
    0.03375115245580673,
    0.036100443452596664,
    0.03498869761824608,
    0.03406141698360443,
    0.03312428295612335,
    0.03567192703485489,
    0.03332614526152611,
    0.03331781551241875,
    0.03460157662630081,
    0.03564150258898735,
    0.03156310319900513,
    0.031743913888931274,
    0.03496486321091652,
    0.03453493118286133,
    0.03352329879999161,
    0.03575603663921356,
    0.03239583596587181,
    0.03614581748843193,
    0.03672094643115997,
    0.033920515328645706,
    0.03480084612965584,
    0.03806711733341217,
    0.03732907027006149,
    0.036890339106321335,
    0.034959446638822556,
    0.032711900770664215,
    0.03828549012541771,
    0.036315031349658966,
    0.038032032549381256,
    0.03322753682732582,
    0.03825407475233078,
    0.03588833659887314,
    0.034566182643175125,
    0.036577560007572174,
    0.03518466651439667,
    0.03647305816411972,
    0.033271413296461105,
    0.033795520663261414,
    0.03222772479057312,
    0.03540689870715141,
    0.03198698163032532,
    0.034826043993234634,
    0.0350651815533638,
    0.03463936224579811,
    0.03369033336639404,
    0.03339201211929321,
    0.035793304443359375,
    0.03441357612609863,
