{
  "version": "plots/_T_10_y0_0_001_network_architectures_4_50_activations_tanh_learning_rates_0_001_collocations_1024_epochs_50000_regularization_reg_derivative_unstable_fp_reg_epochs_1_reg_coeff_1_reg_decay_1_/run_1",
  "seed": 1,
  "y0": 0.001,
  "T": 10,
  "N_col": 1024,
  "N_hidden": 4,
  "N_neurons": 50,
  "activation": "tanh",
  "N_epochs": 50000,
  "learning_rate": 0.001,
  "decay_rate": 1.0,
  "freq_log": 100,
  "freq_print": 1000,
  "keys_print": [
    "loss"
  ],
  "freq_save": 0,
  "regularization": "reg_derivative_unstable_fp",
  "reg_coeff": 1,
  "reg_decay": 1,
  "reg_epochs": 1,
  "loss": [
    0.004857993219047785,
    1.4735991499037482e-05,
    7.541890227003023e-06,
    5.135942501510726e-06,
    3.5424830002739327e-06,
    2.725103058764944e-06,
    2.34790968534071e-06,
    2.454274181218352e-06,
    3.325988473079633e-06,
    2.636193130456377e-06,
    6.866793228255119e-06,
    3.4488816709199455e-06,
    2.141255208698567e-06,
    9.383893484482542e-05,
    2.117527401424013e-06,
    2.5143053790088743e-06,
    1.0997966455761343e-05,
    3.2605867090751417e-06,
    6.64617691654712e-05,
    3.882305099978112e-05,
    2.014007441175636e-05,
    1.8109145457856357e-05,
    1.9950624846387655e-05,
    2.5419703888474032e-06,
    2.5951214411179535e-05,
    2.3433411115547642e-05,
    2.459340430505108e-05,
    1.9519060515449382e-05,
    1.4178921446728054e-05,
    2.3683535346208373e-06,
    1.4679375226478442e-06,
    1.8635564629221335e-05,
    1.7361831851303577e-05,
    6.72472087899223e-05,
    2.7446700187283568e-05,
    3.0253092972998274e-06,
    8.198149771487806e-06,
    1.1678624105115887e-05,
    2.822305987137952e-06,
    5.710223376809154e-06,
    2.9228724088170566e-05,
    1.9266384697402827e-05,
    5.149865046405466e-06,
    2.6639852421794785e-06,
    2.1134857888682745e-05,
    2.893033979489701e-06,
    1.7488997400505468e-05,
    9.679670256446116e-06,
    2.525979880374507e-06,
    4.755114787258208e-06,
    1.3166392818675376e-05,
    2.4227695121226134e-06,
    3.7659050576621667e-05,
    5.678666639141738e-06,
    1.0290391401213128e-05,
    1.6245301139861112e-06,
    2.2007911866239738e-06,
    3.212519686712767e-06,
    2.623519321787171e-05,
    4.386636192066362e-06,
    2.6246218567393953e-06,
    2.1228477180557093e-06,
    1.858782297858852e-06,
    3.021470320163644e-06,
    2.1718308289564447e-06,
    2.581743501650635e-06,
    2.6250909286318347e-05,
    1.5371932022389956e-05,
    4.40593385064858e-06,
    3.3947878819162725e-06,
    2.653882575032185e-06,
    5.9709104789362755e-06,
    2.1592356915789424e-06,
    2.0214204141666414e-06,
    5.462369699671399e-06,
    1.845230144681409e-06,
    3.4226695788674988e-06,
    2.118152224284131e-06,
    3.5701839351531817e-06,
    3.702777030412108e-05,
    1.4515120710711926e-05,
    1.3948302694188897e-05,
    2.654545369296102e-06,
    6.957041478017345e-06,
    2.614282493595965e-06,
    1.8129518366549746e-06,
    1.5035121577966493e-05,
    7.717342668911442e-06,
    3.0723956570000155e-06,
    2.817073436744977e-06,
    8.64883440954145e-06,
    2.205835016866331e-06,
    6.789390226913383e-06,
    7.280898444150807e-06,
    2.8273590942262672e-05,
    3.727641342265997e-06,
    1.7669895896688104e-05,
    2.7068690542364493e-06,
    2.1543644379562465e-06,
    5.047741524322191e-06,
    2.1790428945678286e-06,
    2.069123183900956e-06,
    2.7143526040163124e-06,
    2.9956390790175647e-06,
    2.076469172607176e-05,
    1.9549081571312854e-06,
    4.015755166619783e-06,
    3.133444351988146e-06,
    1.4112135886534816e-06,
    2.741482376222848e-06,
    1.6202473034354625e-06,
    1.5215373423416167e-06,
    1.4919143040970084e-06,
    1.514795712864725e-06,
    1.69948248185392e-06,
    1.7270863281737547e-06,
    1.655405867495574e-06,
    1.6754162288634689e-06,
    1.5595569493598305e-06,
    1.5783950857439777e-06,
    1.6291986639771494e-06,
    1.8170932207794976e-06,
    1.635064450056234e-06,
    1.6111197282953071e-06,
    2.191297880926868e-06,
    1.7007386077239062e-06,
    1.5215667872325866e-06,
    2.4414557628915645e-06,
    2.1298849333106773e-06,
    1.9349786271050107e-06,
    2.1537020984396804e-06,
    1.7086288153222995e-06,
    1.7224840576091083e-06,
    1.718696807984088e-06,
    1.57682268309145e-06,
    2.2305705442704493e-06,
    1.6533089137737988e-06,
    1.7095811699618935e-06,
    1.83459633262828e-06,
    1.435813487660198e-06,
    2.172821496060351e-06,
    1.6804635833977954e-06,
    2.0164566194580402e-06,
    2.1126866158738267e-06,
    2.134489477612078e-06,
    2.5018116502906196e-06,
    2.4320265765709337e-06,
    2.5301389996457146e-06,
    2.221781869593542e-06,
    1.9307706224935828e-06,
    2.0622308056772454e-06,
    1.770993776517571e-06,
    1.9843312202283414e-06,
    3.0973963021097006e-06,
    1.8880872403315152e-06,
    1.4174006537359674e-06,
    1.127731366068474e-06,
    2.2360236471286044e-06,
    2.2758852082915837e-06,
    2.370381707805791e-06,
    2.1698058390029473e-06,
    3.8008920455467887e-06,
    1.8260511751577724e-06,
    2.1090652353450423e-06,
    2.044094344455516e-06,
    1.9446551959845237e-06,
    1.999205096581136e-06,
    2.1351022496673977e-06,
    2.7462426714919275e-06,
    2.0723368834296707e-06,
    2.0401218989718473e-06,
    2.2155149963509757e-06,
    2.094671572194784e-06,
    2.1241107788227964e-06,
    2.0873339963145554e-06,
    2.042868800344877e-06,
    2.053305024674046e-06,
    2.106705778714968e-06,
    2.283329422425595e-06,
    1.5217501641018316e-06,
    2.282364448547014e-06,
    1.5398876485051005e-06,
    1.7547939705764293e-06,
    1.749142938933801e-06,
    1.7431545984436525e-06,
    2.1465530153363943e-06,
    2.0163899989711354e-06,
    2.415840981484507e-06,
    2.3365155357168987e-06,
    2.4491484964528354e-06,
    3.0372348192031495e-06,
    1.838663820308284e-06,
    2.0412758203747217e-06,
    2.0799961930606514e-06,
    2.1899381863477174e-06,
    2.0181589661660837e-06,
    9.553407835483085e-06,
    1.9937046999984886e-06,
    1.917093413794646e-06,
    2.2371675640897593e-06,
    3.0121095733193215e-06,
    2.240096591776819e-06,
    2.069770516754943e-06,
    1.7773895706341136e-06,
    2.4234645934484433e-06,
    1.6645576579321641e-06,
    1.7805018615035806e-06,
    2.5730514607857913e-06,
    2.9899833862145897e-06,
    2.231753796877456e-06,
    2.051000137726078e-06,
    2.3013428744889097e-06,
    2.0659388155763736e-06,
    2.417367568341433e-06,
    2.4629280233057216e-06,
    2.0627539925044402e-06,
    1.4908299590388197e-06,
    1.8502710190659855e-06,
    1.9755248104047496e-06,
    2.186131496273447e-06,
    2.6505042569624493e-06,
    2.3392158254864626e-06,
    2.016739244936616e-06,
    2.0469046830839943e-06,
    1.9714148038474377e-06,
    2.8703427688014926e-06,
    2.3853776838222984e-06,
    1.7953020687855314e-06,
    1.7523432234156644e-06,
    3.840811132249655e-06,
    1.831164695431653e-06,
    2.767113528534537e-06,
    3.014282356161857e-06,
    2.893372538892436e-06,
    1.7679167285677977e-06,
    9.75234252109658e-06,
    2.92588038064423e-06,
    2.4286157440656098e-06,
    2.010928483286989e-06,
    1.9126443930872483e-06,
    2.4200985535571817e-06,
    1.5292253010557033e-06,
    2.3228453756019007e-06,
    1.8173191165260505e-06,
    2.157067683583591e-06,
    1.8454508108334267e-06,
    1.6534094129383448e-06,
    1.7876379843073664e-06,
    1.908678768813843e-06,
    1.5811720004421659e-06,
    1.5467876437469386e-06,
    1.948329781953362e-06,
    2.038519141933648e-06,
    2.228999164799461e-06,
    1.5287153019016841e-06,
    1.5683390302001499e-06,
    2.379535999352811e-06,
    1.707818796603533e-06,
    1.531663883724832e-06,
    1.789601242307981e-06,
    2.1464752535393927e-06,
    2.1216421828285092e-06,
    2.0375980511744274e-06,
    2.115392817358952e-06,
    2.0879579096799716e-06,
    2.0545744519040454e-06,
    2.016179450947675e-06,
    2.016424105022452e-06,
