{
  "version": "plots/_T_10_y0_0_1_network_architectures_4_50_activations_tanh_learning_rates_0_001_collocations_1024_epochs_50000_regularization_reg_derivative_unstable_fp_reg_epochs_1_reg_coeff_0_01_reg_decay_1_/run_5",
  "seed": 1,
  "y0": 0.1,
  "T": 10,
  "N_col": 1024,
  "N_hidden": 4,
  "N_neurons": 50,
  "activation": "tanh",
  "N_epochs": 50000,
  "learning_rate": 0.001,
  "decay_rate": 1.0,
  "freq_log": 100,
  "freq_print": 1000,
  "keys_print": [
    "loss"
  ],
  "freq_save": 0,
  "regularization": "reg_derivative_unstable_fp",
  "reg_coeff": 0.01,
  "reg_decay": 1,
  "reg_epochs": 1,
  "loss": [
    0.07876267284154892,
    0.011952480301260948,
    0.011838803067803383,
    0.012007597833871841,
    0.011794069781899452,
    0.01208699494600296,
    0.012030796147882938,
    0.012093340046703815,
    0.012017309665679932,
    0.011859633028507233,
    0.011664933525025845,
    0.0123369712382555,
    0.012083848938345909,
    0.012368207797408104,
    0.012113991193473339,
    0.01231643371284008,
    0.011651691049337387,
    0.012311569415032864,
    0.011864464730024338,
    0.01192578487098217,
    0.012056111358106136,
    0.011836837977170944,
    0.011853828094899654,
    0.012105287052690983,
    0.011998029425740242,
    0.011987458914518356,
    0.01183963380753994,
    0.011841855011880398,
    0.011740610003471375,
    0.012319236062467098,
    0.012003790587186813,
    0.012066289782524109,
    0.011782514862716198,
    0.011784854345023632,
    0.01197856292128563,
    0.01184779405593872,
    0.012104210443794727,
    0.012008816003799438,
    0.0122888945043087,
    0.011636748909950256,
    0.011961590498685837,
    0.012197213247418404,
    0.01204322837293148,
    0.011958660557866096,
    0.012070215307176113,
    0.01193894911557436,
    0.011747910641133785,
    0.011992414481937885,
    0.012054171413183212,
    0.011965066194534302,
    0.012118500657379627,
    0.011883940547704697,
    0.012171981856226921,
    0.012039793655276299,
    0.012197127565741539,
    0.011989925988018513,
    0.012140351347625256,
    0.011840912513434887,
    0.012232202105224133,
    0.012197796255350113,
    0.012061900459229946,
    0.011918127536773682,
    0.012175553478300571,
    0.012015961110591888,
    0.012212926521897316,
    0.011931565590202808,
    0.011875258758664131,
    0.011909172870218754,
    0.012043965980410576,
    0.01187063753604889,
    0.011956210248172283,
    0.012053869664669037,
    0.011881031095981598,
    0.012320814654231071,
    0.011935735121369362,
    0.011649265885353088,
    0.012393088079988956,
    0.012136301025748253,
    0.012099857442080975,
    0.011905106715857983,
    0.012113431468605995,
    0.012041772715747356,
    0.011814264580607414,
    0.01195775531232357,
    0.01205263938754797,
    0.011776121333241463,
    0.012142345309257507,
    0.012069834396243095,
    0.011886305175721645,
    0.011849450878798962,
    0.012020841240882874,
    0.011663447134196758,
    0.011872835457324982,
    0.011636816896498203,
    0.01199396699666977,
    0.011995457112789154,
    0.012015318498015404,
    0.01197846606373787,
    0.012185782194137573,
    0.0122308898717165,
    0.011600840836763382,
    0.011942080222070217,
    0.012097962200641632,
    0.011942842975258827,
    0.011840920895338058,
    0.012459246441721916,
    0.011911476030945778,
    0.01203939039260149,
    0.011975557543337345,
    0.012003151699900627,
    0.01204347237944603,
    0.012043435126543045,
    0.012153472751379013,
    0.011967611499130726,
    0.01175727415829897,
    0.012063074856996536,
    0.011858480982482433,
    0.011864757165312767,
    0.011921514756977558,
    0.012143786065280437,
    0.012194447219371796,
    0.012016598135232925,
    0.01194777712225914,
    0.011821180582046509,
    0.011809641495347023,
    0.012235641479492188,
    0.011947118677198887,
    0.012046387419104576,
    0.012094085104763508,
    0.011947987601161003,
    0.011943623423576355,
    0.011659618467092514,
    0.011659040115773678,
    0.01184927485883236,
    0.01171509362757206,
    0.011839549988508224,
    0.01214354857802391,
    0.01187384407967329,
    0.011980311013758183,
    0.01188267394900322,
    0.011917619034647942,
    0.011735239997506142,
    0.01200485322624445,
    0.01180338766425848,
    0.012343396432697773,
    0.011991983279585838,
    0.011759871616959572,
    0.011932790279388428,
    0.011729172430932522,
    0.012109102681279182,
    0.011898634023964405,
    0.011906673200428486,
    0.011256512254476547,
    0.011935451999306679,
    0.011656943708658218,
    0.01190983410924673,
    0.011841412633657455,
    0.012028135359287262,
    0.011996228247880936,
    0.011944351717829704,
    0.01203162595629692,
    0.011830873787403107,
    0.011969061568379402,
    0.012072369456291199,
    0.01206442341208458,
    0.011971363797783852,
    0.011873000301420689,
    0.011771426536142826,
    0.011854466050863266,
    0.011872028931975365,
    0.011838564649224281,
    0.011938560754060745,
    0.01196269877254963,
    0.012013820931315422,
    0.011879311874508858,
    0.011872239410877228,
    0.011787854135036469,
    0.01205972209572792,
    0.011736522428691387,
    0.01183383259922266,
    0.012193648144602776,
    0.011698393151164055,
    0.011817891150712967,
    0.012118380516767502,
    0.01220790110528469,
    0.01201406866312027,
    0.011759744957089424,
    0.011883223429322243,
    0.012095306068658829,
    0.012083183042705059,
    0.012513648718595505,
    0.01175463106483221,
    0.011655498296022415,
    0.011989566497504711,
    0.012146225199103355,
    0.011855323798954487,
    0.012063929811120033,
    0.011826535686850548,
    0.012000726535916328,
    0.012029243633151054,
    0.01185824628919363,
    0.012119375169277191,
    0.011930595152080059,
    0.012248845770955086,
    0.012249017134308815,
    0.012088306248188019,
    0.011615865863859653,
    0.012212216854095459,
    0.012140805833041668,
    0.01219119131565094,
    0.011831053532660007,
    0.012208063155412674,
    0.0118885962292552,
    0.011762954294681549,
    0.011951981112360954,
    0.011699046939611435,
    0.011866834945976734,
    0.012331236153841019,
    0.011981705203652382,
    0.011956451460719109,
    0.012066871859133244,
    0.011897353455424309,
    0.011828438378870487,
    0.012016757391393185,
    0.012164540588855743,
    0.012086009606719017,
    0.01216032076627016,
    0.011868427507579327,
    0.01226329430937767,
    0.012420589104294777,
    0.011933107860386372,
    0.01191805675625801,
    0.01200344879180193,
    0.012345025315880775,
    0.011875510215759277,
    0.012415820732712746,
    0.011880716308951378,
    0.012009475380182266,
    0.01224316842854023,
    0.012170469388365746,
    0.011969883926212788,
    0.011716601438820362,
    0.01184135302901268,
    0.011947907507419586,
    0.011784751899540424,
    0.011896980926394463,
    0.011801185086369514,
    0.012114981189370155,
    0.011784329079091549,
    0.011935584247112274,
    0.01201651617884636,
    0.011931432411074638,
    0.011708409525454044,
    0.012012426741421223,
    0.011835960671305656,
    0.011796435341238976,
    0.011940925382077694,
    0.01206350326538086,
    0.011616462841629982,
    0.011644095182418823,
    0.012000261805951595,
    0.011932292953133583,
    0.011753426864743233,
    0.011907022446393967,
    0.011522810906171799,
    0.012083390727639198,
    0.012279666028916836,
    0.011818820610642433,
    0.011990264058113098,
    0.01225194986909628,
    0.01215389370918274,
    0.012179254554212093,
    0.012044370174407959,
    0.011794062331318855,
    0.012121226638555527,
    0.012152295559644699,
    0.01223132573068142,
    0.01183273270726204,
    0.012405051849782467,
    0.012056173756718636,
    0.011952940374612808,
    0.01214730553328991,
    0.012033060193061829,
    0.012248734012246132,
    0.01174796000123024,
    0.011817307211458683,
