{
  "version": "plots/_T_7_5_y0_0_01_network_architectures_4_50_activations_tanh_learning_rates_0_001_collocations_1024_epochs_50000_regularization_reg_derivative_reg_epochs_1_reg_coeff_100000_reg_decay_1_/run_4",
  "seed": 1,
  "y0": 0.01,
  "T": 7.5,
  "N_col": 1024,
  "N_hidden": 4,
  "N_neurons": 50,
  "activation": "tanh",
  "N_epochs": 50000,
  "learning_rate": 0.001,
  "decay_rate": 1.0,
  "freq_log": 100,
  "freq_print": 1000,
  "keys_print": [
    "loss"
  ],
  "freq_save": 0,
  "regularization": "reg_derivative",
  "reg_coeff": 100000,
  "reg_decay": 1,
  "reg_epochs": 1,
  "loss": [
    71735.2890625,
    31.742393493652344,
    27.061538696289062,
    27.224197387695312,
    27.185527801513672,
    24.1813907623291,
    24.821876525878906,
    25.848255157470703,
    23.234649658203125,
    24.828411102294922,
    24.11797523498535,
    22.257062911987305,
    21.704566955566406,
    19.685916900634766,
    22.234155654907227,
    20.04397201538086,
    20.406253814697266,
    21.013324737548828,
    20.672683715820312,
    21.569137573242188,
    21.91082000732422,
    21.33285140991211,
    20.94253921508789,
    20.716880798339844,
    22.181978225708008,
    20.975215911865234,
    19.328603744506836,
    22.3523006439209,
    20.99062728881836,
    21.474021911621094,
    21.98230743408203,
    21.74414825439453,
    20.58327293395996,
    21.774559020996094,
    21.749961853027344,
    20.46109390258789,
    21.255590438842773,
    20.67816162109375,
    21.15923309326172,
    21.436376571655273,
    20.781414031982422,
    21.649394989013672,
    21.206260681152344,
    20.289125442504883,
    20.29585075378418,
    20.965999603271484,
    21.49591636657715,
    22.08365249633789,
    20.410964965820312,
    22.518314361572266,
    21.80313491821289,
    22.760337829589844,
    22.485702514648438,
    21.433177947998047,
    20.91470718383789,
    22.54046058654785,
    21.051742553710938,
    21.405582427978516,
    19.619373321533203,
    20.561277389526367,
    22.117599487304688,
    21.76241683959961,
    21.89254379272461,
    21.82108497619629,
    20.680118560791016,
    21.147201538085938,
    21.953292846679688,
    20.90058135986328,
    21.57559585571289,
    21.651996612548828,
    20.6450252532959,
    22.103172302246094,
    20.68824577331543,
    109.84716796875,
    26.40123176574707,
    22.220006942749023,
    21.430288314819336,
    20.98683738708496,
    22.089038848876953,
    21.87087059020996,
    18.99783706665039,
    19.91983985900879,
    21.64699935913086,
    20.66264533996582,
    20.99349594116211,
    20.92401123046875,
    19.449737548828125,
    21.485248565673828,
    21.495376586914062,
    22.441682815551758,
    19.871646881103516,
    22.286975860595703,
    21.284643173217773,
    21.099262237548828,
    20.166393280029297,
    21.68984603881836,
    21.860525131225586,
    21.378376007080078,
    20.029380798339844,
    21.568891525268555,
    21.666046142578125,
    22.157087326049805,
    20.93265151977539,
    21.156341552734375,
    22.409015655517578,
    20.559616088867188,
    21.30609130859375,
    20.695043563842773,
    21.23378562927246,
    20.69483184814453,
    21.470760345458984,
    21.611894607543945,
    22.174072265625,
    20.687824249267578,
    21.557641983032227,
    22.185575485229492,
    20.762624740600586,
    20.92109489440918,
    20.669166564941406,
    20.571945190429688,
    20.69348907470703,
    20.836380004882812,
    21.755592346191406,
    20.97503662109375,
    20.64064598083496,
    20.65045166015625,
    21.009624481201172,
    20.810556411743164,
    21.280792236328125,
    19.80710792541504,
    22.385231018066406,
    20.976686477661133,
    21.991493225097656,
    20.27484130859375,
    44.106964111328125,
    20.671463012695312,
    21.2255859375,
    21.10633659362793,
    19.21384048461914,
    20.7017879486084,
    21.36777114868164,
    19.766429901123047,
    20.13468360900879,
    19.708539962768555,
    21.04920196533203,
    19.98198890686035,
    19.93532943725586,
    21.568124771118164,
    21.53742027282715,
    21.04624366760254,
    21.900236129760742,
    20.122089385986328,
    22.556026458740234,
    19.735572814941406,
    21.266090393066406,
    20.877033233642578,
    20.066482543945312,
    22.56155776977539,
    21.17945098876953,
    20.630470275878906,
    21.861194610595703,
    21.8135986328125,
    21.8564453125,
    21.314926147460938,
    21.28394317626953,
    21.103687286376953,
    20.895015716552734,
    20.470455169677734,
    20.367124557495117,
    22.22502899169922,
    19.91058921813965,
    22.258968353271484,
    21.330690383911133,
    21.132068634033203,
    20.36541748046875,
    21.171077728271484,
    20.16189956665039,
    20.140605926513672,
    20.756919860839844,
    21.796323776245117,
    23.031166076660156,
    20.99688720703125,
    22.767166137695312,
    20.599441528320312,
    21.207592010498047,
    21.244033813476562,
    22.242013931274414,
    21.387557983398438,
    20.33565330505371,
    19.75493621826172,
    22.29210090637207,
    20.034631729125977,
    21.613412857055664,
    21.722583770751953,
    19.58613395690918,
    21.115528106689453,
    21.961936950683594,
    19.38031578063965,
    21.03270149230957,
    19.847644805908203,
    21.45379638671875,
    22.56467056274414,
    20.560142517089844,
    21.43641471862793,
    21.030263900756836,
    19.320301055908203,
    19.610084533691406,
    22.725465774536133,
    22.17371940612793,
    21.092151641845703,
    20.312328338623047,
    21.671371459960938,
    20.92969512939453,
    22.080163955688477,
    19.548688888549805,
    21.318899154663086,
    19.974700927734375,
    21.181795120239258,
    19.556793212890625,
    19.883852005004883,
    19.769180297851562,
    21.6196231842041,
    22.14358901977539,
    20.18013572692871,
    21.26837921142578,
    20.5482177734375,
    21.073028564453125,
    21.567890167236328,
    20.475513458251953,
    19.559017181396484,
    20.13322639465332,
    21.189695358276367,
    20.880382537841797,
    21.17813491821289,
    21.474321365356445,
    21.127887725830078,
    20.158836364746094,
    20.750608444213867,
    19.644018173217773,
    20.013248443603516,
    22.486495971679688,
    22.672290802001953,
    21.233692169189453,
    19.88575553894043,
    19.053245544433594,
    22.053438186645508,
    20.940975189208984,
    20.594335556030273,
    21.022628784179688,
    21.185510635375977,
    20.899459838867188,
    20.86686134338379,
    21.9615478515625,
    22.55223274230957,
    19.400789260864258,
    21.318214416503906,
    21.959571838378906,
    19.92344093322754,
    23.110044479370117,
    21.810426712036133,
    21.20737648010254,
    19.828182220458984,
    22.128217697143555,
    19.394092559814453,
    21.44122886657715,
    19.93490982055664,
    20.526750564575195,
    22.311626434326172,
    19.894651412963867,
    21.48906707763672,
    19.728315353393555,
    21.148719787597656,
    21.870681762695312,
    22.315160751342773,
    20.2126407623291,
    20.489850997924805,
    21.74701690673828,
    20.914913177490234,
    20.225109100341797,
    19.382299423217773,
    22.211360931396484,
    19.177427291870117,
    20.455480575561523,
    22.870243072509766,
    20.64388656616211,
    20.3519229888916,
    20.526735305786133,
    20.20629119873047,
    20.749427795410156,
    20.00193977355957,
    21.773679733276367,
    21.343711853027344,
    22.82803726196289,
    21.887035369873047,
    21.937488555908203,
    21.24601936340332,
    23.58454132080078,
    20.023576736450195,
    22.138744354248047,
    22.110275268554688,
    19.793481826782227,
    22.309242248535156,
    21.288410186767578,
    19.869117736816406,
    20.995269775390625,
    21.89200210571289,
    21.160634994506836,
    21.53451156616211,
    21.518688201904297,
    22.011127471923828,
    20.73097038269043,
    21.07455825805664,
    20.90076446533203,
    19.51026725769043,
