{
  "version": "plots/_T_10_y0_0_001_network_architectures_4_50_activations_tanh_learning_rates_0_001_collocations_1024_epochs_50000_regularization_unstable_fp_reg_epochs_1_reg_coeff_100000_reg_decay_1_/run_3",
  "seed": 1,
  "y0": 0.001,
  "T": 10,
  "N_col": 1024,
  "N_hidden": 4,
  "N_neurons": 50,
  "activation": "tanh",
  "N_epochs": 50000,
  "learning_rate": 0.001,
  "decay_rate": 1.0,
  "freq_log": 100,
  "freq_print": 1000,
  "keys_print": [
    "loss"
  ],
  "freq_save": 0,
  "regularization": "unstable_fp",
  "reg_coeff": 100000,
  "reg_decay": 1,
  "reg_epochs": 1,
  "loss": [
    0.03473453223705292,
    0.008903468027710915,
    0.005732455290853977,
    0.004496718291193247,
    0.0035192526411265135,
    0.0024220054037868977,
    0.0016982924425974488,
    0.0010980234947055578,
    0.0006445414619520307,
    0.00034116822644136846,
    0.0001650526246521622,
    0.00011465112038422376,
    6.196960748638958e-05,
    4.949108915752731e-05,
    5.424347909865901e-05,
    0.00012080576561857015,
    1.6042768038460054e-05,
    1.5715988411102444e-05,
    1.6012678315746598e-05,
    3.2196894608205184e-05,
    1.056946894095745e-05,
    1.4678701518278103e-05,
    5.745580438087927e-06,
    4.166276630712673e-05,
    1.976624844246544e-05,
    3.640748900579638e-06,
    3.57460248778807e-06,
    3.1197969292406924e-06,
    3.292676865385147e-06,
    0.06217316910624504,
    0.0031697996892035007,
    0.0004897859180346131,
    0.00019865078502334654,
    0.00011662345787044615,
    9.460985893383622e-05,
    6.910173397045583e-05,
    6.095573917264119e-05,
    4.754040128318593e-05,
    4.7163935960270464e-05,
    3.24636057484895e-05,
    3.0300951038952917e-05,
    2.7828809834318236e-05,
    2.3097794837667607e-05,
    2.0124267393839546e-05,
    1.8300524970982224e-05,
    1.568146217323374e-05,
    1.3232259334472474e-05,
    1.2533106200862676e-05,
    1.170377800008282e-05,
    1.0761434168671258e-05,
    9.904481885314453e-06,
    8.487430932291318e-06,
    8.758799594943412e-06,
    7.067279511829838e-06,
    6.720603778376244e-06,
    5.969307494524401e-06,
    6.509734703286085e-06,
    4.767152859130874e-06,
    5.078796220914228e-06,
    4.522533799899975e-06,
    4.3949780774710234e-06,
    3.866041424771538e-06,
    3.871910394082079e-06,
    3.0520668587996624e-06,
    3.3839180559880333e-06,
    2.738224338827422e-06,
    2.568874606367899e-06,
    2.337279966013739e-06,
    2.1472619664564263e-06,
    2.144944573956309e-06,
    2.253287675557658e-06,
    2.7500454962137155e-06,
    1.821809860302892e-06,
    2.5415600248379633e-05,
    0.00014180902508087456,
    1.1846331062770332e-06,
    1.6120078498715884e-06,
    0.00011091647320427,
    1.4103718513069907e-06,
    2.7107551431981847e-05,
    1.4242966699384851e-06,
    8.400615115533583e-06,
    1.101404222936253e-06,
    0.006346545647829771,
    0.0011733832070603967,
    0.0009680683724582195,
    0.0005486597656272352,
    0.00037682801485061646,
    0.0006059067090973258,
    0.0006786045851185918,
    0.0009062025928869843,
    0.0004558043438009918,
    0.00040816079126670957,
    0.00013334900722838938,
    0.0005936439847573638,
    0.000743974233046174,
    0.0004098710778634995,
    0.0011616977863013744,
    0.0005162215093150735,
    0.0008105012821033597,
    8.098986290860921e-05,
    0.0009303140686824918,
    0.00039978924905881286,
    0.0002542618312872946,
    0.0003026023041456938,
    0.0010317752603441477,
    0.000427425024099648,
    0.0006765301804989576,
    0.0004690663772635162,
    6.949622184038162e-05,
    0.000395633396692574,
    0.00014647151692770422,
    0.0002473866625223309,
    0.0003841932048089802,
    0.000671564950607717,
    5.8444158639758825e-05,
    0.0008128724875859916,
    0.0003007742634508759,
    0.00033391203032806516,
    0.00023493642220273614,
    5.1266688387840986e-05,
    0.0006912423414178193,
    0.0030645960941910744,
    0.0004926609108224511,
    0.0004225545562803745,
    0.00032453573658131063,
    0.0004929431015625596,
    0.0008047354058362544,
    0.0006374098011292517,
    0.0003800398553721607,
    0.0004459418123587966,
    0.00036847114097326994,
    4.5351152948569506e-05,
    2.8393707907525823e-05,
    0.0004443011130206287,
    0.0003358598332852125,
    0.00039384790579788387,
    9.135472646448761e-05,
    0.0004090620786882937,
    6.739504897268489e-05,
    0.00025238029775209725,
    0.0012198924086987972,
    0.00013405967911239713,
    7.014658331172541e-05,
    8.484120917273685e-05,
    6.566316733369604e-05,
    0.00027532177045941353,
    4.3455940613057464e-05,
    1.8840955817722715e-05,
    0.0005289067048579454,
    0.006619664374738932,
    0.0003569785039871931,
    5.4163137974683195e-05,
    0.000495726999361068,
    0.0002318976039532572,
    0.00039942061994224787,
    0.00016910559497773647,
    5.315302041708492e-05,
    0.0008084982400760055,
    0.00035109504824504256,
    0.00013059901539236307,
    5.7308126997668296e-05,
    0.0003280738601461053,
    5.9366459026932716e-05,
    5.531759961741045e-05,
    0.00043196656042709947,
    7.25325444363989e-05,
    4.149063897784799e-05,
    0.00022436364088207483,
    7.041643402772024e-05,
    3.229045250918716e-05,
    5.7759167248150334e-05,
    7.769485819153488e-06,
    0.00027991310344077647,
    0.2759111523628235,
    0.006318075116723776,
    0.0005931284977123141,
    0.0003663531970232725,
    0.0004052368167322129,
    0.0001945513504324481,
    0.0004762267635669559,
    9.031830995809287e-05,
    0.0002905126893892884,
    7.33893466531299e-05,
    0.00011642804020084441,
    0.0002617684076540172,
    6.901327287778258e-05,
    9.756568761076778e-05,
    0.0003112422418780625,
    0.00041027332190424204,
    0.0011635960545390844,
    0.00014659362204838544,
    0.00030181079637259245,
    4.4889733544550836e-05,
    0.00037094319122843444,
    9.318817319581285e-05,
    0.00022613116016145796,
    1.8105236449628137e-05,
    4.7944246034603566e-05,
    2.584145840955898e-05,
    4.08477135351859e-05,
    0.0003791242779698223,
    0.00044996364158578217,
    0.0008136117830872536,
    0.00020159428822807968,
    0.00040853387326933444,
    6.112325354479253e-05,
    0.0003639768692664802,
    0.00041992164915427566,
    0.0006266465643420815,
    0.00029988441383466125,
    1.0662955901352689e-05,
    0.0005034455098211765,
    0.0002094779774779454,
    0.0006860303110443056,
    3.078424924751744e-05,
    0.00026552696363069117,
    0.013140582479536533,
    0.0013569751754403114,
    0.0005995890824124217,
    0.00025421747704967856,
    0.00015029299538582563,
    5.20516223332379e-05,
    4.4520329538499936e-05,
    0.00010576593922451138,
    0.0004346256610006094,
    0.0001147093644249253,
    3.084462514379993e-05,
    0.0010685290908440948,
    0.0006095701246522367,
    5.7490509789204225e-05,
    4.8742847866378725e-05,
    0.00016717106336727738,
    0.00045232404954731464,
    0.0005002666730433702,
    0.0004242841387167573,
    0.00040975690353661776,
    1.526390406070277e-05,
    0.0002884501009248197,
    1.0492734872968867e-05,
    7.445957453455776e-05,
    0.0008097062818706036,
    6.300855602603406e-06,
    0.0004995407070964575,
    1.4135144738247618e-05,
    0.0002994235837832093,
    0.0005684229545295238,
    0.0006271711899898946,
    3.86389292543754e-05,
    0.00032255775295197964,
    0.0003763497807085514,
    0.0006807183381170034,
    7.960859875311144e-06,
    0.00034853167016990483,
    0.00010310728248441592,
    3.9263497455976903e-05,
    6.9475872805924155e-06,
    0.000762050854973495,
    5.641903044306673e-05,
    0.00011615203402470797,
    0.00010914960876107216,
    9.983102791011333e-05,
    0.0002937929530162364,
    0.000436920381616801,
    6.838175613665953e-05,
    0.029443398118019104,
    0.0005866913124918938,
    0.00010370530799264088,
    0.0004614504287019372,
    0.000467694946564734,
    1.8880604329751804e-05,
