{
  "version": "model_weights/_T_10_y0_0_1_network_architectures_4_50_activations_tanh_learning_rates_0_001_collocations_1024_epochs_50000_reg_epochs_0_25_reg_coeff_1_reg_decay_1_/run_3",
  "seed": 1,
  "y0": 0.1,
  "T": 10,
  "N_col": 1024,
  "N_hidden": 4,
  "N_neurons": 50,
  "activation": "tanh",
  "N_epochs": 50000,
  "learning_rate": 0.001,
  "decay_rate": 1.0,
  "freq_log": 100,
  "freq_print": 1000,
  "keys_print": [
    "loss"
  ],
  "freq_save": 0,
  "reg_coeff": 1,
  "reg_decay": 1,
  "reg_epochs": 0.25,
  "loss": [
    0.5576921701431274,
    0.13709184527397156,
    0.137002632021904,
    0.13707979023456573,
    0.1369277983903885,
    0.13719117641448975,
    0.13714854419231415,
    0.13717104494571686,
    0.13714632391929626,
    0.13700222969055176,
    0.13683336973190308,
    0.13737799227237701,
    0.13722018897533417,
    0.13742132484912872,
    0.13721178472042084,
    0.13737305998802185,
    0.13683173060417175,
    0.13735954463481903,
    0.13700108230113983,
    0.1370941698551178,
    0.13711749017238617,
    0.13699153065681458,
    0.13702917098999023,
    0.137220099568367,
    0.13713079690933228,
    0.13710853457450867,
    0.13699457049369812,
    0.13701626658439636,
    0.1369265764951706,
    0.13735522329807281,
    0.13713082671165466,
    0.13718447089195251,
    0.13694554567337036,
    0.13695447146892548,
    0.13708797097206116,
    0.1369999349117279,
    0.13718019425868988,
    0.13712768256664276,
    0.13730119168758392,
    0.13673730194568634,
    0.13668940961360931,
    0.029156096279621124,
    0.026117729023098946,
    0.024823814630508423,
    0.02436353638768196,
    0.023763827979564667,
    0.0213821642100811,
    0.02332398109138012,
    0.023287266492843628,
    0.022859541699290276,
    0.023570511490106583,
    0.021312611177563667,
    0.023710666224360466,
    0.02322070114314556,
    0.024380136281251907,
    0.0223685335367918,
    0.022790219634771347,
    0.02094351500272751,
    0.023547260090708733,
    0.02268749102950096,
    0.02186497114598751,
    0.02114986628293991,
    0.023652400821447372,
    0.022035816684365273,
    0.023631852120161057,
    0.021390315145254135,
    0.02177487686276436,
    0.021393433213233948,
    0.022721966728568077,
    0.021235700696706772,
    0.022002656012773514,
    0.022051753476262093,
    0.021366646513342857,
    0.02444681152701378,
    0.021645313128829002,
    0.01991235464811325,
    0.024292005226016045,
    0.02316611260175705,
    0.022761277854442596,
    0.02166811190545559,
    0.02262447029352188,
    0.02212180569767952,
    0.021017514169216156,
    0.021650280803442,
    0.022284965962171555,
    0.02056169882416725,
    0.023007579147815704,
    0.022738298401236534,
    0.02097855880856514,
    0.020787598565220833,
    0.022070666775107384,
    0.019064193591475487,
    0.021128974854946136,
    0.01990732178092003,
    0.021422574296593666,
    0.02160581201314926,
    0.02153593860566616,
    0.02122730389237404,
    0.023290878161787987,
    0.022909410297870636,
    0.019615333527326584,
    0.02069099247455597,
    0.02235870249569416,
    0.02129051461815834,
    0.02094552293419838,
    0.024742115288972855,
    0.02058553323149681,
    0.02174760028719902,
    0.022063158452510834,
    0.02205852046608925,
    0.02223799005150795,
    0.021606717258691788,
    0.022420311346650124,
    0.021429890766739845,
    0.020560333505272865,
    0.02264316752552986,
    0.02091537043452263,
    0.02106766402721405,
    0.021222226321697235,
    0.022915663197636604,
    0.023462234064936638,
    0.02277659811079502,
    0.021746303886175156,
    0.020610127598047256,
    0.02021220698952675,
    0.023688526824116707,
    0.00040991598507389426,
    0.0002102217695210129,
    0.0001626469602342695,
    0.00011161943984916434,
    8.865872223395854e-05,
    7.158928929129615e-05,
    5.033330307924189e-05,
    3.824472150881775e-05,
    2.834621955116745e-05,
    6.559211760759354e-05,
    1.5043864550534636e-05,
    0.0008173539536073804,
    6.4360719989053905e-06,
    3.602041761041619e-05,
    3.5205730455345474e-06,
    4.149723281443585e-06,
    5.616577254841104e-06,
    1.8271628505317494e-05,
    0.00010908287367783487,
    6.375273369485512e-05,
    1.661332703406515e-06,
    7.528236437792657e-06,
    2.444763231324032e-05,
    8.980170969152823e-05,
    1.1252816875639837e-05,
    0.00018744221597444266,
    0.0001910352730192244,
    1.395438061990717e-06,
    2.7288895125821e-06,
    1.392532794852741e-06,
    4.183046257821843e-06,
    1.9217222870793194e-06,
    1.3255062185635325e-06,
    0.0001140516105806455,
    1.1929978427360766e-06,
    2.7690418846759712e-06,
    1.0677263162506279e-06,
    2.57252249866724e-05,
    1.4623278730141465e-05,
    9.471777389080671e-07,
    6.0187991039128974e-05,
    0.0002607401111163199,
    5.997251719236374e-06,
    6.507877060357714e-06,
    0.00013218316598795354,
    2.8435042622732e-06,
    0.00019859810709021986,
    7.800480261721532e-07,
    4.75736260341364e-06,
    6.451607077906374e-06,
    9.082337442123389e-07,
    6.554120091095683e-07,
    6.380258855642751e-05,
    8.611272050984553e-07,
    1.0441028734931024e-06,
    7.466194347216515e-07,
    0.0003246205160394311,
    8.626994940641453e-07,
    6.382277888405952e-07,
    5.025590326113161e-07,
    2.966355623357231e-06,
    2.7966918423771858e-05,
    1.5026982964627678e-06,
    4.366982579995238e-07,
    0.00023415483883582056,
    1.040690221998375e-06,
    1.3562494132202119e-06,
    5.053308882452257e-07,
    2.3161472199717537e-05,
    2.830694825206592e-07,
    1.863161742221564e-05,
    4.7530934921269363e-07,
    8.602841603533307e-07,
    3.159822881571017e-06,
    0.0001544224505778402,
    2.381866579526104e-07,
    3.7937388697173446e-06,
    3.2788055250421166e-05,
    2.45793529529692e-07,
    2.093536295433296e-06,
    6.552938430104405e-05,
    3.162057964800624e-06,
    1.9610045853823976e-07,
    3.830509285762673e-06,
    2.733683004407794e-07,
    1.2268083082744852e-05,
    8.739846634853166e-06,
    3.22909327223897e-05,
    1.253275172530266e-07,
    1.5222885849652812e-06,
    3.4075910662068054e-05,
    1.0149452123187075e-07,
    1.9921553757740185e-06,
    8.912542739381024e-07,
    8.373748983103724e-08,
    1.6001233404949744e-07,
    2.5260972051910358e-06,
    3.9221711745085486e-07,
    1.0442972779856063e-05,
    1.721573084978445e-06,
    7.981665106626679e-08,
    2.4393938247158076e-07,
    0.00040600402280688286,
    4.95283956070125e-08,
    1.7945341213021493e-08,
    6.672538432894726e-08,
    8.703724597580731e-05,
    3.096284117987125e-08,
    2.8150445530172874e-08,
    5.793864374936675e-07,
    2.2060618221075856e-08,
    3.7779125705128536e-05,
    0.0006925013149157166,
    1.7927620277191636e-08,
    9.319719218581213e-09,
    0.0003699927474372089,
    3.945206117350608e-08,
    8.04365285489439e-09,
    5.503522970684571e-07,
    2.764505916275084e-05,
    8.557871922221238e-08,
    5.973539600745426e-07,
    5.1822251379007866e-08,
    2.413065658402047e-08,
    1.6848230188770685e-06,
    1.537840216769837e-05,
    9.40082998113212e-08,
    1.0161090635563141e-08,
    1.2495517012212076e-06,
    1.7030805565809715e-07,
    4.0263481082547514e-07,
    3.1061950721777976e-05,
    1.5032676856208127e-05,
    9.610681445337832e-06,
    2.363958984119563e-08,
    1.5182517017819919e-05,
    9.749113161205969e-08,
    2.5351657313876785e-05,
    1.5947792419979123e-08,
    2.0614245954675425e-07,
    1.5516313567331963e-08,
    3.4751712973957183e-07,
    6.645778967140359e-07,
    4.0424129110760987e-07,
    1.772063562555104e-08,
    1.4633643630190818e-08,
    1.6709313058527187e-05,
    6.524760465254076e-08,
    1.2164761642452504e-07,
    2.5945382731151767e-08,
    6.48583977636008e-08,
    4.956734045435951e-08,
    8.816626177576836e-06,
    8.566615179006476e-06,
    1.2271870630797821e-08,
    1.259683926946309e-06,
