{
  "version": "model_weights/_T_7_5_y0_0_01_network_architectures_4_50_activations_tanh_learning_rates_0_001_collocations_1024_epochs_50000_reg_epochs_0_25_reg_coeff_1_reg_decay_1_/run_11",
  "seed": 1,
  "y0": 0.01,
  "T": 7.5,
  "N_col": 1024,
  "N_hidden": 4,
  "N_neurons": 50,
  "activation": "tanh",
  "N_epochs": 50000,
  "learning_rate": 0.001,
  "decay_rate": 1.0,
  "freq_log": 100,
  "freq_print": 1000,
  "keys_print": [
    "loss"
  ],
  "freq_save": 0,
  "reg_coeff": 1,
  "reg_decay": 1,
  "reg_epochs": 0.25,
  "loss": [
    0.137234628200531,
    0.1353592425584793,
    0.13535720109939575,
    0.13534443080425262,
    0.11991359293460846,
    0.13402137160301208,
    0.037662506103515625,
    0.03641241788864136,
    0.03726768493652344,
    0.0341753214597702,
    0.03143714740872383,
    0.038591474294662476,
    0.03759778290987015,
    0.03882657736539841,
    0.03524445742368698,
    0.03770624101161957,
    0.030653702095150948,
    0.037869445979595184,
    0.032605428248643875,
    0.034425970166921616,
    0.03349475562572479,
    0.03307896852493286,
    0.03373544290661812,
    0.03632088750600815,
    0.034672994166612625,
    0.03406696766614914,
    0.032911933958530426,
    0.033226002007722855,
    0.032234445214271545,
    0.03701595962047577,
    0.03465818241238594,
    0.03560204058885574,
    0.03265685960650444,
    0.03290066123008728,
    0.03365066647529602,
    0.033056773245334625,
    0.03492812067270279,
    0.03525068610906601,
    0.036601364612579346,
    0.030240923166275024,
    0.03348713368177414,
    0.03631475567817688,
    0.03505483642220497,
    0.03341061994433403,
    0.033342622220516205,
    0.03434809297323227,
    0.03125123679637909,
    0.03286857530474663,
    0.03443990647792816,
    0.03385406360030174,
    0.03472915291786194,
    0.03204714506864548,
    0.03614811971783638,
    0.03542393445968628,
    0.03641301766037941,
    0.03308979421854019,
    0.034808021038770676,
    0.03112872689962387,
    0.03663548827171326,
    0.03433970734477043,
    0.03331542760133743,
    0.03297276794910431,
    0.03615785390138626,
    0.03342665731906891,
    0.036020826548337936,
    0.0337754562497139,
    0.03436804935336113,
    0.033619124442338943,
    0.03570812568068504,
    0.03337985649704933,
    0.034938521683216095,
    0.03407369926571846,
    0.03369341045618057,
    0.03794510290026665,
    0.033500298857688904,
    0.03139367327094078,
    0.03669946640729904,
    0.03630760312080383,
    0.03575892001390457,
    0.03511619195342064,
    0.03525277227163315,
    0.035051558166742325,
    0.03289392217993736,
    0.03435874357819557,
    0.034458208829164505,
    0.03274987265467644,
    0.035798102617263794,
    0.03567562624812126,
    0.033290449529886246,
    0.032216161489486694,
    0.03486216813325882,
    0.02924538403749466,
    0.03326703980565071,
    0.03130647540092468,
    0.03332846984267235,
    0.03305652737617493,
    0.033277563750743866,
    0.03283746540546417,
    0.03638152405619621,
    0.03574760630726814,
    0.03143768757581711,
    0.03203052282333374,
    0.034831419587135315,
    0.03283408284187317,
    0.03298461437225342,
    0.039171285927295685,
    0.03123248927295208,
    0.03466960787773132,
    0.03524627164006233,
    0.03438929095864296,
    0.03446250408887863,
    0.03256914019584656,
    0.03551027923822403,
    0.0333014540374279,
    0.032649897038936615,
    0.035081975162029266,
    0.03302162140607834,
    0.03274846822023392,
    0.032939329743385315,
    0.035940445959568024,
    0.03674405813217163,
    0.03620327264070511,
    0.03448069468140602,
    0.032373636960983276,
    0.032018665224313736,
    0.03695135563611984,
    1.8519214791012928e-05,
    6.874833616166143e-06,
    4.282689133106032e-06,
    2.960677875307738e-06,
    2.0966972442693077e-06,
    1.5629656218152377e-06,
    1.242357484443346e-06,
    1.007824494081433e-06,
    8.244467153417645e-07,
    7.33490594484465e-07,
    6.67559845624055e-07,
    5.655687687067257e-07,
    6.241650680749444e-07,
    5.601579005087842e-07,
    4.869303893428878e-07,
    7.086765663188999e-07,
    4.8011770559242e-07,
    5.776078069175128e-07,
    1.337666390099912e-06,
    8.159040589816868e-07,
    2.401056462986162e-06,
    4.6267365405583405e-07,
    2.832348855008604e-06,
    1.3077117273496697e-06,
    2.6424122552271e-06,
    2.647936526045669e-06,
    1.5788925793458475e-06,
    2.7440370331532904e-07,
    1.2050113582517952e-06,
    9.408220194018213e-07,
    2.8748306135639723e-07,
    2.3356919882644434e-06,
    1.2333553058851976e-06,
    1.6628889625280863e-06,
    2.859166488633491e-05,
    3.262869938680524e-07,
    8.131372851494234e-06,
    1.5884376125541166e-06,
    2.8800106520066038e-05,
    2.9058463724140893e-07,
    1.3311765769685735e-06,
    7.333783287322149e-07,
    2.7293887683299545e-07,
    3.5576090340327937e-06,
    6.350511284836102e-06,
    2.7275248157820897e-06,
    6.311204288067529e-07,
    4.796213488589274e-07,
    4.358129808679223e-05,
    2.2234135599319416e-07,
    5.326875793798536e-07,
    8.112290288408985e-07,
    8.279705070890486e-06,
    1.6735051531213685e-06,
    1.1760397683246993e-05,
    2.3251152470038505e-07,
    1.7267322618863545e-05,
    7.774968935336801e-07,
    1.0931942142633488e-06,
    5.107862307340838e-06,
    6.161800229165237e-06,
    5.18706883667619e-06,
    4.5421052163874265e-07,
    9.683228654466802e-07,
    2.1250260033411905e-05,
    3.2037755772762466e-06,
    2.33882175848521e-07,
    5.720388344343519e-06,
    7.983686600709916e-07,
    2.6415051252115518e-05,
    3.7436097954923753e-06,
    2.264984232169809e-06,
    3.6789449950447306e-05,
    3.1694282824901165e-06,
    4.6079339881544e-06,
    1.429635813110508e-05,
    1.6638432498439215e-07,
    2.14469352499691e-07,
    1.3099804618832422e-07,
    1.245913665570697e-07,
    9.712320547805575e-08,
    2.5357837785122683e-06,
    1.1624015883171523e-07,
    3.4789866276696557e-07,
    4.002576474704256e-07,
    3.1980684980226215e-06,
    4.789517333847471e-06,
    4.262402399035636e-06,
    2.5390434075234225e-06,
    7.070718129398301e-05,
    1.3059789125691168e-06,
    9.152033157988626e-07,
    8.618548235972412e-06,
    1.8300146621186286e-05,
    5.889640988243627e-07,
    1.6167810827028006e-05,
    1.9219663727199077e-07,
    6.596081902898732e-07,
    1.230519228556659e-05,
    3.554145951056853e-05,
    1.323461674473947e-06,
    8.6716363512096e-07,
    4.848717253480572e-06,
    5.071273179169111e-08,
    1.270795110031031e-06,
    3.5630409911391325e-06,
    1.021797828570925e-07,
    2.7033386231778422e-06,
    1.765440720191691e-05,
    1.80967077767491e-07,
    3.349543078456918e-07,
    4.267791950951505e-07,
    9.011972906591836e-06,
    8.218012936822561e-08,
    1.8368374412602861e-06,
    1.5281430023605935e-06,
    1.9109563709207578e-07,
    9.162745300272945e-06,
    4.218757609919521e-08,
    5.20041703566676e-06,
    0.000718523864634335,
    2.693072019610554e-05,
    2.301892891409807e-05,
    2.4762430257396773e-05,
    2.4573004338890314e-05,
    2.312875039933715e-05,
    2.1115236449986696e-05,
    2.4485469111823477e-05,
    2.2022188204573467e-05,
    2.1733354515163228e-05,
    2.1981199097353965e-05,
    1.9519688066793606e-05,
    1.6985311958706006e-05,
    1.3536639016820118e-05,
    1.5642832295270637e-05,
    1.785537097021006e-05,
    9.59132012212649e-06,
    1.986634742934257e-06,
    3.524406793076196e-07,
    1.936551541348308e-07,
    3.788643425650662e-07,
    3.7444272038555937e-07,
    1.1466695468698163e-06,
    9.210673823645266e-08,
    1.878525290521793e-05,
    2.5419114535907283e-05,
    3.541950377439207e-07,
    1.06198194771423e-06,
    1.978407453862019e-06,
    2.275071165058762e-05,
    1.1653619367280044e-06,
    7.743891728750896e-06,
    2.3273723854799755e-06,
    7.424022442137357e-06,
    1.4123908840701915e-05,
    3.1628292163077276e-06,
