{
  "version": "plots/_T_10_y0_0_001_network_architectures_4_50_activations_tanh_learning_rates_0_001_collocations_1024_epochs_50000_regularization_unstable_fp_reg_epochs_1_reg_coeff_10_reg_decay_1_/run_7",
  "seed": 1,
  "y0": 0.001,
  "T": 10,
  "N_col": 1024,
  "N_hidden": 4,
  "N_neurons": 50,
  "activation": "tanh",
  "N_epochs": 50000,
  "learning_rate": 0.001,
  "decay_rate": 1.0,
  "freq_log": 100,
  "freq_print": 1000,
  "keys_print": [
    "loss"
  ],
  "freq_save": 0,
  "regularization": "unstable_fp",
  "reg_coeff": 10,
  "reg_decay": 1,
  "reg_epochs": 1,
  "loss": [
    0.059114720672369,
    1.2872962543042377e-05,
    1.408807929692557e-05,
    2.5692443159641698e-05,
    0.00017470572493039072,
    2.4801192921586335e-05,
    2.122765545209404e-05,
    2.4465616661473177e-05,
    7.447029474860756e-06,
    0.00022973798331804574,
    3.697579086292535e-05,
    0.0003634723834693432,
    1.0054538506665267e-05,
    5.571257133851759e-05,
    1.0436036973260343e-05,
    3.190752977388911e-05,
    2.345721804886125e-05,
    0.00025677692610770464,
    7.855659532651771e-06,
    0.00015809922479093075,
    2.8973059670533985e-05,
    1.9264001821284182e-05,
    8.953189535532147e-06,
    3.069974991376512e-05,
    1.0477251635165885e-05,
    1.015037196339108e-05,
    0.00012348874588496983,
    5.27129668626003e-05,
    1.5749394151498564e-05,
    8.037075531319715e-06,
    8.980561688076705e-06,
    1.2259257346158847e-05,
    3.877229391946457e-05,
    5.1704273573704995e-06,
    6.641081563429907e-05,
    8.427283319178969e-06,
    1.1950334737775847e-05,
    7.935035682749003e-05,
    3.952577753807418e-05,
    1.0977810234180652e-05,
    1.3875943295715842e-05,
    5.1391816668910906e-06,
    5.5128261919890065e-06,
    1.26304839795921e-05,
    6.969708920223638e-06,
    6.3606958065065555e-06,
    0.00011812456796178594,
    6.293143087532371e-06,
    2.0099996618228033e-05,
    9.021520781971049e-06,
    8.63384502736153e-06,
    8.111002898658626e-06,
    9.411154678673483e-06,
    8.779314157436602e-06,
    1.0101570296683349e-05,
    8.65548736328492e-06,
    8.33307876746403e-06,
    8.327432624355424e-06,
    1.8900955183198676e-05,
    8.689659443916753e-05,
    1.3392478649620898e-05,
    9.374153705721255e-06,
    1.7093920178012922e-05,
    8.330799573741388e-06,
    8.619308573543094e-06,
    8.82554377312772e-06,
    8.879673259798437e-06,
    8.075857294898015e-06,
    8.047170922509395e-06,
    8.608851203462109e-06,
    8.702884770173114e-06,
    8.571214493713342e-06,
    8.496201189700514e-06,
    8.384678949369118e-06,
    1.972598874999676e-05,
    4.1501643863739446e-05,
    1.1995107342954725e-05,
    2.3392594812321477e-05,
    1.2693618373305071e-05,
    8.399758371524513e-06,
    8.660810635774396e-06,
    9.509201845503412e-06,
    9.295039490098134e-06,
    8.392973541049287e-06,
    8.24806556920521e-06,
    8.923161658458412e-06,
    8.20749301055912e-06,
    8.376433470402844e-06,
    8.964239896158688e-06,
    8.740656085137744e-06,
    8.711817827133927e-06,
    9.687335477792658e-06,
    8.473655725538265e-06,
    8.716214324522298e-06,
    8.854169209371321e-06,
    8.147819244186394e-06,
    8.97401332622394e-06,
    3.7823345337528735e-05,
    3.762547567021102e-05,
    1.3132323147146963e-05,
    1.2436836186680011e-05,
    9.428616976947524e-06,
    8.163226084434427e-06,
    8.628781870356761e-06,
    8.28870997793274e-06,
    8.360713763977401e-06,
    8.392342351726256e-06,
    8.521878044120967e-06,
    9.494577170698904e-06,
    8.48588842927711e-06,
    8.207767677959055e-06,
    9.043825230037328e-06,
    8.586429430579301e-06,
    8.250720384239685e-06,
    9.722393770061899e-06,
    7.905995516921394e-06,
    8.392357813136186e-06,
    9.068083272723015e-06,
    1.0957861377391964e-05,
    1.1207837815163657e-05,
    4.0785539567878e-06,
    7.469186584785348e-06,
    2.814951358232065e-06,
    6.902092991367681e-06,
    6.704158295178786e-06,
    7.475998245354276e-06,
    3.0943074307288043e-06,
    3.866374299832387e-06,
    3.503772859403398e-06,
    1.7732090782374144e-05,
    2.9286886274348944e-05,
    2.6863617677008733e-05,
    5.549993511522189e-05,
    1.1909600289072841e-05,
    2.638983914948767e-06,
    2.0598068658728153e-05,
    2.7177051379112527e-05,
    9.194598533213139e-06,
    2.2996820916887373e-05,
    9.513905752100982e-06,
    8.661019819555804e-06,
    8.187899766198825e-06,
    8.690937647770625e-06,
    7.931187610665802e-06,
    8.479386451654136e-06,
    6.885486072860658e-06,
    6.3122613937594e-05,
    6.967412446101662e-06,
    4.71175781058264e-06,
    1.991568751691375e-05,
    1.0023597496910952e-05,
    5.66160042581032e-06,
    3.8033431337680668e-06,
    2.5961562641896307e-05,
    3.826746706181439e-06,
    6.6091897679143585e-06,
    7.836404620320536e-06,
    2.6401205559523078e-06,
    1.6436402802355587e-05,
    1.6221503756241873e-05,
    8.251767212641425e-06,
    4.164302481513005e-06,
    1.0053682672150899e-05,
    6.6861157392850146e-06,
    5.706732736143749e-06,
    5.064490324002691e-06,
    6.073381882742979e-06,
    5.647169473377289e-06,
    2.941093953268137e-06,
    1.2325202987994999e-05,
    6.770522759325104e-06,
    5.3572393881040625e-06,
    2.5609962904127315e-05,
    3.7025270103185903e-06,
    3.843104423140176e-06,
    5.351269010134274e-06,
    1.7499074601801112e-05,
    1.0366764399805106e-05,
    1.6427489754278213e-05,
    1.049019647325622e-05,
    4.051054929732345e-06,
    3.537846168910619e-06,
    3.4171002880611923e-06,
    4.393220933707198e-06,
    7.692265171499457e-06,
    5.336135018296773e-06,
    5.308052095642779e-06,
    5.797241556138033e-06,
    6.832814051449532e-06,
    4.938985966873588e-06,
    8.269059435406234e-06,
    7.1461186053056736e-06,
    6.604017471545376e-06,
    6.740619028278161e-06,
    1.2479715223889798e-05,
    6.536600267281756e-06,
    6.339488663797965e-06,
    5.170265467313584e-06,
    2.4671555820532376e-06,
    2.6986375814885832e-05,
    4.396937583805993e-05,
    6.635697445744881e-06,
    7.181904493336333e-06,
    1.015647103486117e-05,
    7.686253411520738e-06,
    6.4872679104155395e-06,
    6.86749626765959e-06,
    6.361237865348812e-06,
    6.841753020125907e-06,
    6.069891242077574e-06,
    6.4370215113740414e-06,
    6.1057817219989374e-06,
    7.257236120494781e-06,
    6.300278982962482e-06,
    7.755675142107066e-06,
    6.2021572375670075e-06,
    7.293617272807751e-06,
    6.059989118512021e-06,
    7.14648604116519e-06,
    6.409754405467538e-06,
    6.3495049289485905e-06,
    6.952373951207846e-06,
    6.362222848110832e-06,
    6.48163540972746e-06,
    7.851155714888591e-06,
    6.04658907832345e-06,
    7.065612408041488e-06,
    6.37260473013157e-06,
    6.1758182710036635e-06,
    6.247903456824133e-06,
    6.2086342040856835e-06,
    1.1490647011669353e-05,
    2.986835852425429e-06,
    2.7778373805631418e-06,
    4.2945966924889944e-06,
    3.755222223844612e-06,
    8.033857739064842e-06,
    3.020250460394891e-06,
    5.749475803895621e-06,
    3.49757192452671e-06,
    3.6428741623240057e-06,
    8.18220814835513e-06,
    4.252881808497477e-06,
    4.066977453476284e-06,
    4.252932740200777e-06,
    3.95449205825571e-06,
    4.0020881897362415e-06,
    2.891511485358933e-06,
    4.799775979336118e-06,
    1.034595470628119e-06,
    4.210359293210786e-06,
    3.8908201531739905e-06,
    4.599091880663764e-06,
    3.2117736736836378e-06,
    2.2776753212383483e-06,
    5.79823517909972e-06,
    1.814525148802204e-06,
    4.857297426497098e-06,
    2.5335930331493728e-06,
    2.0220841179252602e-06,
    2.5009217097249348e-06,
    2.6277321012457833e-06,
    2.6112811610801145e-06,
    4.182684278930537e-06,
    1.9902256553905318e-06,
    4.512096438702429e-06,
    2.924791260738857e-06,
    2.433633881082642e-06,
    3.695763552968856e-06,
    1.9494309526635334e-06,
    2.8028393899148796e-06,
    4.127408828935586e-06,
