{
  "version": "plots/_T_10_y0_0_1_network_architectures_4_50_activations_tanh_learning_rates_0_001_collocations_1024_epochs_50000_regularization_reg_derivative_reg_epochs_1_reg_coeff_1_reg_decay_1_/run_9",
  "seed": 1,
  "y0": 0.1,
  "T": 10,
  "N_col": 1024,
  "N_hidden": 4,
  "N_neurons": 50,
  "activation": "tanh",
  "N_epochs": 50000,
  "learning_rate": 0.001,
  "decay_rate": 1.0,
  "freq_log": 100,
  "freq_print": 1000,
  "keys_print": [
    "loss"
  ],
  "freq_save": 0,
  "regularization": "reg_derivative",
  "reg_coeff": 1,
  "reg_decay": 1,
  "reg_epochs": 1,
  "loss": [
    0.9970182180404663,
    0.1413024663925171,
    0.1378408968448639,
    0.12558194994926453,
    0.13252891600131989,
    0.12852005660533905,
    0.1090475544333458,
    0.08752621710300446,
    0.08000596612691879,
    0.08037059754133224,
    0.07806778699159622,
    0.07942697405815125,
    0.07149931788444519,
    0.07719585299491882,
    0.07954566925764084,
    0.07779745012521744,
    0.07172149419784546,
    0.07001034170389175,
    0.07515466213226318,
    0.06973333656787872,
    0.07337123155593872,
    0.0717868059873581,
    0.07891544699668884,
    0.07092063874006271,
    0.07866949588060379,
    0.07767695188522339,
    0.07711853832006454,
    0.06979046016931534,
    0.07306482642889023,
    0.07002581655979156,
    0.07190681248903275,
    0.0755658745765686,
    0.08033616840839386,
    0.07439717650413513,
    0.06980052590370178,
    0.06496001034975052,
    0.06789243966341019,
    0.06748633086681366,
    0.07005560398101807,
    0.06440452486276627,
    0.07590943574905396,
    0.0776519849896431,
    0.07024652510881424,
    0.07472065836191177,
    0.07223314791917801,
    0.07432591915130615,
    0.06941454112529755,
    0.0698498860001564,
    0.07654018700122833,
    0.0716836079955101,
    0.06931004673242569,
    0.07266146689653397,
    0.07560243457555771,
    0.06956848502159119,
    0.06334362924098969,
    0.07001547515392303,
    0.06985915452241898,
    0.07525421679019928,
    0.06682857871055603,
    0.06963731348514557,
    0.0737733393907547,
    0.06883829087018967,
    0.07327616959810257,
    0.0719001442193985,
    0.07424642890691757,
    0.06747942417860031,
    0.06921489536762238,
    0.07464013993740082,
    0.0716971904039383,
    0.06654839217662811,
    0.06925470381975174,
    0.06837083399295807,
    0.07580150663852692,
    0.07057958841323853,
    0.07227366417646408,
    0.06963115930557251,
    0.07617247104644775,
    0.07421742379665375,
    0.06815361976623535,
    0.0722527727484703,
    0.0756160095334053,
    0.0636541098356247,
    0.07582738250494003,
    0.07233916223049164,
    0.07156883925199509,
    0.07348713278770447,
    0.07211471349000931,
    0.07550033926963806,
    0.06858129799365997,
    0.06656493246555328,
    0.07062477618455887,
    0.08508700132369995,
    0.07796889543533325,
    0.07149399816989899,
    0.07214070856571198,
    0.0735541358590126,
    0.06898471713066101,
    0.07085106521844864,
    0.06776642799377441,
    0.06643261760473251,
    0.0706838071346283,
    0.06522718816995621,
    0.06891199946403503,
    0.0691397413611412,
    0.06871496886014938,
    0.06610475480556488,
    0.07251884043216705,
    0.07107562571763992,
    0.06608165800571442,
    0.06801915913820267,
    0.0705760270357132,
    0.07200125604867935,
    0.06662356853485107,
    0.0713435560464859,
    0.06714566797018051,
    0.0691659078001976,
    0.07319962978363037,
    0.07339294254779816,
    0.07646327465772629,
    0.06675738096237183,
    0.06711835414171219,
    0.06736656278371811,
    0.07221008092164993,
    0.07231330871582031,
    0.06663309782743454,
    0.07260431349277496,
    0.06880088150501251,
    0.07022128999233246,
    0.06833718717098236,
    0.07155300676822662,
    0.0649535208940506,
    0.06823109835386276,
    0.0694485753774643,
    0.07779090106487274,
    0.06510165333747864,
    0.06738089770078659,
    0.06354521960020065,
    0.07286372035741806,
    0.06746035814285278,
    0.07105765491724014,
    0.07310342788696289,
    0.0681672990322113,
    0.07009832561016083,
    0.07180246710777283,
    0.07051204144954681,
    0.06960225105285645,
    0.06961120665073395,
    0.06661956012248993,
    0.07432449609041214,
    0.0726734846830368,
    0.06863857805728912,
    0.0667370930314064,
    0.06966427713632584,
    0.06910603493452072,
    0.07116831839084625,
    0.0721200555562973,
    0.07303637266159058,
    0.06805335730314255,
    0.07257596403360367,
    0.06583025306463242,
    0.06759554147720337,
    0.06885738670825958,
    0.07042387127876282,
    0.06957452744245529,
    0.06786791980266571,
    0.06787853688001633,
    0.06956450641155243,
    0.07384834438562393,
    0.07758204638957977,
    0.06980088353157043,
    0.07509482651948929,
    0.06614755094051361,
    0.06949105113744736,
    0.06765061616897583,
    0.06564243882894516,
    0.07042276859283447,
    0.06864073127508163,
    0.06794703751802444,
    0.07335086911916733,
    0.06989309191703796,
    0.06901051849126816,
    0.06987494230270386,
    0.06565006077289581,
    0.07049538940191269,
    0.07425691187381744,
    0.07271544635295868,
    0.06800719350576401,
    0.06808844208717346,
    0.07038943469524384,
    0.07156772911548615,
    0.0693192183971405,
    0.07051295042037964,
    0.0722464770078659,
    0.07170967757701874,
    0.06883982568979263,
    0.06917828321456909,
    0.06842218339443207,
    0.06755627691745758,
    0.07278160005807877,
    0.07104940712451935,
    0.06788168847560883,
    0.07087743282318115,
    0.06849302351474762,
    0.07255563884973526,
    0.06900337338447571,
    0.06741233170032501,
    0.06887966394424438,
    0.06749958544969559,
    0.07185303419828415,
    0.0639660432934761,
    0.07022279500961304,
    0.06368792802095413,
    0.07155614346265793,
    0.06991977989673615,
    0.07360699772834778,
    0.07016421109437943,
    0.06989215314388275,
    0.07127606123685837,
    0.07167331874370575,
    0.07294782996177673,
    0.06835036724805832,
    0.06936217844486237,
    0.07168451696634293,
    0.06818424165248871,
    0.06772089004516602,
    0.06878126412630081,
    0.07160510122776031,
    0.06968249380588531,
    0.0707520991563797,
    0.07079309225082397,
    0.06966220587491989,
    0.0693601667881012,
    0.07109339535236359,
    0.06698454916477203,
    0.06597773730754852,
    0.06941889226436615,
    0.07026040554046631,
    0.07117398083209991,
    0.07174436748027802,
    0.069469153881073,
    0.06495004147291183,
    0.06728421151638031,
    0.06915035843849182,
    0.07163125276565552,
    0.07389546930789948,
    0.06748007237911224,
    0.07232585549354553,
    0.0692543312907219,
    0.06680122762918472,
    0.0619204118847847,
    0.06814753264188766,
    0.07085613906383514,
    0.07501379400491714,
    0.06768449395895004,
    0.06624338030815125,
    0.06772951036691666,
    0.07155453413724899,
    0.07202859222888947,
    0.07424129545688629,
    0.07312428951263428,
    0.07046939432621002,
    0.070524200797081,
    0.07148652523756027,
    0.06473860144615173,
    0.0679100751876831,
    0.06944934278726578,
    0.07051840424537659,
    0.06872691214084625,
    0.06568589806556702,
    0.07160061597824097,
    0.06958030164241791,
    0.061835117638111115,
    0.07050300389528275,
    0.06594196707010269,
    0.07908427715301514,
    0.0719340592622757,
    0.07188204675912857,
    0.06743398308753967,
    0.06459692120552063,
    0.07176516950130463,
    0.07272312790155411,
    0.06704913824796677,
    0.06551644206047058,
    0.07204898446798325,
    0.07155831158161163,
    0.0689321905374527,
    0.0663069486618042,
    0.06817258894443512,
    0.07032926380634308,
    0.0655408576130867,
    0.06605932116508484,
    0.07070965319871902,
    0.06601805984973907,
    0.06896181404590607,
    0.06952573359012604,
    0.07105685025453568,
    0.06952966749668121,
    0.06905043125152588,
