{
  "version": "plots/_T_10_y0_0_01_network_architectures_4_50_activations_tanh_learning_rates_0_001_collocations_1024_epochs_50000_regularization_reg_derivative_unstable_fp_reg_epochs_1_reg_coeff_0_01_reg_decay_1_/run_5",
  "seed": 1,
  "y0": 0.01,
  "T": 10,
  "N_col": 1024,
  "N_hidden": 4,
  "N_neurons": 50,
  "activation": "tanh",
  "N_epochs": 50000,
  "learning_rate": 0.001,
  "decay_rate": 1.0,
  "freq_log": 100,
  "freq_print": 1000,
  "keys_print": [
    "loss"
  ],
  "freq_save": 0,
  "regularization": "reg_derivative_unstable_fp",
  "reg_coeff": 0.01,
  "reg_decay": 1,
  "reg_epochs": 1,
  "loss": [
    0.11754399538040161,
    0.010021449066698551,
    0.01001882366836071,
    0.01002026442438364,
    0.01001832541078329,
    0.010021569207310677,
    0.010020533576607704,
    0.010021278634667397,
    0.010020580142736435,
    0.010018826462328434,
    0.01001694705337286,
    0.010023868642747402,
    0.010021322406828403,
    0.010024312883615494,
    0.010021454654633999,
    0.0100236302241683,
    0.010016723535954952,
    0.010026047006249428,
    0.010033591650426388,
    0.010028557851910591,
    0.010062065906822681,
    0.010019258596003056,
    0.010053358972072601,
    0.010024902410805225,
    0.010049163363873959,
    0.010020654648542404,
    0.0100258719176054,
    0.010019002482295036,
    0.010089044459164143,
    0.010023631155490875,
    0.010020745918154716,
    0.010021481662988663,
    0.010024609044194221,
    0.01001814566552639,
    0.010023456066846848,
    0.01001822855323553,
    0.010021151043474674,
    0.010107695125043392,
    0.010023307055234909,
    0.010038846172392368,
    0.010051693767309189,
    0.010048254393041134,
    0.010023071430623531,
    0.010019481182098389,
    0.010020674206316471,
    0.010019873268902302,
    0.010022008791565895,
    0.010021005757153034,
    0.010034791193902493,
    0.010027588345110416,
    0.010022182017564774,
    0.010019009932875633,
    0.010021943598985672,
    0.010021496564149857,
    0.01002970989793539,
    0.010030863806605339,
    0.010022308677434921,
    0.010074179619550705,
    0.010024419054389,
    0.010036034509539604,
    0.010028751567006111,
    0.010020536370575428,
    0.010023617185652256,
    0.01002542395144701,
    0.0100408298894763,
    0.010029121302068233,
    0.010018676519393921,
    0.010020271874964237,
    0.010020488873124123,
    0.010033967904746532,
    0.010019744746387005,
    0.010021924041211605,
    0.010018797591328621,
    0.01002615224570036,
    0.010020481422543526,
    0.01001678965985775,
    0.010023758746683598,
    0.010021713562309742,
    0.010021284222602844,
    0.010019311681389809,
    0.010021163150668144,
    0.010021112859249115,
    0.010018941015005112,
    0.010022608563303947,
    0.0100209666416049,
    0.010019729845225811,
    0.010023241862654686,
    0.010020961984992027,
    0.01001961063593626,
    0.010020519606769085,
    0.01002156175673008,
    0.010040388442575932,
    0.010020148009061813,
    0.010017517022788525,
    0.010020818561315536,
    0.010028696618974209,
    0.010023659095168114,
    0.010020957328379154,
    0.010022027418017387,
    0.01002589426934719,
    0.010015982203185558,
    0.010019958019256592,
    0.010024262592196465,
    0.010020756162703037,
    0.01002216711640358,
    0.010026052594184875,
    0.010019438341259956,
    0.01002019178122282,
    0.010020221583545208,
    0.010020766407251358,
    0.010024376213550568,
    0.010021173395216465,
    0.010031379759311676,
    0.010019759647548199,
    0.010017672553658485,
    0.01002088189125061,
    0.01001876313239336,
    0.010018978267908096,
    0.010019505396485329,
    0.010021701455116272,
    0.01002338994294405,
    0.010020851157605648,
    0.010024539195001125,
    0.010020431131124496,
    0.010018203407526016,
    0.010026916861534119,
    0.010020933113992214,
    0.010020505636930466,
    0.01002231054008007,
    0.01001997571438551,
    0.01002288144081831,
    0.010017119348049164,
    0.010019543580710888,
    0.010019089095294476,
    0.010018603876233101,
    0.010019001550972462,
    0.010021836496889591,
    0.010019315406680107,
    0.010019658133387566,
    0.010019021108746529,
    0.01001927349716425,
    0.01001786906272173,
    0.010110534727573395,
    0.010018025524914265,
    0.01002361811697483,
    0.010020071640610695,
    0.01001764927059412,
    0.010019039735198021,
    0.010017337277531624,
    0.010021346621215343,
    0.010019124485552311,
    0.010019230656325817,
    0.010012478567659855,
    0.010019314475357533,
    0.010016459971666336,
    0.010018792934715748,
    0.010018475353717804,
    0.010020443238317966,
    0.010020049288868904,
    0.010019569657742977,
    0.010020267218351364,
    0.010018385946750641,
    0.01001989096403122,
    0.010020842775702477,
    0.010020741261541843,
    0.010019779205322266,
    0.010018831118941307,
    0.010017667897045612,
    0.010018613189458847,
    0.010018765926361084,
    0.010018555447459221,
    0.010019579902291298,
    0.010019510053098202,
    0.010020272806286812,
    0.010019045323133469,
    0.010018792934715748,
    0.010017912834882736,
    0.010020770132541656,
    0.01001742947846651,
    0.010018453001976013,
    0.010022279806435108,
    0.010017271153628826,
    0.010018572211265564,
    0.010021334514021873,
    0.010022264905273914,
    0.01002040971070528,
    0.010019278153777122,
    0.010019063018262386,
    0.010020931251347065,
    0.010021069087088108,
    0.01002540159970522,
    0.010017643682658672,
    0.010017978958785534,
    0.010020118206739426,
    0.010021654888987541,
    0.010018778964877129,
    0.01002077292650938,
    0.010018005967140198,
    0.010020208545029163,
    0.010020884685218334,
    0.010018679313361645,
    0.010021252557635307,
    0.01001982856541872,
    0.010022510774433613,
    0.010022920556366444,
    0.010021180845797062,
    0.010016602464020252,
    0.010022508911788464,
    0.010021652095019817,
    0.010021846741437912,
    0.010018641129136086,
    0.010022374801337719,
    0.010019059292972088,
    0.010018042288720608,
    0.010020122863352299,
    0.010017278604209423,
    0.010019083507359028,
    0.010023686103522778,
    0.010020009241998196,
    0.010019693523645401,
    0.010020541027188301,
    0.010019141249358654,
    0.010018620640039444,
    0.010020687244832516,
    0.010021342895925045,
    0.010021067224442959,
    0.010021594353020191,
    0.010018846951425076,
    0.010022810660302639,
    0.010024328716099262,
    0.010019293054938316,
    0.010019352659583092,
    0.010020225308835506,
    0.010023493319749832,
    0.010018741711974144,
    0.010024500079452991,
    0.010018877685070038,
    0.0100206658244133,
    0.010022797621786594,
    0.010021855123341084,
    0.010019899345934391,
    0.010017266497015953,
    0.010018750093877316,
    0.010019514709711075,
    0.01001819409430027,
    0.010019166395068169,
    0.010018091648817062,
    0.010021261870861053,
    0.01001822855323553,
    0.010019687004387379,
    0.01002038549631834,
    0.01001929771155119,
    0.010017132386565208,
    0.010283421725034714,
    0.010018466040492058,
    0.010017992928624153,
    0.010019578970968723,
    0.010020730085670948,
    0.010016351006925106,
    0.010016420856118202,
    0.010020247660577297,
    0.010019433684647083,
    0.01001770980656147,
    0.010019134730100632,
    0.010015517473220825,
    0.010021026246249676,
    0.010022874921560287,
    0.0100183030590415,
    0.010020083747804165,
    0.010022571310400963,
    0.01002171915024519,
    0.010021539404988289,
    0.01002033706754446,
    0.010018082335591316,
    0.010021456517279148,
    0.010021686553955078,
    0.010022394359111786,
    0.010018516331911087,
    0.01002395898103714,
    0.010020674206316471,
    0.01001963671296835,
    0.010021666064858437,
    0.010020307265222073,
    0.010022533126175404,
    0.010017589665949345,
    0.010018260218203068,
