{
  "version": "plots/_T_7_5_y0_0_1_network_architectures_4_50_activations_tanh_learning_rates_0_001_collocations_1024_epochs_50000_regularization_no_reg_reg_epochs_1_reg_coeff_1_reg_decay_1_/run_0",
  "seed": 1,
  "y0": 0.1,
  "T": 7.5,
  "N_col": 1024,
  "N_hidden": 4,
  "N_neurons": 50,
  "activation": "tanh",
  "N_epochs": 50000,
  "learning_rate": 0.001,
  "decay_rate": 1.0,
  "freq_log": 100,
  "freq_print": 1000,
  "keys_print": [
    "loss"
  ],
  "freq_save": 0,
  "regularization": "no_reg",
  "reg_coeff": 1,
  "reg_decay": 1,
  "reg_epochs": 1,
  "loss": [
    0.04099220409989357,
    0.0026307913940399885,
    0.002504435833543539,
    0.0026357602328062057,
    0.0024174258578568697,
    0.002783187199383974,
    0.0027404986321926117,
    0.0027555290143936872,
    0.002734833862632513,
    0.002513529034331441,
    0.0022699153050780296,
    0.003067364450544119,
    0.0028532585129141808,
    0.0034464122727513313,
    0.002826077863574028,
    0.0030762087553739548,
    0.002289955969899893,
    0.00305794645100832,
    0.0025306118186563253,
    0.002641231520101428,
    0.0026847857516258955,
    0.0024959067814052105,
    0.002557098865509033,
    0.0029374626465141773,
    0.0027070934884250164,
    0.002680857665836811,
    0.0024932450614869595,
    0.0025190147571265697,
    0.002406009938567877,
    0.0030504432506859303,
    0.002708776853978634,
    0.00279909186065197,
    0.002458898350596428,
    0.002453776076436043,
    0.0026313546113669872,
    0.002483450574800372,
    0.0027884989976882935,
    0.002722656587138772,
    0.0030056419782340527,
    0.002228180645033717,
    0.002615729346871376,
    0.002952600596472621,
    0.0026783922221511602,
    0.00261823576875031,
    0.0026335474103689194,
    0.002621131017804146,
    0.0023481971584260464,
    0.0026268833316862583,
    0.0027110744267702103,
    0.0026752036064863205,
    0.0026813275180757046,
    0.002517626155167818,
    0.0028832831885665655,
    0.002750570420175791,
    0.002948267152532935,
    0.002609139308333397,
    0.0028067943640053272,
    0.002430576365441084,
    0.0029245244804769754,
    0.002750011160969734,
    0.0026353499852120876,
    0.0025436438154429197,
    0.0029065734706819057,
    0.002585940295830369,
    0.0029112990014255047,
    0.0026115821674466133,
    0.0025743995793163776,
    0.002588289324194193,
    0.002756764180958271,
    0.0025463211350142956,
    0.0026899315416812897,
    0.002686014398932457,
    0.0025806762278079987,
    0.0030760883819311857,
    0.0025995669420808554,
    0.0022863196209073067,
    0.003045629942789674,
    0.002871224656701088,
    0.0028174417093396187,
    0.0026450054720044136,
    0.0028028632514178753,
    0.0027175212744623423,
    0.0025077667087316513,
    0.0026221696753054857,
    0.002726890379562974,
    0.002423815196380019,
    0.002837659325450659,
    0.0027903965674340725,
    0.0025379229336977005,
    0.0024698060005903244,
    0.0027039009146392345,
    0.0022028679959475994,
    0.002524313982576132,
    0.002285158261656761,
    0.0026343343779444695,
    0.002631247043609619,
    0.0026222115848213434,
    0.0025887819938361645,
    0.0029262439347803593,
    0.00289518223144114,
    0.0022592241875827312,
    0.002512829378247261,
    0.002745583653450012,
    0.0025818445719778538,
    0.002504386007785797,
    0.0031643928959965706,
    0.002485798206180334,
    0.0026835876051336527,
    0.0027022752910852432,
    0.0026945695281028748,
    0.00270589767023921,
    0.0026679029688239098,
    0.002800123766064644,
    0.002611620118841529,
    0.0024235439486801624,
    0.00276672700420022,
    0.0025126878172159195,
    0.0025183737743645906,
    0.0025453693233430386,
    0.0028638308867812157,
    0.0029324027709662914,
    0.0027853772044181824,
    0.0026456487830728292,
    0.0024787455331534147,
    0.0024098576977849007,
    0.002964201383292675,
    0.002621253253892064,
    0.0027582012116909027,
    0.0027623488567769527,
    0.002670692978426814,
    0.002565802773460746,
    0.0022798567079007626,
    0.0022907592356204987,
    0.0024623824283480644,
    0.0023402213118970394,
    0.002534490078687668,
    0.002876523183658719,
    0.0024983834009617567,
    0.0026008100248873234,
    0.0025721509009599686,
    0.0025242790579795837,
    0.002384659368544817,
    0.0027152218390256166,
    0.0025032036937773228,
    0.0030663812067359686,
    0.002626738976687193,
    0.0024092805106192827,
    0.0025692968629300594,
    0.002375273033976555,
    0.0027931584045290947,
    0.002591561060398817,
    0.002591857220977545,
    0.001816510921344161,
    0.0026273918338119984,
    0.0022229542955756187,
    0.0025536660104990005,
    0.0025109341368079185,
    0.002709425752982497,
    0.002632667776197195,
    0.0025665436405688524,
    0.002705966355279088,
    0.0025103301741182804,
    0.0025998628698289394,
    0.002750282408669591,
    0.002730725798755884,
    0.0026233193930238485,
    0.0025783181190490723,
    0.002374493982642889,
    0.002520131878554821,
    0.002528320997953415,
    0.0024876727256923914,
    0.002631552517414093,
    0.0026157055981457233,
    0.002699802629649639,
    0.002531510777771473,
    0.0025373115204274654,
    0.002469992730766535,
    0.002775035332888365,
    0.0023597993422299623,
    0.002539805369451642,
    0.0029520171228796244,
    0.0023302834015339613,
    0.0024746423587203026,
    0.002847597934305668,
    0.002899767365306616,
    0.0027349942829459906,
    0.0024462249130010605,
    0.0025764810852706432,
    0.0027751715388149023,
    0.002780029084533453,
    0.003239734098315239,
    0.0023714974522590637,
    0.002282870002090931,
    0.0026934053748846054,
    0.002877637278288603,
    0.002529144287109375,
    0.002758986782282591,
    0.0025765225291252136,
    0.002681611804291606,
    0.002714855130761862,
    0.0024952474050223827,
    0.002793757477775216,
    0.0026497782673686743,
    0.00294807692989707,
    0.002932518720626831,
    0.002799795474857092,
    0.002255947096273303,
    0.002924340544268489,
    0.0028333186637610197,
    0.0028386006597429514,
    0.002523980103433132,
    0.002929006703197956,
    0.002534987637773156,
    0.0023926023859530687,
    0.0026238150894641876,
    0.0023381998762488365,
    0.002560529625043273,
    0.0030481242574751377,
    0.002660272642970085,
    0.0025885854847729206,
    0.002803080016747117,
    0.002604237524792552,
    0.0025426573120057583,
    0.0027707868721336126,
    0.0028530587442219257,
    0.0027787790168076754,
    0.0027894461527466774,
    0.002538203727453947,
    0.002979334443807602,
    0.003189600072801113,
    0.0026173554360866547,
    0.0025718784891068935,
    0.0026599287521094084,
    0.0030929348431527615,
    0.0025184140540659428,
    0.0032123373821377754,
    0.002526989672333002,
    0.002640510443598032,
    0.002977075520902872,
    0.002916790544986725,
    0.002627061679959297,
    0.0023389002308249474,
    0.0025251745246350765,
    0.002629040740430355,
    0.0024623004719614983,
    0.002563478657975793,
    0.00241750106215477,
    0.0028315018862485886,
    0.0024570422247052193,
    0.0026608342304825783,
    0.0026918724179267883,
    0.002577652921900153,
    0.002373353810980916,
    0.0027054029051214457,
    0.002481021685525775,
    0.0024404791183769703,
    0.0026160224806517363,
    0.0027448181062936783,
    0.002239421010017395,
    0.002264301758259535,
    0.0026789125986397266,
    0.00260175671428442,
    0.0024225180968642235,
    0.0026219752617180347,
    0.0022115358151495457,
    0.002786751836538315,
    0.002963390899822116,
    0.0024938234128057957,
    0.0026621229480952024,
    0.0029832336585968733,
    0.0028868261724710464,
    0.002877254504710436,
    0.0027018224354833364,
    0.002424401929602027,
    0.002896863967180252,
    0.0028452775441110134,
    0.002972979564219713,
    0.002469494938850403,
    0.0031088367104530334,
    0.002745524048805237,
