{
  "version": "plots/_T_10_y0_0_001_network_architectures_4_50_activations_tanh_learning_rates_0_001_collocations_1024_epochs_50000_regularization_reg_derivative_reg_epochs_1_reg_coeff_0_01_reg_decay_1_/run_9",
  "seed": 1,
  "y0": 0.001,
  "T": 10,
  "N_col": 1024,
  "N_hidden": 4,
  "N_neurons": 50,
  "activation": "tanh",
  "N_epochs": 50000,
  "learning_rate": 0.001,
  "decay_rate": 1.0,
  "freq_log": 100,
  "freq_print": 1000,
  "keys_print": [
    "loss"
  ],
  "freq_save": 0,
  "regularization": "reg_derivative",
  "reg_coeff": 0.01,
  "reg_decay": 1,
  "reg_epochs": 1,
  "loss": [
    0.07593856751918793,
    0.01001737080514431,
    0.010003400966525078,
    0.010001562535762787,
    0.01000079046934843,
    0.010000494308769703,
    0.01000039279460907,
    0.010000375099480152,
    0.010000321082770824,
    0.010000293143093586,
    0.010000266134738922,
    0.010000305250287056,
    0.010000282898545265,
    0.010000298731029034,
    0.010000262409448624,
    0.010005829855799675,
    0.010177748277783394,
    0.010000254958868027,
    0.010001636110246181,
    0.010000319220125675,
    0.01002015732228756,
    0.010000198148190975,
    0.01048244722187519,
    0.010000225156545639,
    0.01002233475446701,
    0.010070541873574257,
    0.010000432841479778,
    0.010000347159802914,
    0.010000207461416721,
    0.010000254958868027,
    0.010016200132668018,
    0.01001122035086155,
    0.010001336224377155,
    0.010000268928706646,
    0.010111858136951923,
    0.010000201873481274,
    0.010000267997384071,
    0.010029258206486702,
    0.010000305250287056,
    0.01000568363815546,
    0.01000157929956913,
    0.01000028382986784,
    0.010013842955231667,
    0.010000202804803848,
    0.010027426294982433,
    0.010000224225223064,
    0.010066810995340347,
    0.01000021118670702,
    0.010001730173826218,
    0.01008470170199871,
    0.010000288486480713,
    0.010000205598771572,
    0.010000842623412609,
    0.010000212118029594,
    0.010031737387180328,
    0.010000227019190788,
    0.010002401657402515,
    0.010000198148190975,
    0.01000023540109396,
    0.010001246817409992,
    0.010000213980674744,
    0.010000284761190414,
    0.010016352869570255,
    0.010000214911997318,
    0.010000228881835938,
    0.010003991425037384,
    0.010000200010836124,
    0.010000300593674183,
    0.010000888258218765,
    0.010023696348071098,
    0.010000202804803848,
    0.01000023353844881,
    0.010000894777476788,
    0.010000273585319519,
    0.010000286623835564,
    0.010000219568610191,
    0.010000263340771198,
    0.010001393966376781,
    0.010001232847571373,
    0.010001229122281075,
    0.010000296868383884,
    0.010007528588175774,
    0.01001356728374958,
    0.010000212118029594,
    0.010000244714319706,
    0.010000726208090782,
    0.010008629411458969,
    0.01002646517008543,
    0.010004282929003239,
    0.01001047808676958,
    0.010000210255384445,
    0.010000697337090969,
    0.010000264272093773,
    0.010003659874200821,
    0.010003261268138885,
    0.01000082865357399,
    0.010000249370932579,
    0.01000025775283575,
    0.010000256821513176,
    0.010032468475401402,
    0.010000165551900864,
    0.010000737383961678,
    0.01000021118670702,
    0.010000568814575672,
    0.010000349022448063,
    0.010001802816987038,
    0.010004944168031216,
    0.010000270791351795,
    0.010000205598771572,
    0.010000212118029594,
    0.01000022329390049,
    0.010000210255384445,
    0.010010503232479095,
    0.010000203736126423,
    0.010000224225223064,
    0.010005556046962738,
    0.010000201873481274,
    0.01000679936259985,
    0.010000194422900677,
    0.010000227019190788,
    0.010000371374189854,
    0.010000317357480526,
    0.010000919923186302,
    0.010000230744481087,
    0.01000077836215496,
    0.010000265203416348,
    0.010007563047111034,
    0.01000025775283575,
    0.010000234469771385,
    0.01000021118670702,
    0.010000192560255527,
    0.010000172071158886,
    0.010000179521739483,
    0.010000195354223251,
    0.010000172071158886,
    0.010000190697610378,
    0.010000224225223064,
    0.010000186040997505,
    0.0100001972168684,
    0.010000196285545826,
    0.010000194422900677,
    0.010000177659094334,
    0.010000207461416721,
    0.010000179521739483,
    0.010000241920351982,
    0.010000229813158512,
    0.010000181384384632,
    0.010000931099057198,
    0.010000203736126423,
    0.010002017952501774,
    0.010000225156545639,
    0.010000774636864662,
    0.010000134818255901,
    0.01000034250319004,
    0.010000205598771572,
    0.010000317357480526,
    0.010000266134738922,
    0.010000258684158325,
    0.010000202804803848,
    0.010000202804803848,
    0.010005461983382702,
    0.010000190697610378,
    0.010000248439610004,
    0.010001659393310547,
    0.010000230744481087,
    0.010000206530094147,
    0.0100001972168684,
    0.010000181384384632,
    0.010000188834965229,
    0.010000207461416721,
    0.010000367648899555,
    0.010000249370932579,
    0.010000285692512989,
    0.010000229813158512,
    0.010000285692512989,
    0.010000188834965229,
    0.010000216774642467,
    0.010001708753407001,
    0.010000184178352356,
    0.01000018697232008,
    0.0100002596154809,
    0.01000018510967493,
    0.010000367648899555,
    0.010000231675803661,
    0.010000244714319706,
    0.010000274516642094,
    0.010000180453062057,
    0.010018049739301205,
    0.01000029593706131,
    0.010000249370932579,
    0.010000301524996758,
    0.010000189766287804,
    0.01000018697232008,
    0.010000213049352169,
    0.010000236332416534,
    0.010000203736126423,
    0.01000023540109396,
    0.01000018697232008,
    0.010000213980674744,
    0.01000022329390049,
    0.010000210255384445,
    0.010000229813158512,
    0.010000191628932953,
    0.010000240989029408,
    0.01000024750828743,
    0.010000226087868214,
    0.010000164620578289,
    0.010000240989029408,
    0.010000225156545639,
    0.010000234469771385,
    0.010000186040997505,
    0.010000228881835938,
    0.010000200942158699,
    0.010000184178352356,
    0.010000205598771572,
    0.010000172071158886,
    0.010000192560255527,
    0.010000253096222878,
    0.010000206530094147,
    0.01000020932406187,
    0.010000222362577915,
    0.010000198148190975,
    0.010000186040997505,
    0.010000216774642467,
    0.010000231675803661,
    0.01000048965215683,
    0.010000325739383698,
    0.010000210255384445,
    0.010000730864703655,
    0.01000202912837267,
    0.01000040303915739,
    0.010000210255384445,
    0.01000021118670702,
    0.010000243782997131,
    0.010000205598771572,
    0.010000301524996758,
    0.010000322945415974,
    0.010000668466091156,
    0.010002137161791325,
    0.010000335983932018,
    0.01000258233398199,
    0.01000065915286541,
    0.010000222362577915,
    0.010000473819673061,
    0.010000183247029781,
    0.01000019907951355,
    0.01000018697232008,
    0.010000217705965042,
    0.010000182315707207,
    0.010000205598771572,
    0.010000360198318958,
    0.010000310838222504,
    0.010000173933804035,
    0.010000457055866718,
    0.010000201873481274,
    0.010000280104577541,
    0.0100001972168684,
    0.010000231675803661,
    0.010000391863286495,
    0.010000776499509811,
    0.010000213049352169,
    0.010000256821513176,
    0.010000599548220634,
    0.010000253096222878,
    0.010000305250287056,
    0.01000021118670702,
    0.010000240057706833,
    0.010000213980674744,
    0.010000309906899929,
    0.010000327602028847,
    0.010000251233577728,
    0.010000232607126236,
    0.010000236332416534,
    0.010000240057706833,
    0.01000022143125534,
    0.010000268928706646,
    0.010000274516642094,
    0.010000296868383884,
    0.010000254027545452,
    0.010000249370932579,
    0.01000023540109396,
    0.010000260546803474,
    0.010000252164900303,
    0.01000023540109396,
    0.010000213049352169,
    0.010000234469771385,
