{
  "version": "plots/_T_10_y0_0_01_network_architectures_4_50_activations_tanh_learning_rates_0_001_collocations_1024_epochs_50000_regularization_unstable_fp_reg_epochs_1_reg_coeff_10_reg_decay_1_/run_1",
  "seed": 1,
  "y0": 0.01,
  "T": 10,
  "N_col": 1024,
  "N_hidden": 4,
  "N_neurons": 50,
  "activation": "tanh",
  "N_epochs": 50000,
  "learning_rate": 0.001,
  "decay_rate": 1.0,
  "freq_log": 100,
  "freq_print": 1000,
  "keys_print": [
    "loss"
  ],
  "freq_save": 0,
  "regularization": "unstable_fp",
  "reg_coeff": 10,
  "reg_decay": 1,
  "reg_epochs": 1,
  "loss": [
    0.06149974465370178,
    0.0022829854860901833,
    0.003852494526654482,
    0.0007969277212396264,
    0.000566060480196029,
    0.0013487720862030983,
    0.0008146015461534262,
    0.0010637170635163784,
    0.0006695400224998593,
    0.0006245573167689145,
    0.0006960835307836533,
    0.000937096425332129,
    0.0008060385007411242,
    0.0007637387607246637,
    0.0016967639094218612,
    0.0007021973142400384,
    0.0004409182001836598,
    0.0006575632141903043,
    0.0009783388813957572,
    0.0006502061150968075,
    0.0006840145797468722,
    0.0005471581825986505,
    0.0009189211414195597,
    0.0005535899545066059,
    0.0005310270935297012,
    0.00045503120054490864,
    0.00047411565901711583,
    0.0006283384282141924,
    0.000538577267434448,
    0.0007876211893744767,
    0.0004557154607027769,
    0.0008312408463098109,
    0.00046880909940227866,
    0.0005769440322183073,
    0.0004932295996695757,
    0.00044572469778358936,
    0.00042811798630282283,
    0.0005604861653409898,
    0.0011064488207921386,
    0.00036014802753925323,
    0.001193373929709196,
    0.00042313645826652646,
    0.0011427149875089526,
    0.0005683342460542917,
    0.00039788999129086733,
    0.00043907586950808764,
    0.0005784537643194199,
    0.0003653697785921395,
    0.0006355340592563152,
    0.001113536418415606,
    0.0004118471988476813,
    0.0003470202209427953,
    0.0009215598693117499,
    0.00048801081720739603,
    0.001125651877373457,
    0.0005829158471897244,
    0.00017254945123568177,
    0.0005998006090521812,
    0.0009397187968716025,
    0.00011658864968921989,
    0.00027567974757403135,
    0.00019836705178022385,
    0.0002280878252349794,
    0.0002109590859618038,
    0.000647015287540853,
    0.0005748327821493149,
    0.0005661558243446052,
    0.0006111608236096799,
    0.0005680907052010298,
    0.0005333221051841974,
    0.0005265892832539976,
    0.0006346901645883918,
    0.0005561911966651678,
    0.0007589073502458632,
    0.0005205969791859388,
    0.0006383528234437108,
    0.0010595310013741255,
    0.0010900367051362991,
    0.00037769449409097433,
    0.0005549645284190774,
    0.00040981764323078096,
    0.0003293666522949934,
    0.00039060896961018443,
    0.0005854475894011557,
    0.0005380388465709984,
    0.0003375249798409641,
    0.00034371024230495095,
    0.00032309669768437743,
    0.0004084804095327854,
    0.0003686297277454287,
    0.00042483233846724033,
    0.0007225333247333765,
    0.0005081812269054353,
    0.0004513919702731073,
    0.000543321599252522,
    0.0006609749980270863,
    0.00041220479761250317,
    0.0005884187412448227,
    0.00044254394015297294,
    0.0008355630561709404,
    0.0004259852576069534,
    0.0003659418143797666,
    0.0004252989310771227,
    0.0004235010710544884,
    0.00029840736533515155,
    0.0003983011993113905,
    0.0003597503527998924,
    0.0003898978466168046,
    0.000383663282264024,
    0.0003353298525325954,
    0.00037466600770130754,
    0.0003796902019530535,
    0.0003556098963599652,
    0.0007145499694161117,
    0.00040979060577228665,
    0.000528783246409148,
    0.00033517423435114324,
    0.00034797153784893453,
    0.0002864884736482054,
    0.00035017498885281384,
    0.00034640554804354906,
    0.000292944663669914,
    0.00031665508868172765,
    0.0003441340522840619,
    0.00030624307692050934,
    0.0003530729445628822,
    0.00031812532688491046,
    0.0003021510492544621,
    0.0003995771403424442,
    0.0005536724929697812,
    0.00035264360485598445,
    0.00038046465488150716,
    0.00040517072193324566,
    0.0004181717522442341,
    0.0003769155009649694,
    0.0004712335648946464,
    0.0003485482884570956,
    0.0003060596063733101,
    0.0002952553622890264,
    0.0003182782093062997,
    0.0004874563601333648,
    0.00040624180110171437,
    0.00031638704240322113,
    0.00030020266422070563,
    0.0005512585630640388,
    0.0004101617669221014,
    0.00033343915129080415,
    0.0004773997643496841,
    0.0002982097794301808,
    0.00035559124080464244,
    0.0004231259226799011,
    0.00033545613405294716,
    0.00024772845790721476,
    0.0003372015489730984,
    0.0002714043657761067,
    0.0002837031497620046,
    0.0004033138102386147,
    0.00034921104088425636,
    0.00040728659951128066,
    0.0003363300929777324,
    0.0003715131024364382,
    0.00027868006145581603,
    0.0005435613566078246,
    0.00035642838338389993,
    0.00031184431281872094,
    0.0003212802403140813,
    0.0003441853914409876,
    0.0003466373309493065,
    0.0006022274028509855,
    0.00029267853824421763,
    0.0003467006899882108,
    0.00028610709705390036,
    0.00031554503948427737,
    0.00034814447280950844,
    0.00036199140595272183,
    0.0002828727010637522,
    0.0002801154914777726,
    0.0004096649354323745,
    0.0002837648498825729,
    0.0002979691489599645,
    0.00041202225838787854,
    0.00026183720910921693,
    0.00032483210088685155,
    0.0003593963338062167,
    0.0003283258993178606,
    0.00028780766297131777,
    0.000264590053120628,
    0.0002975104725919664,
    0.0003371490747667849,
    0.0003178546903654933,
    0.0003922000469174236,
    0.0003175838210154325,
    0.00028252784977667034,
    0.0003361137642059475,
    0.00043179182102903724,
    0.00033830059692263603,
    0.00029336780426092446,
    0.000245442584855482,
    0.0003184005618095398,
    0.0003684250987134874,
    0.0003148113319184631,
    0.00031306565506383777,
    0.00030197345768101513,
    0.00040092645213007927,
    0.0003372496285010129,
    0.00031087244860827923,
    0.0003123097703792155,
    0.0003280580276623368,
    0.0003135273582302034,
    0.00032817787723615766,
    0.00028717785608023405,
    0.00035700114676728845,
    0.000306672474835068,
    0.00027487764600664377,
    0.00029290348174981773,
    0.0003186956455465406,
    0.0003624246164690703,
    0.00033622269984334707,
    0.00029055390041321516,
    0.00030885208980180323,
    0.0003045749035663903,
    0.0002700168697629124,
    0.0002882300759665668,
    0.0002780748181976378,
    0.00032536202343180776,
    0.0003318406525067985,
    0.00045748151023872197,
    0.0003019022988155484,
    0.00035198190016672015,
    0.00033425254514440894,
    0.0002813333412632346,
    0.0003093255218118429,
    0.00031057861633598804,
    0.00039218494202941656,
    0.00028463892522267997,
    0.000360645615728572,
    0.00030537688871845603,
    0.0003537451266311109,
    0.00033776526106521487,
    0.00031573063461109996,
    0.00029767517116852105,
    0.0002900542749557644,
    0.00028221748652867973,
    0.0004259900888428092,
    0.0004410745168570429,
    0.00038124603452160954,
    0.00027142444741912186,
    0.00030461131245829165,
    0.0002678686869330704,
    0.00028079969342797995,
    0.0003217388584744185,
    0.0002866676077246666,
    0.0003012805536855012,
    0.00034331431379541755,
    0.00028915240545757115,
    0.0002788266574498266,
    0.0003203246742486954,
    0.00034024688648059964,
    0.00024213430879171938,
    0.00026480364613234997,
    0.000306103378534317,
    0.0003396297397557646,
    0.0002537319960538298,
    0.00029338744934648275,
    0.0002634992706589401,
    0.0003734074125532061,
    0.0003714232880156487,
    0.0003595893504098058,
    0.0003293716290500015,
    0.00031459846650250256,
    0.00034408512874506414,
