{
  "version": "model_weights/_T_7_5_y0_0_01_network_architectures_4_50_activations_tanh_learning_rates_0_001_collocations_1024_epochs_50000_reg_epochs_0_75_reg_coeff_1_reg_decay_1_/run_10",
  "seed": 1,
  "y0": 0.01,
  "T": 7.5,
  "N_col": 1024,
  "N_hidden": 4,
  "N_neurons": 50,
  "activation": "tanh",
  "N_epochs": 50000,
  "learning_rate": 0.001,
  "decay_rate": 1.0,
  "freq_log": 100,
  "freq_print": 1000,
  "keys_print": [
    "loss"
  ],
  "freq_save": 0,
  "reg_coeff": 1,
  "reg_decay": 1,
  "reg_epochs": 0.75,
  "loss": [
    0.13746502995491028,
    0.13533857464790344,
    0.13525544106960297,
    0.13827434182167053,
    0.135237917304039,
    0.13510948419570923,
    0.13451753556728363,
    0.03880343213677406,
    0.039290618151426315,
    0.03583250939846039,
    0.032503291964530945,
    0.03964116424322128,
    0.038979727774858475,
    0.040638700127601624,
    0.03722556680440903,
    0.03985290229320526,
    0.03241895139217377,
    0.040057629346847534,
    0.034429602324962616,
    0.03635163605213165,
    0.0353313684463501,
    0.034985728561878204,
    0.035694804042577744,
    0.038423649966716766,
    0.03659629076719284,
    0.036013197153806686,
    0.034779712557792664,
    0.035085540264844894,
    0.034102924168109894,
    0.03914714977145195,
    0.03661992400884628,
    0.037660691887140274,
    0.034358274191617966,
    0.034406878054142,
    0.03560236841440201,
    0.03513707220554352,
    0.036903779953718185,
    0.037239912897348404,
    0.03873368352651596,
    0.031957369297742844,
    0.03552420064806938,
    0.03835514932870865,
    0.03703239932656288,
    0.03528517857193947,
    0.03528003767132759,
    0.036201007664203644,
    0.03295883163809776,
    0.03451085090637207,
    0.036396924406290054,
    0.035820990800857544,
    0.03654157742857933,
    0.033917974680662155,
    0.038232333958148956,
    0.0374482125043869,
    0.03848053887486458,
    0.03505576401948929,
    0.03680820018053055,
    0.032844576984643936,
    0.03881797194480896,
    0.03625832870602608,
    0.03517761081457138,
    0.03502296283841133,
    0.03813225030899048,
    0.03524424135684967,
    0.03811816871166229,
    0.03566177934408188,
    0.03636984899640083,
    0.03548474982380867,
    0.03775383159518242,
    0.035350002348423004,
    0.03693969175219536,
    0.035921983420848846,
    0.0356016643345356,
    0.03981957584619522,
    0.035372309386730194,
    0.03316141664981842,
    0.03886968269944191,
    0.038137152791023254,
    0.03773873299360275,
    0.03714811056852341,
    0.03729596361517906,
    0.03702399879693985,
    0.03481407091021538,
    0.03625860810279846,
    0.036461781710386276,
    0.03456748276948929,
    0.03783811628818512,
    0.037719108164310455,
    0.035283565521240234,
    0.03398934006690979,
    0.03684166818857193,
    0.031200330704450607,
    0.03518719971179962,
    0.033083073794841766,
    0.0352301150560379,
    0.034858860075473785,
    0.03516827151179314,
    0.034607306122779846,
    0.03846392035484314,
    0.03764650970697403,
    0.0335262268781662,
    0.03382698446512222,
    0.036780837923288345,
    0.03464927524328232,
    0.03481529653072357,
    0.041389960795640945,
    0.03295133262872696,
    0.036652177572250366,
    0.03727365657687187,
    0.03634063899517059,
    0.036290016025304794,
    0.03439079970121384,
    0.037283144891262054,
    0.03516756743192673,
    0.03453226760029793,
    0.03716033324599266,
    0.03475130721926689,
    0.03457311540842056,
    0.03480652719736099,
    0.03797699138522148,
    0.03882480412721634,
    0.03829165920615196,
    0.036554720252752304,
    0.03421527147293091,
    0.03382569178938866,
    0.0391470268368721,
    0.035708747804164886,
    0.03751552477478981,
    0.03674890100955963,
    0.03687424212694168,
    0.03494831174612045,
    0.03276660665869713,
    0.03283146396279335,
    0.03395555168390274,
    0.033646360039711,
    0.03628649190068245,
    0.03866790980100632,
    0.0340755470097065,
    0.03579060360789299,
    0.035842977464199066,
    0.034215569496154785,
    0.033829908818006516,
    0.03722859174013138,
    0.03597797453403473,
    0.03951207175850868,
    0.03492091968655586,
    0.03406686335802078,
    0.03510377183556557,
    0.033633217215538025,
    0.03688683733344078,
    0.03600854426622391,
    0.03554820269346237,
    0.028451671823859215,
    0.036107778549194336,
    0.03189505636692047,
    0.035358328372240067,
    0.03512357175350189,
    0.03641190379858017,
    0.03527969866991043,
    0.0345446839928627,
    0.03649965673685074,
    0.03492646664381027,
    0.03449889272451401,
    0.03669019043445587,
    0.036352068185806274,
    0.035302430391311646,
    0.03610682487487793,
    0.033236026763916016,
    0.035015251487493515,
    0.03484036773443222,
    0.03437364846467972,
    0.03634374588727951,
    0.035937488079071045,
    0.03654760867357254,
    0.03454332798719406,
    0.03458552062511444,
    0.035219863057136536,
    0.03753766417503357,
    0.033306725323200226,
    0.03603082150220871,
    0.03912288695573807,
    0.03328319266438484,
    0.03460250794887543,
    0.03797275945544243,
    0.037934575229883194,
    0.03705272078514099,
    0.0350990854203701,
    0.035989128053188324,
    0.03696287050843239,
    0.03735058754682541,
    0.04053514078259468,
    0.032866593450307846,
    0.03311242535710335,
    0.036782726645469666,
    0.0384826622903347,
    0.03520328179001808,
    0.03726687654852867,
    0.03708156198263168,
    0.03624935448169708,
    0.03679892048239708,
    0.03437349945306778,
    0.0367276668548584,
    0.03665687143802643,
    0.038486454635858536,
    0.03777472302317619,
    0.03773559629917145,
    0.03307744115591049,
    0.03813093900680542,
    0.037362899631261826,
    0.036895766854286194,
    0.035293273627758026,
    0.03822103142738342,
    0.034966256469488144,
    0.033588722348213196,
    0.03655228763818741,
    0.03325401619076729,
    0.03599302098155022,
    0.038710158318281174,
    0.036040663719177246,
    0.03471831977367401,
    0.038178153336048126,
    0.036216191947460175,
    0.035886023193597794,
    0.038299523293972015,
    0.038190774619579315,
    0.037218332290649414,
    0.035685159265995026,
    0.03522726893424988,
    0.03880899399518967,
    0.04116320610046387,
    0.03608975559473038,
    0.034969259053468704,
    0.0356287956237793,
    0.04007742926478386,
    0.03472171351313591,
    0.04161178320646286,
    0.03454018756747246,
    0.03490626811981201,
    0.039085011929273605,
    0.038974810391664505,
    0.035463329404592514,
    0.0331694521009922,
    0.035236906260252,
    0.03633241355419159,
    0.03493384271860123,
    0.03527938574552536,
    0.03342101350426674,
    0.0377727672457695,
    0.0348193533718586,
    0.03723935782909393,
    0.03604958951473236,
    0.03513516113162041,
    0.03411269932985306,
    0.03665514290332794,
    0.0343586727976799,
    0.03428846597671509,
    0.0355808287858963,
    0.036726973950862885,
    0.032517850399017334,
    0.032702695578336716,
    0.036006536334753036,
    0.03556448593735695,
    0.03458325192332268,
    0.03675103932619095,
    0.03340980038046837,
    0.03724830225110054,
    0.037832021713256836,
    0.03493662178516388,
    0.035846199840307236,
    0.03924477845430374,
    0.03849823772907257,
    0.03810153156518936,
    0.03604433685541153,
    0.033697616308927536,
    0.03947935625910759,
    0.03735977038741112,
    0.03918570280075073,
    0.034233275800943375,
    0.03948859125375748,
    0.03698445484042168,
    0.03562382608652115,
    0.037646662443876266,
    0.036428291350603104,
    0.037565428763628006,
    0.03428762033581734,
    0.03484511747956276,
    0.0330842062830925,
    0.0364970937371254,
    0.03304613009095192,
    0.03586742281913757,
    0.03624913841485977,
    0.03566979989409447,
    0.034809209406375885,
    0.03443017974495888,
    0.03689584508538246,
