{
  "version": "model_weights/_T_10_y0_0_01_network_architectures_4_50_activations_tanh_learning_rates_0_001_collocations_1024_epochs_50000_reg_epochs_1_0_reg_coeff_1_reg_decay_1_/run_11",
  "seed": 1,
  "y0": 0.01,
  "T": 10,
  "N_col": 1024,
  "N_hidden": 4,
  "N_neurons": 50,
  "activation": "tanh",
  "N_epochs": 50000,
  "learning_rate": 0.001,
  "decay_rate": 1.0,
  "freq_log": 100,
  "freq_print": 1000,
  "keys_print": [
    "loss"
  ],
  "freq_save": 0,
  "reg_coeff": 1,
  "reg_decay": 1,
  "reg_epochs": 1.0,
  "loss": [
    0.14133375883102417,
    0.13535304367542267,
    0.13533829152584076,
    0.1353226900100708,
    0.13524484634399414,
    0.14692354202270508,
    0.030884038656949997,
    0.03078288398683071,
    0.03072250448167324,
    0.028111286461353302,
    0.02616996504366398,
    0.03331787884235382,
    0.030866798013448715,
    0.03298981487751007,
    0.02976365201175213,
    0.03170269355177879,
    0.024886764585971832,
    0.030726565048098564,
    0.027263231575489044,
    0.028349116444587708,
    0.02820364385843277,
    0.02650250867009163,
    0.02751842327415943,
    0.02951495535671711,
    0.028707219287753105,
    0.02818877249956131,
    0.02631963975727558,
    0.026703033596277237,
    0.02592003345489502,
    0.030275531113147736,
    0.027919549494981766,
    0.028553107753396034,
    0.025909453630447388,
    0.02596765011548996,
    0.02711353451013565,
    0.025820638984441757,
    0.02842877060174942,
    0.028009017929434776,
    0.02964187040925026,
    0.023989178240299225,
    0.02702641300857067,
    0.029095297679305077,
    0.0278036966919899,
    0.026651155203580856,
    0.02687203697860241,
    0.0275333933532238,
    0.025164073333144188,
    0.02657482400536537,
    0.02776319533586502,
    0.027109641581773758,
    0.027669012546539307,
    0.02600664645433426,
    0.02909848652780056,
    0.028258247300982475,
    0.029681392014026642,
    0.02695309929549694,
    0.028518177568912506,
    0.025561148300766945,
    0.029283583164215088,
    0.027838103473186493,
    0.026857880875468254,
    0.026209745556116104,
    0.029247866943478584,
    0.026977967470884323,
    0.02928662858903408,
    0.027190344408154488,
    0.02705235593020916,
    0.026664791628718376,
    0.028347481042146683,
    0.026562437415122986,
    0.027563417330384254,
    0.02737112157046795,
    0.02671315148472786,
    0.03046327270567417,
    0.026937684044241905,
    0.024728814139962196,
    0.030371002852916718,
    0.029113739728927612,
    0.028660504147410393,
    0.027500104159116745,
    0.028134066611528397,
    0.027812616899609566,
    0.026148583739995956,
    0.027254536747932434,
    0.027816813439130783,
    0.025799278169870377,
    0.028868557885289192,
    0.028551902621984482,
    0.026364093646407127,
    0.025860995054244995,
    0.027808932587504387,
    0.023685187101364136,
    0.02642303891479969,
    0.024674849584698677,
    0.02686055190861225,
    0.02678719162940979,
    0.026739904657006264,
    0.026581719517707825,
    0.02916814759373665,
    0.028765952214598656,
    0.024608343839645386,
    0.02572259120643139,
    0.027999237179756165,
    0.026474734768271446,
    0.02626824378967285,
    0.03143218904733658,
    0.025325987488031387,
    0.02741922065615654,
    0.027837149798870087,
    0.02751610428094864,
    0.027965039014816284,
    0.026476174592971802,
    0.02849772199988365,
    0.02664356678724289,
    0.025812756270170212,
    0.02837211638689041,
    0.026302682235836983,
    0.02626626379787922,
    0.026691962033510208,
    0.02874293550848961,
    0.02946244552731514,
    0.0286982711404562,
    0.02733256295323372,
    0.02578028105199337,
    0.025255806744098663,
    0.029899660497903824,
    0.027192527428269386,
    0.02835887297987938,
    0.02813125029206276,
    0.027694381773471832,
    0.026432186365127563,
    0.02446236088871956,
    0.024880699813365936,
    0.025526054203510284,
    0.024962298572063446,
    0.02687094360589981,
    0.02906821295619011,
    0.025809593498706818,
    0.026884619146585464,
    0.026734594255685806,
    0.02601078897714615,
    0.025289669632911682,
    0.028120998293161392,
    0.026150289922952652,
    0.030328311026096344,
    0.026996728032827377,
    0.025570275261998177,
    0.026966463774442673,
    0.025279168039560318,
    0.028033331036567688,
    0.0269840806722641,
    0.02708270773291588,
    0.02076108381152153,
    0.027056552469730377,
    0.023940827697515488,
    0.026629146188497543,
    0.026368288323283195,
    0.0276339054107666,
    0.02704235538840294,
    0.026307906955480576,
    0.027723828330636024,
    0.026474785059690475,
    0.02652241662144661,
    0.02786126546561718,
    0.027665220201015472,
    0.02714397758245468,
    0.02709444984793663,
    0.025048263370990753,
    0.026388220489025116,
    0.02654012106359005,
    0.026019718497991562,
    0.02738109603524208,
    0.027046971023082733,
    0.02770659327507019,
    0.026236247271299362,
    0.02606629952788353,
    0.02631443738937378,
    0.028256535530090332,
    0.02512635663151741,
    0.026884429156780243,
    0.03006044402718544,
    0.0250540878623724,
    0.02600143291056156,
    0.02897721529006958,
    0.02902562916278839,
    0.028207411989569664,
    0.026144061237573624,
    0.02706114947795868,
    0.02821664698421955,
    0.028163718059659004,
    0.03162670135498047,
    0.02503442019224167,
    0.02476656809449196,
    0.027607761323451996,
    0.02902570553123951,
    0.026422398164868355,
    0.028337793424725533,
    0.027211537584662437,
    0.027428049594163895,
    0.027620406821370125,
    0.025935519486665726,
    0.028317447751760483,
    0.027646925300359726,
    0.02947155013680458,
    0.029146060347557068,
    0.028372514992952347,
    0.02461824007332325,
    0.029258903115987778,
    0.02850458212196827,
    0.028605559840798378,
    0.026493214070796967,
    0.029385235160589218,
    0.026368718594312668,
    0.025435753166675568,
    0.027266040444374084,
    0.024959823116660118,
    0.0270541962236166,
    0.029936034232378006,
    0.027275750413537025,
    0.026592804118990898,
    0.028473859652876854,
    0.027001086622476578,
    0.026802077889442444,
    0.028671491891145706,
    0.02883872203528881,
    0.02806413546204567,
    0.027755066752433777,
    0.026464242488145828,
    0.029695585370063782,
    0.031483426690101624,
    0.02698533982038498,
    0.026652485132217407,
    0.02716279774904251,
    0.03073009103536606,
    0.026073478162288666,
    0.03166532516479492,
    0.02617494761943817,
    0.026817861944437027,
    0.029859617352485657,
    0.029489707201719284,
    0.027191918343305588,
    0.02484295517206192,
    0.026565125212073326,
    0.026824552565813065,
    0.02593185193836689,
    0.02665725350379944,
    0.02520156279206276,
    0.0286574587225914,
    0.026013793423771858,
    0.027781369164586067,
    0.027491532266139984,
    0.026595506817102432,
    0.025515206158161163,
    0.027691740542650223,
    0.025902334600687027,
    0.02585160918533802,
    0.027220455929636955,
    0.027947260066866875,
    0.024214528501033783,
    0.02451511099934578,
    0.027582667768001556,
    0.02690950222313404,
    0.025963839143514633,
    0.027348600327968597,
    0.024363026022911072,
    0.02847028523683548,
    0.02919957973062992,
    0.026196811348199844,
    0.02735966071486473,
    0.02968902885913849,
    0.029267240315675735,
    0.028784651309251785,
    0.027316339313983917,
    0.025554515421390533,
    0.029403764754533768,
    0.028792068362236023,
    0.029972953721880913,
    0.025744915008544922,
    0.03051028586924076,
    0.02781134471297264,
    0.02700580097734928,
    0.028973188251256943,
    0.027561627328395844,
    0.02904944121837616,
    0.025819793343544006,
    0.025982165709137917,
    0.024656981229782104,
    0.02757338434457779,
    0.024386828765273094,
    0.026588883250951767,
    0.027151865884661674,
    0.02723572961986065,
