{
  "version": "plots/_T_10_y0_0_01_network_architectures_4_50_activations_tanh_learning_rates_0_001_collocations_1024_epochs_50000_regularization_reg_derivative_reg_epochs_1_reg_coeff_1_reg_decay_1_/run_6",
  "seed": 1,
  "y0": 0.01,
  "T": 10,
  "N_col": 1024,
  "N_hidden": 4,
  "N_neurons": 50,
  "activation": "tanh",
  "N_epochs": 50000,
  "learning_rate": 0.001,
  "decay_rate": 1.0,
  "freq_log": 100,
  "freq_print": 1000,
  "keys_print": [
    "loss"
  ],
  "freq_save": 0,
  "regularization": "reg_derivative",
  "reg_coeff": 1,
  "reg_decay": 1,
  "reg_epochs": 1,
  "loss": [
    3.840658187866211,
    0.2968134582042694,
    0.27704918384552,
    0.2812916040420532,
    0.27922460436820984,
    0.27417969703674316,
    0.28115344047546387,
    0.2779945433139801,
    0.27616867423057556,
    0.27592653036117554,
    0.288940966129303,
    0.2743299603462219,
    0.27609652280807495,
    0.27055564522743225,
    0.27640947699546814,
    0.26766958832740784,
    0.27452903985977173,
    0.27459126710891724,
    0.27096760272979736,
    0.27787744998931885,
    0.2783355414867401,
    0.27746501564979553,
    0.27113404870033264,
    0.27242767810821533,
    0.2784804403781891,
    0.27607226371765137,
    0.26840707659721375,
    0.2805567681789398,
    0.2737073004245758,
    0.2752707600593567,
    0.2758485674858093,
    0.27989259362220764,
    0.2734385132789612,
    0.2770850956439972,
    0.2761366367340088,
    0.27215254306793213,
    0.2738930284976959,
    0.26958364248275757,
    0.2774227261543274,
    0.2710975408554077,
    0.2760501205921173,
    0.2789783775806427,
    0.2758830189704895,
    0.2700924873352051,
    0.27083897590637207,
    0.27310270071029663,
    0.278042733669281,
    0.2818586230278015,
    0.26972025632858276,
    0.28004786372184753,
    0.2777135670185089,
    0.2816880941390991,
    0.28680503368377686,
    0.27546924352645874,
    0.27159786224365234,
    0.28035756945610046,
    0.27648454904556274,
    0.275134801864624,
    0.26717960834503174,
    0.27151238918304443,
    0.2783236801624298,
    0.27562785148620605,
    0.2807828187942505,
    0.2768920361995697,
    0.2720644772052765,
    0.2720579206943512,
    0.2776223421096802,
    0.2723289728164673,
    0.2794182002544403,
    0.2739946246147156,
    0.2726898193359375,
    0.28060290217399597,
    0.27157729864120483,
    0.2667449414730072,
    0.2763287425041199,
    0.2700643539428711,
    0.26923084259033203,
    0.2735195755958557,
    0.2745395004749298,
    0.2767796516418457,
    0.2628839612007141,
    0.265640527009964,
    0.2776263356208801,
    0.27041977643966675,
    0.27160972356796265,
    0.27174925804138184,
    0.2682921290397644,
    0.27763912081718445,
    0.2762817442417145,
    0.2739962935447693,
    0.2705509662628174,
    0.27762603759765625,
    0.27516382932662964,
    0.27367207407951355,
    0.26949718594551086,
    0.27384117245674133,
    0.2832913398742676,
    0.27469417452812195,
    0.2687903642654419,
    0.2791828215122223,
    0.27645763754844666,
    0.2774975001811981,
    0.273059606552124,
    0.27087321877479553,
    0.27750363945961,
    0.27162760496139526,
    0.2750905156135559,
    0.27187544107437134,
    0.2744942903518677,
    0.2715175747871399,
    0.2738310992717743,
    0.2779119908809662,
    0.27662453055381775,
    0.27304017543792725,
    0.27402928471565247,
    0.27837252616882324,
    0.27264100313186646,
    0.27291300892829895,
    0.2705913782119751,
    0.27261650562286377,
    0.2763957977294922,
    0.2681662142276764,
    0.27797195315361023,
    0.2770894765853882,
    0.27343249320983887,
    0.2747516334056854,
    0.27393919229507446,
    0.2696688175201416,
    0.27672600746154785,
    0.26749950647354126,
    0.2759629487991333,
    0.27555251121520996,
    0.27989310026168823,
    0.2716498374938965,
    0.26921114325523376,
    0.26915228366851807,
    0.2724747359752655,
    0.27304548025131226,
    0.26227059960365295,
    0.27107974886894226,
    0.275084912776947,
    0.26493707299232483,
    0.270047128200531,
    0.27011632919311523,
    0.273851603269577,
    0.2666706144809723,
    0.27268633246421814,
    0.273082971572876,
    0.2743367850780487,
    0.2725779712200165,
    0.278847336769104,
    0.26905307173728943,
    0.28013429045677185,
    0.2693789601325989,
    0.2788625955581665,
    0.2706194519996643,
    0.270920991897583,
    0.2794201672077179,
    0.27388501167297363,
    0.27243971824645996,
    0.27377378940582275,
    0.2738898694515228,
    0.27859580516815186,
    0.27559033036231995,
    0.2717680037021637,
    0.2741759121417999,
    0.2717408537864685,
    0.27029597759246826,
    0.2705758810043335,
    0.27975934743881226,
    0.26986706256866455,
    0.2765333354473114,
    0.27392637729644775,
    0.27458468079566956,
    0.27196204662323,
    0.2746303677558899,
    0.27264735102653503,
    0.2728787362575531,
    0.2718096375465393,
    0.27875733375549316,
    0.27704480290412903,
    0.27273884415626526,
    0.2758156657218933,
    0.27071866393089294,
    0.27034085988998413,
    0.2739711403846741,
    0.27940499782562256,
    0.2779092788696289,
    0.27233901619911194,
    0.2682895064353943,
    0.27845317125320435,
    0.2688724100589752,
    0.2718189060688019,
    0.27952083945274353,
    0.2718397378921509,
    0.27357685565948486,
    0.277496874332428,
    0.27025651931762695,
    0.2742629051208496,
    0.2688969373703003,
    0.27472051978111267,
    0.27481454610824585,
    0.27086710929870605,
    0.2753203511238098,
    0.27148866653442383,
    0.2691849172115326,
    0.26681870222091675,
    0.2801089286804199,
    0.2769003212451935,
    0.27127087116241455,
    0.26782113313674927,
    0.27433866262435913,
    0.27174219489097595,
    0.27429014444351196,
    0.2690280079841614,
    0.276318222284317,
    0.2710183560848236,
    0.27598837018013,
    0.26690077781677246,
    0.26862651109695435,
    0.270650178194046,
    0.27675920724868774,
    0.27914851903915405,
    0.26754647493362427,
    0.2799314558506012,
    0.2732117772102356,
    0.2731638550758362,
    0.27527397871017456,
    0.27156102657318115,
    0.2645854651927948,
    0.2711843252182007,
    0.27389001846313477,
    0.2706604599952698,
    0.27586400508880615,
    0.27402573823928833,
    0.27551358938217163,
    0.2692170739173889,
    0.272660493850708,
    0.2706160247325897,
    0.2693175971508026,
    0.2774142622947693,
    0.27794864773750305,
    0.2731706500053406,
    0.26994380354881287,
    0.26627200841903687,
    0.2814713716506958,
    0.27391523122787476,
    0.2707032859325409,
    0.2727351188659668,
    0.27247530221939087,
    0.27387747168540955,
    0.2727755904197693,
    0.2782120406627655,
    0.27842938899993896,
    0.2639867663383484,
    0.2753034830093384,
    0.2772058844566345,
    0.27014005184173584,
    0.27983492612838745,
    0.2747480869293213,
    0.27696698904037476,
    0.2685509920120239,
    0.277989000082016,
    0.26620495319366455,
    0.2743728756904602,
    0.27008622884750366,
    0.2713264226913452,
    0.2782515287399292,
    0.26964709162712097,
    0.2755153179168701,
    0.2683379650115967,
    0.27351251244544983,
    0.27943843603134155,
    0.2815615236759186,
    0.2735711634159088,
    0.2723192572593689,
    0.27826109528541565,
    0.27249008417129517,
    0.2726011276245117,
    0.26701968908309937,
    0.2789663076400757,
    0.2648887634277344,
    0.2716515064239502,
    0.28188183903694153,
    0.2703689932823181,
    0.27119654417037964,
    0.26970556378364563,
    0.27003684639930725,
    0.26940637826919556,
    0.2682953476905823,
    0.277782142162323,
    0.27157309651374817,
    0.28032538294792175,
    0.2777232825756073,
    0.2771528959274292,
    0.2744729816913605,
    0.2849867641925812,
    0.2703009247779846,
    0.2765212059020996,
    0.2769869565963745,
    0.2662312984466553,
    0.27557963132858276,
    0.27801191806793213,
