{
  "version": "plots/_T_10_y0_0_01_network_architectures_4_50_activations_tanh_learning_rates_0_001_collocations_1024_epochs_50000_regularization_no_reg_reg_epochs_1_reg_coeff_10_reg_decay_1_/run_8",
  "seed": 1,
  "y0": 0.01,
  "T": 10,
  "N_col": 1024,
  "N_hidden": 4,
  "N_neurons": 50,
  "activation": "tanh",
  "N_epochs": 50000,
  "learning_rate": 0.001,
  "decay_rate": 1.0,
  "freq_log": 100,
  "freq_print": 1000,
  "keys_print": [
    "loss"
  ],
  "freq_save": 0,
  "regularization": "no_reg",
  "reg_coeff": 10,
  "reg_decay": 1,
  "reg_epochs": 1,
  "loss": [
    0.08467882126569748,
    2.159957330150064e-05,
    1.8979984815814532e-05,
    2.0778294128831476e-05,
    1.8499822544981726e-05,
    2.1278463464113884e-05,
    2.071319795504678e-05,
    2.1317913706297986e-05,
    2.0501176550169475e-05,
    1.8957958673126996e-05,
    1.6935762687353417e-05,
    2.3857230189605616e-05,
    2.1423482394311577e-05,
    2.4111435777740553e-05,
    2.1559755623457022e-05,
    2.3539283574791625e-05,
    1.667167089181021e-05,
    2.3491313186241314e-05,
    1.930787584569771e-05,
    2.2106803953647614e-05,
    2.9974304197821766e-05,
    1.9410937966313213e-05,
    4.377109507913701e-05,
    2.2364567485055886e-05,
    2.040268009295687e-05,
    2.0573750589392148e-05,
    1.8967437426908873e-05,
    2.3132815840654075e-05,
    1.7771188140613958e-05,
    2.3733475245535374e-05,
    8.204254845622927e-05,
    3.7282043194863945e-05,
    1.830572909966577e-05,
    1.9031660485779867e-05,
    2.5703378923935816e-05,
    1.832387351896614e-05,
    2.1710044165956788e-05,
    2.3043741748551838e-05,
    2.379528814344667e-05,
    2.0851717636105604e-05,
    2.602975109766703e-05,
    4.073225863976404e-05,
    2.090544512611814e-05,
    2.1006067981943488e-05,
    6.91963650751859e-05,
    9.881788719212636e-05,
    1.8580725736683235e-05,
    2.1451203792821616e-05,
    4.772510874317959e-05,
    2.3246939235832542e-05,
    2.5985767933889292e-05,
    2.799393769237213e-05,
    2.3698998120380566e-05,
    2.3523298295913264e-05,
    2.298091203556396e-05,
    2.0007915736641735e-05,
    2.5809249564190395e-05,
    2.226274045824539e-05,
    2.530777419451624e-05,
    2.6456385967321694e-05,
    2.077773751807399e-05,
    2.1697263946407475e-05,
    4.282542067812756e-05,
    2.278501597174909e-05,
    2.2526375687448308e-05,
    2.120350836776197e-05,
    1.8742655811365694e-05,
    1.9843180780299008e-05,
    2.3065449568093754e-05,
    2.0121018678764813e-05,
    1.9843075278913602e-05,
    2.3193384549813345e-05,
    2.3410539142787457e-05,
    2.408558430033736e-05,
    2.2800495571573265e-05,
    1.900524330267217e-05,
    2.602200402179733e-05,
    2.1689047571271658e-05,
    2.1339470549719408e-05,
    1.9367644199519418e-05,
    2.1554364138864912e-05,
    2.5604193069739267e-05,
    2.1408337488537654e-05,
    1.9808772776741534e-05,
    2.07633784157224e-05,
    1.8252509107696824e-05,
    2.1862773792236112e-05,
    2.1228141122264788e-05,
    1.9929368136217818e-05,
    2.0482961190282367e-05,
    2.359471545787528e-05,
    1.897316542454064e-05,
    2.1786856450489722e-05,
    1.832690031733364e-05,
    2.0536865122267045e-05,
    3.9998987631406635e-05,
    2.1372419723775238e-05,
    2.024927016464062e-05,
    2.4321660021087155e-05,
    2.4163771740859374e-05,
    1.610603794688359e-05,
    2.03797135327477e-05,
    2.4160299290088005e-05,
    2.0911818864988163e-05,
    1.9302809960208833e-05,
    2.5862236725515686e-05,
    2.134044552803971e-05,
    2.032748489000369e-05,
    2.025247158599086e-05,
    2.1246762116788886e-05,
    2.2292471840046346e-05,
    2.3307075025513768e-05,
    2.1490852304850705e-05,
    2.0620442228391767e-05,
    0.0005210976814851165,
    2.109691376972478e-05,
    1.8857062968891114e-05,
    1.9039209291804582e-05,
    1.9180461094947532e-05,
    2.1814275896758772e-05,
    2.2336651454679668e-05,
    2.055611548712477e-05,
    1.9772269297391176e-05,
    1.8406724848318845e-05,
    1.7841297449194826e-05,
    2.2724943846696988e-05,
    1.9722108845598996e-05,
    2.0628114725695923e-05,
    2.107766704284586e-05,
    1.980803244805429e-05,
    1.9093782611889765e-05,
    1.674462873779703e-05,
    1.6945970855886117e-05,
    1.87087498488836e-05,
    1.7139496776508167e-05,
    1.8654794985195622e-05,
    2.1760228264611214e-05,
    1.8747598005575128e-05,
    1.950987098098267e-05,
    1.9195262211724184e-05,
    1.9370920199435204e-05,
    1.7598551494302228e-05,
    2.0359089830890298e-05,
    1.8010487110586837e-05,
    2.3896407583379187e-05,
    2.036905789282173e-05,
    1.7873702745418996e-05,
    1.9433911802479997e-05,
    1.765198067005258e-05,
    2.164676334359683e-05,
    1.9454551875242032e-05,
    1.9588042050600052e-05,
    1.2721496204903815e-05,
    1.9630015231086873e-05,
    1.681344110693317e-05,
    1.900169809232466e-05,
    1.8668235497898422e-05,
    2.0736792066600174e-05,
    2.0513052731985226e-05,
    2.009502350119874e-05,
    2.0741590560646728e-05,
    1.8741418898571283e-05,
    2.0385439711390063e-05,
    2.106961801473517e-05,
    2.1835916413692757e-05,
    2.024557579716202e-05,
    1.927199264173396e-05,
    1.805426654755138e-05,
    1.8986218492500484e-05,
    1.9060018530581146e-05,
    1.8894723325502127e-05,
    2.0172339645796455e-05,
    1.975417762878351e-05,
    2.0624549506464973e-05,
    1.929976133396849e-05,
    1.9132083252770826e-05,
    1.814196730265394e-05,
    2.1078330973978154e-05,
    1.7612506781006232e-05,
    1.8755566998152062e-05,
    2.2770429495722055e-05,
    1.7647822460276075e-05,
    1.8974580598296598e-05,
    2.178502836613916e-05,
    2.2259480829234235e-05,
    2.1969506633467972e-05,
    1.8336748325964436e-05,
    1.8965878552990034e-05,
    2.1240801288513467e-05,
    2.1133528207428753e-05,
    2.5072535208892077e-05,
    1.8327442376175895e-05,
    1.72660675161751e-05,
    2.0382276488817297e-05,
    2.1864143491256982e-05,
    1.887542566691991e-05,
    2.0758752725669183e-05,
    1.8829674445441924e-05,
    2.0654697436839342e-05,
    2.0342713469290175e-05,
    1.8655919120647013e-05,
    2.181266972911544e-05,
    2.026778383878991e-05,
    2.2718502805219032e-05,
    2.3148491891333833e-05,
    2.1177394955884665e-05,
    1.7107962776208296e-05,
    2.2480537154478952e-05,
    2.2039732357370667e-05,
    2.202191717515234e-05,
    1.8911567167378962e-05,
    2.25747971853707e-05,
    1.9401126337470487e-05,
    1.8148106391890906e-05,
    2.0446630514925346e-05,
    1.7880416635307483e-05,
    1.9279279513284564e-05,
    2.376553493377287e-05,
    2.021823456743732e-05,
    1.9885927031282336e-05,
    2.069326728815213e-05,
    1.9305633031763136e-05,
    1.88987105502747e-05,
    2.086505810439121e-05,
    2.1536739950533956e-05,
    2.126465733454097e-05,
    2.2005093342158943e-05,
    1.925901960930787e-05,
    2.3039430743665434e-05,
    2.4377222871407866e-05,
    1.949691431946121e-05,
    1.949746729223989e-05,
    2.0402861991897225e-05,
    2.3765984224155545e-05,
    1.8862741853808984e-05,
    2.4616212613182142e-05,
    1.90273167390842e-05,
    2.045150176854804e-05,
    2.2880722099216655e-05,
    2.2136307961773127e-05,
    2.0081308321096003e-05,
    1.7447011487092823e-05,
    1.8953702237922698e-05,
    1.952869388333056e-05,
    1.820705620048102e-05,
    1.9382518075872213e-05,
    1.8250466382596642e-05,
    2.1480060240719467e-05,
    1.8266377082909457e-05,
    1.97669469343964e-05,
    2.0573888832586817e-05,
    1.9451563275652006e-05,
    1.7415874026482925e-05,
    2.0508428860921413e-05,
    1.8763832486001775e-05,
    1.8330796592636034e-05,
    1.981481909751892e-05,
    2.113436312356498e-05,
    1.661495480220765e-05,
    1.6633846826152876e-05,
    2.052781928796321e-05,
    1.962549504241906e-05,
    1.7929593013832346e-05,
    1.9394030459807254e-05,
    1.543758116895333e-05,
    2.139110438292846e-05,
    2.3018772481009364e-05,
    1.854885704233311e-05,
