{
  "version": "plots/_T_7_5_y0_0_1_network_architectures_4_50_activations_tanh_learning_rates_0_001_collocations_1024_epochs_50000_regularization_reg_derivative_reg_epochs_1_reg_coeff_10_reg_decay_1_/run_1",
  "seed": 1,
  "y0": 0.1,
  "T": 7.5,
  "N_col": 1024,
  "N_hidden": 4,
  "N_neurons": 50,
  "activation": "tanh",
  "N_epochs": 50000,
  "learning_rate": 0.001,
  "decay_rate": 1.0,
  "freq_log": 100,
  "freq_print": 1000,
  "keys_print": [
    "loss"
  ],
  "freq_save": 0,
  "regularization": "reg_derivative",
  "reg_coeff": 10,
  "reg_decay": 1,
  "reg_epochs": 1,
  "loss": [
    4.7475690841674805,
    0.5012527704238892,
    0.3432677388191223,
    0.3025578260421753,
    0.2683635354042053,
    0.2580791711807251,
    0.2100357711315155,
    0.2596667408943176,
    0.20389139652252197,
    0.14869414269924164,
    0.1162240207195282,
    0.14500436186790466,
    0.15096601843833923,
    0.11530990153551102,
    0.1133492961525917,
    0.25807952880859375,
    0.1102527305483818,
    0.15950916707515717,
    0.10409243404865265,
    0.1018136590719223,
    0.10777856409549713,
    0.10781315714120865,
    0.08467797935009003,
    0.11543232947587967,
    0.12098096311092377,
    0.11225840449333191,
    0.0899277850985527,
    0.1039368063211441,
    0.11824191361665726,
    0.09353548288345337,
    0.09179426729679108,
    0.09635701030492783,
    0.10672086477279663,
    0.10998240113258362,
    0.09025007486343384,
    0.1252022385597229,
    0.09457021206617355,
    0.08672741055488586,
    0.10389181971549988,
    0.09498128294944763,
    0.08812263607978821,
    0.09113550931215286,
    0.11756996810436249,
    0.1201905682682991,
    0.10633143782615662,
    0.10635273158550262,
    0.08740679919719696,
    0.08623983711004257,
    0.2078048288822174,
    0.4117051064968109,
    0.4021562933921814,
    0.4154447615146637,
    0.41307225823402405,
    0.3966520428657532,
    0.38471728563308716,
    0.4078141748905182,
    0.39421340823173523,
    0.3920751214027405,
    0.37408363819122314,
    0.3817269504070282,
    0.40232130885124207,
    0.39719322323799133,
    0.3990265130996704,
    0.3960299491882324,
    0.3835667371749878,
    0.3873558044433594,
    0.40000927448272705,
    0.3849787414073944,
    0.4021678566932678,
    0.39917635917663574,
    0.3854333460330963,
    0.4037072956562042,
    0.3872656226158142,
    0.3638251721858978,
    0.4030713438987732,
    0.37962770462036133,
    0.38591063022613525,
    0.38742199540138245,
    0.39945608377456665,
    0.3967796266078949,
    0.35809746384620667,
    0.36858484148979187,
    0.3989548087120056,
    0.38436752557754517,
    0.38525116443634033,
    0.3843495845794678,
    0.36983826756477356,
    0.39363205432891846,
    0.3917459547519684,
    0.39527833461761475,
    0.3754193186759949,
    0.3960033655166626,
    0.39690157771110535,
    0.3911306858062744,
    0.38421404361724854,
    0.39567482471466064,
    0.3994936943054199,
    0.3915477395057678,
    0.37770015001296997,
    0.39498865604400635,
    0.39481261372566223,
    0.40269172191619873,
    0.3896541893482208,
    0.38535556197166443,
    0.40049704909324646,
    0.3894711136817932,
    0.38590437173843384,
    0.38887518644332886,
    0.3941200375556946,
    0.38440126180648804,
    0.3871311843395233,
    0.39789268374443054,
    0.40108251571655273,
    0.3867678940296173,
    0.39009928703308105,
    0.4043874740600586,
    0.3852303624153137,
    0.3855154812335968,
    0.3860831558704376,
    0.38532549142837524,
    0.3898662328720093,
    0.3792247176170349,
    0.40008410811424255,
    0.389619380235672,
    0.3802918791770935,
    0.3921569585800171,
    0.390080064535141,
    0.3770138919353485,
    0.3968493938446045,
    0.3729040026664734,
    0.40160319209098816,
    0.3835141956806183,
    0.4014315605163574,
    0.3815848231315613,
    0.3782872259616852,
    0.3789035379886627,
    0.3887980878353119,
    0.388782799243927,
    0.3587099313735962,
    0.38358259201049805,
    0.39553016424179077,
    0.3665950894355774,
    0.3794490098953247,
    0.3753884434700012,
    0.39243894815444946,
    0.37122493982315063,
    0.3794350028038025,
    0.3908746838569641,
    0.3936616778373718,
    0.3883928060531616,
    0.40409335494041443,
    0.377427875995636,
    0.3954389691352844,
    0.37603384256362915,
    0.39222452044487,
    0.38127681612968445,
    0.3787704408168793,
    0.4080800414085388,
    0.39020371437072754,
    0.38116025924682617,
    0.3917008340358734,
    0.3920937180519104,
    0.39832863211631775,
    0.39323046803474426,
    0.38553905487060547,
    0.390409380197525,
    0.3840538561344147,
    0.37954431772232056,
    0.3797723054885864,
    0.40390610694885254,
    0.37779778242111206,
    0.4003419876098633,
    0.39178788661956787,
    0.3904816508293152,
    0.38245975971221924,
    0.3915618360042572,
    0.3842136859893799,
    0.38464128971099854,
    0.3840557634830475,
    0.40242692828178406,
    0.4033663868904114,
    0.3863811790943146,
    0.39883726835250854,
    0.3815118670463562,
    0.3879641890525818,
    0.39343154430389404,
    0.4064040184020996,
    0.39650702476501465,
    0.3831610083580017,
    0.37387311458587646,
    0.40256986021995544,
    0.37498533725738525,
    0.38586944341659546,
    0.40354055166244507,
    0.3741988241672516,
    0.3888722062110901,
    0.40136486291885376,
    0.3723243474960327,
    0.3926214575767517,
    0.3745715022087097,
    0.39177536964416504,
    0.39521124958992004,
    0.3838294744491577,
    0.3937680721282959,
    0.3874449133872986,
    0.375041127204895,
    0.36839166283607483,
    0.41103434562683105,
    0.40208882093429565,
    0.38633453845977783,
    0.37536534667015076,
    0.3937685191631317,
    0.3823768198490143,
    0.39546579122543335,
    0.37488865852355957,
    0.3935542106628418,
    0.3808838725090027,
    0.38895779848098755,
    0.37020087242126465,
    0.3728652894496918,
    0.3787401020526886,
    0.39691346883773804,
    0.40289685130119324,
    0.374348521232605,
    0.39576801657676697,
    0.38760802149772644,
    0.3852170705795288,
    0.39586204290390015,
    0.3823423385620117,
    0.3646421730518341,
    0.38207578659057617,
    0.38828355073928833,
    0.38399410247802734,
    0.39346984028816223,
    0.39355432987213135,
    0.3930337429046631,
    0.37799426913261414,
    0.3878544569015503,
    0.3757057189941406,
    0.37867432832717896,
    0.40388476848602295,
    0.4023280739784241,
    0.3889094293117523,
    0.38503360748291016,
    0.3659682869911194,
    0.41395825147628784,
    0.3894326388835907,
    0.38182738423347473,
    0.3888317942619324,
    0.3902178704738617,
    0.388149619102478,
    0.38922420144081116,
    0.4032105803489685,
    0.4031936824321747,
    0.36502814292907715,
    0.3922916650772095,
    0.4015249013900757,
    0.37683868408203125,
    0.40914374589920044,
    0.3924623131752014,
    0.3953763544559479,
    0.3751300573348999,
    0.4041237235069275,
    0.3696250319480896,
    0.3921229839324951,
    0.375102698802948,
    0.38500142097473145,
    0.40846237540245056,
    0.37379392981529236,
    0.3952760696411133,
    0.37273508310317993,
    0.39019930362701416,
    0.40483224391937256,
    0.40350669622421265,
    0.3825364410877228,
    0.38327717781066895,
    0.40272289514541626,
    0.38338741660118103,
    0.38390159606933594,
    0.36608052253723145,
    0.40472015738487244,
    0.36728501319885254,
    0.3844950795173645,
    0.4133712649345398,
    0.3822122812271118,
    0.3811824917793274,
    0.3817864656448364,
    0.37979447841644287,
    0.3824763000011444,
    0.3750302195549011,
    0.40060651302337646,
    0.38599953055381775,
    0.408292680978775,
    0.40089231729507446,
    0.4029296934604645,
    0.39165198802948,
    0.4248979389667511,
    0.37815868854522705,
    0.3954565227031708,
    0.40060126781463623,
    0.3696320652961731,
    0.40014663338661194,
    0.3988964855670929,
