{
  "version": "model_weights/_T_10_y0_0_1_network_architectures_4_50_activations_tanh_learning_rates_0_001_collocations_1024_epochs_50000_reg_epochs_0_5_reg_coeff_1_reg_decay_1_/run_10",
  "seed": 1,
  "y0": 0.1,
  "T": 10,
  "N_col": 1024,
  "N_hidden": 4,
  "N_neurons": 50,
  "activation": "tanh",
  "N_epochs": 50000,
  "learning_rate": 0.001,
  "decay_rate": 1.0,
  "freq_log": 100,
  "freq_print": 1000,
  "keys_print": [
    "loss"
  ],
  "freq_save": 0,
  "reg_coeff": 1,
  "reg_decay": 1,
  "reg_epochs": 0.5,
  "loss": [
    0.15495555102825165,
    0.022717852145433426,
    0.021533552557229996,
    0.02258092537522316,
    0.020682906731963158,
    0.023717930540442467,
    0.02292882464826107,
    0.022962912917137146,
    0.022851141169667244,
    0.0219690203666687,
    0.019803447648882866,
    0.024758290499448776,
    0.023160090669989586,
    0.024663230404257774,
    0.023197293281555176,
    0.024661235511302948,
    0.01934378780424595,
    0.023966241627931595,
    0.020920313894748688,
    0.02183867059648037,
    0.02188604697585106,
    0.020699620246887207,
    0.021208936348557472,
    0.022832244634628296,
    0.02219412848353386,
    0.021897796541452408,
    0.020845118910074234,
    0.021094035357236862,
    0.020398255437612534,
    0.024451494216918945,
    0.022102558985352516,
    0.022569803521037102,
    0.020589139312505722,
    0.02066509984433651,
    0.021828828379511833,
    0.020556427538394928,
    0.0226492490619421,
    0.0222765002399683,
    0.023522401228547096,
    0.019249802455306053,
    0.021540984511375427,
    0.023102134466171265,
    0.02204721048474312,
    0.021235452964901924,
    0.02145189791917801,
    0.021600574254989624,
    0.0201595276594162,
    0.02137748710811138,
    0.02205769345164299,
    0.021576305851340294,
    0.02205604873597622,
    0.02061915211379528,
    0.023089414462447166,
    0.022342650219798088,
    0.023434974253177643,
    0.021560007706284523,
    0.022376012057065964,
    0.02034965343773365,
    0.023206030949950218,
    0.022224174812436104,
    0.021611977368593216,
    0.020990516990423203,
    0.02329159341752529,
    0.021560750901699066,
    0.023259839043021202,
    0.02124602720141411,
    0.02148100733757019,
    0.021212156862020493,
    0.02252442203462124,
    0.02127617970108986,
    0.021910203620791435,
    0.02202131785452366,
    0.021271536126732826,
    0.024237070232629776,
    0.02153775282204151,
    0.019822344183921814,
    0.02405565045773983,
    0.02311619557440281,
    0.022747112438082695,
    0.021773505955934525,
    0.022399213165044785,
    0.022133702412247658,
    0.020866040140390396,
    0.02157815732061863,
    0.022197313606739044,
    0.020737145096063614,
    0.02293248288333416,
    0.02264074794948101,
    0.02096378244459629,
    0.020702730864286423,
    0.022045839577913284,
    0.019002603366971016,
    0.02109438367187977,
    0.019755713641643524,
    0.02137604169547558,
    0.021656572818756104,
    0.021437201648950577,
    0.0212861318141222,
    0.023221250623464584,
    0.022941242903470993,
    0.019655250012874603,
    0.020879436284303665,
    0.022365262731909752,
    0.02123773656785488,
    0.02099057286977768,
    0.024767404422163963,
    0.02046751230955124,
    0.02180994674563408,
    0.022074323147535324,
    0.02193458564579487,
    0.02213723585009575,
    0.02146226540207863,
    0.02234536036849022,
    0.02139643393456936,
    0.020606204867362976,
    0.022575855255126953,
    0.020927155390381813,
    0.021013349294662476,
    0.021253101527690887,
    0.022889092564582825,
    0.02333831787109375,
    0.02268482744693756,
    0.021731475368142128,
    0.020550306886434555,
    0.020171497017145157,
    0.023608563467860222,
    0.02160433866083622,
    0.022475242614746094,
    0.022164976224303246,
    0.021984418854117393,
    0.020913634449243546,
    0.01956172101199627,
    0.019674252718687057,
    0.02043026313185692,
    0.01980254054069519,
    0.021099383011460304,
    0.023057015612721443,
    0.020638618618249893,
    0.021423019468784332,
    0.02130197174847126,
    0.02088729292154312,
    0.02019280195236206,
    0.0222976915538311,
    0.020635785534977913,
    0.02415516786277294,
    0.021656706929206848,
    0.020389579236507416,
    0.02137208729982376,
    0.020233023911714554,
    0.022365322336554527,
    0.021497834473848343,
    0.02169899269938469,
    0.016749635338783264,
    0.021494902670383453,
    0.019216638058423996,
    0.02121739089488983,
    0.02098204381763935,
    0.02208518609404564,
    0.02155105583369732,
    0.0211021825671196,
    0.022071177139878273,
    0.02107878029346466,
    0.02133997716009617,
    0.022250037640333176,
    0.022154929116368294,
    0.02167406491935253,
    0.021478358656167984,
    0.020080359652638435,
    0.021029382944107056,
    0.021306172013282776,
    0.020771149545907974,
    0.021740620955824852,
    0.021573776379227638,
    0.022037602961063385,
    0.021043427288532257,
    0.020847568288445473,
    0.020855672657489777,
    0.022450638934969902,
    0.02007463574409485,
    0.021356286481022835,
    0.023946266621351242,
    0.019991876557469368,
    0.020848039537668228,
    0.022986439988017082,
    0.023097852244973183,
    0.022424718365073204,
    0.02070905640721321,
    0.0214522872120142,
    0.022526126354932785,
    0.02241995371878147,
    0.025140494108200073,
    0.02016572840511799,
    0.019754916429519653,
    0.022000614553689957,
    0.023044614121317863,
    0.021157938987016678,
    0.022370342165231705,
    0.02138902060687542,
    0.021883882582187653,
    0.021958621218800545,
    0.020733173936605453,
    0.026234637945890427,
    0.021934662014245987,
    0.02343732863664627,
    0.023214586079120636,
    0.022536374628543854,
    0.019650207832455635,
    0.023228298872709274,
    0.022757185623049736,
    0.022868750616908073,
    0.021032171323895454,
    0.023409048095345497,
    0.020981142297387123,
    0.020347028970718384,
    0.021582582965493202,
    0.02002619579434395,
    0.021332871168851852,
    0.023898104205727577,
    0.021765220910310745,
    0.021282458677887917,
    0.022485842928290367,
    0.021454809233546257,
    0.021258024498820305,
    0.022659746930003166,
    0.02285958081483841,
    0.022409263998270035,
    0.022303380072116852,
    0.02110142633318901,
    0.023619772866368294,
    0.02486337162554264,
    0.021417610347270966,
    0.021297870203852654,
    0.021749844774603844,
    0.02442547306418419,
    0.020807214081287384,
    0.025047706440091133,
    0.020946482196450233,
    0.021566709503531456,
    0.023700132966041565,
    0.023398101329803467,
    0.021633457392454147,
    0.019901111721992493,
    0.021204721182584763,
    0.021350432187318802,
    0.020674092695116997,
    0.02128489688038826,
    0.020251275971531868,
    0.022769389674067497,
    0.020786911249160767,
    0.021992426365613937,
    0.021965626627206802,
    3.658632579117693e-07,
    1.783056973181374e-07,
    1.5201565872757783e-07,
    1.3419304423223366e-07,
    1.2440828811577376e-07,
    9.694359732748126e-07,
    1.4058622355150874e-07,
    1.1850620040831927e-07,
    1.0144559610125725e-06,
    1.2078920917701907e-05,
    1.9615879864431918e-05,
    2.1825525209351326e-07,
    3.6563221783580957e-07,
    2.7302014132146724e-05,
    1.1516924303123233e-07,
    1.0916389214798983e-07,
    1.4160681871544512e-07,
    1.2366275825570483e-07,
    2.082788057578e-07,
    2.0148731039171253e-07,
    9.453340226173168e-07,
    1.2463099210435757e-06,
    4.408331005834043e-05,
    4.983737653674325e-07,
    7.260695724653488e-07,
    4.0490022001904435e-07,
    9.034637514560018e-06,
    4.511059159995057e-06,
    1.090455407393165e-05,
    1.4147786941975937e-07,
    7.010741569501988e-07,
    1.4108899222264881e-06,
    3.23207757446653e-07,
    3.051688395316887e-07,
    6.868226023470925e-07,
    1.265239717440636e-07,
    7.234471013362054e-07,
