{
  "version": "plots/_T_7_5_y0_0_1_network_architectures_4_50_activations_tanh_learning_rates_0_001_collocations_1024_epochs_50000_regularization_reg_derivative_unstable_fp_reg_epochs_1_reg_coeff_1_reg_decay_1_/run_7",
  "seed": 1,
  "y0": 0.1,
  "T": 7.5,
  "N_col": 1024,
  "N_hidden": 4,
  "N_neurons": 50,
  "activation": "tanh",
  "N_epochs": 50000,
  "learning_rate": 0.001,
  "decay_rate": 1.0,
  "freq_log": 100,
  "freq_print": 1000,
  "keys_print": [
    "loss"
  ],
  "freq_save": 0,
  "regularization": "reg_derivative_unstable_fp",
  "reg_coeff": 1,
  "reg_decay": 1,
  "reg_epochs": 1,
  "loss": [
    0.04114077612757683,
    0.017660096287727356,
    0.010999176651239395,
    0.010611126199364662,
    0.010714782401919365,
    0.014551532454788685,
    0.012354924343526363,
    0.013100690208375454,
    0.012558579444885254,
    0.010580210015177727,
    0.010561138391494751,
    0.011042824015021324,
    0.011500390246510506,
    0.00952787883579731,
    0.005450655706226826,
    0.0003644059761427343,
    1.984824484679848e-05,
    4.814195926883258e-05,
    1.6060272173490375e-05,
    9.567707820679061e-06,
    1.5855250239837915e-05,
    0.00013146975834388286,
    2.0786475943168625e-05,
    3.862670382659417e-06,
    8.228025762946345e-06,
    2.3940241590025835e-05,
    3.2637415188219165e-06,
    2.5204126359312795e-06,
    2.0111037883907557e-06,
    1.8511976804802543e-06,
    0.00018068063945975155,
    1.2059259688612656e-06,
    8.733559866413998e-07,
    3.272686853961204e-06,
    8.206661732401699e-05,
    3.316376023576595e-05,
    8.222654287237674e-06,
    7.216583526314935e-07,
    5.895160211366601e-05,
    3.2431537420052337e-06,
    3.123095098089834e-07,
    3.073005245823879e-07,
    0.000435798370745033,
    2.740500235631771e-07,
    6.439568096539006e-06,
    1.2589303878485225e-05,
    5.575578143179882e-06,
    1.540404213073998e-07,
    1.9551153229713236e-07,
    9.55777466060681e-08,
    4.147574145463295e-06,
    0.0002702344208955765,
    3.3232663554372266e-07,
    0.0005488527822308242,
    6.684358311304095e-08,
    6.601192126254318e-08,
    2.918849304478499e-06,
    4.227424454938955e-08,
    7.374071719823405e-05,
    2.6297580916434526e-05,
    1.117622829838183e-07,
    8.653002623759676e-06,
    6.614656200554236e-08,
    5.807775238508839e-08,
    1.4894941159582231e-05,
    4.99617101468175e-07,
    1.3508923757399316e-06,
    0.0003634771564975381,
    7.225649056863404e-08,
    6.457141665805466e-08,
    0.00018585172074381262,
    1.0071890699236974e-07,
    7.73765059420839e-05,
    7.971090099090361e-08,
    1.4198909070728405e-07,
    3.0371327284228755e-06,
    1.1395302408345742e-06,
    3.6047134699401795e-07,
    9.546656087877636e-08,
    2.0788911569979973e-06,
    8.127273787295053e-08,
    1.4670055747956212e-07,
    1.0749829471023986e-06,
    6.945407449165941e-08,
    5.737807384775806e-08,
    5.268060340313241e-05,
    6.607593405760781e-08,
    0.00022936967434361577,
    2.897897388720594e-07,
    1.621270143914444e-06,
    5.8550888581976324e-08,
    4.254385288504636e-08,
    2.1745979950082983e-07,
    1.059102032741066e-05,
    1.5540931599389296e-06,
    3.6633338140745764e-07,
    0.0006394877564162016,
    4.278320631101451e-08,
    4.120067842450226e-08,
    3.646888944786042e-05,
    2.838755541745286e-08,
    4.1389618843368225e-08,
    1.3472842965711607e-06,
    3.263519943175197e-08,
    0.0005412368918769062,
    9.036880044277495e-08,
    3.0280951079930674e-08,
    3.734786702125348e-08,
    5.528875135496492e-07,
    4.245435292205002e-08,
    2.9067035001162367e-08,
    7.154811555665219e-06,
    5.3820308210106305e-08,
    1.266800722987682e-06,
    4.620112292741396e-08,
    0.00010095710604218766,
    5.2170125997008654e-08,
    3.376728159310005e-07,
    5.7263648045591253e-08,
    7.845338956258274e-08,
    1.0100586678163381e-06,
    8.270439138868824e-06,
    1.3009625376980694e-07,
    4.015068952867296e-06,
    8.213205404672408e-08,
    7.633318455191329e-05,
    8.705215748250339e-08,
    3.05097870523241e-07,
    5.013426289224299e-06,
    1.0565298680376145e-07,
    1.0317120313629857e-07,
    5.9327096096239984e-05,
    6.751569259222379e-08,
    1.2441947546903975e-05,
    7.323306761009007e-08,
    3.2735774766479153e-06,
    7.282712743972297e-08,
    4.069852366228588e-06,
    2.4027615381783107e-06,
    2.014096253333264e-06,
    9.957806469174102e-06,
    1.634565160202328e-05,
    4.50926165740384e-07,
    7.592461059857669e-08,
    3.255738556617871e-05,
    2.938327497759019e-06,
    5.482102096721064e-07,
    6.490467541198086e-08,
    8.870572492014617e-05,
    7.967135928765856e-08,
    6.133297574706376e-05,
    0.00019695408991537988,
    9.276652690459741e-08,
    8.764772064751014e-05,
    2.664907583493914e-07,
    8.091858035186306e-06,
    5.2566953456789633e-08,
    8.909824828151613e-06,
    1.0922525461865007e-07,
    3.452563078099047e-06,
    0.0001944912364706397,
    4.256306510797003e-06,
    7.650432394257223e-07,
    4.4260423237574287e-07,
    2.5598035335860914e-07,
    1.5990632107332203e-07,
    1.0928216909178445e-07,
    8.265905648840999e-08,
    8.76036949648551e-08,
    6.253404194467294e-08,
    6.255336870708561e-08,
    5.271396830153208e-08,
    4.229415395684555e-08,
    4.4586176528582655e-08,
    3.78174860315994e-08,
    4.163937106227422e-08,
    2.9058067951837074e-08,
    2.78679266330073e-08,
    2.9449061855757463e-08,
    2.3285863903765858e-08,
    2.436304669117817e-08,
    4.1438845244101685e-08,
    1.4406068657990545e-05,
    2.370744844881756e-08,
    2.166044851037441e-06,
    1.3381585972638277e-07,
    1.091714878498351e-07,
    9.035227321874117e-07,
    5.645784426633327e-07,
    1.984991286008153e-06,
    1.210603386425646e-06,
    0.0001405531947966665,
    2.2621453155124982e-08,
    2.753192802629201e-07,
    2.804303767334204e-05,
    3.9108442706492497e-08,
    1.2417073776305187e-05,
    1.219667478125075e-08,
    1.0483956813800432e-08,
    9.114809245147626e-07,
    6.421039870474488e-05,
    6.291539023095538e-08,
    1.4917895896360278e-05,
    4.241032058871497e-08,
    1.3626031432067975e-05,
    2.040223762378446e-06,
    1.254687731488957e-06,
    2.362842010938948e-08,
    3.1577314985042904e-07,
    1.2242408047313802e-05,
    3.571043549754904e-08,
    1.0116261819348438e-06,
    1.38348084988138e-07,
    4.09273575030511e-08,
    7.536152679676889e-08,
    2.4675383514249916e-08,
    4.275421758848097e-07,
    1.4598505515550642e-08,
    1.52621986160284e-08,
    4.233625986671541e-06,
    1.3257050568427076e-07,
    1.698837149888277e-05,
    2.436370232317131e-05,
    2.7236444566369755e-07,
    4.283586349629331e-06,
    5.952805892661672e-08,
    1.3638273799188028e-07,
    9.682592505555476e-09,
    1.3272339856484905e-05,
    4.522444578469731e-05,
    1.7994989320868626e-06,
    3.1214360205922276e-05,
    9.121215782670333e-08,
    2.0606519683497027e-05,
    1.570382153204264e-07,
    2.5718421170495276e-08,
    1.0460793475886021e-07,
    9.611771822903847e-09,
    1.2212286492285784e-05,
    2.8860239353889483e-07,
    1.2815790796594229e-05,
    8.535198139725253e-05,
    3.233142820135981e-08,
    9.713084727991372e-05,
    1.0593082855336888e-08,
    1.3957096598460339e-05,
    1.1613977335400705e-08,
    8.355195646458924e-09,
    1.6782925058578257e-06,
    2.3516486535868353e-08,
    1.218850229633972e-07,
    2.9596680661825303e-08,
    1.6321710916145094e-07,
    1.2954918915397684e-08,
    3.903470769728301e-06,
    1.4737582205270883e-05,
    1.0724113153059989e-08,
    5.313180508892401e-07,
    7.573882854217118e-09,
    5.402213218985707e-07,
    1.7541799479658948e-07,
    3.774268293454952e-07,
    9.052091627381742e-07,
    7.193118989334835e-08,
    1.6627345758024603e-05,
    3.5193993426219095e-06,
    1.3881743754495801e-08,
    5.149812309923618e-08,
    3.4832416417884815e-07,
    5.279305696603842e-06,
