{
  "version": "model_weights/_T_10_y0_0_1_network_architectures_4_50_activations_tanh_learning_rates_0_001_collocations_1024_epochs_50000_reg_epochs_1_0_reg_coeff_1_reg_decay_1_/run_14",
  "seed": 1,
  "y0": 0.1,
  "T": 10,
  "N_col": 1024,
  "N_hidden": 4,
  "N_neurons": 50,
  "activation": "tanh",
  "N_epochs": 50000,
  "learning_rate": 0.001,
  "decay_rate": 1.0,
  "freq_log": 100,
  "freq_print": 1000,
  "keys_print": [
    "loss"
  ],
  "freq_save": 0,
  "reg_coeff": 1,
  "reg_decay": 1,
  "reg_epochs": 1.0,
  "loss": [
    0.18560686707496643,
    0.04065166413784027,
    0.03765008598566055,
    0.03749784082174301,
    0.03469471633434296,
    0.03919728100299835,
    0.03804391622543335,
    0.03725174069404602,
    0.037628017365932465,
    0.03481373190879822,
    0.0321008637547493,
    0.04057677835226059,
    0.03920925781130791,
    0.04148954153060913,
    0.0380561538040638,
    0.04084312543272972,
    0.03212612494826317,
    0.04061753302812576,
    0.03453146666288376,
    0.03676590323448181,
    0.03603865206241608,
    0.03467075899243355,
    0.035336628556251526,
    0.038961008191108704,
    0.037039585411548615,
    0.03668617457151413,
    0.03481205552816391,
    0.035736046731472015,
    0.0338837206363678,
    0.04013688862323761,
    0.037023648619651794,
    0.037811268121004105,
    0.03434232994914055,
    0.034746311604976654,
    0.036499641835689545,
    0.03440741077065468,
    0.0376555472612381,
    0.03727935254573822,
    0.039388082921504974,
    0.031650543212890625,
    0.035647228360176086,
    0.03876323997974396,
    0.037065859884023666,
    0.03532729297876358,
    0.03545648977160454,
    0.036912254989147186,
    0.033069364726543427,
    0.03545982018113136,
    0.03694172948598862,
    0.036044321954250336,
    0.036688901484012604,
    0.03401842713356018,
    0.038809359073638916,
    0.03752131015062332,
    0.039089202880859375,
    0.03542438894510269,
    0.0374024361371994,
    0.033198218792676926,
    0.03922506421804428,
    0.036778829991817474,
    0.03548822179436684,
    0.034856319427490234,
    0.03874874860048294,
    0.03554372116923332,
    0.038687072694301605,
    0.03549299016594887,
    0.035955868661403656,
    0.035414811223745346,
    0.03767714276909828,
    0.03510788828134537,
    0.036760032176971436,
    0.03643058240413666,
    0.035365574061870575,
    0.04069617763161659,
    0.03564984351396561,
    0.03270045667886734,
    0.03986183926463127,
    0.03870859742164612,
    0.03805369511246681,
    0.036763474345207214,
    0.03743859380483627,
    0.03723864257335663,
    0.03460618108510971,
    0.036019615828990936,
    0.03675463795661926,
    0.03421768918633461,
    0.038102373480796814,
    0.03789833188056946,
    0.03516775369644165,
    0.03425218164920807,
    0.03692973777651787,
    0.030768202617764473,
    0.03504760563373566,
    0.03267333656549454,
    0.03531361371278763,
    0.03541415184736252,
    0.03538081794977188,
    0.03514845669269562,
    0.03876782953739166,
    0.038529399782419205,
    0.032552048563957214,
    0.033969320356845856,
    0.037119943648576736,
    0.03496934846043587,
    0.03479337692260742,
    0.04206079989671707,
    0.0332469642162323,
    0.03655167669057846,
    0.037070974707603455,
    0.03642198443412781,
    0.03694165498018265,
    0.0350208505988121,
    0.03782672435045242,
    0.03531678766012192,
    0.034224733710289,
    0.03757024556398392,
    0.03466016799211502,
    0.03466779738664627,
    0.035093069076538086,
    0.03828391060233116,
    0.03920290246605873,
    0.03830915316939354,
    0.0361856073141098,
    0.034225109964609146,
    0.03345094993710518,
    0.03964143246412277,
    0.035974517464637756,
    0.037780098617076874,
    0.03708971291780472,
    0.036771878600120544,
    0.03489525616168976,
    0.03245364502072334,
    0.03243766352534294,
    0.033732820302248,
    0.03316469117999077,
    0.03580688312649727,
    0.038806766271591187,
    0.03448643535375595,
    0.03575641289353371,
    0.0355457179248333,
    0.03439779579639435,
    0.03354921191930771,
    0.03738144040107727,
    0.03506291285157204,
    0.04035825654864311,
    0.03550168126821518,
    0.033903151750564575,
    0.03543286398053169,
    0.03338269144296646,
    0.037112295627593994,
    0.03591034188866615,
    0.035791680216789246,
    0.027397017925977707,
    0.0359560064971447,
    0.03308260813355446,
    0.03531983494758606,
    0.03496962785720825,
    0.03663615509867668,
    0.03551891818642616,
    0.034676581621170044,
    0.03677692264318466,
    0.03492715209722519,
    0.03492956608533859,
    0.036972224712371826,
    0.03668801486492157,
    0.035646647214889526,
    0.03597460687160492,
    0.0330498181283474,
    0.0350145623087883,
    0.034988000988960266,
    0.03419475257396698,
    0.036391809582710266,
    0.03594386577606201,
    0.03674793988466263,
    0.0346088781952858,
    0.03457513451576233,
    0.034791018813848495,
    0.03761861473321915,
    0.03311712294816971,
    0.03575919568538666,
    0.03982856497168541,
    0.03298911452293396,
    0.034487929195165634,
    0.03856658563017845,
    0.03854408487677574,
    0.03725704178214073,
    0.03455675020813942,
    0.03607204556465149,
    0.037351738661527634,
    0.03755598142743111,
    0.042016882449388504,
    0.03291039168834686,
    0.033002592623233795,
    0.03676793724298477,
    0.038707807660102844,
    0.03504975140094757,
    0.037501826882362366,
    0.036324694752693176,
    0.03640453889966011,
    0.03691332787275314,
    0.03436564654111862,
    0.03740639612078667,
    0.036721616983413696,
    0.0391525998711586,
    0.03866025060415268,
    0.03791617602109909,
    0.03253848850727081,
    0.0389031246304512,
    0.03775421157479286,
    0.03777099400758743,
    0.03498240187764168,
    0.039004042744636536,
    0.03479313850402832,
    0.03356022387742996,
    0.036350905895233154,
    0.0329444520175457,
    0.16816355288028717,
    0.13735057413578033,
    0.1371029019355774,
    0.13706336915493011,
    0.1372183859348297,
    0.13707193732261658,
    0.13701190054416656,
    0.13716645538806915,
    0.13724416494369507,
    0.13717865943908691,
    0.13719376921653748,
    0.1370144784450531,
    0.1373213529586792,
    0.13748642802238464,
    0.1370757520198822,
    0.13704895973205566,
    0.13709571957588196,
    0.13739027082920074,
    0.1370178461074829,
    0.1374654769897461,
    0.13701385259628296,
    0.13708673417568207,
    0.13731838762760162,
    0.13727207481861115,
    0.13708172738552094,
    0.13688421249389648,
    0.13701458275318146,
    0.137090802192688,
    0.13696247339248657,
    0.1370416134595871,
    0.1369418501853943,
    0.1372247189283371,
    0.13696184754371643,
    0.13711801171302795,
    0.13712787628173828,
    0.13705037534236908,
    0.13688962161540985,
    0.13712936639785767,
    0.136964350938797,
    0.13695655763149261,
    0.1369464248418808,
    0.1372438371181488,
    0.136415496468544,
    0.031356923282146454,
    0.022100774571299553,
    0.021465787664055824,
    0.020690254867076874,
    0.021652966737747192,
    0.019372161477804184,
    0.022646941244602203,
    0.02333509922027588,
    0.020918257534503937,
    0.021823836490511894,
    0.023542938753962517,
    0.023185960948467255,
    0.022799735888838768,
    0.021804068237543106,
    0.020481495186686516,
    0.02323438599705696,
    0.022928666323423386,
    0.023664910346269608,
    0.02065346948802471,
    0.024286141619086266,
    0.022175967693328857,
    0.021558692678809166,
    0.023078978061676025,
    0.02196965180337429,
    0.023234456777572632,
    0.02051861584186554,
    0.02072850428521633,
    0.019673507660627365,
    0.021926481276750565,
    0.0195480827242136,
    0.021159578114748,
    0.021643035113811493,
    0.021701032295823097,
    0.02026400901377201,
    0.020569495856761932,
    0.02215677499771118,
    0.020989010110497475,
