{
  "version": "plots/_T_10_y0_0_01_network_architectures_4_50_activations_tanh_learning_rates_0_001_collocations_1024_epochs_50000_regularization_reg_derivative_reg_epochs_1_reg_coeff_100000_reg_decay_1_/run_2",
  "seed": 1,
  "y0": 0.01,
  "T": 10,
  "N_col": 1024,
  "N_hidden": 4,
  "N_neurons": 50,
  "activation": "tanh",
  "N_epochs": 50000,
  "learning_rate": 0.001,
  "decay_rate": 1.0,
  "freq_log": 100,
  "freq_print": 1000,
  "keys_print": [
    "loss"
  ],
  "freq_save": 0,
  "regularization": "reg_derivative",
  "reg_coeff": 100000,
  "reg_decay": 1,
  "reg_epochs": 1,
  "loss": [
    74443.28125,
    161.04522705078125,
    112.08860778808594,
    107.83781433105469,
    101.55844116210938,
    89.14371490478516,
    89.89188385009766,
    93.22380828857422,
    86.56787872314453,
    91.00203704833984,
    91.43243408203125,
    85.69036102294922,
    85.35826110839844,
    78.5404052734375,
    88.62679290771484,
    81.66748046875,
    82.68812561035156,
    85.03026580810547,
    83.84834289550781,
    87.21023559570312,
    88.62042236328125,
    86.44178771972656,
    85.01376342773438,
    84.85120391845703,
    90.29205322265625,
    84.97440338134766,
    78.95597076416016,
    90.34492492675781,
    85.12785339355469,
    86.96916961669922,
    89.07598876953125,
    88.11046600341797,
    83.78913879394531,
    88.70114135742188,
    88.03394317626953,
    83.4815444946289,
    86.29517364501953,
    84.05574035644531,
    85.46627807617188,
    90.01736450195312,
    84.34905242919922,
    88.44134521484375,
    85.91117095947266,
    82.22542572021484,
    81.744873046875,
    85.10773468017578,
    87.2297134399414,
    89.52538299560547,
    83.60173797607422,
    305.87103271484375,
    89.49756622314453,
    92.21394348144531,
    90.70989227294922,
    86.60638427734375,
    85.11469268798828,
    91.29820251464844,
    85.55296325683594,
    87.19819641113281,
    80.3469467163086,
    83.45610809326172,
    89.73052978515625,
    88.09154510498047,
    89.13114929199219,
    87.70691680908203,
    84.03997039794922,
    85.82513427734375,
    88.5549545288086,
    84.0257339477539,
    87.99422454833984,
    88.69352722167969,
    84.15054321289062,
    89.21221923828125,
    83.56005859375,
    77.6056900024414,
    89.56111145019531,
    85.01727294921875,
    84.43953704833984,
    84.44038391113281,
    88.40727233886719,
    89.22651672363281,
    77.55424499511719,
    80.92388916015625,
    87.27124786376953,
    83.64080047607422,
    85.35353088378906,
    85.1663818359375,
    79.09158325195312,
    87.22942352294922,
    88.37645721435547,
    93.7514419555664,
    81.26840209960938,
    88.91375732421875,
    86.00189208984375,
    87.77394104003906,
    82.39946746826172,
    88.01885223388672,
    88.3841552734375,
    86.59114074707031,
    82.2546157836914,
    88.237060546875,
    87.7740707397461,
    89.9041976928711,
    85.78190612792969,
    86.27593994140625,
    91.73957824707031,
    85.71127319335938,
    86.24571228027344,
    85.74240112304688,
    87.10858154296875,
    85.35160827636719,
    86.27716827392578,
    87.85316467285156,
    89.56503295898438,
    88.72017669677734,
    86.68630981445312,
    89.88187408447266,
    84.36849975585938,
    86.20830535888672,
    84.29042053222656,
    84.02742004394531,
    84.4721908569336,
    84.5657958984375,
    88.66316223144531,
    85.09736633300781,
    84.5602035522461,
    83.83753967285156,
    85.59660339355469,
    82.50177764892578,
    86.81243896484375,
    80.90584564208984,
    90.8476791381836,
    85.69741821289062,
    89.8165283203125,
    82.8426742553711,
    83.42632293701172,
    83.73638916015625,
    86.34181213378906,
    87.14743041992188,
    78.58358001708984,
    85.14276123046875,
    86.63038635253906,
    80.78019714355469,
    82.40194702148438,
    80.40252685546875,
    85.57835388183594,
    82.2508316040039,
    81.40034484863281,
    87.94465637207031,
    88.06878662109375,
    85.93916320800781,
    90.12431335449219,
    82.55149841308594,
    89.2766342163086,
    82.43339538574219,
    86.6041259765625,
    84.60160827636719,
    81.89987182617188,
    92.78981018066406,
    86.52693176269531,
    84.0709228515625,
    88.76590728759766,
    88.39237213134766,
    88.0816421508789,
    86.87418365478516,
    85.85357666015625,
    86.957275390625,
    84.31787109375,
    83.59027099609375,
    82.88993835449219,
    90.97750091552734,
    81.13861083984375,
    90.8664321899414,
    85.06690216064453,
    85.72288513183594,
    83.6047134399414,
    85.96437072753906,
    82.42539978027344,
    82.8484878540039,
    84.59233093261719,
    88.46739959716797,
    92.46556091308594,
    85.53237915039062,
    91.44146728515625,
    83.99058532714844,
    85.86256408691406,
    86.00056457519531,
    90.72605895996094,
    85.78099060058594,
    82.80730438232422,
    81.0492172241211,
    90.72626495361328,
    81.49006652832031,
    85.8630142211914,
    88.06837463378906,
    80.03797912597656,
    86.57783508300781,
    89.4986572265625,
    78.80397033691406,
    85.75035095214844,
    81.36953735351562,
    87.00686645507812,
    89.46513366699219,
    83.62800598144531,
    86.97225952148438,
    86.990478515625,
    80.34950256347656,
    79.88711547851562,
    92.4475326538086,
    88.41021728515625,
    86.03196716308594,
    83.34678649902344,
    87.74197387695312,
    84.54802703857422,
    89.6392822265625,
    79.88359832763672,
    86.88165283203125,
    81.50059509277344,
    84.92037200927734,
    80.05659484863281,
    81.13198852539062,
    80.59627532958984,
    87.18854522705078,
    89.888427734375,
    81.43778991699219,
    86.48424530029297,
    83.72035217285156,
    85.44215393066406,
    87.84666442871094,
    83.6968994140625,
    80.4464111328125,
    82.14595031738281,
    86.33358764648438,
    85.09772491455078,
    86.14921569824219,
    87.63124084472656,
    85.78273010253906,
    81.94441223144531,
    84.79498291015625,
    80.46553039550781,
    81.6016845703125,
    91.4041748046875,
    89.91607666015625,
    86.4335708618164,
    81.38325500488281,
    77.97802734375,
    89.58085632324219,
    85.38137817382812,
    83.18032836914062,
    85.52204895019531,
    86.55203247070312,
    85.38690185546875,
    84.95548248291016,
    89.06138610839844,
    90.5549545288086,
    80.06504821777344,
    86.91993713378906,
    89.20774841308594,
    82.82691955566406,
    92.617431640625,
    88.49789428710938,
    85.87550354003906,
    80.99641418457031,
    89.8991470336914,
    79.79740142822266,
    87.6459732055664,
    81.90839385986328,
    83.61917114257812,
    90.49251556396484,
    81.1075439453125,
    87.49690246582031,
    80.52883911132812,
    85.9132308959961,
    88.49069213867188,
    90.31074523925781,
    82.63996124267578,
    83.04549407958984,
    90.65487670898438,
    84.85880279541016,
    82.38885498046875,
    81.17495727539062,
    90.06916809082031,
    78.58013153076172,
    83.64496612548828,
    92.36544036865234,
    84.59171295166016,
    83.56942749023438,
    83.37859344482422,
    83.4044189453125,
    84.49951934814453,
    81.99533081054688,
    88.74342346191406,
    85.72565460205078,
    92.0842056274414,
    88.8951187133789,
    89.15437316894531,
    85.87183380126953,
    94.9615707397461,
    81.85633087158203,
    89.44302368164062,
    89.41255187988281,
    80.453369140625,
    90.6983413696289,
    86.79375457763672,
    81.14163208007812,
    85.45039367675781,
    89.17813110351562,
    85.78804779052734,
    87.26091766357422,
    87.73168182373047,
    89.23342895507812,
    84.40814208984375,
    85.83917236328125,
    84.85968780517578,
    79.96344757080078,
    83.34611511230469,
    85.58677673339844,
    84.43417358398438,
    82.46723937988281,
    87.84709167480469,
    83.62579345703125,
    87.31783294677734,
    86.25794219970703,
    81.680908203125,
    85.00125122070312,
    82.24188232421875,
