{
  "version": "plots/_T_7_5_y0_0_01_network_architectures_4_50_activations_tanh_learning_rates_0_001_collocations_1024_epochs_50000_regularization_unstable_fp_reg_epochs_1_reg_coeff_10_reg_decay_1_/run_3",
  "seed": 1,
  "y0": 0.01,
  "T": 7.5,
  "N_col": 1024,
  "N_hidden": 4,
  "N_neurons": 50,
  "activation": "tanh",
  "N_epochs": 50000,
  "learning_rate": 0.001,
  "decay_rate": 1.0,
  "freq_log": 100,
  "freq_print": 1000,
  "keys_print": [
    "loss"
  ],
  "freq_save": 0,
  "regularization": "unstable_fp",
  "reg_coeff": 10,
  "reg_decay": 1,
  "reg_epochs": 1,
  "loss": [
    0.01411423645913601,
    0.0011062388075515628,
    0.006549108773469925,
    0.000748783815652132,
    0.0006309045711532235,
    0.0010089538991451263,
    0.0009360508993268013,
    0.0005988914053887129,
    0.0006178459152579308,
    0.0006907809292897582,
    0.0009425564203411341,
    0.000937669537961483,
    0.0009875936666503549,
    0.0009719576919451356,
    0.00093320501036942,
    0.0008692382834851742,
    0.000995119335129857,
    0.0009457129053771496,
    0.0008737675379961729,
    0.0009723766124807298,
    0.0008914206991903484,
    0.002425530692562461,
    0.0006093020783737302,
    0.0008861944079399109,
    0.0005809711874462664,
    0.000547119474504143,
    0.0005900925025343895,
    0.0006779961986467242,
    0.0007345431367866695,
    0.000494457664899528,
    0.000558464031200856,
    0.0005998076521791518,
    0.0005241733160801232,
    0.0004983204416930676,
    0.0007559896912425756,
    0.001084896270185709,
    0.0008948927279561758,
    0.0008832965977489948,
    0.0008977975812740624,
    0.0008966673631221056,
    0.0008567868499085307,
    0.0008887102594599128,
    0.0008382946252822876,
    0.0009718641522340477,
    0.0008752209832891822,
    0.0009608318796381354,
    0.0008406689157709479,
    0.0008809417486190796,
    0.0018995709251612425,
    0.0005694428691640496,
    0.0007572883041575551,
    0.000368487904779613,
    0.0008638912695460021,
    0.0009431994403712451,
    0.0009144201758317649,
    0.000857630162499845,
    0.0008883395930752158,
    0.0008421168313361704,
    0.0009441723814234138,
    0.0009496009442955256,
    0.0008730724221095443,
    0.0009025424951687455,
    0.0008583294111303985,
    0.000848719326313585,
    0.0008774472516961396,
    0.0008896650397218764,
    0.0008184413891285658,
    0.0005210998933762312,
    0.0004311012744437903,
    0.0010528790298849344,
    0.0008692709379829466,
    0.00020996984676457942,
    0.00012149500980740413,
    0.0008454915951006114,
    0.0006093057454563677,
    0.0001750485971570015,
    0.00014197156997397542,
    0.0010393224656581879,
    0.0005199388833716512,
    0.00033006182638928294,
    0.0001381983165629208,
    0.00022187764989212155,
    0.00020548884640447795,
    0.0002141014556400478,
    0.00014994203229434788,
    0.0001511339796707034,
    0.00019097060430794954,
    0.00024727752315811813,
    0.00023635936668142676,
    0.000360754580469802,
    0.00022238418750930578,
    0.00015302220708690584,
    0.00014655126142315567,
    0.00013943278463557363,
    0.00012052597594447434,
    0.0003043207689188421,
    0.00021396971715148538,
    0.0001962472015293315,
    0.0002543473965488374,
    0.0002474521170370281,
    0.0002367709093960002,
    0.00014173146337270737,
    0.0001949030556716025,
    0.00013517080515157431,
    0.00017142397700808942,
    0.00016922870418056846,
    0.00021464863675646484,
    0.00011657523282337934,
    0.00018899113638326526,
    0.0002453456399962306,
    0.0002446494181640446,
    0.00011653054389171302,
    0.00018883348093368113,
    0.00010700464190449566,
    0.00021823926363140345,
    0.0001931161677930504,
    0.00015770847676321864,
    0.0001854932779679075,
    0.00012017619155813009,
    0.0001456323079764843,
    0.00021533059771172702,
    0.00017051953182090074,
    0.00013362517347559333,
    0.00033168215304613113,
    0.00011713529238477349,
    0.0002612657262943685,
    0.00011835833720397204,
    0.00023707220680080354,
    0.00020298318122513592,
    0.00013544630201067775,
    0.00025323941372334957,
    0.00016744673484936357,
    0.00012362201232463121,
    0.00014374977035913616,
    0.00019076078024227172,
    0.00015443869051523507,
    0.00020383481751196086,
    0.00017440129886381328,
    0.00015687645645812154,
    0.00011255723075009882,
    0.00017996200767811388,
    0.0001412215642631054,
    0.00022163517132867128,
    0.00011219165753573179,
    0.00020678645523730665,
    0.00011765366798499599,
    0.00012243000674061477,
    0.0001748236536514014,
    0.00012011267244815826,
    0.00015487922064494342,
    0.00020263077749405056,
    0.00012906597112305462,
    0.00012423412408679724,
    0.00015190785052254796,
    0.00011781776265706867,
    0.00012704094115179032,
    0.00010678404942154884,
    0.00010376330465078354,
    0.00011164833267685026,
    0.00017942141857929528,
    0.00020339204638730735,
    0.00012272573076188564,
    0.0001743101456668228,
    0.00012248443090356886,
    0.00013286017929203808,
    0.0001446851238142699,
    0.00012367297313176095,
    0.0001764407497830689,
    0.00012165153748355806,
    0.00013633530761580914,
    0.0001490327704232186,
    0.00014788465341553092,
    0.00015594760770909488,
    0.00014197353448253125,
    0.0001678580156294629,
    0.00011928874300792813,
    0.00011489434109535068,
    0.00013990417937748134,
    0.0001516399352112785,
    0.00010293554805684835,
    0.00011678185546770692,
    0.00011376754264347255,
    0.00011622066085692495,
    0.00011143634037580341,
    0.00011321791680529714,
    0.00015280954539775848,
    0.00012360929395072162,
    0.00010684822336770594,
    0.00011600078141782433,
    0.0001360931491944939,
    0.00010269945778418332,
    0.00013170059537515044,
    0.00011106463352916762,
    0.0001454689190723002,
    0.00015217461623251438,
    0.00011498817184474319,
    0.0001338029105681926,
    0.00021349145390558988,
    0.0001171682815765962,
    0.00014025575364939868,
    0.00010188662417931482,
    0.00010885996744036674,
    0.00012522563338279724,
    0.00011330006236676127,
    0.00011296329466858879,
    0.00011618748976616189,
    0.00014045278658159077,
    0.00010640383698046207,
    0.00014106635353527963,
    0.00013026842498220503,
    0.0001037481997627765,
    0.00015897228149697185,
    0.00010599351662676781,
    0.00010301504516974092,
    0.00013063322694506496,
    0.00013285450404509902,
    0.00011095605441369116,
    0.00012738737859763205,
    0.0001079204521374777,
    0.00011372186418157071,
    0.00012350505858194083,
    0.00010997139906976372,
    0.00013489800039678812,
    0.00013583744294010103,
    0.00010747724445536733,
    0.00013872455747332424,
    0.00010249541082885116,
    0.00010806761565618217,
    0.00010352322715334594,
    0.0001053996238624677,
    0.00011177345004398376,
    0.0001423362991772592,
    0.00010428136010887101,
    0.0001482373772887513,
    0.00010164250852540135,
    0.00010724666935857385,
    0.00010514685709495097,
    0.00010532345913816243,
    0.000161239571752958,
    0.0001565776183269918,
    0.00012132409028708935,
    0.00011924523278139532,
    0.00011042596452170983,
    0.00014045271382201463,
    0.00011016725329682231,
    0.0001051854997058399,
    0.0001325359771726653,
    0.0001251381472684443,
    0.00013397610746324062,
    0.00011303224164294079,
    0.00018089388322550803,
    0.0001063558374880813,
    0.00014022814866621047,
    0.00015244075621012598,
    0.00011382215598132461,
    0.0001199382750201039,
    0.00011571571667445824,
    0.00011858886136906222,
    0.0001670408237259835,
    0.00010731103975558653,
    0.0001577154325786978,
    0.00012994851567782462,
    0.00015588878886774182,
    0.00012082069588359445,
    0.00014556324458681047,
    0.00010978186037391424,
    0.00011044068378396332,
    0.0001366954093100503,
    0.00013322322047315538,
