{
  "version": "plots/_T_10_y0_0_1_network_architectures_4_50_activations_tanh_learning_rates_0_001_collocations_1024_epochs_50000_regularization_reg_derivative_unstable_fp_reg_epochs_1_reg_coeff_100000_reg_decay_1_/run_8",
  "seed": 1,
  "y0": 0.1,
  "T": 10,
  "N_col": 1024,
  "N_hidden": 4,
  "N_neurons": 50,
  "activation": "tanh",
  "N_epochs": 50000,
  "learning_rate": 0.001,
  "decay_rate": 1.0,
  "freq_log": 100,
  "freq_print": 1000,
  "keys_print": [
    "loss"
  ],
  "freq_save": 0,
  "regularization": "reg_derivative_unstable_fp",
  "reg_coeff": 100000,
  "reg_decay": 1,
  "reg_epochs": 1,
  "loss": [
    2.2421629428863525,
    0.027707966044545174,
    0.021060334518551826,
    0.017390435561537743,
    0.015411250293254852,
    0.018799996003508568,
    0.018863696604967117,
    0.017306692898273468,
    0.018463540822267532,
    0.01601254753768444,
    0.014938309788703918,
    0.017366595566272736,
    0.01940029487013817,
    0.018702175468206406,
    0.016371194273233414,
    0.018773891031742096,
    0.014069442637264729,
    0.017252031713724136,
    0.015707626938819885,
    0.017599031329154968,
    0.013463926501572132,
    0.014616172760725021,
    0.016286032274365425,
    0.015605024062097073,
    0.016345597803592682,
    0.014979541301727295,
    0.00967052485793829,
    0.00945880264043808,
    0.010154929012060165,
    0.012194984592497349,
    0.010642055422067642,
    0.010248261503875256,
    0.008983233943581581,
    0.00945866946130991,
    0.009438473731279373,
    0.007467746734619141,
    0.010759524069726467,
    0.008908076211810112,
    0.010076962411403656,
    0.008518987335264683,
    0.008970076218247414,
    0.009501723572611809,
    0.009082707576453686,
    0.00902214739471674,
    0.009050416760146618,
    0.008717509917914867,
    0.007469715550541878,
    0.009637855924665928,
    0.009247512556612492,
    0.008114144206047058,
    0.009021878242492676,
    0.008022782392799854,
    0.008784777484834194,
    0.008837224915623665,
    0.010237094014883041,
    0.009114687331020832,
    0.00878985971212387,
    0.008669331669807434,
    0.00972786732017994,
    0.009406298398971558,
    0.010891138575971127,
    0.007384954951703548,
    0.010028121061623096,
    0.008960157632827759,
    0.010181400924921036,
    0.007763265166431665,
    0.007628174498677254,
    0.0077743083238601685,
    0.010578677989542484,
    0.008619870990514755,
    0.008290953002870083,
    0.008374073542654514,
    0.007509948685765266,
    0.009921751916408539,
    0.008060014806687832,
    0.006974543444812298,
    0.010727735236287117,
    0.009595189243555069,
    0.008715398609638214,
    0.00926513783633709,
    0.01047563087195158,
    0.008249209262430668,
    0.007414801511913538,
    0.00828636810183525,
    0.009661984629929066,
    0.006899536121636629,
    0.009648023173213005,
    0.008958232589066029,
    0.007638758514076471,
    0.007472347002476454,
    0.00877979677170515,
    0.007398241199553013,
    0.0077782878652215,
    0.007239001803100109,
    0.009113842621445656,
    0.007950053550302982,
    0.009042060002684593,
    0.008464880287647247,
    0.009412466548383236,
    0.010082188993692398,
    0.00639782240614295,
    0.008114973083138466,
    0.008722318336367607,
    0.008411088027060032,
    0.0071100033819675446,
    0.009480291046202183,
    0.008674122393131256,
    0.007890655659139156,
    0.008128274232149124,
    0.009211511351168156,
    0.008583438582718372,
    0.06937332451343536,
    0.07824912667274475,
    0.045697107911109924,
    0.3779987394809723,
    0.1292150914669037,
    0.08270855247974396,
    0.0658431202173233,
    0.06918713450431824,
    0.06921746581792831,
    0.07132899761199951,
    0.05507827177643776,
    0.058618996292352676,
    0.05585313215851784,
    0.05025671795010567,
    0.06664764881134033,
    0.05537376180291176,
    0.05529731884598732,
    0.06322568655014038,
    0.04894305765628815,
    0.05736488103866577,
    0.041879236698150635,
    0.04039611667394638,
    0.052374131977558136,
    0.04290638118982315,
    0.04292508214712143,
    0.05304546654224396,
    0.05091450735926628,
    0.04693007841706276,
    0.043704017996788025,
    0.04929700866341591,
    0.035887353122234344,
    0.043563298881053925,
    0.039253152906894684,
    0.05451163649559021,
    0.04470682889223099,
    0.034955572336912155,
    0.036076828837394714,
    0.031487490981817245,
    0.04110655561089516,
    0.03295356407761574,
    0.03164291754364967,
    0.017739810049533844,
    0.029493115842342377,
    0.02418575808405876,
    0.02544199489057064,
    0.024998139590024948,
    0.028046710416674614,
    0.026006175205111504,
    0.02488265186548233,
    0.023704893887043,
    0.02107233554124832,
    0.02299542725086212,
    0.022864293307065964,
    0.021892204880714417,
    0.02025526575744152,
    0.01777375489473343,
    0.015891166403889656,
    0.015382100827991962,
    0.015490294434130192,
    0.014713532291352749,
    0.014351635240018368,
    0.013540232554078102,
    0.01385774277150631,
    0.012811439111828804,
    0.01184921432286501,
    0.010799401439726353,
    0.012243573553860188,
    0.009521693922579288,
    0.009903982281684875,
    0.011914302594959736,
    0.008763940073549747,
    0.009032709524035454,
    0.010655825957655907,
    0.011039712466299534,
    0.009476754814386368,
    0.007948796264827251,
    0.008080830797553062,
    0.009473086334764957,
    0.009638570249080658,
    0.011290452443063259,
    0.007568472996354103,
    0.0067146471701562405,
    0.008651383221149445,
    0.009263678453862667,
    0.007853689603507519,
    0.008343571797013283,
    0.00640150485560298,
    0.008746374398469925,
    0.008649734780192375,
    0.007412049453705549,
    0.009049694053828716,
    0.007637124974280596,
    0.009270359762012959,
    0.010073155164718628,
    0.00844685547053814,
    0.005977546330541372,
    0.009370340965688229,
    0.009331333450973034,
    0.008992296643555164,
    0.007433546707034111,
    0.009357903152704239,
    0.007625056896358728,
    0.006871810182929039,
    0.007377601228654385,
    0.006598663050681353,
    0.007295642979443073,
    0.010301558300852776,
    0.007918422110378742,
    0.008276776410639286,
    0.007903260178864002,
    0.007176762446761131,
    0.006912059150636196,
    0.0076972441747784615,
    0.00884364265948534,
    0.008630793541669846,
    0.009744128212332726,
    0.007556644733995199,
    0.009530970826745033,
    0.009757033549249172,
    0.007519757840782404,
    0.007877282798290253,
    0.008490018546581268,
    0.00953640416264534,
    0.007371255196630955,
    0.009937034919857979,
    0.00760527653619647,
    0.00881291925907135,
    0.009338755160570145,
    0.008518805727362633,
    0.008355584926903248,
    0.006753270514309406,
    0.0068399906158447266,
    0.007650911342352629,
    0.0069041382521390915,
    0.007837011478841305,
    0.007297337055206299,
    0.008386385627090931,
    0.006586719769984484,
    0.007315459661185741,
    0.008266044780611992,
    0.007811104878783226,
    0.0063090818002820015,
    0.007889862172305584,
    0.007528285495936871,
    0.00677770609036088,
    0.007469801232218742,
    0.00850818119943142,
    0.006128762848675251,
    0.0060617635026574135,
    0.008146809414029121,
    0.007997975684702396,
    0.006434265058487654,
    0.007307799998670816,
    0.00514192134141922,
    0.008397717960178852,
    0.010138139128684998,
    0.006851162761449814,
    0.008713672868907452,
    0.008982370607554913,
    0.008934445679187775,
    0.008768834173679352,
    0.008625490590929985,
    0.007290593348443508,
    0.008596987463533878,
    0.008908619172871113,
    0.00902421586215496,
    0.007362706121057272,
    0.01068171113729477,
    0.008712631650269032,
    0.007969824597239494,
    0.008734441362321377,
    0.008106493391096592,
    0.00969754159450531,
    0.006438598968088627,
    0.007038699463009834,
