{
  "version": "plots/_T_10_y0_0_001_network_architectures_4_50_activations_tanh_learning_rates_0_001_collocations_1024_epochs_50000_regularization_unstable_fp_reg_epochs_1_reg_coeff_10_reg_decay_1_/run_9",
  "seed": 1,
  "y0": 0.001,
  "T": 10,
  "N_col": 1024,
  "N_hidden": 4,
  "N_neurons": 50,
  "activation": "tanh",
  "N_epochs": 50000,
  "learning_rate": 0.001,
  "decay_rate": 1.0,
  "freq_log": 100,
  "freq_print": 1000,
  "keys_print": [
    "loss"
  ],
  "freq_save": 0,
  "regularization": "unstable_fp",
  "reg_coeff": 10,
  "reg_decay": 1,
  "reg_epochs": 1,
  "loss": [
    0.5914469957351685,
    0.0001127812938648276,
    1.2827539649151731e-05,
    1.0084261703013908e-05,
    1.006233742373297e-05,
    9.11715324036777e-06,
    1.832515226851683e-05,
    7.567798093077727e-06,
    1.289071860810509e-05,
    3.457966522546485e-05,
    1.667815013206564e-05,
    4.565795279631857e-06,
    9.29762336454587e-06,
    1.6805837731226347e-05,
    8.19291926745791e-06,
    1.8349910533288494e-05,
    7.410638772853417e-06,
    1.2014250387437642e-05,
    3.9388898585457355e-05,
    7.091444331308594e-06,
    0.0002050907933153212,
    7.391542112600291e-06,
    8.8719796622172e-05,
    1.1382074262655806e-05,
    8.660472303745337e-06,
    2.845535345841199e-05,
    2.5377856218256056e-05,
    9.157296153716743e-05,
    9.955094355973415e-06,
    7.787768845446408e-05,
    1.0644385838531889e-05,
    2.121586112480145e-05,
    8.516022717230953e-06,
    9.313956252299249e-05,
    0.0002792773302644491,
    1.437407627236098e-05,
    1.3478835171554238e-05,
    4.723031815956347e-05,
    2.844805749191437e-05,
    5.290865374263376e-05,
    5.751058415626176e-05,
    3.502772960928269e-05,
    1.5619378245901316e-05,
    2.8914615540998057e-05,
    0.00016743426385801286,
    1.360518581350334e-05,
    0.00029640275170095265,
    1.3665781807503663e-05,
    3.422514419071376e-05,
    0.00010196028597420081,
    3.914165063179098e-05,
    2.1802254195790738e-05,
    0.0006218264461494982,
    1.4806888430030085e-05,
    6.382517312886193e-05,
    9.459034117753617e-06,
    2.558527012297418e-05,
    1.1345491657266393e-05,
    1.538952528790105e-05,
    1.105504998122342e-05,
    1.5426867321366444e-05,
    2.466777186782565e-05,
    1.6883857824723236e-05,
    1.4037539585842751e-05,
    7.732385711278766e-06,
    1.6527830666746013e-05,
    3.7577432522084564e-05,
    2.402053723926656e-05,
    2.2230677132029086e-05,
    7.793696568114683e-06,
    1.9810857338597998e-05,
    9.210965799866244e-06,
    0.00011408311547711492,
    1.1069909305660985e-05,
    3.3067270123865455e-05,
    9.077972208615392e-06,
    1.790870192053262e-05,
    1.1472462574602105e-05,
    4.359028025646694e-05,
    2.3464051992050372e-05,
    1.0221212505712174e-05,
    9.567544111632742e-06,
    7.027290121186525e-05,
    2.149887222913094e-05,
    1.0511568689253181e-05,
    6.686268898192793e-05,
    1.544769838801585e-05,
    1.4245990314520895e-05,
    4.060360151925124e-05,
    9.349195170216262e-05,
    1.4969222320360132e-05,
    8.604038157500327e-06,
    2.9404023734969087e-05,
    2.619964288896881e-05,
    8.353925295523368e-06,
    8.145517313096207e-06,
    8.43553789309226e-06,
    5.692095783160767e-06,
    1.6029702237574384e-05,
    1.1894229828612879e-05,
    1.0751604349934496e-05,
    1.793954652384855e-05,
    8.349631571036298e-06,
    8.605906259617768e-06,
    8.517931746609975e-06,
    6.7414812292554416e-06,
    1.789616362657398e-05,
    2.447145016049035e-05,
    9.143179340753704e-06,
    8.536764653399587e-06,
    9.035553375724703e-06,
    8.24850212666206e-06,
    8.58489511301741e-06,
    8.583670023654122e-06,
    7.940845534903929e-06,
    1.1203262147319037e-05,
    8.546778190066107e-06,
    2.490811311872676e-06,
    7.480150998162571e-06,
    1.4804995771555696e-05,
    1.4640098015661351e-05,
    1.1253457159909885e-05,
    5.49185688214493e-06,
    2.095163108606357e-05,
    1.1055284630856477e-05,
    1.7469103113398887e-05,
    1.047395016939845e-05,
    9.917577699525282e-06,
    8.466417966701556e-06,
    8.452622751065064e-06,
    8.10942492535105e-06,
    8.00963334768312e-06,
    9.78460957412608e-06,
    8.708550012670457e-06,
    7.538483259850182e-06,
    7.7881650213385e-06,
    8.596328370913398e-06,
    8.910616088542156e-06,
    9.86795566859655e-06,
    9.275663614971563e-06,
    1.0488433872524183e-05,
    1.0905125236604363e-05,
    2.0651174054364674e-05,
    1.2881421753263567e-05,
    7.68819882068783e-06,
    8.770090971665923e-06,
    5.14658386236988e-05,
    8.454423550574575e-06,
    8.76937156135682e-06,
    8.512353815604001e-06,
    8.565225471102167e-06,
    8.578430424677208e-06,
    9.115035936702043e-06,
    8.794034329184797e-06,
    8.899556632968597e-06,
    8.971008355729282e-06,
    8.394807082368061e-06,
    8.678770427650306e-06,
    8.520788469468243e-06,
    8.528621037839912e-06,
    8.328175681526773e-06,
    9.001711077871732e-06,
    8.814316970529035e-06,
    8.833789252093993e-06,
    8.558665285818279e-06,
    7.889584594522603e-06,
    8.260682079708204e-06,
    8.402749699598644e-06,
    2.254513674415648e-05,
    8.008859367691912e-06,
    3.473231572570512e-06,
    7.073901997500798e-06,
    3.7323636206565425e-05,
    1.2167255590611603e-05,
    1.7017771369864931e-06,
    3.829991692327894e-05,
    7.555412594228983e-06,
    7.792742508172523e-06,
    7.412519607896684e-06,
    6.278801265580114e-06,
    6.336320439004339e-06,
    6.925930847501149e-06,
    5.999024324410129e-06,
    8.021332178032026e-06,
    6.4150603975576814e-06,
    6.906308044563048e-06,
    6.596563252969645e-06,
    6.650278919551056e-06,
    6.955606295377947e-06,
    9.46355976338964e-06,
    1.0079125786432996e-05,
    1.3681281416211277e-05,
    7.037448995106388e-06,
    1.4557631402567495e-05,
    3.975058643845841e-05,
    2.303775181644596e-05,
    9.427448276255745e-06,
    7.633173481735867e-06,
    6.39981362837716e-06,
    1.019091359921731e-05,
    8.807859558146447e-06,
    7.863839527999517e-06,
    6.529335223603994e-06,
    8.241595423896797e-06,
    8.55386406328762e-06,
    8.974222510005347e-06,
    9.94552465272136e-06,
    8.624168003734667e-06,
    8.145128049363848e-06,
    8.851253369357437e-06,
    9.642692020861432e-06,
    7.93555227573961e-06,
    7.981687303981744e-06,
    9.0680750872707e-06,
    7.767621355014853e-06,
    7.999047738849185e-06,
    0.00011440882371971384,
    9.203734407492448e-06,
    2.4218714315793477e-05,
    9.239774044544902e-06,
    8.398143108934164e-06,
    9.126575605478138e-06,
    1.0870289770537056e-05,
    1.2403774235281162e-05,
    7.477709004888311e-06,
    1.86980287253391e-05,
    6.27208919468103e-06,
    1.831869849411305e-05,
    1.5808817579454626e-06,
    1.155167592514772e-05,
    1.4017288094692049e-06,
    7.125705906219082e-06,
    1.2726404747809283e-05,
    3.5401103559706826e-06,
    7.045115580694983e-06,
    5.610068001260515e-06,
    5.999929271638393e-06,
    5.861361842107726e-06,
    5.5224986681423616e-06,
    5.810787115478888e-06,
    6.987594588281354e-06,
    6.050700903870165e-06,
    6.630244570260402e-06,
    5.932539806963177e-06,
    5.768318715126952e-06,
    5.582323410635581e-06,
    6.560315341630485e-06,
    6.545948053826578e-06,
    9.072660759557039e-06,
    8.346761205757502e-06,
    6.3060992943064775e-06,
    5.621555374091258e-06,
    6.920797659404343e-06,
    6.22955212747911e-06,
    6.992422186158365e-06,
    5.9894828154938295e-06,
    5.757699909736402e-06,
    5.323353434505407e-06,
    6.281898549787002e-06,
    6.674606083834078e-06,
    5.280147433950333e-06,
    1.3010896509513259e-05,
    5.44319482287392e-06,
    1.250071272806963e-05,
    9.0740259111044e-06,
    7.0236919782473706e-06,
    6.301624125626404e-06,
    6.6513375713839196e-06,
    5.568222150031943e-06,
    6.0414640756789595e-06,
    3.843186732410686e-06,
    7.965419172251131e-06,
    7.11330585545511e-06,
