{
  "version": "model_weights/_T_7_5_y0_0_001_network_architectures_4_50_activations_tanh_learning_rates_0_001_collocations_1024_epochs_50000_reg_epochs_1_0_reg_coeff_1_reg_decay_1_/run_2",
  "seed": 1,
  "y0": 0.001,
  "T": 7.5,
  "N_col": 1024,
  "N_hidden": 4,
  "N_neurons": 50,
  "activation": "tanh",
  "N_epochs": 50000,
  "learning_rate": 0.001,
  "decay_rate": 1.0,
  "freq_log": 100,
  "freq_print": 1000,
  "keys_print": [
    "loss"
  ],
  "freq_save": 0,
  "reg_coeff": 1,
  "reg_decay": 1,
  "reg_epochs": 1.0,
  "loss": [
    0.16095444560050964,
    0.03897543624043465,
    0.03578254580497742,
    0.03505002707242966,
    0.03306485712528229,
    0.036375027149915695,
    0.036083485931158066,
    0.03543882444500923,
    0.036111980676651,
    0.0340699702501297,
    0.031165074557065964,
    0.03892218694090843,
    0.03798331320285797,
    0.03976874798536301,
    0.03634687513113022,
    0.03889545053243637,
    0.03158438950777054,
    0.03900059312582016,
    0.03360786288976669,
    0.03557487204670906,
    0.03465228155255318,
    0.034102801233530045,
    0.0348954014480114,
    0.0374949648976326,
    0.03578417748212814,
    0.035118911415338516,
    0.033915720880031586,
    0.034269094467163086,
    0.03322964161634445,
    0.0384339839220047,
    0.035726360976696014,
    0.03683774173259735,
    0.033507090061903,
    0.03355736657977104,
    0.03524213284254074,
    0.03415950760245323,
    0.036012083292007446,
    0.03657497838139534,
    0.03773968666791916,
    0.031282465904951096,
    0.03457074984908104,
    0.037444889545440674,
    0.03618120402097702,
    0.03445854038000107,
    0.03434212505817413,
    0.03536286950111389,
    0.03215253725647926,
    0.03388972580432892,
    0.03557543829083443,
    0.03493817150592804,
    0.036197397857904434,
    0.03303256630897522,
    0.03742905706167221,
    0.03651253506541252,
    0.03765593841671944,
    0.03410698473453522,
    0.03587646409869194,
    0.032025862485170364,
    0.03790096193552017,
    0.03539975732564926,
    0.034390293061733246,
    0.034004926681518555,
    0.037144411355257034,
    0.034283485263586044,
    0.03708526864647865,
    0.034797996282577515,
    0.03548244386911392,
    0.03467859327793121,
    0.03691854700446129,
    0.034382715821266174,
    0.036056578159332275,
    0.0350622721016407,
    0.034747421741485596,
    0.03906659036874771,
    0.03452344238758087,
    0.0323747955262661,
    0.037846628576517105,
    0.03743869438767433,
    0.03683171048760414,
    0.036251891404390335,
    0.03640277683734894,
    0.03611025959253311,
    0.03391453996300697,
    0.035442255437374115,
    0.03551030158996582,
    0.0337890088558197,
    0.03685488551855087,
    0.03680560737848282,
    0.03440852090716362,
    0.03313508257269859,
    0.035935260355472565,
    0.030135253444314003,
    0.03426555544137955,
    0.03234348073601723,
    0.03426511213183403,
    0.03403782844543457,
    0.034303754568099976,
    0.033778123557567596,
    0.03751128539443016,
    0.03675686940550804,
    0.03238152712583542,
    0.03298836946487427,
    0.03589703142642975,
    0.03382762521505356,
    0.03396299481391907,
    0.04051470384001732,
    0.03212735056877136,
    0.03574271500110626,
    0.036301035434007645,
    0.035436421632766724,
    0.035490140318870544,
    0.03364406153559685,
    0.03634818270802498,
    0.0343058742582798,
    0.033710237592458725,
    0.036135781556367874,
    0.033945582807064056,
    0.03373014181852341,
    0.03394077345728874,
    0.03707977011799812,
    0.03785795345902443,
    0.03731006011366844,
    0.03565981611609459,
    0.03339910879731178,
    0.03300856053829193,
    0.03810671344399452,
    0.0348932147026062,
    0.03665229678153992,
    0.035822346806526184,
    0.03597429394721985,
    0.03399680554866791,
    0.03197966143488884,
    0.03207940235733986,
    0.03316664695739746,
    0.03282970190048218,
    0.0354122593998909,
    0.03770383819937706,
    0.033242370933294296,
    0.034881286323070526,
    0.03493918478488922,
    0.03342139720916748,
    0.03301854804158211,
    0.036355484277009964,
    0.03503146022558212,
    0.03856779634952545,
    0.03409586474299431,
    0.03323884308338165,
    0.034296903759241104,
    0.03287646174430847,
    0.03598140925168991,
    0.03514428436756134,
    0.03470757603645325,
    0.02773078717291355,
    0.03520745038986206,
    0.031118828803300858,
    0.03452412039041519,
    0.034317322075366974,
    0.0355958566069603,
    0.03445685654878616,
    0.033721547573804855,
    0.035613417625427246,
    0.03411581367254257,
    0.03377094492316246,
    0.035825103521347046,
    0.035533588379621506,
    0.03446055203676224,
    0.03529016673564911,
    0.032418496906757355,
    0.03417744114995003,
    0.034162286669015884,
    0.03362324461340904,
    0.03551240265369415,
    0.03506132587790489,
    0.0356072299182415,
    0.033711567521095276,
    0.0337376594543457,
    0.03436654433608055,
    0.0366322360932827,
    0.03251340985298157,
    0.03513351455330849,
    0.03808140009641647,
    0.03255258500576019,
    0.03376227617263794,
    0.037050388753414154,
    0.03699148818850517,
    0.0361504964530468,
    0.034214865416288376,
    0.03507446497678757,
    0.03605709224939346,
    0.036430586129426956,
    0.03957835212349892,
    0.03207210823893547,
    0.032303959131240845,
    0.035870641469955444,
    0.03755104914307594,
    0.03433675318956375,
    0.03636115789413452,
    0.036202460527420044,
    0.03536033257842064,
    0.03594011068344116,
    0.03350977599620819,
    0.035842522978782654,
    0.0357394702732563,
    0.03748296946287155,
    0.03684700280427933,
    0.03675414249300957,
    0.03227691724896431,
    0.037245973944664,
    0.03646387159824371,
    0.036016128957271576,
    0.03443906456232071,
    0.03732677549123764,
    0.03409051150083542,
    0.03282308578491211,
    0.035660549998283386,
    0.032448336482048035,
    0.03491540625691414,
    0.03773199021816254,
    0.0351649671792984,
    0.03384772688150406,
    0.03723844140768051,
    0.03534552454948425,
    0.03505021706223488,
    0.037379778921604156,
    0.03723268210887909,
    0.03614916652441025,
    0.034899089485406876,
    0.03437468409538269,
    0.03786362707614899,
    0.04018830135464668,
    0.03528391197323799,
    0.03412484750151634,
    0.034732386469841,
    0.03909405320882797,
    0.033802784979343414,
    0.04040147364139557,
    0.03372155502438545,
    0.03408374637365341,
    0.03809548169374466,
    0.038026414811611176,
    0.03464575484395027,
    0.03234458714723587,
    0.03439106419682503,
    0.03542656823992729,
    0.03403986245393753,
    0.034450918436050415,
    0.032601989805698395,
    0.03685036301612854,
    0.03397909179329872,
    0.036292485892772675,
    0.03518190607428551,
    0.034284550696611404,
    0.03331875056028366,
    0.03575165569782257,
    0.033523641526699066,
    0.03348220884799957,
    0.03474225103855133,
    0.03581083193421364,
    0.03175198286771774,
    0.031859852373600006,
    0.03515004366636276,
    0.03470400720834732,
    0.03370606526732445,
    0.03581487759947777,
    0.0326005220413208,
    0.03637555614113808,
    0.03695113956928253,
    0.034093670547008514,
    0.034979987889528275,
    0.038274332880973816,
    0.03755700960755348,
    0.03711005300283432,
    0.035173557698726654,
    0.0328817255795002,
    0.038490861654281616,
    0.0365152433514595,
    0.038178957998752594,
    0.033405378460884094,
    0.03851493448019028,
    0.03607570752501488,
    0.034736186265945435,
    0.03670281171798706,
    0.03540806099772453,
    0.036618880927562714,
    0.033463254570961,
    0.03396681323647499,
    0.03228658065199852,
    0.035614192485809326,
    0.03212650120258331,
    0.03501071780920029,
    0.03532007336616516,
    0.034798335283994675,
    0.03390667214989662,
    0.03359023481607437,
    0.03598060831427574,
    0.03458866477012634,
