{
  "version": "plots/_T_7_5_y0_0_001_network_architectures_4_50_activations_tanh_learning_rates_0_001_collocations_1024_epochs_50000_regularization_reg_derivative_unstable_fp_reg_epochs_1_reg_coeff_0_01_reg_decay_1_/run_3",
  "seed": 1,
  "y0": 0.001,
  "T": 7.5,
  "N_col": 1024,
  "N_hidden": 4,
  "N_neurons": 50,
  "activation": "tanh",
  "N_epochs": 50000,
  "learning_rate": 0.001,
  "decay_rate": 1.0,
  "freq_log": 100,
  "freq_print": 1000,
  "keys_print": [
    "loss"
  ],
  "freq_save": 0,
  "regularization": "reg_derivative_unstable_fp",
  "reg_coeff": 0.01,
  "reg_decay": 1,
  "reg_epochs": 1,
  "loss": [
    0.08167758584022522,
    0.010001927614212036,
    0.010000533424317837,
    0.010000345297157764,
    0.010000296868383884,
    0.01000030804425478,
    0.010000304318964481,
    0.010000303387641907,
    0.010000282898545265,
    0.010000276379287243,
    0.01000023353844881,
    0.010000314563512802,
    0.010000297799706459,
    0.010000324808061123,
    0.010000291280448437,
    0.010000317357480526,
    0.010000239126384258,
    0.010000325739383698,
    0.0100002596154809,
    0.010000272653996944,
    0.010001294314861298,
    0.010000468231737614,
    0.010000267066061497,
    0.010000287555158138,
    0.010049961507320404,
    0.010000395588576794,
    0.010000253096222878,
    0.01000193227082491,
    0.01000039093196392,
    0.010000309906899929,
    0.010000270791351795,
    0.010000317357480526,
    0.010000630281865597,
    0.010000252164900303,
    0.010000308975577354,
    0.010026819072663784,
    0.010000282898545265,
    0.010000424459576607,
    0.01000030618160963,
    0.010000234469771385,
    0.010000334121286869,
    0.010000827722251415,
    0.010002827271819115,
    0.010000258684158325,
    0.010000424459576607,
    0.01000522542744875,
    0.01000024750828743,
    0.010127602145075798,
    0.010000270791351795,
    0.010000267997384071,
    0.010000307112932205,
    0.010000255890190601,
    0.010000455193221569,
    0.010000273585319519,
    0.010000290349125862,
    0.01000029407441616,
    0.010000336915254593,
    0.010000249370932579,
    0.01000029593706131,
    0.010000395588576794,
    0.010000322014093399,
    0.010000276379287243,
    0.010002353228628635,
    0.010000333189964294,
    0.010001931339502335,
    0.010001392103731632,
    0.01000030618160963,
    0.010000290349125862,
    0.01000318955630064,
    0.010000258684158325,
    0.01000063307583332,
    0.010000270791351795,
    0.010000253096222878,
    0.010000384412705898,
    0.010004487819969654,
    0.010000240057706833,
    0.010000309906899929,
    0.010000424459576607,
    0.010000293143093586,
    0.010024222545325756,
    0.010000280104577541,
    0.010000274516642094,
    0.010002166964113712,
    0.01000027172267437,
    0.010000272653996944,
    0.010000627487897873,
    0.010000736452639103,
    0.010000278241932392,
    0.010000280104577541,
    0.010000321082770824,
    0.010000274516642094,
    0.010000995360314846,
    0.01000027172267437,
    0.010000794194638729,
    0.010000267066061497,
    0.010000644251704216,
    0.010000472888350487,
    0.010000461712479591,
    0.010000484064221382,
    0.010000282898545265,
    0.010000227950513363,
    0.010000246576964855,
    0.010000274516642094,
    0.010000255890190601,
    0.010000250302255154,
    0.010000313632190228,
    0.010000243782997131,
    0.010000265203416348,
    0.010000268928706646,
    0.010000267066061497,
    0.01000026986002922,
    0.010000262409448624,
    0.010000274516642094,
    0.010000258684158325,
    0.010000241920351982,
    0.010000277310609818,
    0.010000249370932579,
    0.010000251233577728,
    0.010000253096222878,
    0.010000284761190414,
    0.010000291280448437,
    0.010000278241932392,
    0.010000262409448624,
    0.010000243782997131,
    0.010000238195061684,
    0.010000297799706459,
    0.010000261478126049,
    0.010000276379287243,
    0.010000272653996944,
    0.010000266134738922,
    0.010000249370932579,
    0.010000227019190788,
    0.010000226087868214,
    0.010000244714319706,
    0.010000234469771385,
    0.010000254027545452,
    0.010000293143093586,
    0.010000244714319706,
    0.0100002596154809,
    0.010000261478126049,
    0.010000252164900303,
    0.010000251233577728,
    0.010000274516642094,
    0.010000246576964855,
    0.010000303387641907,
    0.010000267066061497,
    0.010000243782997131,
    0.0100002596154809,
    0.010000239126384258,
    0.010000279173254967,
    0.010000260546803474,
    0.010000272653996944,
    0.010000183247029781,
    0.010000282898545265,
    0.010000232607126236,
    0.010000265203416348,
    0.01000028196722269,
    0.010000322014093399,
    0.010000277310609818,
    0.010000278241932392,
    0.010000274516642094,
    0.01000027172267437,
    0.01000027172267437,
    0.010000278241932392,
    0.010000279173254967,
    0.010000264272093773,
    0.010000290349125862,
    0.010000345297157764,
    0.010000301524996758,
    0.010000444948673248,
    0.010000329464673996,
    0.010000275447964668,
    0.010000264272093773,
    0.010000334121286869,
    0.010000266134738922,
    0.010000278241932392,
    0.010000272653996944,
    0.010000298731029034,
    0.01000036858022213,
    0.010000310838222504,
    0.010000359266996384,
    0.010000246576964855,
    0.01000029593706131,
    0.010000297799706459,
    0.010000293143093586,
    0.010000291280448437,
    0.010000481270253658,
    0.0100002596154809,
    0.01000028196722269,
    0.010000398382544518,
    0.010000350885093212,
    0.010000636801123619,
    0.01000023353844881,
    0.010000278241932392,
    0.010000302456319332,
    0.010000295005738735,
    0.010000289417803288,
    0.010066649876534939,
    0.010000322945415974,
    0.010000302456319332,
    0.010000272653996944,
    0.01000029593706131,
    0.010000300593674183,
    0.010000305250287056,
    0.010000292211771011,
    0.010000286623835564,
    0.010000246576964855,
    0.010000296868383884,
    0.010000287555158138,
    0.010000287555158138,
    0.010000267066061497,
    0.010000301524996758,
    0.010000256821513176,
    0.010000252164900303,
    0.010000272653996944,
    0.010000249370932579,
    0.01000027172267437,
    0.010000305250287056,
    0.010000272653996944,
    0.010000260546803474,
    0.01000028382986784,
    0.010000267997384071,
    0.010000268928706646,
    0.010000293143093586,
    0.010000290349125862,
    0.010000279173254967,
    0.010000275447964668,
    0.010000258684158325,
    0.010000297799706459,
    0.010000322945415974,
    0.010000260546803474,
    0.010000261478126049,
    0.010000267066061497,
    0.010000311769545078,
    0.010000248439610004,
    0.010000327602028847,
    0.010000253096222878,
    0.010000261478126049,
    0.010000302456319332,
    0.010000299662351608,
    0.010000287555158138,
    0.010000240057706833,
    0.010000260546803474,
    0.010000267066061497,
    0.010000261478126049,
    0.010000265203416348,
    0.01000025775283575,
    0.010000293143093586,
    0.010000345297157764,
    0.010000293143093586,
    0.010000317357480526,
    0.010000264272093773,
    0.01000024750828743,
    0.010000274516642094,
    0.010000272653996944,
    0.010000254958868027,
    0.01000041514635086,
    0.01000029407441616,
    0.010000267997384071,
    0.010000263340771198,
    0.010000383481383324,
    0.010000437498092651,
    0.010000348091125488,
    0.01000027172267437,
    0.010000251233577728,
    0.010000284761190414,
    0.010000299662351608,
    0.010000268928706646,
    0.01000047568231821,
    0.010000377893447876,
    0.010000430978834629,
    0.01000028196722269,
    0.010000277310609818,
    0.010000334121286869,
    0.010000411421060562,
    0.010000325739383698,
    0.010000424459576607,
    0.010000349022448063,
    0.010000369511544704,
    0.010000292211771011,
    0.01000033039599657,
    0.010000309906899929,
    0.010000279173254967,
    0.010000300593674183,
    0.010000262409448624,
