{
  "version": "plots/_T_7_5_y0_0_1_network_architectures_4_50_activations_tanh_learning_rates_0_001_collocations_1024_epochs_50000_regularization_unstable_fp_reg_epochs_1_reg_coeff_1_reg_decay_1_/run_4",
  "seed": 1,
  "y0": 0.1,
  "T": 7.5,
  "N_col": 1024,
  "N_hidden": 4,
  "N_neurons": 50,
  "activation": "tanh",
  "N_epochs": 50000,
  "learning_rate": 0.001,
  "decay_rate": 1.0,
  "freq_log": 100,
  "freq_print": 1000,
  "keys_print": [
    "loss"
  ],
  "freq_save": 0,
  "regularization": "unstable_fp",
  "reg_coeff": 1,
  "reg_decay": 1,
  "reg_epochs": 1,
  "loss": [
    0.027661288157105446,
    0.017472870647907257,
    0.018239300698041916,
    0.017125355079770088,
    0.016268450766801834,
    0.016032207757234573,
    0.018642427399754524,
    0.015888027846813202,
    0.017576854676008224,
    0.01747758314013481,
    0.0178232304751873,
    0.0166449174284935,
    0.016093550249934196,
    0.016428984701633453,
    0.016428442671895027,
    0.018628695979714394,
    0.017597954720258713,
    0.016389500349760056,
    0.015048259869217873,
    0.015234509482979774,
    0.014395222999155521,
    0.014599364250898361,
    0.013455712236464024,
    0.013040066696703434,
    0.011949170380830765,
    0.04570905119180679,
    0.006793387234210968,
    0.000240078050410375,
    2.8391426894813776e-05,
    9.061743185156956e-06,
    2.9563962016254663e-06,
    2.6070006242662203e-06,
    1.8914325892183115e-06,
    2.090825773848337e-06,
    2.919945472967811e-06,
    2.4435271370748524e-06,
    6.6320403675490525e-06,
    3.823552106041461e-06,
    3.9565999031765386e-05,
    2.844524260581238e-06,
    0.00012032400991301984,
    1.0775487453429378e-06,
    3.242284947191365e-06,
    1.1512240234878846e-05,
    1.1323194257784053e-06,
    0.00023867776326369494,
    7.770120760142163e-07,
    1.0016492524300702e-06,
    0.00028989347629249096,
    6.314066354207171e-07,
    1.1353467925800942e-06,
    2.626022705953801e-06,
    5.827456334372982e-06,
    7.080183195284917e-07,
    5.428641998150852e-07,
    4.080227995473251e-07,
    5.612952918454539e-06,
    4.903354238194879e-07,
    3.136029772576876e-05,
    2.0712626792374067e-05,
    4.164720621702145e-07,
    2.160210715373978e-05,
    7.936925976537168e-05,
    6.20031187281711e-06,
    0.0006082702893763781,
    9.667364793131128e-07,
    1.1597467164392583e-06,
    0.00016142052481882274,
    2.511648915515252e-07,
    5.125005554873496e-05,
    0.00016293939552269876,
    3.71208898286568e-07,
    6.210757419466972e-06,
    3.647011794782884e-07,
    5.402834631240694e-06,
    6.278165528783575e-06,
    3.896375631029514e-07,
    4.801436261914205e-07,
    9.347763261757791e-05,
    2.6531051844358444e-07,
    2.8189231215947075e-07,
    0.0002440952230244875,
    5.511323979590088e-05,
    0.0002211644605267793,
    1.7609172573429532e-06,
    3.882034434354864e-05,
    2.5790802737901686e-07,
    3.518756841458526e-07,
    3.1637053325539455e-05,
    2.581593321338005e-07,
    0.0006440862198360264,
    2.9661953249160433e-07,
    4.2934837551911187e-07,
    3.391507163996721e-07,
    1.3536159713112283e-06,
    1.1589059795369394e-05,
    0.00011778630141634494,
    8.004836899999646e-07,
    3.892112090397859e-07,
    3.389972107470385e-07,
    2.631693405419355e-07,
    1.5935276678646915e-05,
    4.541500970844936e-07,
    7.442298738169484e-06,
    4.306003802412306e-07,
    6.018064959789626e-05,
    1.5110244930838235e-06,
    0.00011996773537248373,
    6.44199189991923e-07,
    2.792904979287414e-06,
    0.00010347709758207202,
    1.3992407730256673e-06,
    2.4658438633196056e-06,
    5.498612154042348e-06,
    6.997855734880432e-07,
    2.579689407866681e-06,
    1.1230273230466992e-05,
    2.0637976376747247e-06,
    3.909783117705956e-05,
    3.6001686112285824e-06,
    7.588863581986516e-07,
    1.4053039194550365e-06,
    3.9968534792933497e-07,
    1.1275052429482457e-06,
    5.970505867480824e-07,
    1.5043236771816737e-06,
    3.217328412574716e-06,
    0.00021465730969794095,
    4.135525273341045e-07,
    1.9302538021293003e-06,
    3.4494223655201495e-06,
    6.02499369506404e-07,
    5.529578174900962e-06,
    6.205230533851136e-07,
    3.277500582044013e-05,
    2.7957054271610104e-07,
    3.304820097582706e-07,
    6.631981250393437e-06,
    2.474646407790715e-06,
    1.0349500371376052e-05,
    0.00038223282899707556,
    3.6387197610565636e-07,
    8.660681487526745e-07,
    9.092253094422631e-06,
    1.3078363281238126e-06,
    0.00011214090773137286,
    2.420207465547719e-07,
    2.152377476249967e-07,
    2.0024448588173982e-07,
    2.5349987708978006e-07,
    2.350841896259226e-06,
    2.2612971406488214e-06,
    4.5001897319707496e-07,
    7.171183824539185e-05,
    1.5823265187009383e-07,
    0.00011123759031761438,
    3.810978057572356e-07,
    0.00013862361083738506,
    2.836370640579844e-07,
    1.8263308447785676e-06,
    0.00011785898823291063,
    6.582138212252175e-07,
    3.426986950216815e-06,
    6.359292910929071e-06,
    4.0808734524944157e-07,
    2.7167309326614486e-06,
    1.0122626292741188e-07,
    2.635497594383196e-06,
    0.0001946057309396565,
    3.908413077624573e-07,
    1.83953972054951e-07,
    0.00010698642290662974,
    2.1951270809950074e-06,
    8.44416626932798e-06,
    2.915032155215158e-06,
    1.2641230568988249e-05,
    1.5288964050341747e-07,
    0.00498077692463994,
    2.4346047212020494e-05,
    1.1974090739386156e-05,
    6.701258371322183e-06,
    3.7216786950011738e-06,
    2.7128182864544215e-06,
    1.9449905721558025e-06,
    1.4968201185183716e-06,
    1.1810502655862365e-06,
    8.737887355891871e-07,
    8.096729402495839e-07,
    8.013078627300274e-07,
    6.858462597847392e-07,
    8.037454790610354e-07,
    4.48087916993245e-07,
    4.157162152296223e-07,
    3.5371749618207105e-07,
    3.749096038063726e-07,
    3.0996562827567686e-07,
    3.5574865364651487e-07,
    6.212105745362351e-07,
    1.1480212833703263e-06,
    2.1853893485968e-05,
    2.8062714818588574e-07,
    1.3315486739884363e-06,
    5.118266130921256e-07,
    2.8332874535408337e-07,
    5.276733645587228e-07,
    2.2947315869714657e-07,
    3.3609762795094866e-07,
    2.3095263657069154e-07,
    2.089024206952672e-07,
    2.830422545230249e-06,
    1.740763764246367e-07,
    1.5283646348507318e-07,
    4.7733924475323875e-06,
    1.9198827772015647e-07,
    1.6214350750942685e-07,
    1.4365068068400433e-07,
    1.286536388533932e-07,
    1.1635820555966347e-06,
    1.5501609595958143e-07,
    0.00013482943177223206,
    1.887312777171246e-07,
    1.1633689211976161e-07,
    2.802802100632107e-06,
    1.0007195783146017e-07,
    0.00014301901683211327,
    1.4975442752529489e-07,
    1.3938603160568164e-07,
    9.79315359472821e-07,
    1.3531254694498784e-07,
    1.0096592006902938e-07,
    4.034111043438315e-06,
    9.609480144945337e-08,
    1.024730590870604e-05,
    8.75130297117721e-08,
    1.4604750049329596e-06,
    1.3255800013212138e-07,
    5.0738861318677664e-05,
    1.307151649143634e-07,
    8.821554365567863e-05,
    5.504826106061955e-08,
    2.016172118146642e-07,
    7.451465080521302e-07,
    5.735274299922821e-08,
    1.5874860537223867e-07,
    7.580949386465363e-06,
    4.623482752208474e-08,
    3.8089662979245986e-08,
    1.7111452166318486e-07,
    5.740822643929278e-07,
    2.251337264169706e-06,
    7.185904848938662e-08,
    3.008629505529825e-07,
    1.203568160690338e-07,
    1.960603185580112e-05,
    4.574275180857512e-07,
    1.8357428643867024e-07,
    3.3997270776353616e-08,
    7.876946028773091e-08,
    2.0650578846925782e-07,
    9.294551091443282e-06,
    2.5628740019101315e-08,
    7.480069541543344e-08,
    7.75424086896237e-06,
    1.5504119801335037e-05,
    1.7637185578678327e-07,
    5.424548726296052e-05,
    2.0531258471123692e-08,
    1.5040720668935137e-08,
    3.529639229782333e-07,
    1.5458206803486974e-07,
    2.5244965229376248e-08,
    5.025663995184004e-06,
