{
  "version": "plots/_T_7_5_y0_0_01_network_architectures_4_50_activations_tanh_learning_rates_0_001_collocations_1024_epochs_50000_regularization_unstable_fp_reg_epochs_1_reg_coeff_10_reg_decay_1_/run_1",
  "seed": 1,
  "y0": 0.01,
  "T": 7.5,
  "N_col": 1024,
  "N_hidden": 4,
  "N_neurons": 50,
  "activation": "tanh",
  "N_epochs": 50000,
  "learning_rate": 0.001,
  "decay_rate": 1.0,
  "freq_log": 100,
  "freq_print": 1000,
  "keys_print": [
    "loss"
  ],
  "freq_save": 0,
  "regularization": "unstable_fp",
  "reg_coeff": 10,
  "reg_decay": 1,
  "reg_epochs": 1,
  "loss": [
    0.07300356030464172,
    0.0007023728685453534,
    0.0008411339367739856,
    0.0007878732867538929,
    0.0006204798701219261,
    0.003280329518020153,
    0.0009994969004765153,
    0.0009622793877497315,
    0.0007105121039785445,
    0.0006122093182057142,
    0.002230163663625717,
    0.0009857956320047379,
    0.0007911812281236053,
    0.0004082229861523956,
    0.0012030963553115726,
    0.0008559494744986296,
    0.0008990863570943475,
    0.0009105901699513197,
    0.0008764142403379083,
    0.0009057441493496299,
    0.0008909357129596174,
    0.0009464244940318167,
    0.0009516826830804348,
    0.0009013364324346185,
    0.0008467616862617433,
    0.00086980004562065,
    0.0009224428213201463,
    0.0008731468697078526,
    0.0009024938917718828,
    0.0008708231616765261,
    0.0011446995195001364,
    0.0009110217797569931,
    0.0009273841278627515,
    0.0008575826650485396,
    0.0010610768804326653,
    0.002100761281326413,
    0.0006509875529445708,
    0.0005513601936399937,
    0.00057944719446823,
    0.0005697840824723244,
    0.0009202745277434587,
    0.0005356103647500277,
    0.0008617553394287825,
    0.0005593675887212157,
    0.0005880124517716467,
    0.0006591303972527385,
    0.000609621056355536,
    0.0005500210099853575,
    0.0005815699696540833,
    0.0005235554417595267,
    0.0006310133030638099,
    0.0005385011900216341,
    0.0004663225554395467,
    0.0004915427998639643,
    0.0006093014380894601,
    0.0005479813553392887,
    0.0004962749080732465,
    0.0005811749142594635,
    0.0005944017320871353,
    0.000371504487702623,
    0.0013774691615253687,
    0.0006157020106911659,
    0.00019608194997999817,
    0.0001931006263475865,
    0.00018318285583518445,
    0.00018747695139609277,
    0.00012318644439801574,
    0.00014806739636696875,
    0.00027470701024867594,
    0.000739473442081362,
    0.0011753072030842304,
    0.0024584298953413963,
    0.0016216980293393135,
    0.0007268014596775174,
    0.0006314187194220722,
    0.0018613878637552261,
    0.0008441373938694596,
    0.000729182967916131,
    0.000587955757509917,
    0.0006575799779966474,
    0.0005662069306708872,
    0.0005309730186127126,
    0.00043156559695489705,
    0.0009094207780435681,
    0.0005398527719080448,
    0.00048329218407161534,
    0.0005114846280775964,
    0.0005084563163109124,
    0.0004827837401535362,
    0.00039663680945523083,
    0.0005104647134430707,
    0.00036734092282131314,
    0.0005470215110108256,
    0.0004623226122930646,
    0.00045172791578806937,
    0.0003950835671275854,
    0.0004763979814015329,
    0.0016236391384154558,
    0.0007690303027629852,
    0.0004212187195662409,
    0.0004454299923963845,
    0.00042237137677147985,
    0.0004407151718623936,
    0.00045745394891127944,
    0.0005483216955326498,
    0.0005115304375067353,
    0.0008318238542415202,
    0.0005568899214267731,
    0.0006074734264984727,
    0.0005510409246198833,
    0.000572602148167789,
    0.0005090073100291193,
    0.0005417728098109365,
    0.000540684093721211,
    0.0005754927406087518,
    0.0005326226819306612,
    0.0005304098594933748,
    0.0006471489323303103,
    0.0006005649920552969,
    0.0005578399868682027,
    0.0005151733639650047,
    0.0005329066189005971,
    0.0007761307060718536,
    0.0005634458502754569,
    0.0005997049156576395,
    0.0004483574884943664,
    0.0004064022796228528,
    0.00047266605542972684,
    0.0004304901522118598,
    0.0005137297557666898,
    0.0004515865002758801,
    0.0004953534808009863,
    0.000503669201862067,
    0.0005567254265770316,
    0.0006840734276920557,
    0.000668931461405009,
    0.0005272424896247685,
    0.00046294069034047425,
    0.0004685305757448077,
    0.0004238748806528747,
    0.00040938693564385176,
    0.00041417503962293267,
    0.0002356986078666523,
    0.0005465475260280073,
    0.0002513914951123297,
    0.00033155293203890324,
    0.00015696616901550442,
    0.0012579637113958597,
    0.0013935051392763853,
    0.00016992783639580011,
    0.0002448533778078854,
    0.00013294917880557477,
    0.00019627077563200146,
    0.00023166555911302567,
    0.00019873447308782488,
    0.00023329927353188396,
    0.00015439621347468346,
    0.00019334079115651548,
    0.00035309954546391964,
    0.00014936525258235633,
    0.00015808313037268817,
    0.000200530921574682,
    0.00023802943178452551,
    0.00020262549514882267,
    0.00019801892631221563,
    0.00021545952768065035,
    0.00019149566651321948,
    0.00018148402159567922,
    0.00011173576058354229,
    0.00019889036775566638,
    0.00015629525296390057,
    0.00014160845603328198,
    0.00020741199841722846,
    0.0001931869046529755,
    0.00019276737293694168,
    0.00017829157877713442,
    0.00011008160799974576,
    0.0002010659663937986,
    0.00014484376879408956,
    0.00012527489161584526,
    0.00012951889948453754,
    0.00015515944687649608,
    0.00016964934184215963,
    0.00014924095012247562,
    0.00018536948482505977,
    0.00013855803990736604,
    0.0001989172596950084,
    0.00011692499538185075,
    0.00018842011922970414,
    0.00013631022011395544,
    0.00016355424304492772,
    0.00013578374637290835,
    0.00010557610949035734,
    0.000111473782453686,
    0.00012371902994345874,
    0.00011665372585412115,
    0.00021227067918516695,
    0.00017747351375874132,
    0.00011335431190673262,
    0.00017818951164372265,
    0.00011308931425446644,
    0.00010785325866891071,
    0.00010701891733333468,
    0.00013900076737627387,
    0.00010745586769189686,
    0.0001521616941317916,
    0.00010247231693938375,
    0.00014946857118047774,
    0.00016356077685486525,
    0.0001085292169591412,
    0.00012266388512216508,
    0.0001404931244906038,
    0.00015266303671523929,
    0.000138437666464597,
    0.00011306351370876655,
    0.00014573655789718032,
    0.00011483218258945271,
    0.00010276074317516759,
    0.00010715692769736052,
    0.00011494761565700173,
    0.0001610399194760248,
    0.0001291970838792622,
    0.00012265330587979406,
    0.0001159113016910851,
    0.00012107135989936069,
    0.00010924878006335348,
    0.00010694042430259287,
    0.0001210095506394282,
    0.0001238007243955508,
    0.00012249394785612822,
    0.00015583513595629483,
    0.00011425929551478475,
    0.00011042065307265148,
    0.00012188272376079112,
    0.00010632742487359792,
    0.0001307881757384166,
    0.0001578156225150451,
    0.00012538267765194178,
    0.00012185472587589175,
    0.000126685481518507,
    0.00010797429422382265,
    0.00016674117068760097,
    0.00014371662109624594,
    0.00012189563130959868,
    0.000140189949888736,
    0.00010841854236787185,
    0.0001231328642461449,
    0.00011531327618286014,
    0.0001302591699641198,
    0.00012016815162496641,
    0.00014600124268326908,
    0.0001197796082124114,
    0.00011829449067590758,
    0.00010741743608377874,
    0.00010886231029871851,
    0.00010520803334657103,
    0.00010546147677814588,
    0.00012484710896387696,
    0.00010163477418245748,
    0.00012484157923609018,
    0.00011626086779870093,
    0.00012336636427789927,
    0.00010485455277375877,
    0.0001288261846639216,
    0.00012633108417503536,
    0.0001269176136702299,
    0.00010866216325666755,
    0.0001375650317640975,
    0.00015634362353011966,
    0.00011080907279392704,
    0.0001166402580565773,
