{
  "version": "plots/_T_10_y0_0_1_network_architectures_4_50_activations_tanh_learning_rates_0_001_collocations_1024_epochs_50000_regularization_reg_derivative_reg_epochs_1_reg_coeff_10_reg_decay_1_/run_0",
  "seed": 1,
  "y0": 0.1,
  "T": 10,
  "N_col": 1024,
  "N_hidden": 4,
  "N_neurons": 50,
  "activation": "tanh",
  "N_epochs": 50000,
  "learning_rate": 0.001,
  "decay_rate": 1.0,
  "freq_log": 100,
  "freq_print": 1000,
  "keys_print": [
    "loss"
  ],
  "freq_save": 0,
  "regularization": "reg_derivative",
  "reg_coeff": 10,
  "reg_decay": 1,
  "reg_epochs": 1,
  "loss": [
    9.162890434265137,
    0.48069506883621216,
    0.4960216283798218,
    0.38639363646507263,
    0.3965696692466736,
    0.348077654838562,
    0.34267401695251465,
    0.30111217498779297,
    0.3218889832496643,
    0.28797274827957153,
    0.26689717173576355,
    0.22445127367973328,
    0.21521487832069397,
    0.19570302963256836,
    0.1903536021709442,
    0.1494378000497818,
    0.19108277559280396,
    0.1783778816461563,
    0.16447311639785767,
    0.17901475727558136,
    0.14784972369670868,
    0.16304536163806915,
    0.13577164709568024,
    0.13820919394493103,
    0.12305131554603577,
    0.13199064135551453,
    0.14714908599853516,
    0.13995563983917236,
    0.13899099826812744,
    0.13828825950622559,
    0.1660282164812088,
    0.2119913548231125,
    0.1701377034187317,
    0.1697830706834793,
    0.21396934986114502,
    0.19248336553573608,
    0.1741941273212433,
    0.14878766238689423,
    0.16081152856349945,
    0.11583483219146729,
    0.1489015817642212,
    0.11801777780056,
    0.13646595180034637,
    0.14883682131767273,
    0.13446907699108124,
    0.13585372269153595,
    0.1371404081583023,
    0.13410383462905884,
    0.13310088217258453,
    0.12789621949195862,
    0.10925967246294022,
    0.1441931575536728,
    0.14635232090950012,
    0.1863255798816681,
    0.18494364619255066,
    0.20035843551158905,
    0.1790279746055603,
    0.15977375209331512,
    0.17501170933246613,
    0.13300490379333496,
    0.13018998503684998,
    0.13682347536087036,
    0.15471310913562775,
    0.14169195294380188,
    0.15112611651420593,
    0.15277539193630219,
    0.1311551034450531,
    0.13364535570144653,
    0.10785907506942749,
    0.12181706726551056,
    0.14508658647537231,
    0.147392138838768,
    0.17210736870765686,
    0.1512087881565094,
    0.180885910987854,
    0.15245157480239868,
    0.14273348450660706,
    0.15062998235225677,
    0.1440063714981079,
    0.15839944779872894,
    0.17398524284362793,
    0.14533153176307678,
    0.15809224545955658,
    0.17740163207054138,
    0.14684917032718658,
    0.18597309291362762,
    0.12852489948272705,
    0.12341833114624023,
    0.12799617648124695,
    0.11685647070407867,
    0.11694421619176865,
    0.12129364907741547,
    0.131633922457695,
    0.12052919715642929,
    0.13675929605960846,
    0.14095133543014526,
    0.14214596152305603,
    0.1311836540699005,
    0.13419169187545776,
    0.13760341703891754,
    0.15861588716506958,
    0.11851204931735992,
    0.17540830373764038,
    0.13829714059829712,
    0.12482765316963196,
    0.12155192345380783,
    0.13586322963237762,
    0.1607532799243927,
    0.128484308719635,
    0.15600824356079102,
    0.12515442073345184,
    0.1439845860004425,
    0.142997145652771,
    0.17001189291477203,
    0.16194383800029755,
    0.17356449365615845,
    0.16338585317134857,
    0.16084963083267212,
    0.16335242986679077,
    0.1603183001279831,
    0.16677606105804443,
    0.17138534784317017,
    0.1591881364583969,
    0.13564448058605194,
    0.13960227370262146,
    0.1526072919368744,
    0.15078933537006378,
    0.16964846849441528,
    0.17677968740463257,
    0.20742833614349365,
    0.20727616548538208,
    0.18109595775604248,
    0.19516655802726746,
    0.1923661231994629,
    0.19477613270282745,
    0.1786438375711441,
    0.1780167520046234,
    0.19000892341136932,
    0.15089398622512817,
    0.1749998778104782,
    0.1718970686197281,
    0.1534721404314041,
    0.12261602282524109,
    0.11756467074155807,
    0.12514381110668182,
    0.12977808713912964,
    0.13588212430477142,
    0.13735876977443695,
    0.12162027508020401,
    0.12052758783102036,
    0.14669589698314667,
    0.15974178910255432,
    0.16924184560775757,
    0.1920606642961502,
    0.16055314242839813,
    0.15840768814086914,
    0.1784047931432724,
    0.1827424317598343,
    0.17023013532161713,
    0.18732580542564392,
    0.1575659066438675,
    0.17348873615264893,
    0.13849690556526184,
    0.12116503715515137,
    0.15060101449489594,
    0.15391837060451508,
    0.14789602160453796,
    0.14632998406887054,
    0.15691587328910828,
    0.14638522267341614,
    0.15839150547981262,
    0.15735818445682526,
    0.16773876547813416,
    0.13705137372016907,
    0.1459575891494751,
    0.1653873324394226,
    0.1629931926727295,
    0.14072729647159576,
    0.15274246037006378,
    0.16672976315021515,
    0.155096173286438,
    0.15608160197734833,
    0.12900301814079285,
    0.1242932379245758,
    0.11714111268520355,
    0.27037593722343445,
    0.16633911430835724,
    0.12916889786720276,
    0.12546351552009583,
    0.14114223420619965,
    0.12761089205741882,
    0.1342240571975708,
    0.1331818699836731,
    0.12935017049312592,
    0.12953385710716248,
    0.11327910423278809,
    0.12208043038845062,
    0.1228930726647377,
    0.12459355592727661,
    0.13486585021018982,
    0.12850143015384674,
    0.12597054243087769,
    0.1383398473262787,
    0.13934476673603058,
    0.18053945899009705,
    0.20371970534324646,
    0.19733548164367676,
    0.16023722290992737,
    0.12177044153213501,
    0.11805745214223862,
    0.12142957746982574,
    0.1339830607175827,
    0.11493479460477829,
    0.12096143513917923,
    0.12409105896949768,
    0.14483316242694855,
    0.1516970992088318,
    0.1885710060596466,
    0.15772409737110138,
    0.2316405177116394,
    0.2925182580947876,
    0.2573065161705017,
    0.1652391254901886,
    0.13339926302433014,
    0.12994173169136047,
    0.12900756299495697,
    0.11976247280836105,
    0.126375213265419,
    0.1427973508834839,
    0.132501021027565,
    0.14312607049942017,
    0.14467540383338928,
    0.12952636182308197,
    0.1274815797805786,
    0.11972810328006744,
    0.13383054733276367,
    0.14570891857147217,
    0.1281171441078186,
    0.14489272236824036,
    0.13347619771957397,
    0.11823076754808426,
    0.1366373598575592,
    0.12830200791358948,
    0.15561099350452423,
    0.1497618854045868,
    0.12177832424640656,
    0.12939132750034332,
    0.12120926380157471,
    0.12973445653915405,
    0.1029089093208313,
    0.11867508292198181,
    0.12518420815467834,
    0.1330491453409195,
    0.10838934779167175,
    0.12999989092350006,
    0.12712150812149048,
    0.1290716677904129,
    0.24335786700248718,
    0.13190963864326477,
    0.25506216287612915,
    0.20643025636672974,
    0.1669020801782608,
    0.14336200058460236,
    0.12678353488445282,
    0.1594773679971695,
    0.19975599646568298,
    0.17593438923358917,
    0.15509624779224396,
    0.13728287816047668,
    0.11897053569555283,
    0.15933077037334442,
    0.1336856484413147,
    0.14441634714603424,
    0.1322081983089447,
    0.12299790978431702,
    0.14803975820541382,
    0.2425847351551056,
    0.2074570208787918,
    0.17295527458190918,
    0.16119547188282013,
    0.1284557431936264,
    0.13352027535438538,
    0.14050571620464325,
    0.11758172512054443,
    0.12418604642152786,
    0.14099407196044922,
    0.13814383745193481,
    0.17343159019947052,
    0.14925114810466766,
    0.12420932203531265,
    0.14448776841163635,
    0.181629478931427,
    0.12855207920074463,
    0.18032695353031158,
    0.35650286078453064,
    0.2434786856174469,
    0.19390752911567688,
    0.1525735855102539,
    0.21822020411491394,
    0.21479639410972595,
