{
  "version": "plots/_T_7_5_y0_0_1_network_architectures_4_50_activations_tanh_learning_rates_0_001_collocations_1024_epochs_50000_regularization_unstable_fp_reg_epochs_1_reg_coeff_100000_reg_decay_1_/run_3",
  "seed": 1,
  "y0": 0.1,
  "T": 7.5,
  "N_col": 1024,
  "N_hidden": 4,
  "N_neurons": 50,
  "activation": "tanh",
  "N_epochs": 50000,
  "learning_rate": 0.001,
  "decay_rate": 1.0,
  "freq_log": 100,
  "freq_print": 1000,
  "keys_print": [
    "loss"
  ],
  "freq_save": 0,
  "regularization": "unstable_fp",
  "reg_coeff": 100000,
  "reg_decay": 1,
  "reg_epochs": 1,
  "loss": [
    118.29566192626953,
    19.321348190307617,
    250.366455078125,
    6.957641124725342,
    12.627120018005371,
    3.6026315689086914,
    12.75835132598877,
    13.409989356994629,
    7.891906261444092,
    12.49937629699707,
    2.7136764526367188,
    4.93212890625,
    10.83851146697998,
    10.821266174316406,
    12.353067398071289,
    9.715360641479492,
    6.6757731437683105,
    28.230648040771484,
    7.655038356781006,
    11.154312133789062,
    6.243858337402344,
    10.59903621673584,
    2.544835090637207,
    5.600216388702393,
    6.542641639709473,
    10.408773422241211,
    8.487945556640625,
    6.631538391113281,
    4.744014263153076,
    5.1509270668029785,
    0.429131418466568,
    7.799413681030273,
    3.502460241317749,
    5.575745582580566,
    6.758115768432617,
    6.338098526000977,
    8.646804809570312,
    0.5722156763076782,
    9.213253021240234,
    6.835420608520508,
    6.052072048187256,
    12.585472106933594,
    8.689133644104004,
    5.235199928283691,
    14.441911697387695,
    5.762568950653076,
    11.583568572998047,
    0.4439389109611511,
    7.570158004760742,
    10.15195083618164,
    8.996407508850098,
    7.274164199829102,
    8.756705284118652,
    0.9459459781646729,
    1.364626169204712,
    4.339164733886719,
    6.953517913818359,
    0.1150934100151062,
    6.211928367614746,
    3.2323811054229736,
    9.162042617797852,
    6.28114652633667,
    3.334015369415283,
    2.7929577827453613,
    2.548405647277832,
    11.712448120117188,
    6.02597713470459,
    2.7679758071899414,
    2.726982355117798,
    2.9137473106384277,
    1.5144054889678955,
    5.176262378692627,
    9.183056831359863,
    4.692723274230957,
    0.027274342253804207,
    0.04047217592597008,
    3.0711183547973633,
    0.4047830104827881,
    7.745847702026367,
    0.003828509245067835,
    9.278553009033203,
    2.6261305809020996,
    0.04949874058365822,
    0.41849285364151,
    0.0028952353168278933,
    3.2692296504974365,
    0.05799092352390289,
    0.027279872447252274,
    2.600614309310913,
    3.643796443939209,
    7.414419174194336,
    3.2115659713745117,
    1.7417609691619873,
    0.05489024519920349,
    4.468132019042969,
    4.451593399047852,
    2.5449180603027344,
    9.989266395568848,
    2.977311372756958,
    4.0689568519592285,
    0.009301229380071163,
    6.054974555969238,
    6.012515544891357,
    1.4517459869384766,
    2.2804906368255615,
    5.767553329467773,
    3.300128698348999,
    4.875751495361328,
    3.517848491668701,
    0.01802801340818405,
    5.211508750915527,
    0.009956477209925652,
    0.16497613489627838,
    5.8112287521362305,
    6.780067443847656,
    0.10395433753728867,
    6.3346357345581055,
    3.520667552947998,
    2.163222312927246,
    2.500645160675049,
    0.04338035359978676,
    3.5458498001098633,
    0.050455398857593536,
    4.365348815917969,
    3.778902053833008,
    2.446277618408203,
    3.721266031265259,
    6.183635711669922,
    5.938575744628906,
    3.0479772090911865,
    2.4044785499572754,
    4.403626918792725,
    0.014375125989317894,
    0.014865200035274029,
    4.427609443664551,
    2.8103737831115723,
    3.7568717002868652,
    0.3012763261795044,
    3.645904779434204,
    0.23137246072292328,
    2.329171657562256,
    11.69702434539795,
    1.241162896156311,
    0.7723923325538635,
    0.05221946910023689,
    0.027763254940509796,
    3.552396535873413,
    0.018292918801307678,
    0.013606106862425804,
    4.469634056091309,
    5.895538330078125,
    1.7446315288543701,
    0.006572526879608631,
    6.025725364685059,
    3.3464667797088623,
    2.391514539718628,
    2.92462420463562,
    0.9981406927108765,
    7.658543109893799,
    4.797280311584473,
    3.273353099822998,
    0.0516127273440361,
    3.649038314819336,
    0.10154914855957031,
    0.019835416227579117,
    6.325278282165527,
    2.1705899238586426,
    0.016393881291151047,
    1.5721960067749023,
    0.018215114250779152,
    0.0784296989440918,
    2.6598215103149414,
    0.011819073930382729,
    4.466744422912598,
    2.4912381172180176,
    3.353083848953247,
    0.0063607338815927505,
    0.012977970764040947,
    1.1228289604187012,
    0.006100350525230169,
    3.6902520656585693,
    0.006697637960314751,
    3.371461868286133,
    0.012946117669343948,
    2.7252612113952637,
    1.9729349613189697,
    0.0036409874446690083,
    0.35952043533325195,
    4.112600803375244,
    2.9706547260284424,
    15.099428176879883,
    3.4714295864105225,
    1.8009107112884521,
    0.008433269336819649,
    3.681443929672241,
    2.977609872817993,
    1.7117478847503662,
    0.0019110292196273804,
    0.007772230543196201,
    0.04542846232652664,
    0.008179478347301483,
    3.729858160018921,
    2.9877984523773193,
    10.341226577758789,
    3.450589656829834,
    2.8968191146850586,
    2.074211597442627,
    4.87824821472168,
    4.508520603179932,
    7.223604679107666,
    6.504071235656738,
    0.005629455205053091,
    4.705621242523193,
    6.784423828125,
    7.887712478637695,
    0.14217343926429749,
    3.7579073905944824,
    3.388857364654541,
    11.110816955566406,
    3.9579696655273438,
    0.6521572470664978,
    0.05200225114822388,
    0.0007305553299374878,
    0.0002055205695796758,
    1.7430624961853027,
    5.633709907531738,
    1.7638800144195557,
    0.003403314622119069,
    11.473188400268555,
    7.172114849090576,
    1.6716923713684082,
    0.0005419733352027833,
    2.5238256454467773,
    3.0698976516723633,
    5.595203876495361,
    2.6300253868103027,
    6.423059463500977,
    0.0009670353028923273,
    4.4889631271362305,
    0.00013114602188579738,
    2.8823280334472656,
    9.52127456665039,
    0.0002494263753760606,
    5.966360092163086,
    0.0040824213065207005,
    3.5267152786254883,
    6.792791366577148,
    8.716591835021973,
    0.10807184875011444,
    3.886697769165039,
    3.822988510131836,
    7.785191535949707,
    0.00017462711548432708,
    3.8545756340026855,
    1.0982695817947388,
    0.0023059428203850985,
    0.004855329170823097,
    5.991899490356445,
    0.005798308178782463,
    3.527935266494751,
    1.3760085105895996,
    1.115687608718872,
    2.3497543334960938,
    3.833456039428711,
    1.0066150426864624,
    0.0003448781790211797,
    0.10086265206336975,
    0.0001885183301055804,
    4.012844085693359,
    5.114372730255127,
    0.0015401249984279275,
    7.743971824645996,
    4.3073601722717285,
    3.8779983520507812,
    0.004565136507153511,
    0.23369766771793365,
    0.00046174947055988014,
    7.543282508850098,
    0.01636487990617752,
    6.902573585510254,
    1.7256603240966797,
    0.12325363606214523,
    0.0014798082411289215,
    4.198592185974121,
    0.00020673414110206068,
    10.09377670288086,
    2.3578529357910156,
    0.1519826054573059,
    0.13041406869888306,
    0.09753628075122833,
    0.07941572368144989,
    1.5355958938598633,
    2.86857008934021,
    3.2648260593414307,
    0.049616552889347076,
    0.06363444030284882,
    0.45717447996139526,
    6.990789413452148,
    0.1244371309876442,
    2.162449359893799,
    2.0080037117004395,
    0.14986282587051392,
    3.5271401405334473,
    6.574995994567871,
    0.12812048196792603,
    0.07775229960680008,
    5.4059858322143555,
    0.10358935594558716,
