{
  "version": "plots/_T_10_y0_0_001_network_architectures_4_50_activations_tanh_learning_rates_0_001_collocations_1024_epochs_50000_regularization_reg_derivative_unstable_fp_reg_epochs_1_reg_coeff_1_reg_decay_1_/run_3",
  "seed": 1,
  "y0": 0.001,
  "T": 10,
  "N_col": 1024,
  "N_hidden": 4,
  "N_neurons": 50,
  "activation": "tanh",
  "N_epochs": 50000,
  "learning_rate": 0.001,
  "decay_rate": 1.0,
  "freq_log": 100,
  "freq_print": 1000,
  "keys_print": [
    "loss"
  ],
  "freq_save": 0,
  "regularization": "reg_derivative_unstable_fp",
  "reg_coeff": 1,
  "reg_decay": 1,
  "reg_epochs": 1,
  "loss": [
    0.06296776980161667,
    8.263993549917359e-06,
    4.674346655519912e-06,
    3.677724862427567e-06,
    3.889826530212304e-06,
    2.4020464479690418e-06,
    3.036951966350898e-05,
    9.257324563805014e-05,
    7.61110641178675e-06,
    1.5162503586907405e-05,
    0.00010715214011725038,
    0.00024186799419112504,
    2.0000519725726917e-05,
    4.7339835873572156e-05,
    1.769126538420096e-05,
    0.00011512889614095911,
    1.1462716429377906e-05,
    2.1958549041301012e-05,
    3.49253932654392e-05,
    5.50227559870109e-06,
    7.804163033142686e-06,
    1.7552030840306543e-05,
    4.780600283993408e-05,
    1.7069456589524634e-05,
    1.9293382138130255e-05,
    2.9714458378293784e-06,
    1.0505934369575698e-05,
    0.00010602817928884178,
    7.261764403665438e-05,
    4.330433876020834e-05,
    2.5278191060351674e-06,
    3.159585321554914e-05,
    3.269908347647288e-06,
    2.2374417312676087e-05,
    3.883765748469159e-05,
    2.586179334684857e-06,
    2.5675826691440307e-06,
    1.6460966207887395e-06,
    1.9494827938615344e-06,
    2.1152673070901074e-05,
    6.060436135157943e-06,
    1.6324420357705094e-06,
    8.43620000523515e-06,
    2.0526424577838043e-06,
    3.439194188104011e-06,
    2.7272872102912515e-06,
    7.256198841787409e-06,
    2.7018716082238825e-06,
    2.571159484432428e-06,
    2.6585186787997372e-05,
    2.038115417235531e-05,
    2.915393679359113e-06,
    2.299680318174069e-06,
    2.9733644169027684e-06,
    1.700965549389366e-05,
    7.3080736910924315e-06,
    2.1954579096927773e-06,
    2.4447558644169476e-06,
    1.5103421901585534e-05,
    1.0450239642523229e-05,
    1.8008937331615016e-05,
    2.575316102593206e-05,
    1.717639315756969e-05,
    1.028000951919239e-05,
    6.709440640406683e-06,
    2.155550191673683e-06,
    1.2985885405214503e-05,
    2.244842835352756e-05,
    1.815068389987573e-05,
    3.317939217595267e-06,
    5.319233878253726e-06,
    2.8696015306195477e-06,
    1.9007372884516371e-06,
    1.9907462046830915e-05,
    5.490767762239557e-06,
    1.9914546101063024e-06,
    3.0097005492280005e-06,
    2.381261310802074e-06,
    9.381762538396288e-06,
    2.7729156499844976e-06,
    1.9741233700187877e-05,
    0.0001407806994393468,
    3.978567292506341e-06,
    1.5962716133799404e-05,
    8.252021871157922e-06,
    2.3220782168209553e-06,
    2.494819273124449e-05,
    3.4397735362290405e-06,
    2.0373795450723264e-06,
    2.859859932868858e-06,
    3.070931416004896e-05,
    2.0796765966224484e-05,
    2.912507625296712e-06,
    2.948551809822675e-06,
    9.425258213013876e-06,
    1.9854542188113555e-06,
    2.8176529667689465e-05,
    1.3501177136276965e-06,
    1.6048915085775661e-06,
    2.8354845653666416e-06,
    2.9905625069659436e-06,
    3.503020252537681e-06,
    2.846150437108008e-06,
    1.4902665498084389e-05,
    2.4303301415784517e-06,
    2.3059837985783815e-06,
    2.8729973564622924e-06,
    2.4892601686588023e-06,
    1.2013173545710742e-05,
    2.6083837383339414e-06,
    2.18391187445377e-06,
    2.0913332718919264e-06,
    9.205330570694059e-06,
    2.270131744808168e-06,
    2.427521621939377e-06,
    3.041747731913347e-06,
    2.426610080874525e-06,
    4.649535185308196e-06,
    1.6980934560706373e-06,
    1.7165182271128288e-06,
    1.3387897297434392e-06,
    1.6957108073256677e-06,
    1.538387891741877e-06,
    1.5768648609082447e-06,
    1.8784330677590333e-06,
    2.3016177692625206e-06,
    1.8565256141300779e-06,
    1.955550260390737e-06,
    2.086785343635711e-06,
    1.5723931028333027e-06,
    1.8808458435159991e-06,
    2.2667886696581263e-06,
    1.8910955077444669e-06,
    2.031645180977648e-06,
    2.146060296581709e-06,
    2.2454621557699284e-06,
    2.031718395301141e-06,
    3.25048245031212e-06,
    2.118661541317124e-06,
    1.8050826611215598e-06,
    2.3780626179359388e-06,
    2.7465198400022928e-06,
    1.8650337096914882e-06,
    2.871278184102266e-06,
    2.6868606255447958e-06,
    1.7923114228324266e-06,
    2.241332822450204e-06,
    2.2742688088328578e-06,
    1.7021470739564393e-06,
    2.3505745048169047e-06,
    1.6079465012808214e-06,
    2.8588644909177674e-06,
    2.1839925921085523e-06,
    2.056760649793432e-06,
    2.052803893093369e-06,
    1.6732046788092703e-06,
    2.058773588942131e-06,
    1.3935508604845381e-06,
    1.9101976249658037e-06,
    2.0056691028003115e-06,
    1.7577452808836824e-06,
    2.1857285901205614e-06,
    1.84882924259e-06,
    1.8533960428612772e-06,
    2.5945580546249403e-06,
    1.7801862668420654e-06,
    2.8529548217193224e-06,
    1.6385801018259372e-06,
    2.509763817215571e-06,
    2.177369196942891e-06,
    1.4262924423746881e-06,
    6.763025339751039e-06,
    2.3231987142935395e-06,
    1.999626420001732e-06,
    2.8873469091195147e-06,
    2.374059931753436e-06,
    3.472969865470077e-06,
    2.779268243102706e-06,
    2.421547378617106e-06,
    1.9827675714623183e-06,
    1.7387457091899705e-06,
    1.5469145182578359e-06,
    1.5897134062470286e-06,
    2.382002094236668e-06,
    2.9202469704614487e-06,
    6.7977443904965185e-06,
    1.18385037239932e-06,
    2.0795355339942034e-06,
    1.6083843092928873e-06,
    1.36854487209348e-06,
    1.290781710849842e-06,
    1.4748389958185726e-06,
    1.2738382793031633e-06,
    1.6193114333873382e-06,
    1.6257087054327712e-06,
    1.5464643183804583e-06,
    1.801406710910669e-06,
    1.9507679098751396e-06,
    1.6346689335478004e-06,
    2.5741303488757694e-06,
    2.0552040496113477e-06,
    1.5613225059496472e-06,
    1.7307256712228991e-06,
    2.082985247398028e-06,
    1.7106931409216486e-06,
    1.3053147540631471e-06,
    1.7835648122854764e-06,
    1.8010377971222624e-06,
    2.165261093978188e-06,
    1.680426180428185e-06,
    1.841608650465787e-06,
    1.7493173345428659e-06,
    2.0441730157472193e-06,
    1.9519420675351284e-06,
    2.060317683572066e-06,
    2.0864592897851253e-06,
    2.112032234435901e-06,
    2.007673174375668e-06,
    2.027492428169353e-06,
    2.1192076928855386e-06,
    2.0234986095601926e-06,
    1.7769809801393421e-06,
    2.015189465964795e-06,
    2.114961944243987e-06,
    1.987390987778781e-06,
    2.2788640308135655e-06,
    2.564084752521012e-06,
    1.8087164335156558e-06,
    2.662938413777738e-06,
    2.958552158816019e-06,
    1.8456034922564868e-06,
    1.9902095118595753e-06,
    1.819118210732995e-06,
    1.7385799537805724e-06,
    2.0449790554266656e-06,
    2.785529204629711e-06,
    4.184875706414459e-06,
    1.8957654219775577e-06,
    1.4575742852684925e-06,
    2.873969378924812e-06,
    3.1487661544815637e-06,
    2.8513964025478344e-06,
    1.921844614116708e-06,
    4.222271854814608e-06,
    2.7754431357607245e-06,
    1.6206388409045758e-06,
    1.6391170447604964e-06,
    1.5646603515051538e-06,
    1.6672408946760697e-06,
    1.29744569221657e-06,
    1.142238716056454e-06,
    1.8578832623461494e-06,
    2.7603318812907673e-06,
    2.0286715880502015e-06,
    7.1955488238018e-05,
    1.316800535278162e-06,
    1.0641230119290412e-06,
    1.4392951470654225e-06,
    1.0377535772931878e-06,
    1.2499948525146465e-06,
    1.0520685691517428e-06,
    1.3288574791658903e-06,
    1.4775058616578463e-06,
    1.2259006325621158e-06,
    2.254251967315213e-06,
    1.951856575033162e-06,
    1.4365130027726991e-06,
    2.116670202667592e-06,
