{
  "version": "plots/_T_7_5_y0_0_01_network_architectures_4_50_activations_tanh_learning_rates_0_001_collocations_1024_epochs_50000_regularization_no_reg_reg_epochs_1_reg_coeff_10_reg_decay_1_/run_9",
  "seed": 1,
  "y0": 0.01,
  "T": 7.5,
  "N_col": 1024,
  "N_hidden": 4,
  "N_neurons": 50,
  "activation": "tanh",
  "N_epochs": 50000,
  "learning_rate": 0.001,
  "decay_rate": 1.0,
  "freq_log": 100,
  "freq_print": 1000,
  "keys_print": [
    "loss"
  ],
  "freq_save": 0,
  "regularization": "no_reg",
  "reg_coeff": 10,
  "reg_decay": 1,
  "reg_epochs": 1,
  "loss": [
    0.022887419909238815,
    2.7606345611275174e-05,
    2.560475331847556e-05,
    2.722763383644633e-05,
    2.49277291004546e-05,
    2.811869853758253e-05,
    2.7676365789375268e-05,
    2.787414996419102e-05,
    2.7475052775116637e-05,
    2.529669291106984e-05,
    2.2746673494111747e-05,
    3.093672057730146e-05,
    2.897883314290084e-05,
    3.251632733736187e-05,
    6.587823736481369e-05,
    3.130350887659006e-05,
    2.8320453566266224e-05,
    3.312878470751457e-05,
    2.534575469326228e-05,
    2.655963908182457e-05,
    2.8836773708462715e-05,
    5.168728239368647e-05,
    2.8413347536115907e-05,
    2.8723388822982088e-05,
    2.7997048164252192e-05,
    5.6897206377470866e-05,
    2.7008880351786502e-05,
    4.4129374145995826e-05,
    7.133087638067082e-05,
    3.115723666269332e-05,
    2.9702048777835444e-05,
    2.881735963455867e-05,
    3.7157267797738314e-05,
    2.4870776542229578e-05,
    3.736605867743492e-05,
    2.744729681580793e-05,
    2.8303580620558932e-05,
    2.9401428037090227e-05,
    4.0759448893368244e-05,
    2.6075900677824393e-05,
    3.397177715669386e-05,
    9.146046068053693e-05,
    2.9279981390573084e-05,
    3.0181257898220792e-05,
    2.6913512556347996e-05,
    3.689203367684968e-05,
    2.4229255359387025e-05,
    2.752035106823314e-05,
    3.999993350589648e-05,
    2.6842490115086548e-05,
    3.807578468695283e-05,
    2.933130963356234e-05,
    2.939355545095168e-05,
    3.612917134887539e-05,
    3.2445521355839446e-05,
    2.7990248781861737e-05,
    3.785642184084281e-05,
    4.626546069630422e-05,
    2.9508153602364473e-05,
    2.781557668640744e-05,
    3.6292243748903275e-05,
    2.650079841259867e-05,
    2.974008566525299e-05,
    2.612083699204959e-05,
    3.254844341427088e-05,
    2.6163099391851574e-05,
    2.6025132683571428e-05,
    5.6269454944413155e-05,
    2.7909729396924376e-05,
    2.9516444556065835e-05,
    3.9221704355441034e-05,
    2.7077734557678923e-05,
    2.5686553271953017e-05,
    3.129654942313209e-05,
    2.963255246868357e-05,
    2.841465175151825e-05,
    3.209189890185371e-05,
    2.9096952857798897e-05,
    2.8587528504431248e-05,
    2.693522947083693e-05,
    2.835658597177826e-05,
    2.9092832846799865e-05,
    2.5341985747218132e-05,
    2.909218892455101e-05,
    2.7603087801253423e-05,
    2.4487037080689333e-05,
    3.282307807239704e-05,
    2.900243089243304e-05,
    2.6060024538310245e-05,
    2.5499599360045977e-05,
    3.09106835629791e-05,
    2.2552976588485762e-05,
    3.1881016184343025e-05,
    2.5524048396619037e-05,
    2.702856727410108e-05,
    2.6649770006770268e-05,
    2.9708702641073614e-05,
    3.050787199754268e-05,
    2.9726063075941056e-05,
    2.9224793252069503e-05,
    2.2458843886852264e-05,
    0.000349026988260448,
    2.7788386432803236e-05,
    2.5844492483884096e-05,
    2.5346860638819635e-05,
    3.1730483897263184e-05,
    2.4629127437947318e-05,
    2.6843779778573662e-05,
    2.7232745196670294e-05,
    2.702753226913046e-05,
    2.7270907594356686e-05,
    2.6511446776567027e-05,
    2.7728316126740538e-05,
    2.623634645715356e-05,
    2.4536360797355883e-05,
    2.798855712171644e-05,
    2.528456025174819e-05,
    2.5454752176301554e-05,
    2.5577122869435698e-05,
    2.8759097403963096e-05,
    2.9403690859908238e-05,
    2.815211882989388e-05,
    2.6600097044138238e-05,
    2.4655719244037755e-05,
    2.4029715859796852e-05,
    3.0393945053219795e-05,
    2.6455621991772205e-05,
    2.7805248464574106e-05,
    2.7515794499777257e-05,
    2.6933776098303497e-05,
    2.526104435673915e-05,
    2.3020937078399584e-05,
    2.2955566237214953e-05,
    2.4639572075102478e-05,
    2.3818774934625253e-05,
    2.5752880901563913e-05,
    2.9050093871774152e-05,
    2.491390478098765e-05,
    2.6587626052787527e-05,
    2.6077261281898245e-05,
    2.5495901354588568e-05,
    2.393815157120116e-05,
    2.7874484658241272e-05,
    2.518130531825591e-05,
    3.086156357312575e-05,
    2.6528039597906172e-05,
    2.4466542527079582e-05,
    2.65907419816358e-05,
    2.3998825781745836e-05,
    2.8200654924148694e-05,
    2.6419267669552937e-05,
    2.650782698765397e-05,
    1.8232800357509404e-05,
    2.6568013709038496e-05,
    2.294021032867022e-05,
    2.6644298486644402e-05,
    2.5303825168521143e-05,
    2.7422285711509176e-05,
    2.656901051523164e-05,
    2.6236339181195945e-05,
    2.7755904739024118e-05,
    2.5443232516408898e-05,
    2.6410893042339012e-05,
    2.7860471163876355e-05,
    2.7448797482065856e-05,
    2.7125166525365785e-05,
    2.6261957827955484e-05,
    2.469816172379069e-05,
    2.5360899599036202e-05,
    2.59702792391181e-05,
    2.5368892238475382e-05,
    2.732700522756204e-05,
    2.66636889136862e-05,
    2.7216823582421057e-05,
    2.5533687221468426e-05,
    2.5291647034464404e-05,
    2.5260847905883566e-05,
    2.8047939849784598e-05,
    2.39541259361431e-05,
    2.64056034211535e-05,
    3.078187728533521e-05,
    2.366272747167386e-05,
    2.497309833415784e-05,
    2.8743619623128325e-05,
    2.896123805840034e-05,
    2.798052446451038e-05,
    2.5342398657812737e-05,
    2.597924685687758e-05,
    2.8036765797878616e-05,
    2.810440128087066e-05,
    3.2209052733378485e-05,
    2.4128934455802664e-05,
    2.3104174033505842e-05,
    2.7469410269986838e-05,
    2.8999218557146378e-05,
    2.7833093554363586e-05,
    2.7728023269446567e-05,
    2.603284883662127e-05,
    2.7168574888492003e-05,
    2.705054976104293e-05,
    2.4976647182484157e-05,
    2.8290516638662666e-05,
    2.7035886887460947e-05,
    2.967540785903111e-05,
    2.9563168936874717e-05,
    2.8144411771791056e-05,
    2.3462103854399174e-05,
    2.9854229069314897e-05,
    2.8575814212672412e-05,
    2.847279392881319e-05,
    2.5475825168541633e-05,
    2.9509455998777412e-05,
    2.545873576309532e-05,
    2.418166332063265e-05,
    2.6415889806230552e-05,
    2.3700466044829227e-05,
    2.599163599370513e-05,
    3.074536653002724e-05,
    2.6822261133929715e-05,
    2.6116724257008173e-05,
    2.7892590878764167e-05,
    2.6161675123148598e-05,
    2.5718141841934994e-05,
    2.8134722015238367e-05,
    2.8713349820463918e-05,
    2.8023878257954493e-05,
    2.7967902497039177e-05,
    2.5534716769470833e-05,
    2.9993698262842372e-05,
    3.1964249501470476e-05,
    2.6162402718910016e-05,
    2.5903133064275607e-05,
    2.6774456273415126e-05,
    3.1311519705923274e-05,
    2.5385463231941685e-05,
    3.220620419597253e-05,
    2.5346531401737593e-05,
    2.6509778763283975e-05,
    3.0378430892596953e-05,
    2.9439419449772686e-05,
    2.6779125619214028e-05,
    2.3537648303317837e-05,
    2.569032585597597e-05,
    2.6701047318056226e-05,
    2.4829721951391548e-05,
    2.5815277695073746e-05,
    2.443215635139495e-05,
    2.8807431590394117e-05,
    2.4893681256799027e-05,
    2.713944559218362e-05,
    2.7272195438854396e-05,
    2.592744931462221e-05,
    2.394988405285403e-05,
    2.7324495022185147e-05,
    2.4925266188802198e-05,
    2.4965151169453748e-05,
    2.657179720699787e-05,
    2.7719466743292287e-05,
    2.2691820049658418e-05,
    2.2749456547899172e-05,
    2.7540965675143525e-05,
    2.634338306961581e-05,
    2.511197453713976e-05,
    2.643476182129234e-05,
    2.2327501937979832e-05,
    2.8303929866524413e-05,
    2.966429019579664e-05,
    2.5334262318210676e-05,
