{
  "version": "model_weights/_T_10_y0_0_1_network_architectures_4_50_activations_tanh_learning_rates_0_001_collocations_1024_epochs_50000_reg_epochs_0_25_reg_coeff_1_reg_decay_1_/run_12",
  "seed": 1,
  "y0": 0.1,
  "T": 10,
  "N_col": 1024,
  "N_hidden": 4,
  "N_neurons": 50,
  "activation": "tanh",
  "N_epochs": 50000,
  "learning_rate": 0.001,
  "decay_rate": 1.0,
  "freq_log": 100,
  "freq_print": 1000,
  "keys_print": [
    "loss"
  ],
  "freq_save": 0,
  "reg_coeff": 1,
  "reg_decay": 1,
  "reg_epochs": 0.25,
  "loss": [
    0.14963717758655548,
    0.13709045946598053,
    0.13699820637702942,
    0.13708437979221344,
    0.13692784309387207,
    0.13718698918819427,
    0.137144073843956,
    0.13716933131217957,
    0.1371442824602127,
    0.13699157536029816,
    0.13682134449481964,
    0.1373692899942398,
    0.1372009664773941,
    0.13738052546977997,
    0.13714224100112915,
    0.13720017671585083,
    0.1107502281665802,
    0.13779529929161072,
    0.13707302510738373,
    0.13719047605991364,
    0.13708215951919556,
    0.13699238002300262,
    0.13704589009284973,
    0.1372148096561432,
    0.13714095950126648,
    0.13711504638195038,
    0.1369917094707489,
    0.13701081275939941,
    0.13692177832126617,
    0.13734927773475647,
    0.13711513578891754,
    0.13718311488628387,
    0.13694848120212555,
    0.1369444876909256,
    0.13707824051380157,
    0.13696561753749847,
    0.1371813714504242,
    0.13713163137435913,
    0.13734252750873566,
    0.13680341839790344,
    0.13706624507904053,
    0.13725867867469788,
    0.1371057629585266,
    0.13704204559326172,
    0.1370852142572403,
    0.13705968856811523,
    0.13690266013145447,
    0.13703057169914246,
    0.1371268779039383,
    0.1370820850133896,
    0.13709180057048798,
    0.13698557019233704,
    0.13725967705249786,
    0.13714730739593506,
    0.13725022971630096,
    0.1370534896850586,
    0.13719749450683594,
    0.1369234323501587,
    0.13726167380809784,
    0.13714823126792908,
    0.13708874583244324,
    0.13702243566513062,
    0.13723069429397583,
    0.13700836896896362,
    0.13724589347839355,
    0.13704125583171844,
    0.13701529800891876,
    0.13701514899730682,
    0.13712088763713837,
    0.1369764506816864,
    0.13706843554973602,
    0.1370699107646942,
    0.1369692087173462,
    0.137318953871727,
    0.13695615530014038,
    0.13674809038639069,
    0.137254536151886,
    0.137075737118721,
    0.1369093656539917,
    0.13636106252670288,
    0.039238713681697845,
    0.03747224807739258,
    0.03520538657903671,
    0.03636076673865318,
    0.037113793194293976,
    0.034224849194288254,
    0.03843686729669571,
    0.03815295547246933,
    0.035074494779109955,
    0.03415035456418991,
    0.036958131939172745,
    0.03118247725069523,
    0.03524119406938553,
    0.03285249322652817,
    0.035451047122478485,
    0.035379838198423386,
    0.03553886339068413,
    0.03508338704705238,
    0.03898950293660164,
    0.03807903453707695,
    0.032714419066905975,
    0.03412385657429695,
    0.03720467537641525,
    0.03507895767688751,
    0.034577805548906326,
    0.04195871949195862,
    0.033472247421741486,
    0.036488473415374756,
    0.03699888288974762,
    0.036636099219322205,
    0.036917831748723984,
    0.035263605415821075,
    0.038504794239997864,
    0.0354495495557785,
    0.03422894328832626,
    0.03751320019364357,
    0.03462739288806915,
    0.0347098708152771,
    0.03499295562505722,
    0.038327645510435104,
    0.03932185471057892,
    0.03833683580160141,
    0.03642435371875763,
    0.03412479907274246,
    0.03350549191236496,
    0.03954032063484192,
    0.002466111443936825,
    0.0023189461790025234,
    0.0022772084921598434,
    0.0020672802347689867,
    0.0019792760722339153,
    0.0017122873105108738,
    0.0017021875828504562,
    0.001886942540295422,
    0.0017795064486563206,
    0.0018895654939115047,
    0.002209485275670886,
    0.001998516730964184,
    0.0019775908440351486,
    0.001989054959267378,
    0.0019324806053191423,
    0.0018970357486978173,
    0.002049451693892479,
    0.0018114600097760558,
    0.0023836777545511723,
    0.002032587770372629,
    0.0017822801601141691,
    0.001932737766765058,
    0.0017428153660148382,
    0.0022029816173017025,
    0.0019571471493691206,
    0.002046662848442793,
    0.0014206444611772895,
    0.0019819256849586964,
    0.0016586866695433855,
    0.0019206013530492783,
    0.001901659881696105,
    0.002095080679282546,
    0.002160129137337208,
    0.0019774893298745155,
    0.0020831122528761625,
    0.0018856723327189684,
    0.0020585753954946995,
    0.002096939831972122,
    0.002159512136131525,
    0.0020274976268410683,
    0.0019051169510930777,
    0.0017852813471108675,
    0.0019158599898219109,
    0.0019004952628165483,
    0.0018651948776096106,
    0.0020057603251188993,
    0.0019501072820276022,
    0.0020854496397078037,
    0.001952263293787837,
    0.0019300866406410933,
    0.0018001701682806015,
    0.002099910518154502,
    0.0017632187809795141,
    0.0018523011822253466,
    0.0023400038480758667,
    0.0017483728006482124,
    0.001901321578770876,
    0.002172354608774185,
    0.002259910339489579,
    0.0020576738752424717,
    0.001808341359719634,
    0.0018973100231960416,
    0.002106640487909317,
    0.0021106961648911238,
    0.002556123770773411,
    0.0017858340870589018,
    0.0017098212847486138,
    0.0020127492025494576,
    0.0021712654270231724,
    0.0018767074216157198,
    0.002090183785185218,
    0.0018248771084472537,
    0.002048990922048688,
    0.002038466278463602,
    0.0018786294385790825,
    0.0021538473665714264,
    0.0019721235148608685,
    0.0022802576422691345,
    0.0023187126498669386,
    0.0021241731010377407,
    0.0016450358089059591,
    0.0022472927812486887,
    0.0021675117313861847,
    0.0022055087611079216,
    0.0018460587598383427,
    0.002231924096122384,
    0.001966433599591255,
    0.0017968707252293825,
    0.002049489412456751,
    0.0017312206327915192,
    0.0018946595955640078,
    0.0023610731586813927,
    0.002006706316024065,
    0.0019847708754241467,
    0.002088600303977728,
    0.0019193963380530477,
    0.0018484293250367045,
    0.002059943974018097,
    0.002163390628993511,
    0.002109005581587553,
    0.0021722475066781044,
    0.0018807039596140385,
    0.0022948787081986666,
    0.0024733226746320724,
    0.0019479235634207726,
    0.0019464724464341998,
    0.0020267507061362267,
    0.00236236909404397,
    0.001905989833176136,
    0.002482455689460039,
    0.001903090043924749,
    0.0020521243568509817,
    0.0022607878781855106,
    0.002185219433158636,
    0.001990179531276226,
    0.0017307857051491737,
    0.001865096390247345,
    0.0019605341367423534,
    0.0018049711361527443,
    0.0019230181351304054,
    0.0018231876892969012,
    0.0021723266690969467,
    0.0018176328158006072,
    0.0019649032037705183,
    0.002045219764113426,
    0.0019663264974951744,
    0.0017237704014405608,
    0.0020516321528702974,
    0.0018958677537739277,
    0.0018558811862021685,
    0.0019686259329319,
    0.0020901081152260303,
    0.0016301596770063043,
    0.0016553212190046906,
    0.0020210808143019676,
    0.0019534339662641287,
    0.0017886841669678688,
    0.0019262614659965038,
    0.0015356549993157387,
    0.002109040040522814,
    0.0023196334950625896,
    0.001834309659898281,
    0.002035396173596382,
    0.002274608239531517,
    0.0021845363080501556,
    0.0022155018523335457,
    0.0020751929841935635,
    0.0018121465109288692,
    0.002138871932402253,
    0.0021729476284235716,
    0.0022682934068143368,
    0.0018532037502154708,
    0.0024283528327941895,
    0.0020894065964967012,
    0.0019796262495219707,
    0.0021565076895058155,
    0.0020708171650767326,
    0.0022873482666909695,
    0.0017718237359076738,
    0.0018585664220154285,
    0.0016479280311614275,
    0.0020204028114676476,
