{
  "version": "plots/_T_7_5_y0_0_01_network_architectures_4_50_activations_tanh_learning_rates_0_001_collocations_1024_epochs_50000_regularization_reg_derivative_reg_epochs_1_reg_coeff_10_reg_decay_1_/run_3",
  "seed": 1,
  "y0": 0.01,
  "T": 7.5,
  "N_col": 1024,
  "N_hidden": 4,
  "N_neurons": 50,
  "activation": "tanh",
  "N_epochs": 50000,
  "learning_rate": 0.001,
  "decay_rate": 1.0,
  "freq_log": 100,
  "freq_print": 1000,
  "keys_print": [
    "loss"
  ],
  "freq_save": 0,
  "regularization": "reg_derivative",
  "reg_coeff": 10,
  "reg_decay": 1,
  "reg_epochs": 1,
  "loss": [
    7.287116527557373,
    0.5717364549636841,
    0.365378201007843,
    0.31401392817497253,
    0.250383585691452,
    0.2640417814254761,
    0.23052293062210083,
    0.19558924436569214,
    0.14691534638404846,
    0.13833531737327576,
    0.11944831907749176,
    0.13388001918792725,
    0.13449952006340027,
    0.11299417912960052,
    0.13269785046577454,
    0.09519645571708679,
    0.11462777107954025,
    0.13134965300559998,
    0.15072758495807648,
    0.11024784296751022,
    0.10370735824108124,
    0.09345218539237976,
    0.11202631890773773,
    0.08463996648788452,
    0.08853203058242798,
    0.10111864656209946,
    0.08467189222574234,
    0.0847022533416748,
    0.1067826896905899,
    0.08912624418735504,
    0.09814566373825073,
    0.0873740166425705,
    0.08919769525527954,
    0.08158063888549805,
    0.08972827345132828,
    0.09384919703006744,
    0.10629675537347794,
    0.16032674908638,
    0.10308972001075745,
    0.08374551683664322,
    0.09776216745376587,
    0.11362574994564056,
    0.09371137619018555,
    0.08975306153297424,
    0.10967539995908737,
    0.08536544442176819,
    0.08651448041200638,
    0.08555454015731812,
    0.08602139353752136,
    0.1606592983007431,
    0.5352164506912231,
    0.5616201162338257,
    0.5524367094039917,
    0.5224692225456238,
    0.5060673952102661,
    0.5339566469192505,
    0.5210552215576172,
    0.5169882774353027,
    0.4917100965976715,
    0.50206458568573,
    0.5327359437942505,
    0.51954185962677,
    0.5286919474601746,
    0.5222995281219482,
    0.5047012567520142,
    0.5107254981994629,
    0.5261441469192505,
    0.5066976547241211,
    0.523291826248169,
    0.519097626209259,
    0.5056357979774475,
    0.5339081287384033,
    0.5069140195846558,
    0.4845449924468994,
    0.5265448689460754,
    0.5029510855674744,
    0.5043148398399353,
    0.50825035572052,
    0.5212844014167786,
    0.5204676389694214,
    0.4746980667114258,
    0.48778340220451355,
    0.5252774953842163,
    0.504430890083313,
    0.5076590776443481,
    0.5083067417144775,
    0.4873005151748657,
    0.5197842717170715,
    0.5191199779510498,
    0.5216894149780273,
    0.49355849623680115,
    0.5231086015701294,
    0.5181649923324585,
    0.5137453079223633,
    0.4985167682170868,
    0.5182749032974243,
    0.5348597764968872,
    0.514748215675354,
    0.49586206674575806,
    0.5222194194793701,
    0.5186993479728699,
    0.5327109098434448,
    0.5147817730903625,
    0.507973849773407,
    0.5344415903091431,
    0.5070827007293701,
    0.5133999586105347,
    0.5086933970451355,
    0.5182554721832275,
    0.5043231248855591,
    0.5130009651184082,
    0.5245643854141235,
    0.5262422561645508,
    0.5097166299819946,
    0.514057457447052,
    0.5330277681350708,
    0.5075889825820923,
    0.5101252198219299,
    0.5097864866256714,
    0.5060000419616699,
    0.510196328163147,
    0.49693194031715393,
    0.527090847492218,
    0.5132626295089722,
    0.5019707679748535,
    0.5117421746253967,
    0.5140578150749207,
    0.49630847573280334,
    0.5200927257537842,
    0.49196529388427734,
    0.5294833183288574,
    0.5050760507583618,
    0.5268528461456299,
    0.5019749402999878,
    0.4990198016166687,
    0.5008228421211243,
    0.5105229616165161,
    0.5125670433044434,
    0.47454193234443665,
    0.5066856145858765,
    0.5195433497428894,
    0.48568665981292725,
    0.4985894560813904,
    0.4962398409843445,
    0.5144153833389282,
    0.4892374277114868,
    0.5012146234512329,
    0.5152983069419861,
    0.5172723531723022,
    0.5130971670150757,
    0.5298102498054504,
    0.49589404463768005,
    0.5211344957351685,
    0.49353206157684326,
    0.5155358910560608,
    0.5017954111099243,
    0.4998117685317993,
    0.5359954833984375,
    0.5135524272918701,
    0.5003116130828857,
    0.5176291465759277,
    0.518123984336853,
    0.520435094833374,
    0.5171810984611511,
    0.5086333155632019,
    0.5129058957099915,
    0.5060431361198425,
    0.5018686652183533,
    0.5013514161109924,
    0.5316890478134155,
    0.49732398986816406,
    0.5269515514373779,
    0.5144877433776855,
    0.5120002627372742,
    0.504291296005249,
    0.5150898694992065,
    0.5086327195167542,
    0.5051169395446777,
    0.5060187578201294,
    0.5281384587287903,
    0.5295052528381348,
    0.508933424949646,
    0.5243850946426392,
    0.5027484893798828,
    0.5108834505081177,
    0.5170940160751343,
    0.5346261262893677,
    0.5209903717041016,
    0.5030890107154846,
    0.49219778180122375,
    0.528884768486023,
    0.4940061569213867,
    0.5093731880187988,
    0.5288193225860596,
    0.4921090304851532,
    0.512325644493103,
    0.5277411341667175,
    0.48903727531433105,
    0.5157110095024109,
    0.49358758330345154,
    0.5168880224227905,
    0.52016282081604,
    0.5053388476371765,
    0.5174626708030701,
    0.5100969672203064,
    0.4938476085662842,
    0.48666882514953613,
    0.5405807495117188,
    0.5277808904647827,
    0.5095007419586182,
    0.4954511225223541,
    0.517894983291626,
    0.5037082433700562,
    0.5216346979141235,
    0.49300113320350647,
    0.5175424814224243,
    0.49998152256011963,
    0.5115706920623779,
    0.4865599274635315,
    0.4924743175506592,
    0.49727100133895874,
    0.5214952826499939,
    0.5288745164871216,
    0.4928424060344696,
    0.5199539661407471,
    0.509376049041748,
    0.5073577761650085,
    0.5203655958175659,
    0.5029786825180054,
    0.4793454706668854,
    0.5030450820922852,
    0.5118434429168701,
    0.5062058568000793,
    0.5157253742218018,
    0.5181476473808289,
    0.5157207250595093,
    0.49799710512161255,
    0.5112910866737366,
    0.49476566910743713,
    0.4970276653766632,
    0.5319572687149048,
    0.5290115475654602,
    0.5123273134231567,
    0.5064146518707275,
    0.48238155245780945,
    0.543421745300293,
    0.5123081207275391,
    0.5025944709777832,
    0.5128287076950073,
    0.5114341974258423,
    0.510403573513031,
    0.5113474130630493,
    0.5307542085647583,
    0.5304750800132751,
    0.48250842094421387,
    0.5163536071777344,
    0.5269903540611267,
    0.49606752395629883,
    0.5389465093612671,
    0.5189817547798157,
    0.5196799039840698,
    0.49451151490211487,
    0.53233402967453,
    0.4878996014595032,
    0.5170455574989319,
    0.4937582015991211,
    0.5057957172393799,
    0.5366926193237305,
    0.4930720329284668,
    0.5185372829437256,
    0.4904482960700989,
    0.5131547451019287,
    0.530504584312439,
    0.5309451222419739,
    0.5025622844696045,
    0.5041168928146362,
    0.5282595753669739,
    0.5049388408660889,
    0.5045297741889954,
    0.48298466205596924,
    0.5310807228088379,
    0.4844872057437897,
    0.5049039125442505,
    0.5427343845367432,
    0.504235029220581,
    0.5017752647399902,
    0.5032906532287598,
    0.5001118183135986,
    0.504938006401062,
    0.49613186717033386,
    0.5269162654876709,
    0.5091710090637207,
    0.5373337268829346,
    0.5268120765686035,
    0.5296312570571899,
    0.5148316621780396,
    0.5553104877471924,
    0.49788856506347656,
    0.5197615623474121,
    0.5252605676651001,
    0.48842835426330566,
    0.5265023112297058,
    0.5236564874649048,
    0.4963523745536804,
    0.5136784315109253,
    0.529718279838562,
    0.5131961703300476,
