{
  "version": "plots/_T_7_5_y0_0_001_network_architectures_4_50_activations_tanh_learning_rates_0_001_collocations_1024_epochs_50000_regularization_no_reg_reg_epochs_1_reg_coeff_1_reg_decay_1_/run_5",
  "seed": 1,
  "y0": 0.001,
  "T": 7.5,
  "N_col": 1024,
  "N_hidden": 4,
  "N_neurons": 50,
  "activation": "tanh",
  "N_epochs": 50000,
  "learning_rate": 0.001,
  "decay_rate": 1.0,
  "freq_log": 100,
  "freq_print": 1000,
  "keys_print": [
    "loss"
  ],
  "freq_save": 0,
  "regularization": "no_reg",
  "reg_coeff": 1,
  "reg_decay": 1,
  "reg_epochs": 1,
  "loss": [
    0.030246522277593613,
    1.5753894331282936e-06,
    3.100240917319752e-07,
    3.2247635317617096e-07,
    2.871804269943823e-07,
    3.0413826834774227e-07,
    3.0101236347945814e-07,
    2.997249168856797e-07,
    2.914579795287864e-07,
    2.743589675446856e-07,
    2.4730718450882705e-07,
    3.238723138565547e-07,
    3.09413451304863e-07,
    3.799516434810357e-07,
    7.933888991829008e-05,
    2.5021214241860434e-05,
    1.3772024431091268e-05,
    3.6772792100236984e-07,
    6.152595801722782e-07,
    2.9660262157449324e-07,
    3.0457908906100783e-07,
    2.84690031548962e-07,
    4.4216812966624275e-06,
    4.86013504996663e-07,
    1.1246663689234992e-06,
    3.7352779145294335e-06,
    3.044835921173217e-07,
    1.2855916793341748e-05,
    3.8255893741734326e-07,
    2.358751316933194e-06,
    2.922541568750603e-07,
    3.3101500207521894e-07,
    2.7657097234623507e-07,
    2.5336686348964577e-07,
    3.2764016850705957e-06,
    2.605805775601766e-07,
    1.388547843816923e-06,
    7.339353032875806e-05,
    3.228748823858041e-07,
    6.17200726082956e-07,
    2.771564879822108e-07,
    1.145661371992901e-06,
    4.2214301743115357e-07,
    2.8883039249194553e-07,
    3.840983993086411e-07,
    3.2845596251718234e-06,
    2.3746322597162361e-07,
    3.0794689109825413e-07,
    3.3890511986101046e-05,
    2.7053755502493004e-07,
    4.967297400071402e-07,
    1.6615226741123479e-06,
    6.532508223244804e-07,
    2.82833525488968e-07,
    5.149287289896165e-07,
    2.8587146516656503e-07,
    4.1917792259482667e-07,
    1.6986966784315882e-06,
    1.2583159332280047e-06,
    2.822634712629224e-07,
    2.1433875190268736e-06,
    4.044202341901837e-07,
    4.092136805411428e-06,
    3.006472013566963e-07,
    2.989075937875896e-07,
    2.74436189329208e-07,
    8.871419368006173e-07,
    2.63165475189453e-07,
    4.1162038542097434e-06,
    2.613461731471034e-07,
    2.7094196752841526e-07,
    5.509422180693946e-07,
    9.714549378259107e-07,
    6.606336455661221e-07,
    4.5800271664120373e-07,
    2.3644253133170423e-07,
    3.03352038599769e-07,
    3.3941597621378605e-07,
    2.8714410404973023e-07,
    6.003140242683003e-07,
    3.039232012724824e-07,
    2.8449537126107316e-07,
    1.0440974165248917e-06,
    2.737236854954972e-07,
    3.0678896223435004e-07,
    2.2167864699440543e-06,
    3.109659019173705e-06,
    2.842038497874455e-07,
    2.559902441134909e-07,
    3.040308911295142e-07,
    4.953625193593325e-06,
    4.543809097867779e-07,
    5.457557108456967e-07,
    2.291586156388803e-07,
    2.661163875927741e-07,
    4.410070459925919e-07,
    2.633088058701105e-07,
    2.8918927341692324e-07,
    9.051672122950549e-07,
    2.937089220722555e-07,
    3.6559771388056106e-07,
    8.76114938819228e-07,
    2.7914660449823714e-07,
    2.61783497990109e-07,
    2.5620209953558515e-07,
    3.303057383163832e-07,
    2.585402967270056e-07,
    2.719536382755905e-07,
    2.7900267696168157e-07,
    2.720254315136117e-07,
    5.583833171840524e-06,
    3.008268549820059e-07,
    3.643150137122575e-07,
    3.6667466929429793e-07,
    6.17469822827843e-07,
    3.8017435599613236e-07,
    2.530804579237156e-07,
    2.7694869686456514e-07,
    6.374239092110656e-07,
    3.039565967810631e-07,
    2.99080369359217e-07,
    2.8161244358670956e-07,
    4.193077813852142e-07,
    3.204681320312375e-07,
    2.567782644291583e-07,
    8.985585964182974e-07,
    4.6884363769095216e-07,
    5.094681455375394e-06,
    3.1552141877000395e-07,
    0.0007427750388160348,
    5.261465503281215e-07,
    2.4097164441627683e-07,
    2.3899229972812464e-07,
    2.703214647681307e-07,
    2.489473445166368e-07,
    2.650753003763384e-07,
    3.0153734087434714e-07,
    2.6771942884806776e-07,
    2.730623123170517e-07,
    2.6730390345619526e-07,
    2.7287035209155874e-07,
    2.481452838765108e-07,
    2.773661265109695e-07,
    2.5937919190255343e-07,
    3.2210894573836413e-07,
    2.7635184096652665e-07,
    2.492346027338499e-07,
    2.622778936256509e-07,
    2.4226599748544686e-07,
    2.944970276530512e-07,
    2.6649576057025115e-07,
    2.631363997807057e-07,
    1.848037811669201e-07,
    2.679233261915215e-07,
    2.2826696977062966e-07,
    2.5922301460923336e-07,
    2.560087182246207e-07,
    2.7840803795697866e-07,
    2.7158620241607423e-07,
    2.6500251237848715e-07,
    2.7488999876368325e-07,
    2.5185025265273e-07,
    2.6888892534771003e-07,
    2.817402560140181e-07,
    2.78080790394597e-07,
    2.658237008290598e-07,
    2.598246169327467e-07,
    2.4035517753873137e-07,
    2.537849184136576e-07,
    2.5445234541621176e-07,
    2.525267746023019e-07,
    2.6799230568030907e-07,
    2.677056158972846e-07,
    2.741364824032644e-07,
    2.5636066425249737e-07,
    2.5246094992326107e-07,
    2.490943984412297e-07,
    2.8131844942436146e-07,
    2.4981665092127514e-07,
    2.5645027790233144e-07,
    3.1202142736219685e-07,
    2.3615712052560411e-07,
    2.508163845504896e-07,
    2.900640083680628e-07,
    3.001998152285523e-07,
    2.775965981527406e-07,
    2.5619311827540514e-07,
    2.6134779318454093e-07,
    2.942083483503666e-07,
    2.9293914849404246e-07,
    3.211039256711956e-07,
    3.146139420096006e-07,
    2.3564470552628336e-07,
    3.1650969845031796e-07,
    2.956815308152727e-07,
    3.5971470424556173e-07,
    2.833622261277924e-07,
    7.169248874561163e-07,
    2.937399585789535e-07,
    2.7129024715577543e-07,
    3.3870176707750943e-07,
    3.4403126392135164e-07,
    4.5947561488901556e-07,
    3.6625226584874326e-07,
    3.8994537021608267e-07,
    3.813138107489067e-07,
    2.507597400835948e-07,
    2.9581676130874257e-07,
    6.650033128607902e-07,
    2.966132512938202e-07,
    3.7971750543874805e-07,
    3.608483041261934e-07,
    2.574695372459246e-07,
    2.716685116865847e-07,
    3.5948045251643634e-07,
    3.251926443681441e-07,
    4.4349724248604616e-07,
    3.861522372972104e-07,
    4.5011458382759884e-07,
    4.235423602949595e-07,
    2.8328048529147054e-07,
    2.850879070592782e-07,
    3.040043452529062e-07,
    2.953004809569393e-07,
    3.3387220810254803e-07,
    2.9708786541959853e-07,
    2.914762262662407e-07,
    2.6158645027862804e-07,
    3.104964321209991e-07,
    4.919845650874777e-07,
    2.622535930640879e-07,
    2.864110228983918e-07,
    2.954168678570568e-07,
    4.769192969433789e-07,
    2.5880888188112294e-07,
    3.6342615317153104e-07,
    3.2521336379431887e-07,
    2.804061978167738e-07,
    3.050309373975324e-07,
    2.963877534511994e-07,
    2.7399352120482945e-07,
    2.489437065378297e-07,
    2.62886544533103e-07,
    4.554608779017144e-07,
    2.912423155976285e-07,
    2.740633249231905e-07,
    2.499830031865713e-07,
    2.9220859687484335e-07,
    3.595850159854308e-07,
    3.855550119169493e-07,
    2.775691996248497e-07,
    2.651495947247895e-07,
    3.83213063059884e-07,
    3.003942197210563e-07,
    2.71713105348681e-07,
    2.564372323377029e-07,
    2.7921112177864416e-07,
    3.2233398883363407e-07,
    2.420207465547719e-07,
    2.863460224489245e-07,
    2.731914037212846e-07,
    2.675997166079469e-07,
    2.631084612403356e-07,
    2.916013954745722e-07,
    2.7547235958991223e-07,
    2.916631842708739e-07,
    2.981695956805197e-07,
    2.9017289193689066e-07,
    0.00042334190220572054,
    9.924626738211373e-07,
    7.542948878835887e-07,
