{
  "version": "model_weights/_T_7_5_y0_0_01_network_architectures_4_50_activations_tanh_learning_rates_0_001_collocations_1024_epochs_50000_reg_epochs_0_5_reg_coeff_1_reg_decay_1_/run_8",
  "seed": 1,
  "y0": 0.01,
  "T": 7.5,
  "N_col": 1024,
  "N_hidden": 4,
  "N_neurons": 50,
  "activation": "tanh",
  "N_epochs": 50000,
  "learning_rate": 0.001,
  "decay_rate": 1.0,
  "freq_log": 100,
  "freq_print": 1000,
  "keys_print": [
    "loss"
  ],
  "freq_save": 0,
  "reg_coeff": 1,
  "reg_decay": 1,
  "reg_epochs": 0.5,
  "loss": [
    0.1583334356546402,
    0.03781707584857941,
    0.034947991371154785,
    0.034327760338783264,
    0.032422278076410294,
    0.0363009013235569,
    0.035625338554382324,
    0.03493926674127579,
    0.03506338223814964,
    0.03298662230372429,
    0.030212512239813805,
    0.037575047463178635,
    0.03685358911752701,
    0.03848951309919357,
    0.0353572815656662,
    0.037758130580186844,
    0.03065161220729351,
    0.03797559440135956,
    0.03265388682484627,
    0.03445333242416382,
    0.03367528319358826,
    0.03305870294570923,
    0.03381041809916496,
    0.03640034794807434,
    0.03472983092069626,
    0.03406348079442978,
    0.03291262313723564,
    0.03335248678922653,
    0.03226276487112045,
    0.037256769835948944,
    0.0346645750105381,
    0.035597000271081924,
    0.03273845463991165,
    0.03265181928873062,
    0.033954668790102005,
    0.033101245760917664,
    0.03495532274246216,
    0.0351964496076107,
    0.03662914037704468,
    0.030275419354438782,
    0.033661842346191406,
    0.03632640838623047,
    0.03506934642791748,
    0.033499374985694885,
    0.033312469720840454,
    0.03432898595929146,
    0.03125400096178055,
    0.0328880213201046,
    0.03445589914917946,
    0.033991239964962006,
    0.03470448777079582,
    0.03200758248567581,
    0.03621620684862137,
    0.03542355075478554,
    0.03643612563610077,
    0.03310302644968033,
    0.03485505282878876,
    0.031133132055401802,
    0.036634866148233414,
    0.03433114290237427,
    0.033272188156843185,
    0.0327826552093029,
    0.0361035019159317,
    0.03334157541394234,
    0.036021552979946136,
    0.03375566378235817,
    0.034373778849840164,
    0.03365748003125191,
    0.035710252821445465,
    0.033374007791280746,
    0.03494654968380928,
    0.034069593995809555,
    0.033717356622219086,
    0.03773823380470276,
    0.03349729999899864,
    0.0313296802341938,
    0.036616310477256775,
    0.03609746694564819,
    0.03585305064916611,
    0.03514266014099121,
    0.03524363040924072,
    0.03506065905094147,
    0.0329141691327095,
    0.034298207610845566,
    0.03441222757101059,
    0.03283928707242012,
    0.0357857346534729,
    0.035692863166332245,
    0.033151593059301376,
    0.03217168152332306,
    0.03486870229244232,
    0.029243476688861847,
    0.03328229486942291,
    0.03130491077899933,
    0.03316858783364296,
    0.033182770013809204,
    0.03326845169067383,
    0.03286010026931763,
    0.03637067973613739,
    0.035670503973960876,
    0.031435366719961166,
    0.03204749524593353,
    0.03483648598194122,
    0.03283526375889778,
    0.033015791326761246,
    0.03911314904689789,
    0.031192105263471603,
    0.03466785326600075,
    0.03524508327245712,
    0.034515492618083954,
    0.034364186227321625,
    0.03253456950187683,
    0.03529663756489754,
    0.03334147483110428,
    0.032632093876600266,
    0.035061296075582504,
    0.03288877755403519,
    0.032742973417043686,
    0.0329996757209301,
    0.03597103804349899,
    0.036716870963573456,
    0.036204155534505844,
    0.03439706563949585,
    0.032415539026260376,
    0.03202375769615173,
    0.036972738802433014,
    0.03382982313632965,
    0.03554169833660126,
    0.03482053056359291,
    0.034883417189121246,
    0.032974205911159515,
    0.03102819062769413,
    0.031106211245059967,
    0.0321151502430439,
    0.031874556094408035,
    0.034281305968761444,
    0.0365784652531147,
    0.0322713665664196,
    0.0338280014693737,
    0.03388597443699837,
    0.03243270143866539,
    0.03207401558756828,
    0.03532439470291138,
    0.033848658204078674,
    0.03741894289851189,
    0.03313242644071579,
    0.032264504581689835,
    0.03324046730995178,
    0.03186957910656929,
    0.03492492064833641,
    0.03407709673047066,
    0.0337180495262146,
    0.026993755251169205,
    0.03414652496576309,
    0.030232226476073265,
    0.03347402811050415,
    0.033244188874959946,
    0.03451346233487129,
    0.03353523090481758,
    0.03274298459291458,
    0.03456929326057434,
    0.0331367664039135,
    0.032707780599594116,
    0.03473475202918053,
    0.034399740397930145,
    0.03337736800312996,
    0.03424006327986717,
    0.031449414789676666,
    0.033165931701660156,
    0.033025920391082764,
    0.032562609761953354,
    0.03441527113318443,
    0.03402867540717125,
    0.03454886004328728,
    0.032732028514146805,
    0.03270711377263069,
    0.03336445987224579,
    0.03552986681461334,
    0.031543560326099396,
    0.034140005707740784,
    0.037023454904556274,
    0.03153549134731293,
    0.032763998955488205,
    0.03595063462853432,
    0.035890646278858185,
    0.03510633483529091,
    0.03298996388912201,
    0.034091152250766754,
    0.034937065094709396,
    0.03535453975200653,
    0.03836620971560478,
    0.03208401799201965,
    0.031187383458018303,
    0.0348067507147789,
    0.03640107810497284,
    0.03331252932548523,
    0.035263076424598694,
    0.035146187990903854,
    0.03432302922010422,
    0.03471747040748596,
    0.03252769261598587,
    0.03476860746741295,
    0.03469591587781906,
    0.03637327253818512,
    0.03577974811196327,
    0.035605523735284805,
    0.03132354095578194,
    0.036183156073093414,
    0.03535494953393936,
    0.03495148569345474,
    0.03343283385038376,
    0.03622804582118988,
    0.03304879367351532,
    0.0318462997674942,
    0.034566741436719894,
    0.03150254860520363,
    0.03388969972729683,
    0.036661338061094284,
    0.03411387652158737,
    0.03287799283862114,
    0.03611556068062782,
    0.03428518772125244,
    0.03399626165628433,
    0.03626611456274986,
    0.03610999509692192,
    0.03519599884748459,
    0.033840734511613846,
    0.0333356112241745,
    0.036723628640174866,
    0.03897091746330261,
    0.034127913415431976,
    0.03315655514597893,
    0.03367699682712555,
    0.03797531872987747,
    0.03277289494872093,
    0.039229538291692734,
    0.03270696848630905,
    0.03309610113501549,
    0.03695071116089821,
    0.036933038383722305,
    0.03359948471188545,
    0.03139990568161011,
    0.03338935598731041,
    0.034322164952754974,
    0.03299430012702942,
    0.03341938927769661,
    0.03158969804644585,
    0.035781506448984146,
    0.03292594850063324,
    0.03519977629184723,
    0.03413694351911545,
    7.459501830453519e-06,
    3.262296104367124e-06,
    2.5612398530938663e-06,
    1.7407407995051472e-06,
    1.4343772818392608e-06,
    1.0294143066857941e-06,
    8.938455948737101e-07,
    6.468974333984079e-07,
    4.7015666382321797e-07,
    1.1937320323340828e-06,
    3.4892815392595367e-07,
    7.867646445447463e-07,
    2.3112194469376846e-07,
    5.243795726528333e-07,
    2.368628884141799e-07,
    4.343673651874269e-07,
    2.026455945269845e-07,
    5.928957307332894e-07,
    3.8752102682337863e-07,
    1.0898587277097249e-07,
    7.087388439686038e-06,
    1.3926424458077236e-07,
    8.805735660644132e-07,
    1.0990220999929079e-07,
    4.802011517313076e-06,
    1.548782847748953e-06,
    1.2485405704865116e-06,
    1.8211125052403077e-06,
    2.59656047774115e-07,
    1.401568283654342e-07,
    4.272900469004526e-07,
    2.7160122044733725e-06,
    4.0754093788564205e-07,
    5.015587021262036e-07,
    1.5535218267359596e-07,
    3.520541724810755e-07,
    5.555792085942812e-06,
    8.07739439778743e-08,
    8.180114718925324e-08,
    2.438530373183312e-07,
    2.078901104596298e-07,
