{
  "version": "model_weights/_T_10_y0_0_1_network_architectures_4_50_activations_tanh_learning_rates_0_001_collocations_1024_epochs_50000_reg_epochs_0_25_reg_coeff_1_reg_decay_1_/run_2",
  "seed": 1,
  "y0": 0.1,
  "T": 10,
  "N_col": 1024,
  "N_hidden": 4,
  "N_neurons": 50,
  "activation": "tanh",
  "N_epochs": 50000,
  "learning_rate": 0.001,
  "decay_rate": 1.0,
  "freq_log": 100,
  "freq_print": 1000,
  "keys_print": [
    "loss"
  ],
  "freq_save": 0,
  "reg_coeff": 1,
  "reg_decay": 1,
  "reg_epochs": 0.25,
  "loss": [
    0.14206461608409882,
    0.1370980143547058,
    0.13699817657470703,
    0.1371002048254013,
    0.13695961236953735,
    0.13718539476394653,
    0.13715407252311707,
    0.13714604079723358,
    0.13710647821426392,
    0.038104504346847534,
    0.02099701762199402,
    0.026265885680913925,
    0.02405853010714054,
    0.025683235377073288,
    0.023275431245565414,
    0.02464384399354458,
    0.019614048302173615,
    0.024035649374127388,
    0.021231472492218018,
    0.02196638099849224,
    0.022085435688495636,
    0.020779583603143692,
    0.02131073921918869,
    0.02289014682173729,
    0.022249188274145126,
    0.021971536800265312,
    0.020816072821617126,
    0.02105781063437462,
    0.020404420793056488,
    0.02399490401148796,
    0.022131403908133507,
    0.02258140593767166,
    0.020601801574230194,
    0.020682908594608307,
    0.021603228524327278,
    0.020522264763712883,
    0.02263760007917881,
    0.022235659882426262,
    0.023565193638205528,
    0.019245965406298637,
    0.021514907479286194,
    0.02303113415837288,
    0.022037457674741745,
    0.021250901743769646,
    0.02148556336760521,
    0.02173532359302044,
    0.02011040784418583,
    0.021415114402770996,
    0.022314157336950302,
    0.02156846784055233,
    0.02198663353919983,
    0.02080773562192917,
    0.023128865286707878,
    0.022392429411411285,
    0.023452164605259895,
    0.021666599437594414,
    0.02244587056338787,
    0.020934320986270905,
    0.023210294544696808,
    0.02227293699979782,
    0.021568207070231438,
    0.0209663063287735,
    0.023323267698287964,
    0.021594339981675148,
    0.023318640887737274,
    0.02150331810116768,
    0.02148025669157505,
    0.021214505657553673,
    0.0225344467908144,
    0.021245265379548073,
    0.022002028301358223,
    0.02188960090279579,
    0.021281808614730835,
    0.024194931611418724,
    0.021624930202960968,
    0.019796259701251984,
    0.02423899993300438,
    0.02310766652226448,
    0.022725991904735565,
    0.021791648119688034,
    0.022430215030908585,
    0.022078655660152435,
    0.02088996395468712,
    0.021591242402791977,
    0.02222324348986149,
    0.020741334185004234,
    0.02297385409474373,
    0.022818654775619507,
    0.021022196859121323,
    0.020691826939582825,
    0.022350946441292763,
    0.01913348212838173,
    0.021056663244962692,
    0.019954558461904526,
    0.021462393924593925,
    0.021716879680752754,
    0.021456003189086914,
    0.021236419677734375,
    0.023215368390083313,
    0.02289675921201706,
    0.019655302166938782,
    0.020720429718494415,
    0.022400250658392906,
    0.02185942977666855,
    0.02109767682850361,
    0.024855569005012512,
    0.020483797416090965,
    0.021799813956022263,
    0.022112760692834854,
    0.021884527057409286,
    0.02229209430515766,
    0.0214167982339859,
    0.02233170159161091,
    0.02139958180487156,
    0.02056470513343811,
    0.022708110511302948,
    0.020927496254444122,
    0.021025685593485832,
    0.021187175065279007,
    0.022901007905602455,
    0.023332249373197556,
    0.02268240787088871,
    0.021767903119325638,
    0.020579366013407707,
    0.02019140124320984,
    0.0237819142639637,
    3.0224146030377597e-06,
    2.818169377860613e-06,
    2.3372422219836153e-06,
    1.917230292747263e-06,
    3.968457349401433e-06,
    1.9615115434135078e-06,
    1.1306276064715348e-05,
    8.701198566996027e-06,
    1.7895945347845554e-05,
    0.0002521245332900435,
    1.0732345572250779e-06,
    1.103183240047656e-05,
    2.180874434998259e-05,
    2.453954039083328e-06,
    0.00014161024591885507,
    8.468949772577616e-07,
    7.441316029144218e-06,
    9.83249719865853e-07,
    5.072105523140635e-06,
    5.951173989160452e-06,
    1.1399054528737906e-05,
    4.612988959706854e-06,
    2.977378426294308e-05,
    2.7925496397074312e-05,
    0.0001791394461179152,
    5.42595807928592e-05,
    6.506707450171234e-06,
    1.2743041679641465e-06,
    2.6033430913230404e-06,
    5.565835863308166e-07,
    6.280802153924014e-07,
    6.856117238385195e-07,
    7.003279165473941e-07,
    5.931699433858739e-07,
    4.909018753096461e-05,
    1.6741816580179147e-05,
    0.0020696690771728754,
    0.0021225917153060436,
    0.0020971507765352726,
    0.001992968376725912,
    0.0018860197160393,
    0.0017958949320018291,
    0.0018819118849933147,
    0.001889196690171957,
    0.0018696114420890808,
    0.0019891615957021713,
    0.0019652117043733597,
    0.0020466321147978306,
    0.0019322724547237158,
    0.0019142634700983763,
    0.0017926550935953856,
    0.0020889509469270706,
    0.0017566544702276587,
    0.001842442899942398,
    0.002241414040327072,
    0.0017286157235503197,
    0.0018438103143125772,
    0.0021519968286156654,
    0.0022461158223450184,
    0.0020311428233981133,
    0.001782736973837018,
    0.001934537896886468,
    0.0021011936478316784,
    0.0021096388809382915,
    0.0025466009974479675,
    0.0017696873983368278,
    0.0017015207558870316,
    0.0020253548864275217,
    0.002179639181122184,
    0.0019199990201741457,
    0.00209387531504035,
    0.001774937380105257,
    0.00204067793674767,
    0.0020588033366948366,
    0.0019055361626669765,
    0.002136217663064599,
    0.001963372342288494,
    0.002272827085107565,
    0.0023168670013546944,
    0.002121341647580266,
    0.0017057941295206547,
    0.0022509321570396423,
    0.002169121988117695,
    0.0022247550077736378,
    0.0018466918263584375,
    0.0022862907499074936,
    0.0019279919797554612,
    0.001826407155022025,
    0.0020392732694745064,
    0.0017456915229558945,
    0.001898080576211214,
    0.002435689326375723,
    0.002014338504523039,
    0.002007972914725542,
    0.002080290811136365,
    0.0019085542298853397,
    0.001859317533671856,
    0.002043754793703556,
    0.002170577645301819,
    0.002109452849254012,
    0.002170335967093706,
    0.0018783877603709698,
    0.002288052812218666,
    0.002482837066054344,
    0.0019493753788992763,
    0.00195205002091825,
    0.0020226137712597847,
    0.0023613576777279377,
    0.0019020718755200505,
    0.0024870929773896933,
    0.0019055281300097704,
    0.002047415589913726,
    0.0022622321266680956,
    0.0021881600841879845,
    0.0019991134759038687,
    0.0017318237805739045,
    0.001861453871242702,
    0.001977708423510194,
    0.0017974735237658024,
    0.0019106320105493069,
    0.0018375470535829663,
    0.002179842907935381,
    0.0018161351326853037,
    0.0019604661501944065,
    0.0020350180566310883,
    0.001971987308934331,
    0.001722851418890059,
    0.0020372136496007442,
    0.0018798165256157517,
    0.0018171630799770355,
    0.001974403625354171,
    0.0020936753135174513,
    0.001627245801500976,
    0.0016615742351859808,
    0.0020211092196404934,
    0.0019540879875421524,
    0.0017687210347503424,
    0.0019275170052424073,
    0.0015264640096575022,
    0.002104845130816102,
    0.002311633201315999,
    0.001895663095638156,
    0.0020414376631379128,
    0.0022822851315140724,
    0.0021780182141810656,
    0.0022130445577204227,
    0.002074653748422861,
    0.0018205465748906136,
    0.0021348607260733843,
    0.0021695513278245926,
    0.0022832611575722694,
    0.001859491690993309,
    0.0024721724912524223,
    0.002078631892800331,
    0.0019747524056583643,
    0.002159629249945283,
    0.002052794210612774,
    0.0022613650653511286,
