{
  "version": "model_weights/_T_10_y0_0_1_network_architectures_4_50_activations_tanh_learning_rates_0_001_collocations_1024_epochs_50000_reg_epochs_0_reg_coeff_1_reg_decay_1_/run_4",
  "seed": 1,
  "y0": 0.1,
  "T": 10,
  "N_col": 1024,
  "N_hidden": 4,
  "N_neurons": 50,
  "activation": "tanh",
  "N_epochs": 50000,
  "learning_rate": 0.001,
  "decay_rate": 1.0,
  "freq_log": 100,
  "freq_print": 1000,
  "keys_print": [
    "loss"
  ],
  "freq_save": 0,
  "reg_coeff": 1,
  "reg_decay": 1,
  "reg_epochs": 0,
  "loss": [
    0.12762224674224854,
    0.0020411345176398754,
    0.001864995458163321,
    0.002022047294303775,
    0.0018126629292964935,
    0.002110893838107586,
    0.0020506405271589756,
    0.0021144377533346415,
    0.002037888392806053,
    0.00188094237819314,
    0.00168049824424088,
    0.0023605371825397015,
    0.0021086877677589655,
    0.0023918324150145054,
    0.0021407827734947205,
    0.0023424974642693996,
    0.0016689831390976906,
    0.0023425461258739233,
    0.0018834623042494059,
    0.001946045784279704,
    0.0020769634284079075,
    0.0018497315468266606,
    0.0018819347023963928,
    0.0021276180632412434,
    0.0020266459323465824,
    0.0020184486638754606,
    0.0018724685069173574,
    0.001867720391601324,
    0.0017726767109706998,
    0.0023540041875094175,
    0.0020273500122129917,
    0.0020893753971904516,
    0.0017998672556132078,
    0.0018055912805721164,
    0.0020044909324496984,
    0.001962369540706277,
    0.002124156802892685,
    0.002024195622652769,
    0.0023441524244844913,
    0.001659432309679687,
    0.001975418534129858,
    0.0022252220660448074,
    0.0020324711222201586,
    0.00197527464479208,
    0.0020321744959801435,
    0.0019408445805311203,
    0.0017642400925979018,
    0.002015963662415743,
    0.002067271852865815,
    0.001988347852602601,
    0.00206577917560935,
    0.001913969637826085,
    0.0022193302866071463,
    0.002272925339639187,
    0.002209646627306938,
    0.0019873951096087694,
    0.0021672225557267666,
    0.0018387604504823685,
    0.002250389661639929,
    0.002123079728335142,
    0.0020417016930878162,
    0.002028968185186386,
    0.00222472520545125,
    0.0019000752363353968,
    0.0022561887744814157,
    0.0019629690796136856,
    0.0018911744700744748,
    0.0019178558140993118,
    0.0020546521991491318,
    0.0019053877331316471,
    0.0019777861889451742,
    0.0022610006853938103,
    0.0018978221341967583,
    0.0023445100523531437,
    0.001995958387851715,
    0.0016417900333181024,
    0.0023871054872870445,
    0.0021607941016554832,
    0.0021443096920847893,
    0.0019301394931972027,
    0.0021686460822820663,
    0.002053681993857026,
    0.0018724609399214387,
    0.0019610710442066193,
    0.0020809078123420477,
    0.0017877131467685103,
    0.002116644289344549,
    0.0020947535522282124,
    0.001932617393322289,
    0.0019055309239774942,
    0.0020296985749155283,
    0.0016567511484026909,
    0.0019106980180367827,
    0.0016570150619372725,
    0.002064367523416877,
    0.0020127403549849987,
    0.002015958772972226,
    0.002000617329031229,
    0.002222586888819933,
    0.00226012384518981,
    0.0016571255400776863,
    0.0019677304662764072,
    0.0020751957781612873,
    0.0019576936028897762,
    0.0018790074391290545,
    0.0024228335823863745,
    0.0019225617870688438,
    0.002034225035458803,
    0.0019943066872656345,
    0.0020418930798768997,
    0.0020927300211042166,
    0.0020763275679200888,
    0.002101539634168148,
    0.001991992350667715,
    0.0017952743219211698,
    0.0020847199484705925,
    0.001878783106803894,
    0.0018903890158981085,
    0.0019378812285140157,
    0.0021699080243706703,
    0.0022192001342773438,
    0.0020380408968776464,
    0.001966640818864107,
    0.0018638786859810352,
    0.0017693236004561186,
    0.0022565347608178854,
    0.0019666296429932117,
    0.0020668767392635345,
    0.0021942576859146357,
    0.0019827093929052353,
    0.0019378139404579997,
    0.0016755620017647743,
    0.0016869166865944862,
    0.0018655076855793595,
    0.001718251034617424,
    0.0018515342380851507,
    0.0021949009969830513,
    0.001908539910800755,
    0.0019808048382401466,
    0.0018961759051308036,
    0.0019305816385895014,
    0.0017623512540012598,
    0.002010148484259844,
    0.0018117197323590517,
    0.002369666937738657,
    0.0020132935605943203,
    0.0017795389285311103,
    0.0019184992415830493,
    0.0017347277607768774,
    0.002137858187779784,
    0.0019243245478719473,
    0.0019229764584451914,
    0.0012574598658829927,
    0.0019615269266068935,
    0.0016781307058408856,
    0.001922765513882041,
    0.0018610490951687098,
    0.0020451988093554974,
    0.0020177634432911873,
    0.0019661099649965763,
    0.0020411789882928133,
    0.0018487577326595783,
    0.0019854563288390636,
    0.0020943540148437023,
    0.0020806826651096344,
    0.0019966010004281998,
    0.001894940622150898,
    0.001788351684808731,
    0.001874819165095687,
    0.0019056914607062936,
    0.0018566240323707461,
    0.0019771200604736805,
    0.0019718906842172146,
    0.002032673917710781,
    0.0018960005836561322,
    0.0018927750643342733,
    0.0018045585602521896,
    0.0020839099306613207,
    0.0017518633976578712,
    0.0018491542432457209,
    0.0022176806814968586,
    0.0017133397050201893,
    0.0018329687882214785,
    0.0021483292803168297,
    0.002229718491435051,
    0.0020334224682301283,
    0.0017728994134813547,
    0.0019113571615889668,
    0.002111503854393959,
    0.0021067399065941572,
    0.0025482862256467342,
    0.001776479883119464,
    0.0016868745442479849,
    0.0020039144437760115,
    0.0021645021624863148,
    0.0018749759765341878,
    0.0020930087193846703,
    0.001842188066802919,
    0.0020186349283903837,
    0.00205024890601635,
    0.00188593496568501,
    0.00214250641874969,
    0.001953592523932457,
    0.0022779633291065693,
    0.0022726883180439472,
    0.0021098479628562927,
    0.001631732564419508,
    0.0022438799496740103,
    0.0021631172858178616,
    0.002235112711787224,
    0.0018534043338149786,
    0.0022328549530357122,
    0.0019173161126673222,
    0.0017815935425460339,
    0.0019489064579829574,
    0.0017155185341835022,
    0.0018937328131869435,
    0.0023821000941097736,
    0.0020015386398881674,
    0.001976129598915577,
    0.002088986337184906,
    0.001921257353387773,
    0.0018460397841408849,
    0.0020345482043921947,
    0.002205106895416975,
    0.0021084705367684364,
    0.0021839053370058537,
    0.0018842562567442656,
    0.002290027681738138,
    0.002443203702569008,
    0.001957215368747711,
    0.0019469155231490731,
    0.0020265502389520407,
    0.0023733824491500854,
    0.001912220031954348,
    0.0024403114803135395,
    0.0019020303152501583,
    0.002029522554948926,
    0.0022672140039503574,
    0.0021871086210012436,
    0.002003168221563101,
    0.0017305213259533048,
    0.0018582867924124002,
    0.001974493730813265,
    0.001813514856621623,
    0.0019131184089928865,
    0.001834487309679389,
    0.002148480387404561,
    0.001800613827072084,
    0.001950554782524705,
    0.0020393221639096737,
    0.0019490437116473913,
    0.0017054229974746704,
    0.002031650161370635,
    0.0018543120240792632,
    0.001808261382393539,
    0.0019647208973765373,
    0.002078679855912924,
    0.0016335530672222376,
    0.001653421437367797,
    0.0020220098085701466,
    0.0019513930892571807,
    0.0017620953731238842,
    0.0019252673955634236,
    0.0015435207169502974,
    0.0020964425057172775,
    0.0023148672189563513,
    0.0018309506122022867,
    0.0020108260214328766,
    0.002272825688123703,
    0.002172914333641529,
    0.002218114212155342,
    0.002062810817733407,
    0.0018117629224434495,
    0.0021394197829067707,
    0.0021732416935265064,
    0.002254907274618745,
    0.0018543435726314783,
    0.0024353573098778725,
    0.002069484442472458,
