{
  "version": "model_weights/_T_7_5_y0_0_001_network_architectures_4_50_activations_tanh_learning_rates_0_001_collocations_1024_epochs_50000_reg_epochs_0_75_reg_coeff_1_reg_decay_1_/run_2",
  "seed": 1,
  "y0": 0.001,
  "T": 7.5,
  "N_col": 1024,
  "N_hidden": 4,
  "N_neurons": 50,
  "activation": "tanh",
  "N_epochs": 50000,
  "learning_rate": 0.001,
  "decay_rate": 1.0,
  "freq_log": 100,
  "freq_print": 1000,
  "keys_print": [
    "loss"
  ],
  "freq_save": 0,
  "reg_coeff": 1,
  "reg_decay": 1,
  "reg_epochs": 0.75,
  "loss": [
    0.15758001804351807,
    0.13533541560173035,
    0.13532786071300507,
    0.13488885760307312,
    0.03376367315649986,
    0.038075607270002365,
    0.0376100167632103,
    0.03657374531030655,
    0.0372985377907753,
    0.03419695794582367,
    0.03117317706346512,
    0.038536254316568375,
    0.037874046713113785,
    0.03961577266454697,
    0.036317870020866394,
    0.03866524249315262,
    0.031460102647542953,
    0.03892325982451439,
    0.033413223922252655,
    0.03531120717525482,
    0.03443099185824394,
    0.03389358147978783,
    0.034679535776376724,
    0.03742818534374237,
    0.035574786365032196,
    0.034897129982709885,
    0.03373899310827255,
    0.03408808633685112,
    0.033077679574489594,
    0.03810873627662659,
    0.03553866595029831,
    0.036629654467105865,
    0.03353719413280487,
    0.03338819742202759,
    0.034566730260849,
    0.03396430239081383,
    0.0358307883143425,
    0.03604630380868912,
    0.037535227835178375,
    0.031049659475684166,
    0.03430281952023506,
    0.0372442826628685,
    0.03596992790699005,
    0.034248944371938705,
    0.034148212522268295,
    0.03515859693288803,
    0.03201840817928314,
    0.03356777876615524,
    0.035379137843847275,
    0.03473473712801933,
    0.03602539747953415,
    0.032839369028806686,
    0.03712765499949455,
    0.03631054237484932,
    0.037369146943092346,
    0.03391609340906143,
    0.03565939515829086,
    0.031840354204177856,
    0.03754925727844238,
    0.03516829386353493,
    0.03415350615978241,
    0.03373851254582405,
    0.037005938589572906,
    0.03410891443490982,
    0.03695055469870567,
    0.03466149419546127,
    0.03523273766040802,
    0.03447119891643524,
    0.036590006202459335,
    0.0342036597430706,
    0.03583019971847534,
    0.03488554805517197,
    0.034532636404037476,
    0.03875850886106491,
    0.03432954475283623,
    0.032119229435920715,
    0.03758319094777107,
    0.037074796855449677,
    0.036633286625146866,
    0.036038853228092194,
    0.03629933297634125,
    0.03592832386493683,
    0.03374889865517616,
    0.03519248217344284,
    0.035256434231996536,
    0.033681854605674744,
    0.036632224917411804,
    0.036583200097084045,
    0.034069307148456573,
    0.03296094387769699,
    0.03573884069919586,
    0.029986727982759476,
    0.034085649996995926,
    0.03213450312614441,
    0.03410021960735321,
    0.03379276767373085,
    0.03420986235141754,
    0.03362177312374115,
    0.03727305680513382,
    0.03652670606970787,
    0.03218076378107071,
    0.0328235886991024,
    0.035684213042259216,
    0.033661000430583954,
    0.033782463520765305,
    0.04011091589927673,
    0.03197333589196205,
    0.035558685660362244,
    0.03610425442457199,
    0.03526800870895386,
    0.035228025168180466,
    0.03334982693195343,
    0.036125946789979935,
    0.03411117196083069,
    0.03355329483747482,
    0.036000750958919525,
    0.03372844681143761,
    0.033500831574201584,
    0.03376012295484543,
    0.03686611354351044,
    0.03763576224446297,
    0.03711174428462982,
    0.035284798592329025,
    0.0331699401140213,
    0.03282871097326279,
    0.037727952003479004,
    0.034673236310482025,
    0.03639824315905571,
    0.03565290570259094,
    0.035760506987571716,
    0.03378686681389809,
    0.03182035684585571,
    0.031856145709753036,
    0.03288025036454201,
    0.03262873739004135,
    0.03514696657657623,
    0.037491004914045334,
    0.033104848116636276,
    0.03474640101194382,
    0.03474096953868866,
    0.033188480883836746,
    0.03283945471048355,
    0.03623799607157707,
    0.034770529717206955,
    0.038338154554367065,
    0.03392738103866577,
    0.0330304354429245,
    0.03408559784293175,
    0.03263241797685623,
    0.03574610501527786,
    0.034906815737485886,
    0.034544020891189575,
    0.027615351602435112,
    0.03507676720619202,
    0.03257358819246292,
    0.03428424149751663,
    0.03408408537507057,
    0.03536059707403183,
    0.03420328348875046,
    0.03351181000471115,
    0.03541853278875351,
    0.033898770809173584,
    0.03345608711242676,
    0.03560139983892441,
    0.0352725088596344,
    0.03421710431575775,
    0.03503589332103729,
    0.032233335077762604,
    0.03399874269962311,
    0.03378076106309891,
    0.03333523869514465,
    0.035286128520965576,
    0.03488321602344513,
    0.03542469069361687,
    0.03349584341049194,
    0.03352776914834976,
    0.034189242869615555,
    0.036409880965948105,
    0.032312143594026566,
    0.03495161235332489,
    0.037890590727329254,
    0.03232833743095398,
    0.033580802381038666,
    0.036823172122240067,
    0.03678569942712784,
    0.03595198318362236,
    0.033779922872781754,
    0.03496803343296051,
    0.03578589856624603,
    0.03626050055027008,
    0.03931289166212082,
    0.03189314529299736,
    0.03209792077541351,
    0.035668425261974335,
    0.037315551191568375,
    0.034160468727350235,
    0.03616417944431305,
    0.03603813052177429,
    0.03517048805952072,
    0.03565585985779762,
    0.03333801403641701,
    0.03567230701446533,
    0.035545963793992996,
    0.03731582686305046,
    0.03669661283493042,
    0.03652682527899742,
    0.03209666162729263,
    0.037026919424533844,
    0.03624695912003517,
    0.035790253430604935,
    0.034239768981933594,
    0.03719288855791092,
    0.033868152648210526,
    0.03260565921664238,
    0.03544091805815697,
    0.032229818403720856,
    0.03474810719490051,
    0.03762304037809372,
    0.03495721146464348,
    0.033667102456092834,
    0.037044327706098557,
    0.035128701478242874,
    0.03485022112727165,
    0.03722507506608963,
    0.037039823830127716,
    0.036730848252773285,
    0.03476225584745407,
    0.03415022790431976,
    0.03764835000038147,
    0.039966367185115814,
    0.035003796219825745,
    0.033944785594940186,
    0.03450004756450653,
    0.03886530548334122,
    0.033592112362384796,
    0.04018516466021538,
    0.03352895379066467,
    0.033883363008499146,
    0.03780398517847061,
    0.037820372730493546,
    0.03447437286376953,
    0.032195255160331726,
    0.03420607000589371,
    0.035234853625297546,
    0.03382129222154617,
    0.03425337374210358,
    0.032396964728832245,
    0.036668598651885986,
    0.033749233931303024,
    0.036070726811885834,
    0.03500179573893547,
    0.03408180549740791,
    0.033108144998550415,
    0.03555639460682869,
    0.03333134204149246,
    0.03329596295952797,
    0.034576088190078735,
    0.03561818599700928,
    0.03156955912709236,
    0.0317361056804657,
    0.03497845679521561,
    0.03452640399336815,
    0.03357342630624771,
    0.03562580794095993,
    0.0324077270925045,
    0.03614633530378342,
    0.03673615679144859,
    0.03390525281429291,
    0.034789200872182846,
    0.038036324083805084,
    0.03734341263771057,
    0.0368727445602417,
    0.0349300280213356,
    0.032703109085559845,
    0.038274988532066345,
    0.03630516678094864,
    0.03798605129122734,
    0.03320325165987015,
    0.03827328234910965,
    0.03587067872285843,
    0.03456047549843788,
    0.03651838004589081,
    0.03522307425737381,
    0.03643662482500076,
    0.033265769481658936,
    0.03380855917930603,
    0.03214497119188309,
    0.03540486469864845,
    0.03197411820292473,
    0.03482399508357048,
    0.03508314862847328,
    0.03459399193525314,
    0.033703017979860306,
    0.03338829427957535,
    0.03575355187058449,
