{
  "version": "plots/_T_10_y0_0_1_network_architectures_4_50_activations_tanh_learning_rates_0_001_collocations_1024_epochs_50000_regularization_unstable_fp_reg_epochs_1_reg_coeff_1_reg_decay_1_/run_6",
  "seed": 1,
  "y0": 0.1,
  "T": 10,
  "N_col": 1024,
  "N_hidden": 4,
  "N_neurons": 50,
  "activation": "tanh",
  "N_epochs": 50000,
  "learning_rate": 0.001,
  "decay_rate": 1.0,
  "freq_log": 100,
  "freq_print": 1000,
  "keys_print": [
    "loss"
  ],
  "freq_save": 0,
  "regularization": "unstable_fp",
  "reg_coeff": 1,
  "reg_decay": 1,
  "reg_epochs": 1,
  "loss": [
    0.07341974228620529,
    0.0028044315986335278,
    0.0021066167391836643,
    0.0015045063337311149,
    0.0008977525867521763,
    0.0004579071537591517,
    0.0005957619287073612,
    0.00022675172658637166,
    0.0006760663818567991,
    0.00031550886342301965,
    0.0003899980802088976,
    8.406120468862355e-05,
    8.233361586462706e-05,
    0.0002429437154205516,
    5.396963024395518e-05,
    0.0005440948298200965,
    2.9977405574754812e-05,
    7.413754792651162e-05,
    5.441755638457835e-05,
    7.453659054590389e-05,
    0.00015464902389794588,
    1.726360096654389e-05,
    0.000519815890584141,
    1.572710243635811e-05,
    0.0001544281403766945,
    0.00023654976394027472,
    1.929849895532243e-05,
    3.3356114727212116e-05,
    0.0008900042739696801,
    8.091215022432152e-06,
    7.822502084309235e-06,
    2.9679657018277794e-05,
    7.468242984032258e-05,
    2.0901130483252928e-05,
    8.18644548417069e-06,
    4.9963682613451965e-06,
    1.194862306874711e-05,
    0.00012663044617511332,
    1.2493785106926225e-05,
    6.414797098841518e-06,
    4.439203621586785e-06,
    2.689813481993042e-05,
    5.651083029079018e-06,
    7.118022040231153e-05,
    3.916625246347394e-06,
    6.113063136581331e-05,
    3.4208037504868116e-06,
    3.895726422342705e-06,
    3.0923438316676766e-06,
    9.781755579751916e-06,
    1.0050134733319283e-05,
    1.3917780961492099e-05,
    4.5155175030231476e-05,
    1.92883771887864e-06,
    5.632098691421561e-06,
    6.132892849564087e-06,
    4.583441750583006e-06,
    2.0806842258025426e-06,
    1.6046107703004964e-05,
    3.0185938157956116e-06,
    2.7836192657559877e-06,
    9.645694808568805e-05,
    1.1803982488345355e-05,
    7.724303941358812e-06,
    1.1407453257561428e-06,
    1.4832125998509582e-06,
    1.1766912848543143e-06,
    1.1860438462463208e-05,
    1.7528863054394606e-06,
    4.193467248114757e-06,
    5.631222848023754e-06,
    8.104467497105361e-07,
    0.00010732535156421363,
    7.445223673130386e-07,
    6.19408410784672e-07,
    6.180771015351638e-05,
    6.560173915204359e-07,
    5.740614597016247e-07,
    2.1791027393192053e-05,
    5.96598829361028e-06,
    5.968842060610768e-07,
    6.525999651785241e-07,
    1.7697368093649857e-05,
    5.649330319101864e-07,
    1.627545861992985e-05,
    4.080939561390551e-06,
    0.00011355902097420767,
    3.522467295624665e-07,
    0.00015705963596701622,
    4.517194156505866e-07,
    3.807743632933125e-05,
    3.990463710579206e-07,
    1.8982595975103322e-06,
    3.033571374544408e-06,
    4.6765435968154634e-07,
    2.062660541923833e-06,
    3.506089569782489e-07,
    8.024613634916022e-05,
    5.2317132940515876e-05,
    3.5762843708653236e-07,
    3.8758145137762767e-07,
    1.1038012416975107e-05,
    0.00019144918769598007,
    1.0030792054749327e-06,
    3.146293602185324e-05,
    5.199989345783251e-07,
    2.289272970301681e-06,
    0.00032344606006518006,
    4.527854571279022e-07,
    1.6808703549031634e-06,
    1.4726968402101193e-05,
    2.6466573217476252e-06,
    2.021273530772305e-06,
    0.01127578318119049,
    1.7598786143935286e-05,
    4.096135853615124e-06,
    1.4513273072225275e-06,
    6.079328613850521e-07,
    4.657969441268506e-07,
    4.090037464266061e-07,
    3.6014455417898716e-07,
    3.525722149788635e-07,
    3.179656005158904e-07,
    2.8046787292623776e-07,
    2.7589229034674645e-07,
    2.6927335738946567e-07,
    2.617179575281625e-07,
    3.0520439509018615e-07,
    2.882037790641334e-07,
    2.444177482630039e-07,
    2.3834471107875288e-07,
    2.2252861242577637e-07,
    1.9921426996916125e-07,
    1.9176295040779223e-07,
    2.27177778810983e-07,
    2.1998044985593879e-07,
    2.1698146213111613e-07,
    1.7932497087258525e-07,
    6.283159018494189e-05,
    2.5361364919262996e-07,
    0.00040511199040338397,
    2.4384038965763466e-07,
    2.586070024790388e-07,
    1.766399861935497e-07,
    2.4732498786761425e-06,
    1.89182784993136e-07,
    1.1943170648009982e-06,
    1.9476740931168024e-07,
    1.7189749712542834e-07,
    4.0530014189243957e-07,
    3.528503293637186e-05,
    2.606058160381508e-07,
    1.4001045656186761e-06,
    2.3588072508573532e-05,
    6.466701734098024e-07,
    0.00026815361343324184,
    1.7390767936831253e-07,
    2.7555402084544767e-06,
    2.2301449007500196e-06,
    1.8047393268716405e-07,
    4.708728340574453e-07,
    3.370042520600691e-07,
    6.551979822688736e-06,
    1.3388107333867083e-07,
    3.6744090721185785e-06,
    1.0993798582603631e-07,
    3.5119364838465117e-07,
    5.868577090950566e-07,
    2.243428980364115e-07,
    1.103449847050797e-07,
    1.6749721680753282e-06,
    2.827123535098508e-05,
    1.5094235550350277e-07,
    3.485514980638982e-06,
    6.280301363403851e-07,
    1.2699487683676125e-07,
    1.464640718040755e-06,
    4.608967074659631e-08,
    1.2833735127060208e-05,
    4.399595354698249e-08,
    4.495157190831378e-05,
    3.251633629020034e-08,
    3.4015279481991456e-08,
    3.0462654621032925e-08,
    3.301825302060024e-08,
    3.6971339767433165e-08,
    3.695148916449398e-05,
    3.962731653928131e-08,
    2.4764210593275493e-06,
    2.5919611346125748e-08,
    3.9738662138688596e-08,
    4.281196743249893e-05,
    2.831590073526513e-08,
    2.31222436752887e-08,
    1.7444079958295333e-07,
    2.572506900833105e-07,
    1.0130725058843382e-06,
    1.375761460309377e-08,
    1.8489517472630723e-08,
    0.030644549056887627,
    0.01670168526470661,
    0.022449852898716927,
    0.015252937562763691,
    0.022859979420900345,
    0.013599068857729435,
    0.01079070009291172,
    0.011975113302469254,
    0.017351381480693817,
    0.011038105003535748,
    0.01211573276668787,
    0.010602621361613274,
    0.012820246629416943,
    0.012253129854798317,
    0.01584063097834587,
    0.01053124014288187,
    0.013616668060421944,
    0.011919397860765457,
    0.01323872059583664,
    0.010099432431161404,
    0.01151301059871912,
    0.011067673563957214,
    0.010000667534768581,
    0.010700388811528683,
    0.012135510332882404,
    0.012493462301790714,
    0.010370372794568539,
    0.011841615661978722,
    0.010979810729622841,
    0.010839976370334625,
    0.010264906100928783,
    0.011175641790032387,
    0.010530631989240646,
    0.011470241472125053,
    0.01288566179573536,
    0.012265963479876518,
    0.01107051968574524,
    0.012342044152319431,
    0.0101860873401165,
    0.01102040521800518,
    0.010807035490870476,
    0.010455171577632427,
    0.010513241402804852,
    0.010040606372058392,
    0.010954933241009712,
    0.010502452030777931,
    0.01035248301923275,
    0.010541554540395737,
    0.012744734063744545,
    0.011339807882905006,
    0.011894544586539268,
    0.010145992040634155,
    0.01062002032995224,
    0.01002250425517559,
    0.009040682576596737,
    0.0030807917937636375,
    7.380564966297243e-06,
    1.6534269207113539e-06,
    7.402567803183047e-07,
    4.939585096508381e-07,
    3.992967947397119e-07,
    3.1518670766672585e-06,
    1.4760045132788946e-06,
    3.6334427022666205e-07,
    1.9742265067179687e-07,
    1.3235479855211452e-05,
    1.9814683582808357e-07,
    1.9537731077434728e-07,
    1.9345363000411453e-07,
    2.2390824483409233e-07,
    1.9024392372557486e-07,
    1.8426756298595137e-07,
    4.243697730998974e-06,
    5.265335494186729e-05,
    2.198589470481238e-07,
