{
  "version": "plots/_T_10_y0_0_1_network_architectures_4_50_activations_tanh_learning_rates_0_001_collocations_1024_epochs_50000_regularization_unstable_fp_reg_epochs_1_reg_coeff_1_reg_decay_1_/run_8",
  "seed": 1,
  "y0": 0.1,
  "T": 10,
  "N_col": 1024,
  "N_hidden": 4,
  "N_neurons": 50,
  "activation": "tanh",
  "N_epochs": 50000,
  "learning_rate": 0.001,
  "decay_rate": 1.0,
  "freq_log": 100,
  "freq_print": 1000,
  "keys_print": [
    "loss"
  ],
  "freq_save": 0,
  "regularization": "unstable_fp",
  "reg_coeff": 1,
  "reg_decay": 1,
  "reg_epochs": 1,
  "loss": [
    0.08104709535837173,
    0.014760935679078102,
    0.01297067292034626,
    0.010668514296412468,
    0.012555336579680443,
    0.01292744092643261,
    0.012620989233255386,
    0.011963333934545517,
    0.014228729531168938,
    0.010850928723812103,
    0.01699911430478096,
    0.01275076437741518,
    0.010493215173482895,
    0.01194146927446127,
    0.011890189722180367,
    0.01564382016658783,
    0.010895670391619205,
    0.010169876739382744,
    0.010390141978859901,
    0.011000033468008041,
    0.010469047352671623,
    0.01186338346451521,
    0.010716548189520836,
    0.010451605543494225,
    0.010630020871758461,
    0.011451773345470428,
    0.011214669793844223,
    0.010518234223127365,
    0.010969297960400581,
    0.009767968207597733,
    0.010140765458345413,
    0.009971070103347301,
    0.009752549231052399,
    0.010259061120450497,
    0.01010167971253395,
    0.009322062134742737,
    0.009213805198669434,
    0.009058741852641106,
    0.007297825999557972,
    0.007250652182847261,
    0.007347967941313982,
    0.0069407084956765175,
    0.0008729688706807792,
    0.00011599616118473932,
    3.799089608946815e-05,
    3.549743996700272e-05,
    2.0283223420847207e-05,
    4.90976708533708e-05,
    1.891598367365077e-05,
    2.6258714569848962e-05,
    1.0921510693151504e-05,
    9.502514149062335e-05,
    8.679558959556744e-06,
    7.080210707499646e-06,
    1.1424610420363024e-05,
    5.890943430131301e-05,
    1.1563947737158742e-05,
    1.5733727195765823e-05,
    4.845669536734931e-06,
    0.00017800374189391732,
    2.052493073279038e-05,
    1.527660060673952e-05,
    2.17059209717263e-06,
    1.1974956578342244e-05,
    2.9807088139932603e-06,
    4.64578215542133e-06,
    2.033807322732173e-05,
    1.7879679035104346e-06,
    1.3053310112809413e-06,
    1.0593794286251068e-06,
    1.0917436839008587e-06,
    8.923718723963248e-07,
    6.49914909445215e-06,
    6.863901944598183e-07,
    0.0008903713314794004,
    1.5877872101555113e-06,
    8.284697833005339e-05,
    3.701575678860536e-06,
    7.938278577057645e-05,
    6.131852569524199e-05,
    3.426903276704252e-05,
    4.859095497522503e-05,
    1.8068356439471245e-05,
    5.833009026900982e-07,
    1.936827231929783e-07,
    2.1637279132846743e-06,
    6.090580200179829e-07,
    1.2442396837286651e-05,
    2.8593672141141724e-07,
    5.596315168077126e-05,
    5.725029041059315e-06,
    7.09689556970261e-05,
    0.00010027277312474325,
    1.960869440154056e-07,
    0.00011738251487258822,
    6.319049816738698e-08,
    2.867387593141757e-06,
    3.2835259844432585e-07,
    6.671359074061911e-07,
    1.8068867291276547e-07,
    1.4504936189041473e-05,
    3.799681991267789e-08,
    4.993383129203721e-08,
    9.94107381302456e-07,
    1.3270171450585622e-07,
    1.2814992260246072e-05,
    8.806304663266928e-08,
    0.00019498923211358488,
    4.2278614387214475e-08,
    4.4527572754304856e-05,
    2.1965458785189185e-08,
    2.3561373296843158e-08,
    5.647182661050465e-06,
    5.018918454879895e-05,
    1.7679715824669984e-07,
    2.9440548132697586e-07,
    8.823764801491052e-06,
    1.775173430473842e-08,
    8.153256203513592e-08,
    1.1495515082060592e-06,
    2.2456108084156767e-08,
    2.033590362771065e-06,
    1.9224719594035378e-08,
    8.655996498418972e-05,
    1.4161674499746368e-08,
    9.803621651371941e-06,
    8.224344492191449e-05,
    0.0005292169516906142,
    7.169204963020093e-08,
    7.81091075623408e-05,
    1.9034646925319976e-07,
    2.700363666008343e-07,
    4.53010954970523e-07,
    8.656421357500221e-08,
    4.227223371344735e-08,
    3.992496203863993e-06,
    6.658464890563209e-09,
    1.1265129614912439e-05,
    2.057954695544595e-08,
    5.5024565881467424e-06,
    1.3257246678222145e-07,
    8.59348503468027e-09,
    3.9815972741052974e-07,
    8.713865184972747e-09,
    2.9299457082743174e-07,
    5.0738520940285525e-08,
    3.426848422805051e-07,
    7.496964826714247e-09,
    1.0294755270479072e-07,
    1.7588465652806917e-06,
    1.3379595031892677e-07,
    2.715775963224587e-06,
    0.00012951501412317157,
    1.149645231635077e-05,
    4.540192151125666e-07,
    1.513160896138288e-06,
    0.00025081716012209654,
    1.1176713776706038e-08,
    7.515957349824021e-07,
    2.9399478080449626e-05,
    1.0123264004846533e-08,
    3.1027918012682676e-09,
    6.355212826747447e-05,
    4.12553458062348e-09,
    2.5737565010786057e-05,
    1.5086310867218344e-08,
    9.980698933986787e-08,
    9.103489517769958e-09,
    2.7494002097228076e-06,
    5.4484559086631634e-08,
    5.9022914911111e-07,
    0.0002714695583563298,
    3.299441431181549e-08,
    3.161902100146108e-07,
    2.998442823809455e-06,
    4.7032884253894736e-08,
    8.363381311937701e-07,
    6.199324786848592e-08,
    6.437142928916728e-06,
    1.9614773805187724e-08,
    2.0579556803568266e-05,
    5.7092485405974e-08,
    8.333103323820978e-05,
    9.849801863026642e-09,
    7.439799887265508e-09,
    5.294328957461403e-07,
    2.1361216795412474e-08,
    1.672603673341655e-07,
    8.720587807431457e-09,
    1.0883827172847305e-08,
    2.815345851558959e-06,
    1.9489243996417827e-08,
    2.2015063549929437e-08,
    1.632374392102065e-06,
    9.681103256298229e-05,
    1.189231646492317e-08,
    8.24890555861657e-09,
    2.440343905618647e-06,
    9.605639206711203e-06,
    1.1430380197907652e-08,
    5.6628188758622855e-05,
    5.698654604202602e-06,
    1.2235439328378561e-08,
    7.621732578400042e-09,
    5.059788144023969e-09,
    3.3834721691050618e-09,
    2.7304103422665094e-09,
    2.4858066716149096e-09,
    2.0640742448563287e-09,
    1.5926944207933502e-09,
    1.4275918225337136e-09,
    1.2865055687427684e-09,
    1.3162184675508115e-09,
    1.33397914936495e-09,
    9.879198570317271e-10,
    9.34061050728019e-10,
    2.133350385236099e-09,
    2.194977311020807e-09,
    8.37137914544428e-09,
    2.6492132747080177e-05,
    1.4047900620539622e-08,
    9.289455249472667e-08,
    1.3122325981385075e-07,
    2.5931261582456955e-09,
    1.5052819435368292e-07,
    8.931801076528245e-09,
    6.711542432924489e-09,
    5.421443347586319e-06,
    1.8652335711522028e-05,
    5.100559974380303e-07,
    2.2478967309780273e-07,
    4.471406782613485e-07,
    2.7726569484798347e-08,
    8.16189071883855e-09,
    1.8827364556273096e-06,
    1.8798330359004467e-07,
    5.042298880653107e-07,
    3.1764560759484084e-08,
    5.304253500071354e-05,
    2.795740705607841e-08,
    2.6313899070373736e-05,
    3.348484156617815e-08,
    3.172322848854492e-09,
    3.22124321883166e-07,
    4.1368682701659054e-08,
    4.6657107304781675e-05,
    7.905205734459742e-08,
    1.1666077881500314e-08,
    3.5505632922649966e-07,
    2.6585764700826076e-08,
    2.1801555703859776e-05,
    8.398750850346914e-08,
    1.6927504020713968e-07,
    9.909880560599049e-08,
    1.2373494451267675e-09,
    5.632288321066881e-06,
    2.219035195594188e-06,
    2.8295989551452294e-08,
    8.085838487659203e-08,
    2.2034632252143638e-07,
    1.0079785894845372e-09,
    2.17146930481249e-06,
    1.6463789506815374e-05,
    9.6589736209296e-10,
    1.283783319649956e-07,
    6.635499971707759e-08,
    2.147911004612979e-08,
    9.174181059279363e-08,
    4.477486825749111e-09,
    0.0001424449437763542,
    1.16887459711279e-08,
    0.0003144982911180705,
    2.675869268387032e-07,
