{
  "version": "plots/_T_7_5_y0_0_001_network_architectures_4_50_activations_tanh_learning_rates_0_001_collocations_1024_epochs_50000_regularization_reg_derivative_unstable_fp_reg_epochs_1_reg_coeff_10_reg_decay_1_/run_0",
  "seed": 1,
  "y0": 0.001,
  "T": 7.5,
  "N_col": 1024,
  "N_hidden": 4,
  "N_neurons": 50,
  "activation": "tanh",
  "N_epochs": 50000,
  "learning_rate": 0.001,
  "decay_rate": 1.0,
  "freq_log": 100,
  "freq_print": 1000,
  "keys_print": [
    "loss"
  ],
  "freq_save": 0,
  "regularization": "reg_derivative_unstable_fp",
  "reg_coeff": 10,
  "reg_decay": 1,
  "reg_epochs": 1,
  "loss": [
    0.06393346935510635,
    3.9784481487004086e-05,
    9.675806722952984e-06,
    1.9194527340005152e-05,
    0.001543294987641275,
    8.95020548341563e-06,
    7.815592834958807e-05,
    0.00016025532386265695,
    5.6806518841767684e-05,
    6.040873813617509e-06,
    0.0002736944588832557,
    0.00011214382539037615,
    7.013209688011557e-05,
    0.00012254389002919197,
    2.1231524442555383e-05,
    1.746656016621273e-05,
    8.294224971905351e-05,
    0.00033027789322659373,
    1.428172254236415e-05,
    0.00021197408204898238,
    1.2755550415022299e-05,
    0.0002480072434991598,
    1.9243205315433443e-05,
    1.1613847163971514e-05,
    3.0609786335844547e-05,
    2.9014452593401074e-05,
    2.1003810616093688e-05,
    2.564249916758854e-05,
    1.3711022802453954e-05,
    5.914066423429176e-05,
    1.2606030395545531e-05,
    3.7021920434199274e-05,
    0.00018109919619746506,
    5.865224375156686e-05,
    8.953727956395596e-06,
    2.630646304169204e-05,
    3.09058086713776e-05,
    4.8395573685411364e-05,
    0.000275561265880242,
    1.1825097317341715e-05,
    5.2067634896957316e-06,
    2.6934128527500434e-06,
    1.4448405636358075e-05,
    1.3844211935065687e-05,
    4.9634400056675076e-05,
    2.1627172827720642e-05,
    6.592679255845724e-06,
    1.5034420357551426e-05,
    2.9443877792800777e-05,
    1.3003618732909672e-05,
    7.180679403973045e-06,
    7.391554390778765e-06,
    7.4303725341451354e-06,
    4.720346987596713e-05,
    9.159322871710174e-06,
    8.490053915011231e-06,
    8.557857654523104e-06,
    1.4134024240775034e-05,
    6.7611558733915444e-06,
    9.352327651868109e-06,
    9.899777069222182e-06,
    3.5520840810931986e-06,
    1.1053370144509245e-05,
    2.8989599741180427e-05,
    8.163953316397965e-05,
    1.0213841960649006e-05,
    5.357969712349586e-06,
    8.369681381736882e-06,
    7.30100919099641e-06,
    6.365753961290466e-06,
    1.1823000022559427e-05,
    1.0310022844350897e-05,
    8.65989386511501e-06,
    9.642651093599852e-06,
    7.70647602621466e-06,
    9.313967893831432e-06,
    9.257730198442005e-06,
    9.28924055187963e-06,
    8.995442840387113e-06,
    8.773708032094873e-06,
    9.010900612338446e-06,
    5.311782661010511e-05,
    4.7065375838428736e-05,
    2.093792772939196e-06,
    6.397541710612131e-06,
    1.4106922208156902e-05,
    8.786406397121027e-06,
    9.308945664088242e-06,
    9.398998372489586e-06,
    8.801232070254628e-06,
    9.319611308455933e-06,
    1.660744601394981e-05,
    1.9060036720475182e-05,
    9.744058843352832e-06,
    9.109489838010632e-06,
    8.502263881382532e-06,
    8.98977214092156e-06,
    1.0192701665800996e-05,
    8.846031960274559e-06,
    9.489700460107997e-06,
    8.953254109655973e-06,
    9.46254385780776e-06,
    8.81815140019171e-06,
    2.3458538635168225e-05,
    1.5164459000516217e-05,
    9.536619472783059e-06,
    8.761711796978489e-05,
    3.325461148051545e-05,
    3.7132049328647554e-05,
    6.388629572029458e-06,
    1.1000291124219075e-05,
    9.845613021752797e-06,
    8.764964150032029e-06,
    7.6074793469160795e-06,
    3.974431456299499e-05,
    1.077312117558904e-05,
    8.449149390798993e-06,
    5.160102318768622e-06,
    2.3234582840814255e-05,
    8.35377795738168e-06,
    5.698461336578475e-06,
    6.4429450503666885e-06,
    9.25432141229976e-06,
    8.307635653181933e-06,
    8.374252502107993e-06,
    1.2480754776333924e-05,
    9.19565081858309e-06,
    6.068246875656769e-06,
    6.030781150911935e-06,
    5.8291298046242446e-06,
    6.232418854779098e-06,
    5.218555997998919e-06,
    4.322071617934853e-06,
    9.034465620061383e-06,
    7.860349796828814e-06,
    5.779078492196277e-06,
    6.357284746627556e-06,
    1.2850494385929778e-05,
    2.2059752154746093e-05,
    6.361495707096765e-06,
    5.23828612131183e-06,
    5.986750693409704e-06,
    6.533378837048076e-06,
    5.490315743372776e-06,
    6.287705218710471e-06,
    1.6382056855945848e-05,
    8.7448406702606e-06,
    1.3889947695133742e-05,
    9.799912731978111e-06,
    8.452925612800755e-06,
    1.3010559996473603e-05,
    6.5028807512135245e-06,
    1.3115531146468129e-05,
    1.2048651115037501e-05,
    9.480705557507463e-06,
    9.241666703019291e-06,
    8.94325421540998e-06,
    8.580926078138873e-06,
    8.743060789129231e-06,
    9.044812941283453e-06,
    8.44850092107663e-06,
    9.114048225455917e-06,
    8.832292223814875e-06,
    9.28619374462869e-06,
    9.061746823135763e-06,
    9.016732292366214e-06,
    8.67503240442602e-06,
    9.3092830866226e-06,
    7.386835022771265e-06,
    7.495451882277848e-06,
    3.084683703491464e-05,
    1.1406714293116238e-05,
    1.1522786735440604e-05,
    0.00012541173782665282,
    7.5677944550989196e-06,
    1.6081711464721593e-06,
    1.994655394810252e-05,
    1.6422683984274045e-05,
    2.72420329565648e-05,
    5.584134214586811e-06,
    5.4688916861778125e-06,
    4.507012818066869e-06,
    4.495526809478179e-06,
    2.34975391322223e-06,
    2.184400273108622e-06,
    8.719654942979105e-06,
    8.957491445471533e-06,
    6.135710464150179e-06,
    7.541258582932642e-06,
    5.47774470760487e-06,
    7.866719897720031e-06,
    8.281052032543812e-06,
    8.954347322287504e-06,
    8.028607226151507e-06,
    8.081224223133177e-06,
    3.923360054614022e-06,
    6.720855253661284e-06,
    5.663115189236123e-06,
    6.001049769110978e-06,
    5.160445653018542e-06,
    5.730376415158389e-06,
    5.278003300190903e-06,
    7.420774636557326e-06,
    5.115926342114108e-06,
    7.765017471683677e-06,
    5.48295156477252e-06,
    2.323993157915538e-06,
    9.664800018072128e-06,
    8.91199306352064e-06,
    1.8032884554486373e-06,
    6.544495136040496e-06,
    2.3444040380127262e-06,
    4.487485966819804e-06,
    2.5186463972204365e-06,
    1.984371465368895e-06,
    1.973963890122832e-06,
    1.0312123777111992e-05,
    5.773735210823361e-06,
    5.7261931942775846e-06,
    4.585916030919179e-06,
    3.383125431355438e-06,
    5.443215741252061e-06,
    1.512015842308756e-06,
    3.656339686131105e-06,
    1.6618652125544031e-06,
    1.1832096333819209e-06,
    3.528505658323411e-06,
    2.318862243555486e-06,
    1.2263511962373741e-05,
    3.6997034840169363e-06,
    1.77177821569785e-06,
    4.332093340053689e-06,
    1.7998526118390146e-06,
    4.4032485675415955e-06,
    1.6313751984853297e-06,
    1.6901992694329238e-06,
    3.5549214771890547e-06,
    1.6966223483905196e-06,
    2.3391705781250494e-06,
    3.4379913813609164e-06,
    4.218223693897016e-06,
    2.11161113838898e-06,
    3.698914952110499e-06,
    1.4341213727675495e-06,
    3.791061317315325e-06,
    1.3812142469760147e-06,
    1.3104596519042389e-06,
    5.2323134696052875e-06,
    3.832396032521501e-06,
    1.9626913854153827e-06,
    2.911866886279313e-06,
    1.8852970242733136e-06,
    1.4146169178275159e-06,
    1.8995053778780857e-06,
    5.0584226300998125e-06,
    3.7595689263980603e-06,
    2.510472086214577e-06,
    3.8783082345617e-06,
    2.281049091834575e-06,
    4.374632680992363e-06,
    1.0991147973982152e-06,
    3.1256493002729258e-06,
    1.754842287482461e-06,
    1.4847455531707965e-06,
    1.1695653938659234e-06,
    2.3939728635014035e-06,
    3.894555447914172e-06,
    1.0481330718903337e-06,
    2.7345099624653812e-06,
    7.959296453918796e-06,
