{
  "version": "plots/_T_10_y0_25_network_architectures_4_50_activations_tanh_learning_rates_0_001_collocations_1024_epochs_500_reg_epochs_1_reg_coeff_10_reg_decay_1_regularization_no_reg_/run_0",
  "seed": 1,
  "g": 9.81,
  "l": 1,
  "theta0": 100,
  "omega0": 0,
  "T": 10,
  "N_col": 1024,
  "N_hidden": 4,
  "N_neurons": 50,
  "activation": "tanh",
  "N_epochs": 500,
  "learning_rate": 0.001,
  "decay_rate": 1.0,
  "freq_log": 100,
  "freq_print": 1000,
  "keys_print": [
    "loss_P",
    "loss_IC"
  ],
  "freq_save": 0,
  "regularizer": "unstable_fp",
  "reg_coeff": 10,
  "reg_decay": 1,
  "reg_epochs": 1,
  "regularization": "no_reg",
  "y0": 25,
  "loss_train": [
    104.33100128173828,
    89.77664947509766,
    89.7238540649414,
    89.0936279296875,
    88.55850219726562
  ],
  "loss_P": [
    101.27102661132812,
    89.55353546142578,
    89.53558349609375,
    88.94393920898438,
    88.38599395751953
  ],
  "loss_IC": [
    3.0599746704101562,
    0.22311049699783325,
    0.18827272951602936,
    0.14968599379062653,
    0.17250853776931763
  ]
}