{
  "version": "default",
  "seed": 1,
  "y0": 0.17651215367841733,
  "T": 10,
  "N_col": 1024,
  "N_hidden": 8,
  "N_neurons": 100,
  "activation": "tanh",
  "N_epochs": 20000,
  "learning_rate": 0.001,
  "decay_rate": 1.0,
  "freq_log": 100,
  "freq_print": 1000,
  "keys_print": [
    "loss"
  ],
  "reg_coeff": 10.0,
  "reg_decay": 0.999,
  "loss": [
    9.722244262695312,
    0.19446098804473877,
    0.16549867391586304,
    0.18445470929145813,
    0.1347624659538269,
    0.11668778955936432,
    0.11990980058908463,
    0.12471002340316772,
    0.0835331454873085,
    0.09555177390575409,
    0.06520964205265045,
    0.09017131477594376,
    0.07605788856744766,
    0.09467139840126038,
    0.07815514504909515,
    0.08431882411241531,
    0.05253032222390175,
    0.0815320760011673,
    0.05084687098860741,
    0.044896453619003296,
    0.05556807667016983,
    0.04191477969288826,
    0.03476116433739662,
    0.04013928771018982,
    0.03266112878918648,
    0.031584177166223526,
    0.029151128605008125,
    0.02592065930366516,
    0.021478481590747833,
    0.031612735241651535,
    0.02416454814374447,
    0.022899121046066284,
    0.01711943745613098,
    0.016027117148041725,
    0.01802125945687294,
    0.01437619049102068,
    0.01685291901230812,
    0.013736105524003506,
    0.015829062089323997,
    0.00994330458343029,
    0.012520181015133858,
    0.01119078416377306,
    0.008783852681517601,
    0.008589385077357292,
    0.008025425486266613,
    0.006892122328281403,
    0.006891237106174231,
    0.008448328822851181,
    0.005614252295345068,
    0.005765737034380436,
    0.0049010408110916615,
    0.004486043006181717,
    0.00421228539198637,
    0.00374143710359931,
    0.0037315087392926216,
    0.0031951298005878925,
    0.00292453495785594,
    0.00282505014911294,
    0.002444944344460964,
    0.002179621020331979,
    0.0018542002653703094,
    0.0017456855857744813,
    0.0022379285655915737,
    0.0014985223533585668,
    0.0015530012315139174,
    0.0012688451679423451,
    0.0011666626669466496,
    0.0018146793590858579,
    0.00138462008908391,
    0.0008146369364112616,
    0.0015943624312058091,
    0.0006604783120565116,
    0.0006030627992004156,
    0.0006466452032327652,
    0.0018141644541174173,
    0.0005889488384127617,
    0.0010855378350242972,
    0.0004006793606095016,
    0.0003974867577198893,
    0.00031633421895094216,
    0.0008485259022563696,
    0.00035608524922281504,
    0.0003161672211717814,
    0.0002744902449194342,
    0.00019848249212373048,
    0.00020658019639085978,
    0.00021936572738923132,
    0.0001504918182035908,
    0.0004632266063708812,
    0.00015901004371698946,
    0.000554872618522495,
    0.00017619182472117245,
    8.26154719106853e-05,
    9.982255869545043e-05,
    8.268310193670914e-05,
    0.0002987563784699887,
    0.0013653141213580966,
    4.6614488383056596e-05,
    0.00730509590357542,
    0.007501190062612295,
    0.0056169223971664906,
    0.006327017210423946,
    0.006828053388744593,
    0.006399244535714388,
    0.006072825752198696,
    0.007721467409282923,
    0.006095741875469685,
    0.006708555389195681,
    0.00638868473470211,
    0.006388167385011911,
    0.006494089961051941,
    0.0065259975381195545,
    0.006774124689400196,
    0.006287679076194763,
    0.005642365198582411,
    0.006526040844619274,
    0.005891148932278156,
    0.005893368739634752,
    0.006004346534609795,
    0.0067791324108839035,
    0.0070421453565359116,
    0.006347358226776123,
    0.0061165993101894855,
    0.005722538568079472,
    0.005489553790539503,
    0.007054147310554981,
    0.006120879203081131,
    0.006386519409716129,
    0.00652176421135664,
    0.006134506314992905,
    0.005982306785881519,
    0.005168888717889786,
    0.005213941913098097,
    0.005751649849116802,
    0.005287742242217064,
    0.0057005565613508224,
    0.006875590421259403,
    0.00588951725512743,
    0.006177758798003197,
    0.00593176344409585,
    0.005969219841063023,
    0.005588141269981861,
    0.006251582410186529,
    0.005654608365148306,
    0.007283751852810383,
    0.0061951600946486,
    0.005517059937119484,
    0.0059563172981143,
    0.0053777191787958145,
    0.006566483993083239,
    0.005962637718766928,
    0.005923157092183828,
    0.003984011709690094,
    0.006119642872363329,
    0.005069294944405556,
    0.005842812824994326,
    0.005769636482000351,
    0.006292043719440699,
    0.006175260059535503,
    0.006026325281709433,
    0.02783988229930401,
    0.009771994315087795,
    0.011038629338145256,
    0.010154709219932556,
    0.007599602919071913,
    0.004286445677280426,
    0.0021961070597171783,
    0.0009369162144139409,
    0.000463886623037979,
    0.0002651493705343455,
    0.0001880312483990565,
    0.0001318760187132284,
    9.55068098846823e-05,
    7.763245230307803e-05,
    6.253418541746214e-05,
    4.7922269004629925e-05,
    3.696061685332097e-05,
    3.0106029953458346e-05,
    2.2377216737368144e-05,
    1.6656254956615157e-05,
    1.529742257844191e-05,
    1.2338670785538852e-05,
    1.0392396688985173e-05,
    8.841341696097516e-06,
    8.433165021415334e-06,
    7.156025276344735e-06,
    5.780690116807818e-06,
    5.391327249526512e-06,
    4.970897407474695e-06,
    4.377483946882421e-06,
    4.185192665318027e-06,
    3.4697598039201694e-06,
    3.2173763884202344e-06,
    2.8104932425776497e-06,
    2.8550991828524275e-06,
    3.0487610729323933e-06,
    2.3390227852360113e-06,
    2.3639918254048098e-06,
    1.9117653664579848e-06,
    2.125864966728841e-06
  ]
}