{
  "version": "default",
  "seed": 1,
  "y0": 0.1,
  "T": 10,
  "N_col": 1024,
  "N_hidden": 4,
  "N_neurons": 50,
  "activation": "swish",
  "N_epochs": 50000,
  "learning_rate": 0.001,
  "decay_rate": 1.0,
  "freq_log": 100,
  "freq_print": 1000,
  "keys_print": [
    "loss"
  ],
  "freq_save": 100,
  "regularization": "reg_derivative",
  "reg_coeff": 1,
  "reg_decay": 1,
  "reg_epochs": 1,
  "loss": [
    1.0070635080337524,
    0.1587216854095459,
    0.14942996203899384,
    0.12576815485954285,
    0.13119712471961975,
    0.12649773061275482,
    0.11926719546318054,
    0.09797973185777664,
    0.10309430956840515,
    0.09715536236763,
    0.09303975105285645,
    0.09334814548492432,
    0.08446405827999115,
    0.08413129299879074,
    0.09055162966251373,
    0.08908655494451523,
    0.08434119820594788,
    0.08885794878005981,
    0.08614370971918106,
    0.08418416976928711,
    0.08086807280778885,
    0.08746907860040665,
    0.08325381577014923,
    0.08360634744167328,
    0.08503815531730652,
    0.0842507928609848,
    0.07929424196481705,
    0.07917611300945282,
    0.08934217691421509,
    0.07901524007320404,
    0.08249731361865997,
    0.08596137911081314,
    0.08695241808891296,
    0.08276167511940002,
    0.08119238913059235,
    0.07776282727718353,
    0.0732036605477333,
    0.07543690502643585,
    0.07845555990934372,
    0.07435432076454163,
    0.07695784419775009,
    0.08261755108833313,
    0.08142255246639252,
    0.07769171893596649,
    0.07813196629285812,
    0.07125542312860489,
    0.07856601476669312,
    0.07518397271633148,
    0.08049500733613968,
    0.07481255382299423,
    0.07564511895179749,
    0.08033338189125061,
    0.07501329481601715,
    0.07641100138425827,
    0.07036366313695908,
    0.0798448920249939,
    0.07679405808448792,
    0.08030484616756439,
    0.07064906507730484,
    0.07449027895927429,
    0.0742945447564125,
    0.07336966693401337,
    0.07495338469743729,
    0.083212710916996,
    0.07660730183124542,
    0.07249457389116287,
    0.07784655690193176,
    0.07906639575958252,
    0.07708632200956345,
    0.07004482299089432,
    0.07080943882465363,
    0.06932327151298523,
    0.07178258150815964,
    0.0738050788640976,
    0.07714718580245972,
    0.07496623694896698,
    0.07142257690429688,
    0.07364194095134735,
    0.07696273922920227,
    0.08062845468521118,
    0.07701263576745987,
    0.07194328308105469,
    0.07930009812116623,
    0.0792151689529419,
    0.07814706861972809,
    0.07659342885017395,
    0.07589824497699738,
    0.06974410265684128,
    0.07247646898031235,
    0.06833691895008087,
    0.07411172240972519,
    0.0738225057721138,
    0.07734900712966919,
    0.07764937728643417,
    0.07514482736587524,
    0.07181660085916519,
    0.07745397090911865,
    0.0748879611492157,
    0.0776221752166748,
    0.07223815470933914,
    0.07881167531013489,
    0.07080996781587601,
    0.07183373719453812,
    0.0722903162240982,
    0.07338909059762955,
    0.07115490734577179,
    0.07751677930355072,
    0.07601413875818253,
    0.06722022593021393,
    0.07181371003389359,
    0.07312160730361938,
    0.07176883518695831,
    0.0697382241487503,
    0.07882704585790634,
    0.07448073476552963,
    0.07496815919876099,
    0.07589386403560638,
    0.07653310894966125,
    0.07694074511528015,
    0.06820634752511978,
    0.07015640288591385,
    0.07718519866466522,
    0.07764801383018494,
    0.07397954165935516,
    0.07107020169496536,
    0.07272470742464066,
    0.0712277740240097,
    0.07218507677316666,
    0.07177549600601196,
    0.07583629339933395,
    0.07342253625392914,
    0.07431485503911972,
    0.07801603525876999,
    0.07790817320346832,
    0.06955315172672272,
    0.07363015413284302,
    0.0743405669927597,
    0.06850335747003555,
    0.07228894531726837,
    0.0678856372833252,
    0.07548089325428009,
    0.07469618320465088,
    0.07015269994735718,
    0.07711097598075867,
    0.07421664893627167,
    0.06973060220479965,
    0.07330022007226944,
    0.07014927268028259,
    0.07518615573644638,
    0.07241798937320709,
    0.07489721477031708,
    0.07534712553024292,
    0.07183660566806793,
    0.07365601509809494,
    0.06979794800281525,
    0.074509397149086,
    0.07249365746974945,
    0.0748426541686058,
    0.07946082204580307,
    0.06853505969047546,
    0.06873266398906708,
    0.07016170769929886,
    0.07217858731746674,
    0.0740334615111351,
    0.07241707295179367,
    0.07300592213869095,
    0.07270418852567673,
    0.07134433835744858,
    0.07134903967380524,
    0.07510986924171448,
    0.07659398019313812,
    0.06636893004179001,
    0.0735679343342781,
    0.0695427805185318,
    0.07058560848236084,
    0.07006910443305969,
    0.0720197781920433,
    0.0770510584115982,
    0.07490032911300659,
    0.07149383425712585,
    0.07088132202625275,
    0.07211965322494507,
    0.07517878711223602,
    0.0823574885725975,
    0.0850217342376709,
    0.08144868910312653,
    0.07302572578191757,
    0.07388786226511002,
    0.07180468738079071,
    0.0803297758102417,
    0.07290235906839371,
    0.07624231278896332,
    0.07391528785228729,
    0.07188843935728073,
    0.07581646740436554,
    0.07001364231109619,
    0.06902799010276794,
    0.07452535629272461,
    0.07434405386447906,
    0.07408164441585541,
    0.07810822874307632,
    0.07435326278209686,
    0.07264499366283417,
    0.06969180703163147,
    0.08138260245323181,
    0.07137259840965271,
    0.07169169187545776,
    0.06940614432096481,
    0.07748006284236908,
    0.07209648191928864,
    0.07008685171604156,
    0.07373273372650146,
    0.07250212132930756,
    0.07694660872220993,
    0.06856165826320648,
    0.07515183091163635,
    0.07260549813508987,
    0.0707363411784172,
    0.0799216628074646,
    0.07567866891622543,
    0.07398663461208344,
    0.0762181431055069,
    0.07492471486330032,
    0.07247784733772278,
    0.07113441079854965,
    0.0757041722536087,
    0.07488510757684708,
    0.07196051627397537,
    0.07569664716720581,
    0.07057933509349823,
    0.07165075093507767,
    0.07174485176801682,
    0.07322486490011215,
    0.07055865228176117,
    0.06728846579790115,
    0.07456041127443314,
    0.07826319336891174,
    0.07081806659698486,
    0.07092460989952087,
    0.0725235641002655,
    0.06776028871536255,
    0.0738341361284256,
    0.07546272873878479,
    0.07674271613359451,
    0.07403223216533661,
    0.06742238998413086,
    0.07477045059204102,
    0.07895773649215698,
    0.06947287172079086,
    0.06498140096664429,
    0.07264198362827301,
    0.0722627192735672,
    0.07492882013320923,
    0.07242191582918167,
    0.07052912563085556,
    0.07122644782066345,
    0.07335079461336136,
    0.07753216475248337,
    0.0723743587732315,
    0.07554098963737488,
    0.0716499537229538,
    0.07211200147867203,
    0.07861437648534775,
    0.06993091106414795,
    0.07273763418197632,
    0.07480181753635406,
    0.07067631185054779,
    0.06992712616920471,
    0.07099024206399918,
    0.0718383938074112,
    0.07955893129110336,
    0.07052265107631683,
    0.0702875629067421,
    0.07216331362724304,
    0.07266853749752045,
    0.07566779106855392,
    0.07388243079185486,
    0.07440511882305145,
    0.06868112087249756,
    0.0735035091638565,
    0.07229933887720108,
    0.07011879235506058,
    0.06942182034254074,
    0.07629571855068207,
    0.07556343078613281,
    0.07356970757246017,
    0.07227858155965805,
    0.07352709025144577,
    0.07564298808574677,
    0.06653355807065964,
    0.06862601637840271,
    0.07067856192588806,
    0.07597944885492325,
    0.06783818453550339,
    0.07167750597000122,
    0.08386894315481186,
    0.07461246848106384,
    0.07162041962146759,
    0.07223333418369293,
    0.06840644776821136,
    0.07276535034179688,
    0.06942214071750641,
    0.07159705460071564,
    0.06983456015586853,
    0.07673107832670212,
