{
  "version": "default",
  "seed": 1,
  "y0": 0.17651215367841733,
  "T": 7.5,
  "N_col": 1024,
  "N_hidden": 4,
  "N_neurons": 50,
  "activation": "swish",
  "N_epochs": 20000,
  "learning_rate": 0.001,
  "decay_rate": 1.0,
  "freq_log": 100,
  "freq_print": 1000,
  "keys_print": [
    "loss"
  ],
  "reg_epochs": 0,
  "loss": [
    0.027161413803696632,
    0.008375486359000206,
    0.007771079894155264,
    0.008029482327401638,
    0.007340145297348499,
    0.008573503233492374,
    0.008431621827185154,
    0.008468324318528175,
    0.008437701500952244,
    0.007717149332165718,
    0.006955800577998161,
    0.00944637693464756,
    0.00879895593971014,
    0.009639343246817589,
    0.008607758209109306,
    0.009423119947314262,
    0.006939495913684368,
    0.009360384196043015,
    0.007741258945316076,
    0.008144811727106571,
    0.008236335590481758,
    0.0076809898018836975,
    0.007869875989854336,
    0.008743462152779102,
    0.008336611092090607,
    0.00823855772614479,
    0.007684696465730667,
    0.007751998957246542,
    0.007413905113935471,
    0.009299149736762047,
    0.008310295641422272,
    0.008569945581257343,
    0.007549329660832882,
    0.007548988331109285,
    0.00809487421065569,
    0.007583914324641228,
    0.00858624093234539,
    0.008384129032492638,
    0.009225098416209221,
    0.006874897051602602,
    0.0080485288053751,
    0.008894747123122215,
    0.008252924308180809,
    0.007948929443955421,
    0.008100086823105812,
    0.008026916533708572,
    0.007254987023770809,
    0.007943036034703255,
    0.008314181119203568,
    0.008137157186865807,
    0.008221235126256943,
    0.0076624746434390545,
    0.008890984579920769,
    0.00846447329968214,
    0.008968967013061047,
    0.008036831393837929,
    0.00862971507012844,
    0.007431600242853165,
    0.008965549059212208,
    0.008436165750026703,
    0.008157974109053612,
    0.007861080579459667,
    0.00890028290450573,
    0.007929712533950806,
    0.0089679304510355,
    0.008000335656106472,
    0.007973282597959042,
    0.007923567667603493,
    0.008478815667331219,
    0.007839778438210487,
    0.008249089121818542,
    0.008251114748418331,
    0.007885754108428955,
    0.009466137737035751,
    0.007983848452568054,
    0.007070126477628946,
    0.00939851813018322,
    0.008844660595059395,
    0.0086708664894104,
    0.008117295801639557,
    0.008632244542241096,
    0.008381525054574013,
    0.0076642995700240135,
    0.00810016505420208,
    0.008385695517063141,
    0.007504800334572792,
    0.008751904591917992,
    0.008594242855906487,
    0.0078027332201600075,
    0.007589756976813078,
    0.008334008976817131,
    0.006762830540537834,
    0.007781585678458214,
    0.00707661546766758,
    0.008055432699620724,
    0.008053220808506012,
    0.008070064708590508,
    0.007954905740916729,
    0.008951595984399319,
    0.008927478455007076,
    0.006925358437001705,
    0.007750813849270344,
    0.008466944098472595,
    0.007951626554131508,
    0.007717901840806007,
    0.009761454537510872,
    0.0076064164750278,
    0.008281301707029343,
    0.0083197932690382,
    0.008251096121966839,
    0.008337324485182762,
    0.008183669298887253,
    0.00854908861219883,
    0.008039208129048347,
    0.007475650869309902,
    0.00852456595748663,
    0.007744768634438515,
    0.007751251570880413,
    0.007841497659683228,
    0.008808116428554058,
    0.009020773693919182,
    0.008574193343520164,
    0.008138537406921387,
    0.007588564418256283,
    0.007402168121188879,
    0.009164907038211823,
    0.008060283958911896,
    0.008503783494234085,
    0.00846791174262762,
    0.00821906328201294,
    0.007819239050149918,
    0.007004793267697096,
    0.007059861905872822,
    0.007582813501358032,
    0.007212132215499878,
    0.007871662266552448,
    0.00886915810406208,
    0.007666255813091993,
    0.008016671985387802,
    0.007934721186757088,
    0.007776814512908459,
    0.00735041918233037,
    0.008386201225221157,
    0.007710063364356756,
    0.009435469284653664,
    0.008090927265584469,
    0.007421372924000025,
    0.007877938449382782,
    0.007316804490983486,
    0.00863233208656311,
    0.00801689550280571,
    0.007996409200131893,
    0.005514245945960283,
    0.008067375980317593,
    0.006851484999060631,
    0.007860437035560608,
    0.007748825009912252,
    0.008362166583538055,
    0.008101812563836575,
    0.007902435958385468,
    0.008323781192302704,
    0.007731571793556213,
    0.008011788129806519,
    0.008460910990834236,
    0.008417384698987007,
    0.008066938258707523,
    0.007955530658364296,
    0.0073060570284724236,
    0.007770217955112457,
    0.007768931332975626,
    0.007671389728784561,
    0.008122147992253304,
    0.008071010001003742,
    0.00831671990454197,
    0.007801315281540155,
    0.0077330488711595535,
    0.007624887861311436,
    0.008555101230740547,
    0.007285952568054199,
    0.007869956083595753,
    0.00911992508918047,
    0.007187551353126764,
    0.007633700966835022,
    0.008756659924983978,
    0.008921410888433456,
    0.00841868668794632,
    0.007540113292634487,
    0.007878972217440605,
    0.008540165610611439,
    0.008567804470658302,
    0.009955075569450855,
    0.007292463444173336,
    0.007051767781376839,
    0.008319413289427757,
    0.00887243915349245,
    0.007793959230184555,
    0.008488034829497337,
    0.007925692945718765,
    0.008267689496278763,
    0.008325688540935516
  ]
}