{
  "version": "default",
  "seed": 1,
  "y0": 0.1,
  "T": 15,
  "N_col": 1024,
  "N_hidden": 4,
  "N_neurons": 50,
  "activation": "swish",
  "N_epochs": 20000,
  "learning_rate": 0.001,
  "decay_rate": 1.0,
  "freq_log": 100,
  "freq_print": 1000,
  "keys_print": [
    "loss"
  ],
  "reg_epochs": 0,
  "loss": [
    0.06611870974302292,
    0.0012663891538977623,
    0.0012267041020095348,
    0.0014102519489824772,
    0.001232548151165247,
    0.0014194331597536802,
    0.0013731693616136909,
    0.0014488156884908676,
    0.0013438417809084058,
    0.0012569616083055735,
    0.001115916995331645,
    0.0016202116385102272,
    0.00136717245914042,
    0.0016345640178769827,
    0.001453298144042492,
    0.0016001011244952679,
    0.0011032528709620237,
    0.0016217422671616077,
    0.0012622667709365487,
    0.0012614740990102291,
    0.001463795662857592,
    0.0012299558147788048,
    0.0012117866426706314,
    0.0014148794580250978,
    0.0013168863952159882,
    0.0013295530807226896,
    0.0012312165927141905,
    0.0012130700051784515,
    0.0011226695496588945,
    0.001611065585166216,
    0.0013406046200543642,
    0.00138314557261765,
    0.0011591371148824692,
    0.0011541544226929545,
    0.0013390816748142242,
    0.0011889555025845766,
    0.0014377415645867586,
    0.0013262374559417367,
    0.0016483693616464734,
    0.0010935778263956308,
    0.001328259240835905,
    0.001510367845185101,
    0.0012760106474161148,
    0.0013110891450196505,
    0.0013957011979073286,
    0.0012648520059883595,
    0.001186489942483604,
    0.0013736765831708908,
    0.001406013616360724,
    0.001353016821667552,
    0.001308258157223463,
    0.001321458606980741,
    0.0015015797689557076,
    0.0013452155981212854,
    0.0014759893529117107,
    0.0013398409355431795,
    0.0015299501828849316,
    0.0012506062630563974,
    0.0015091435052454472,
    0.0014371490105986595,
    0.0014342814683914185,
    0.0013509205309674144,
    0.0014677331782877445,
    0.0012169249821454287,
    0.00151735357940197,
    0.0013279577251523733,
    0.0011912602931261063,
    0.0012818466639146209,
    0.0013020579935982823,
    0.0012339107925072312,
    0.0012940806336700916,
    0.001390739344060421,
    0.0012040945002809167,
    0.0016089549753814936,
    0.0012691996525973082,
    0.0010173459304496646,
    0.0016818202566355467,
    0.001425400492735207,
    0.0014039638917893171,
    0.0011792718432843685,
    0.0014791290741413832,
    0.001371932914480567,
    0.0011927909217774868,
    0.0012792008928954601,
    0.0013666064478456974,
    0.001147810835391283,
    0.0013784077018499374,
    0.0013781078159809113,
    0.0012937028659507632,
    0.0012585363583639264,
    0.0013524149544537067,
    0.0011189528740942478,
    0.0012303534895181656,
    0.0010344120673835278,
    0.001371148624457419,
    0.0013895919546484947,
    0.0013808980584144592,
    0.0013905252562835813,
    0.0014775220770388842,
    0.0016056663589552045,
    0.000970804481767118,
    0.0013760856818407774,
    0.001387585187330842,
    0.0013523991219699383,
    0.0012265099212527275,
    0.0016475748270750046,
    0.0013519321801140904,
    0.0013635421637445688,
    0.0013008147943764925,
    0.0013415759894996881,
    0.0013760909205302596,
    0.0014835605397820473,
    0.001438785227946937,
    0.0013460192130878568,
    0.001139532309025526,
    0.001379599329084158,
    0.00126378214918077,
    0.0012418919941410422,
    0.0013036130694672465,
    0.0014566202880814672,
    0.001488017849624157,
    0.0013186689466238022,
    0.0013036247109994292,
    0.001228170469403267,
    0.0011650986270979047,
    0.0015201350906863809,
    0.0013087547849863768,
    0.0013712850632146,
    0.0014551421627402306,
    0.0012611924903467298,
    0.0013121033553034067,
    0.0010772217065095901,
    0.0010708800982683897,
    0.0012512202374637127,
    0.0011303792707622051,
    0.0011780293425545096,
    0.0014340807683765888,
    0.001321550807915628,
    0.0013016799930483103,
    0.0012393981451168656,
    0.0013306658947840333,
    0.0011465537827461958,
    0.0012901189038529992,
    0.0011709189275279641,
    0.0016362464521080256,
    0.0013836892321705818,
    0.0011581960134208202,
    0.0012605832889676094,
    0.0011004186235368252,
    0.0014777450123801827,
    0.0012439260026440024,
    0.0012334585189819336,
    0.000762701965868473,
    0.0012882701121270657,
    0.0010869838297367096,
    0.0012560992036014795,
    0.0012256406480446458,
    0.0013642720878124237,
    0.0013911235146224499,
    0.0013513481244444847,
    0.0013749091885983944,
    0.0011797021143138409,
    0.0013661435805261135,
    0.0014193353708833456,
    0.0014140678104013205,
    0.0013226363807916641,
    0.0012149078538641334,
    0.0011756231542676687,
    0.001239781267940998,
    0.001214614138007164,
    0.0012322937836870551,
    0.001276245340704918,
    0.0012800574768334627,
    0.0013634584611281753,
    0.0012621962232515216,
    0.0012882616138085723,
    0.0011321894126012921,
    0.00137572071980685,
    0.0011571188224479556,
    0.0011717239394783974,
    0.0014477592194452882,
    0.0010846771765500307,
    0.0012039862340316176,
    0.0014190368819981813,
    0.0015553227858617902,
    0.0013164780102670193,
    0.00112135149538517,
    0.0012312282342463732,
    0.0014193635433912277,
    0.0014301873743534088,
    0.0018032933585345745,
    0.0011619071010500193,
    0.0010845635551959276,
    0.001312468433752656,
    0.0014464305713772774,
    0.0012333570048213005,
    0.001404562033712864,
    0.0011023496044799685,
    0.0013529586140066385,
    0.001374655868858099
  ]
}