{
  "version": "plots/_T_7_5_y0_0_001_network_architectures_4_50_activations_tanh_learning_rates_0_001_collocations_1024_epochs_50000_regularization_unstable_fp_reg_epochs_1_reg_coeff_100000_reg_decay_1_/run_1",
  "seed": 1,
  "y0": 0.001,
  "T": 7.5,
  "N_col": 1024,
  "N_hidden": 4,
  "N_neurons": 50,
  "activation": "tanh",
  "N_epochs": 50000,
  "learning_rate": 0.001,
  "decay_rate": 1.0,
  "freq_log": 100,
  "freq_print": 1000,
  "keys_print": [
    "loss"
  ],
  "freq_save": 0,
  "regularization": "unstable_fp",
  "reg_coeff": 100000,
  "reg_decay": 1,
  "reg_epochs": 1,
  "loss": [
    0.07651540637016296,
    0.010267742909491062,
    0.007824175991117954,
    0.006552326958626509,
    0.005504070781171322,
    0.004371838178485632,
    0.0028497911989688873,
    0.0023068368900567293,
    0.001878819428384304,
    0.001340473652817309,
    0.0010085429530590773,
    0.0007701937574893236,
    0.0006106537766754627,
    0.0003438760759308934,
    0.00020524067804217339,
    0.00011915356299141422,
    0.00015197944594547153,
    4.85423588543199e-05,
    4.007841198472306e-05,
    0.00015903965686447918,
    4.1803876229096204e-05,
    3.252955502830446e-05,
    3.0352588510140777e-05,
    6.234316970221698e-05,
    0.05378152057528496,
    0.008622769266366959,
    0.0064603895880281925,
    0.005434105172753334,
    0.004207457881420851,
    0.0033637043088674545,
    0.0014394621830433607,
    0.0011674636043608189,
    0.0004681197751779109,
    0.0007073618471622467,
    0.0007254695519804955,
    0.0008613872341811657,
    0.0011657550930976868,
    0.00033341310336254537,
    0.001213548704981804,
    0.0008813272579573095,
    0.0008770624408498406,
    0.0015617270255461335,
    0.00119166006334126,
    0.000836850143969059,
    0.00179877202026546,
    0.0008127014152705669,
    0.0016186346765607595,
    0.0002694690483622253,
    0.0011539508122950792,
    0.001354192034341395,
    0.001255128881894052,
    0.0009707023273222148,
    0.001186579349450767,
    0.0004791076644323766,
    0.0006201542564667761,
    0.001050010439939797,
    0.0015301378443837166,
    0.000267928175162524,
    0.0008283622446469963,
    0.0007239717524498701,
    0.0014629202196374536,
    0.0010979636572301388,
    0.0007000291952863336,
    0.0004888582043349743,
    0.0006701530073769391,
    0.0016759540885686874,
    0.0010665747104212642,
    0.0005531951901502907,
    0.0007209754548966885,
    0.0005474617937579751,
    0.0005060014664195478,
    0.0008696946897543967,
    0.0010396186262369156,
    0.0012579865287989378,
    0.000276511418633163,
    0.00033887987956404686,
    0.0013215516228228807,
    0.0006783691933378577,
    0.0014847612474113703,
    0.00020296178990975022,
    0.0015977751463651657,
    0.0011844816617667675,
    0.0005506680463440716,
    0.0006570337573066354,
    0.00026391673600301147,
    0.0005393556202761829,
    0.00040908611845225096,
    0.00042183854384347796,
    0.0011194045655429363,
    0.0009085448109544814,
    0.0007899226038716733,
    0.00044985959539189935,
    0.0006934202974662185,
    0.0004028811235912144,
    0.000885991845279932,
    0.001024945406243205,
    0.0007271412760019302,
    0.0013271429343149066,
    0.0008203851757571101,
    0.0012498549185693264,
    0.00020730181131511927,
    0.001095927320420742,
    0.0006024517933838069,
    0.0006794808432459831,
    0.00044902358786202967,
    0.0013321731239557266,
    0.0005361982039175928,
    0.0011451579630374908,
    0.000650330912321806,
    0.00020416526240296662,
    0.20958131551742554,
    0.008425824344158173,
    0.005128422286361456,
    0.003032447537407279,
    0.0026316484436392784,
    0.00196285592392087,
    0.0025052917189896107,
    0.0016263372963294387,
    0.0013255459489300847,
    0.0012712033931165934,
    0.0009635594906285405,
    0.0018284780671820045,
    0.0009408348705619574,
    0.0011637757997959852,
    0.000784497067797929,
    0.0006718655349686742,
    0.0009476866107434034,
    0.0013800740707665682,
    0.0011736107990145683,
    0.0010500240605324507,
    0.0008641923777759075,
    0.00036868680035695434,
    0.00017800969362724572,
    0.0002475478977430612,
    0.0008976099197752774,
    0.0008369275601580739,
    0.0010161616373807192,
    0.0010366730857640505,
    0.0005492997588589787,
    0.0005164251197129488,
    0.0005497513921000063,
    0.0009594587609171867,
    0.00015867777983658016,
    0.0004874664591625333,
    0.0007628736784681678,
    0.00042840553214773536,
    0.00046608896809630096,
    0.0003443729947321117,
    0.00019116776820737869,
    0.00047850655391812325,
    0.000606419169344008,
    0.00018207021639682353,
    0.00015666670515201986,
    0.0007658895337954164,
    0.0005714662256650627,
    0.00048383334069512784,
    0.0007356561254709959,
    0.0004939722712151706,
    0.0010394675191491842,
    0.00051640416495502,
    0.0007006382220424712,
    0.0004129342269152403,
    0.0003537670709192753,
    0.0004293972160667181,
    0.0005428314325399697,
    0.000558359723072499,
    0.0003837972180917859,
    0.00034474514541216195,
    0.00038242852315306664,
    0.00012592138955369592,
    0.0003111519617959857,
    0.0004580968525260687,
    0.00015642655489500612,
    0.0004875632293988019,
    0.2514256238937378,
    0.01923789083957672,
    0.01273454912006855,
    0.0008251657127402723,
    0.0005167400231584907,
    0.0004918442573398352,
    0.00044234227971173823,
    0.00034333535586483777,
    0.00033806590363383293,
    0.0003527298104017973,
    0.0002997142437379807,
    0.00025981542421504855,
    0.0002282756904605776,
    0.00021818610548507422,
    0.00020303443307057023,
    0.00020392410806380212,
    0.00019417134171817452,
    0.0001398313615936786,
    0.0001268522464670241,
    0.00015434337547048926,
    0.00014603268937207758,
    0.00011180396541021764,
    0.00010476235183887184,
    9.025361941894516e-05,
    9.852847142610699e-05,
    9.72743728198111e-05,
    7.155489583965391e-05,
    6.61281228531152e-05,
    6.526622019009665e-05,
    6.83926118654199e-05,
    6.196617323439568e-05,
    5.610128209809773e-05,
    4.6792018110863864e-05,
    5.725459777750075e-05,
    4.819627429242246e-05,
    4.0501912735635415e-05,
    3.478720100247301e-05,
    3.8799262256361544e-05,
    3.223449311917648e-05,
    2.6922180040855892e-05,
    2.840847992047202e-05,
    2.5092005671467632e-05,
    2.304071676917374e-05,
    2.4929318897193298e-05,
    2.1165893485886045e-05,
    1.993037949432619e-05,
    1.7985112208407372e-05,
    1.811027505027596e-05,
    1.68405422300566e-05,
    1.5381519915536046e-05,
    1.6554931789869443e-05,
    1.8143622583011165e-05,
    1.5876365068834275e-05,
    1.4545443264069036e-05,
    1.459493341826601e-05,
    1.305274690821534e-05,
    1.2720332961180247e-05,
    1.2954223166161682e-05,
    1.3828611372446176e-05,
    1.2484624676289968e-05,
    1.1786190952989273e-05,
    1.1878900295414496e-05,
    1.3437969755614176e-05,
    1.7000922525767237e-05,
    1.1438292858656496e-05,
    0.012650571763515472,
    0.006787293590605259,
    0.005472051911056042,
    0.0035875579342246056,
    0.0041376566514372826,
    0.0024489248171448708,
    0.0022263620048761368,
    0.0020705810748040676,
    0.0018594700377434492,
    0.0011288585374131799,
    0.0009178293985314667,
    0.0011209150543436408,
    0.0011673106346279383,
    0.000382917991373688,
    0.0006759105017408729,
    0.0006467666826210916,
    0.0006709677400067449,
    0.00029802671633660793,
    0.0008647363865748048,
    0.0004419776378199458,
    0.0006669730646535754,
    0.0008190876105800271,
    0.0007467078976333141,
    0.00024093825777526945,
    0.0006641310174018145,
    0.0004444253572728485,
    0.00020192714873701334,
    0.0006049706717021763,
    0.0001530316803837195,
    0.000632884562946856,
    0.000701125361956656,
    0.00016715002129785717,
    0.000933988718315959,
    0.0012145412620157003,
