{
  "version": "plots/_T_10_y0_0_1_network_architectures_4_50_activations_tanh_learning_rates_0_001_collocations_1024_epochs_50000_regularization_reg_derivative_unstable_fp_reg_epochs_1_reg_coeff_1_reg_decay_1_/run_0",
  "seed": 1,
  "y0": 0.1,
  "T": 10,
  "N_col": 1024,
  "N_hidden": 4,
  "N_neurons": 50,
  "activation": "tanh",
  "N_epochs": 50000,
  "learning_rate": 0.001,
  "decay_rate": 1.0,
  "freq_log": 100,
  "freq_print": 1000,
  "keys_print": [
    "loss"
  ],
  "freq_save": 0,
  "regularization": "reg_derivative_unstable_fp",
  "reg_coeff": 1,
  "reg_decay": 1,
  "reg_epochs": 1,
  "loss": [
    0.017274633049964905,
    0.02434583008289337,
    0.015490852296352386,
    0.015434259548783302,
    0.022137897089123726,
    0.013930422253906727,
    0.014645147137343884,
    0.015964750200510025,
    0.012843343429267406,
    0.012897518463432789,
    0.013090036809444427,
    0.013394299894571304,
    0.013211666606366634,
    0.0127264354377985,
    0.0126190772280097,
    0.01302923634648323,
    0.013964958488941193,
    0.012905355542898178,
    0.012469017878174782,
    0.013588414527475834,
    0.012007154524326324,
    0.012395653873682022,
    0.012193265371024609,
    0.012799149379134178,
    0.013218582607805729,
    0.013891004957258701,
    0.013659216463565826,
    0.01356417965143919,
    0.012606443837285042,
    0.012302448973059654,
    0.01236671581864357,
    0.012357156723737717,
    0.012126452289521694,
    0.012761573307216167,
    0.01216202974319458,
    0.01297543104737997,
    0.012077078223228455,
    0.012272700667381287,
    0.012574302963912487,
    0.01213598158210516,
    0.012133375741541386,
    0.013144418597221375,
    0.012843795120716095,
    0.012308615259826183,
    0.01268019899725914,
    0.012338953092694283,
    0.012767061591148376,
    0.01238036248832941,
    0.010399368591606617,
    0.003956743516027927,
    0.00378922326490283,
    0.0033546362537890673,
    0.003957612439990044,
    0.003842049976810813,
    0.004102023784071207,
    0.0036816478241235018,
    0.0037629129365086555,
    0.0033622686751186848,
    0.003955228254199028,
    0.004002485424280167,
    0.0035936699714511633,
    0.0034068773966282606,
    0.0040925233624875546,
    0.0038114208728075027,
    0.004122696351259947,
    0.0033995790872722864,
    0.0035688963253051043,
    0.003490911331027746,
    0.0039018921088427305,
    0.003493180265650153,
    0.0036270320415496826,
    0.0037029546219855547,
    0.003575389040634036,
    0.004391938913613558,
    0.0037205189000815153,
    0.003263459075242281,
    0.004272091202437878,
    0.004160664975643158,
    0.003938707988709211,
    0.0036600527819246054,
    0.0037472140975296497,
    0.0036662525963038206,
    0.0034281888511031866,
    0.003577694296836853,
    0.0038405077066272497,
    0.003377962624654174,
    0.004053201992064714,
    0.003898191498592496,
    0.0033707162365317345,
    0.0034584312234073877,
    0.003695822786539793,
    0.002999537158757448,
    0.003551371395587921,
    0.003147699637338519,
    0.00358570902608335,
    0.003682639915496111,
    0.0036044956650584936,
    0.003499171696603298,
    0.004070520866662264,
    0.003920880611985922,
    0.0031807799823582172,
    0.0032915454357862473,
    0.0038555620703846216,
    0.003514439333230257,
    0.0034859769511967897,
    0.00436408631503582,
    0.003387661185115576,
    0.003577723167836666,
    0.0037475782446563244,
    0.003936526831239462,
    0.003820665180683136,
    0.0035646911710500717,
    0.003895603120326996,
    0.0035144006833434105,
    0.0033448811154812574,
    0.003932686988264322,
    0.00340043636970222,
    0.003558110212907195,
    0.0034810916986316442,
    0.003926863893866539,
    0.004093548282980919,
    0.003858966985717416,
    0.0036908253096044064,
    0.0033492608927190304,
    0.003234723350033164,
    0.004206506069749594,
    0.0036547165364027023,
    0.003797998884692788,
    0.00385060952976346,
    0.0037398086860775948,
    0.003451711731031537,
    0.0030886491294950247,
    0.003278705757111311,
    0.00332118128426373,
    0.0030407255981117487,
    0.003459715284407139,
    0.003952949307858944,
    0.00337237399071455,
    0.0035218128468841314,
    0.003517904318869114,
    0.0034143293742090464,
    0.0032443515956401825,
    0.003881965996697545,
    0.003200917039066553,
    0.004306294023990631,
    0.0036999844014644623,
    0.0034022843465209007,
    0.0036544858012348413,
    0.0033366421703249216,
    0.0037915357388556004,
    0.0036002262495458126,
    0.0038084713742136955,
    0.002374598290771246,
    0.003630746155977249,
    0.002978856675326824,
    0.003472772194072604,
    0.003432089928537607,
    0.003800314851105213,
    0.0035989878233522177,
    0.0035455503966659307,
    0.0037156834732741117,
    0.0035505052655935287,
    0.0035862866789102554,
    0.0038123121485114098,
    0.003784959204494953,
    0.0037300395779311657,
    0.0035524838604032993,
    0.00323494803160429,
    0.0034398436546325684,
    0.003585639176890254,
    0.0034374655224382877,
    0.0036215900909155607,
    0.0036465346347540617,
    0.0037226611748337746,
    0.0035556559450924397,
    0.0033822536934167147,
    0.0034356028772890568,
    0.003839930985122919,
    0.003281543729826808,
    0.0035519415978342295,
    0.004336751997470856,
    0.003283848287537694,
    0.003361946903169155,
    0.0040137493051588535,
    0.004022231325507164,
    0.0038987884763628244,
    0.003408012678846717,
    0.0035724127665162086,
    0.0038889090064913034,
    0.003763443324714899,
    0.004524122923612595,
    0.00331892934627831,
    0.003110927063971758,
    0.0037206646520644426,
    0.003966385964304209,
    0.003486082423478365,
    0.0037836642004549503,
    0.0035177837125957012,
    0.003673532046377659,
    0.0036224701907485723,
    0.00335346395149827,
    0.003908664919435978,
    0.0037699099630117416,
    0.00413921196013689,
    0.004047386348247528,
    0.0038372911512851715,
    0.003125219838693738,
    0.004094298928976059,
    0.003942175768315792,
    0.00400362117215991,
    0.0035106083378195763,
    0.0041400352492928505,
    0.0034979614429175854,
    0.0033036386594176292,
    0.0035495657939463854,
    0.003267413703724742,
    0.00354979676194489,
    0.004244560841470957,
    0.0036547412164509296,
    0.0035833222791552544,
    0.003724754322320223,
    0.003535861847922206,
    0.003548332490026951,
    0.0038280761800706387,
    0.0038538631051778793,
    0.0038649910129606724,
    0.0038425433449447155,
    0.0034603229723870754,
    0.004137774929404259,
    0.0044350093230605125,
    0.0034645998384803534,
    0.0035594042856246233,
    0.003680327208712697,
    0.004355513956397772,
    0.0033232923597097397,
    0.00459433626383543,
    0.003525218227878213,
    0.0036546692717820406,
    0.004199609160423279,
    0.004110068082809448,
    0.0036671762354671955,
    0.0031422111205756664,
    0.0035797194577753544,
    0.003386686323210597,
    0.0033430380281060934,
    0.0035687903873622417,
    0.003222094150260091,
    0.003900454845279455,
    0.003414119826629758,
    0.0037001720629632473,
    0.0037467842921614647,
    0.0035020147915929556,
    0.00328528112731874,
    0.003754499601200223,
    0.0034057036973536015,
    0.0033941236324608326,
    0.003710513934493065,
    0.003792719217017293,
    0.003073787782341242,
    0.0031128311529755592,
    0.0038625914603471756,
    0.0035737084690481424,
    0.003435959108173847,
    0.0035904196556657553,
    0.002984456717967987,
    0.003996158018708229,
    0.00406021811068058,
    0.0034462118055671453,
    0.0037000696174800396,
    0.004048146307468414,
    0.004063157830387354,
    0.003823564387857914,
    0.0036428370513021946,
    0.0033543952740728855,
    0.004007510840892792,
    0.00412342231720686,
    0.004205217584967613,
    0.003387856762856245,
    0.004273988306522369,
    0.003703647991642356,
    0.003589363768696785,
