{
  "version": "plots/_T_7_5_y0_0_001_network_architectures_4_50_activations_tanh_learning_rates_0_001_collocations_1024_epochs_50000_regularization_unstable_fp_reg_epochs_1_reg_coeff_0_01_reg_decay_1_/run_4",
  "seed": 1,
  "y0": 0.001,
  "T": 7.5,
  "N_col": 1024,
  "N_hidden": 4,
  "N_neurons": 50,
  "activation": "tanh",
  "N_epochs": 50000,
  "learning_rate": 0.001,
  "decay_rate": 1.0,
  "freq_log": 100,
  "freq_print": 1000,
  "keys_print": [
    "loss"
  ],
  "freq_save": 0,
  "regularization": "unstable_fp",
  "reg_coeff": 0.01,
  "reg_decay": 1,
  "reg_epochs": 1,
  "loss": [
    0.031056754291057587,
    0.010002262890338898,
    0.010001769289374352,
    0.010001596063375473,
    0.01000123843550682,
    0.01000094972550869,
    0.010000785812735558,
    0.01000065915286541,
    0.010000481270253658,
    0.01000041700899601,
    0.010000341571867466,
    0.010000374168157578,
    0.01000033225864172,
    0.010000351816415787,
    0.010001247748732567,
    0.0100382836535573,
    0.010000263340771198,
    0.010000555776059628,
    0.010000419802963734,
    0.01000597607344389,
    0.010000335052609444,
    0.010000274516642094,
    0.010002052411437035,
    0.010000773705542088,
    0.010000282898545265,
    0.010000278241932392,
    0.010000254958868027,
    0.01000813115388155,
    0.010016306303441525,
    0.010031855665147305,
    0.010000423528254032,
    0.010000291280448437,
    0.010000712238252163,
    0.010000298731029034,
    0.010000718757510185,
    0.010000274516642094,
    0.010018521919846535,
    0.01000032015144825,
    0.010000457987189293,
    0.010001127608120441,
    0.01000030618160963,
    0.010322287678718567,
    0.010000273585319519,
    0.01000063493847847,
    0.010000268928706646,
    0.010000670328736305,
    0.010267811827361584,
    0.010000291280448437,
    0.010001687332987785,
    0.010000316426157951,
    0.010000285692512989,
    0.010000265203416348,
    0.010231701657176018,
    0.010000284761190414,
    0.010002564638853073,
    0.010000343434512615,
    0.01000080443918705,
    0.010000244714319706,
    0.010000317357480526,
    0.01019021775573492,
    0.010000287555158138,
    0.010000258684158325,
    0.01000046357512474,
    0.010130174458026886,
    0.010000297799706459,
    0.010000364854931831,
    0.010000265203416348,
    0.010019177570939064,
    0.01000067126005888,
    0.010000567883253098,
    0.01000028196722269,
    0.010000276379287243,
    0.01000822801142931,
    0.010000385344028473,
    0.010000564157962799,
    0.01000025775283575,
    0.010001081973314285,
    0.010023284703493118,
    0.010000383481383324,
    0.010000407695770264,
    0.01000051200389862,
    0.010001027956604958,
    0.01000039279460907,
    0.010000286623835564,
    0.010000518523156643,
    0.010000252164900303,
    0.010000555776059628,
    0.010000317357480526,
    0.01000277791172266,
    0.010000254958868027,
    0.010236525908112526,
    0.010000227950513363,
    0.010000254958868027,
    0.010000236332416534,
    0.010001035407185555,
    0.010000588372349739,
    0.010000266134738922,
    0.010000265203416348,
    0.010000333189964294,
    0.01000404916703701,
    0.010000241920351982,
    0.010000254958868027,
    0.010000312700867653,
    0.010001310147345066,
    0.010001499205827713,
    0.01000032015144825,
    0.010024170391261578,
    0.010000274516642094,
    0.01000027172267437,
    0.010000281035900116,
    0.010000312700867653,
    0.010001340880990028,
    0.01000035461038351,
    0.01000029407441616,
    0.010000274516642094,
    0.010007728822529316,
    0.010001626797020435,
    0.0100005017593503,
    0.010033726692199707,
    0.010000293143093586,
    0.010000297799706459,
    0.010011295787990093,
    0.010000295005738735,
    0.010000313632190228,
    0.010002803057432175,
    0.010000300593674183,
    0.010000264272093773,
    0.010000278241932392,
    0.010000277310609818,
    0.010000268928706646,
    0.010000254958868027,
    0.010000229813158512,
    0.010000230744481087,
    0.010000249370932579,
    0.01000023540109396,
    0.010000260546803474,
    0.010000290349125862,
    0.010000249370932579,
    0.010000261478126049,
    0.010000258684158325,
    0.010000255890190601,
    0.010000241920351982,
    0.010000275447964668,
    0.010000251233577728,
    0.010000310838222504,
    0.010000267066061497,
    0.010000242851674557,
    0.010000258684158325,
    0.010000240057706833,
    0.010000282898545265,
    0.010000266134738922,
    0.010000263340771198,
    0.010000181384384632,
    0.010000266134738922,
    0.010000225156545639,
    0.010000258684158325,
    0.010000253096222878,
    0.010000276379287243,
    0.010000265203416348,
    0.010000260546803474,
    0.010000277310609818,
    0.010000254027545452,
    0.010000268928706646,
    0.010000281035900116,
    0.010000275447964668,
    0.010000267066061497,
    0.010000265203416348,
    0.010000239126384258,
    0.010000267066061497,
    0.01000025775283575,
    0.010000252164900303,
    0.010000297799706459,
    0.010000270791351795,
    0.010000277310609818,
    0.010000268928706646,
    0.010000260546803474,
    0.010000248439610004,
    0.010000296868383884,
    0.010000266134738922,
    0.010000311769545078,
    0.010000384412705898,
    0.010000393725931644,
    0.010000268928706646,
    0.01000029407441616,
    0.010000364854931831,
    0.010000297799706459,
    0.010000281035900116,
    0.010000273585319519,
    0.01000033225864172,
    0.01000028382986784,
    0.010000756941735744,
    0.010000282898545265,
    0.010000496171414852,
    0.010000296868383884,
    0.010000307112932205,
    0.010000382550060749,
    0.010000399313867092,
    0.01000029593706131,
    0.0100003182888031,
    0.010000290349125862,
    0.010000328533351421,
    0.010000422596931458,
    0.010000302456319332,
    0.010000413283705711,
    0.010000335983932018,
    0.010000297799706459,
    0.0100003806874156,
    0.01000048965215683,
    0.010000544600188732,
    0.010000862181186676,
    0.010000430047512054,
    0.010000430978834629,
    0.010000353679060936,
    0.010000291280448437,
    0.010000295005738735,
    0.010000254027545452,
    0.010000278241932392,
    0.010000347159802914,
    0.010000292211771011,
    0.010000291280448437,
    0.010000305250287056,
    0.010000277310609818,
    0.010000262409448624,
    0.01000028196722269,
    0.0100003182888031,
    0.010000304318964481,
    0.010000309906899929,
    0.010000267066061497,
    0.010000321082770824,
    0.010000349953770638,
    0.010000281035900116,
    0.010000273585319519,
    0.010000282898545265,
    0.01000032015144825,
    0.010000274516642094,
    0.010000331327319145,
    0.010000278241932392,
    0.010000279173254967,
    0.010000327602028847,
    0.010000314563512802,
    0.010000304318964481,
    0.01000094786286354,
    0.010000254027545452,
    0.010000371374189854,
    0.010000280104577541,
    0.010001084767282009,
    0.010000267066061497,
    0.010000299662351608,
    0.010000249370932579,
    0.010000267066061497,
    0.010000352747738361,
    0.010000302456319332,
    0.010000855661928654,
    0.010000280104577541,
    0.010000274516642094,
    0.01000117976218462,
    0.010000274516642094,
    0.010000377893447876,
    0.010000244714319706,
    0.01000173855572939,
    0.01000026986002922,
    0.010001077316701412,
    0.010000398382544518,
    0.010000263340771198,
    0.010000224225223064,
    0.010000289417803288,
    0.010001761838793755,
    0.01000059861689806,
    0.010000406764447689,
    0.010000307112932205,
    0.010000437498092651,
    0.01000030804425478,
    0.010000343434512615,
    0.01000024750828743,
    0.010000325739383698,
    0.010000747628509998,
    0.010000405833125114,
    0.010000280104577541,
    0.010000359266996384,
    0.010000316426157951,
    0.010000361129641533,
    0.010000498965382576,
    0.010000345297157764,
    0.01000034250319004,
    0.0100002596154809,
    0.010000252164900303,
