{
  "version": "plots/_T_10_y0_0_1_network_architectures_4_50_activations_tanh_learning_rates_0_001_collocations_1024_epochs_50000_regularization_reg_derivative_reg_epochs_1_reg_coeff_100000_reg_decay_1_/run_0",
  "seed": 1,
  "y0": 0.1,
  "T": 10,
  "N_col": 1024,
  "N_hidden": 4,
  "N_neurons": 50,
  "activation": "tanh",
  "N_epochs": 50000,
  "learning_rate": 0.001,
  "decay_rate": 1.0,
  "freq_log": 100,
  "freq_print": 1000,
  "keys_print": [
    "loss"
  ],
  "freq_save": 0,
  "regularization": "reg_derivative",
  "reg_coeff": 100000,
  "reg_decay": 1,
  "reg_epochs": 1,
  "loss": [
    63510.75390625,
    900.489501953125,
    404.0069885253906,
    219.36679077148438,
    281.112548828125,
    647.9195556640625,
    331.8103942871094,
    71.82408142089844,
    173.11590576171875,
    51.01423645019531,
    156.84820556640625,
    227.03428649902344,
    27.321067810058594,
    132.36398315429688,
    116.34658813476562,
    92.7531509399414,
    39.12921142578125,
    46.24076843261719,
    10.723855018615723,
    139.5709991455078,
    131.01901245117188,
    16.3758602142334,
    13.590712547302246,
    15.012886047363281,
    5.3854475021362305,
    20.860307693481445,
    7.647369861602783,
    15.973618507385254,
    7.537354946136475,
    18.83396339416504,
    26.456809997558594,
    76.68181610107422,
    64.35244750976562,
    17.840747833251953,
    31.70890235900879,
    42.75749969482422,
    31.67288589477539,
    20.87906265258789,
    109.83500671386719,
    51.09099578857422,
    62.726219177246094,
    52.097694396972656,
    52.84950256347656,
    156.12933349609375,
    57.33953094482422,
    62.166446685791016,
    54.90257263183594,
    55.677024841308594,
    55.5635986328125,
    58.53929138183594,
    67.04906463623047,
    71.67507934570312,
    97.29074096679688,
    64.11196899414062,
    67.20698547363281,
    83.95805358886719,
    72.31236267089844,
    73.56413269042969,
    72.5240249633789,
    158.8787841796875,
    56.9683723449707,
    77.611083984375,
    74.54557800292969,
    72.65367889404297,
    68.72645568847656,
    69.99835205078125,
    72.50094604492188,
    68.50981140136719,
    71.59834289550781,
    71.87680053710938,
    68.20284271240234,
    72.85408782958984,
    67.94971466064453,
    63.72027587890625,
    72.95718383789062,
    70.03412628173828,
    68.8065185546875,
    68.29576110839844,
    71.96507263183594,
    72.77664184570312,
    63.16613006591797,
    65.35003662109375,
    71.04851531982422,
    68.49116516113281,
    69.46725463867188,
    69.32783508300781,
    64.18878173828125,
    71.5218276977539,
    70.81986999511719,
    73.43016052246094,
    66.43966674804688,
    73.14167785644531,
    70.08389282226562,
    69.62541198730469,
    67.64796447753906,
    71.46343994140625,
    71.55960845947266,
    70.58897399902344,
    66.3450927734375,
    71.37460327148438,
    71.60880279541016,
    72.95648193359375,
    69.13052368164062,
    69.94947052001953,
    73.66749572753906,
    68.69247436523438,
    69.98824310302734,
    69.01864624023438,
    70.27265930175781,
    68.65003967285156,
    69.89263153076172,
    71.27289581298828,
    72.62348937988281,
    68.21710968017578,
    70.46905517578125,
    73.07511138916016,
    68.56797790527344,
    68.80416870117188,
    68.4296646118164,
    68.31965637207031,
    68.5822982788086,
    69.39713287353516,
    72.0912857055664,
    69.0652084350586,
    68.56522369384766,
    68.76191711425781,
    69.28653717041016,
    66.56432342529297,
    70.42100524902344,
    65.43463134765625,
    73.81983184814453,
    69.61563110351562,
    73.5435562133789,
    67.31986999511719,
    68.02513122558594,
    68.14784240722656,
    70.04712677001953,
    72.28300476074219,
    63.357383728027344,
    68.93314361572266,
    70.2382583618164,
    65.40254974365234,
    66.47071838378906,
    65.31637573242188,
    69.52197265625,
    66.54727935791016,
    66.14173889160156,
    71.25801086425781,
    73.07810974121094,
    69.46379089355469,
    72.87256622314453,
    66.57542419433594,
    72.4177474975586,
    65.86549377441406,
    70.15675354003906,
    68.50694274902344,
    66.38078308105469,
    75.0746078491211,
    70.21708679199219,
    68.20582580566406,
    71.67456817626953,
    71.46615600585938,
    71.40022277832031,
    70.7618179321289,
    69.60009765625,
    70.1573257446289,
    68.64434814453125,
    67.69754028320312,
    67.40060424804688,
    73.59296417236328,
    65.8254623413086,
    73.51480102539062,
    69.31842803955078,
    69.92140197753906,
    67.72264862060547,
    69.7774887084961,
    66.89840698242188,
    67.78524017333984,
    68.52944946289062,
    71.82402801513672,
    73.92204284667969,
    69.1187515258789,
    73.71157836914062,
    68.17231750488281,
    69.49174499511719,
    69.99771118164062,
    73.39161682128906,
    69.70040893554688,
    67.19143676757812,
    65.38896942138672,
    73.3855209350586,
    65.92536926269531,
    69.56118774414062,
    71.56523132324219,
    64.9758071899414,
    70.98516845703125,
    72.62480163574219,
    63.97516632080078,
    69.78083038330078,
    66.21913146972656,
    70.57502746582031,
    71.70863342285156,
    68.08106994628906,
    70.75811004638672,
    69.77577209472656,
    64.66342163085938,
    64.7350845336914,
    75.07182312011719,
    71.85006713867188,
    69.54418182373047,
    67.52230834960938,
    70.90007019042969,
    68.21075439453125,
    72.67604064941406,
    64.9063720703125,
    70.42788696289062,
    66.06803894042969,
    68.76255798339844,
    64.91804504394531,
    65.92993927001953,
    65.16484069824219,
    70.66893005371094,
    72.93484497070312,
    66.96401977539062,
    70.20851135253906,
    68.0555191040039,
    69.32259368896484,
    71.30996704101562,
    67.98300170898438,
    65.43913269042969,
    66.52652740478516,
    69.8470458984375,
    69.14522552490234,
    69.84466552734375,
    71.35553741455078,
    69.71250915527344,
    66.49287414550781,
    68.71263122558594,
    65.31547546386719,
    66.11106872558594,
    73.81378173828125,
    72.64955139160156,
    70.13565063476562,
    65.83165740966797,
    63.536163330078125,
    72.76365661621094,
    69.13406372070312,
    67.27947235107422,
    69.38664245605469,
    70.0780029296875,
    69.61327362060547,
    69.02760314941406,
    73.19137573242188,
    73.93321228027344,
    64.84818267822266,
    70.83296966552734,
    72.22908782958984,
    67.4949951171875,
    75.55320739746094,
    71.34473419189453,
    69.9945068359375,
    65.68010711669922,
    73.04913330078125,
    64.55792236328125,
    70.6269760131836,
    66.67637634277344,
    67.88771057128906,
    73.5534439086914,
    65.68927001953125,
    71.26356506347656,
    65.19702911376953,
    69.59940338134766,
    72.3546371459961,
    73.53993225097656,
    66.88985443115234,
    67.31538391113281,
    74.23741149902344,
    69.24039459228516,
    66.6549301147461,
    65.6932144165039,
    73.12615966796875,
    63.893348693847656,
    67.63642883300781,
    75.23926544189453,
    68.32536315917969,
    67.31795501708984,
    68.569580078125,
    67.96560668945312,
    68.27049255371094,
    66.32877349853516,
    71.76336669921875,
    69.64295959472656,
    74.94182586669922,
    72.20303344726562,
    72.2361831665039,
    70.24835205078125,
    77.43653869628906,
    66.76709747314453,
    72.39585876464844,
    72.63774108886719,
    65.10565185546875,
    73.38591003417969,
    70.35479736328125,
    66.12995910644531,
    70.58123016357422,
    72.33970642089844,
    70.35504150390625,
    71.30583190917969,
    71.19994354248047,
    72.56326293945312,
    68.61904907226562,
    69.55320739746094,
    68.86465454101562,
    64.89107513427734,
    67.16325378417969,
    69.32318115234375,
    68.72451782226562,
    66.99139404296875,
    71.38312530517578,
    68.01614379882812,
    71.14140319824219,
    70.30686950683594,
    66.88360595703125,
