{
  "version": "plots/_T_10_y0_0_1_network_architectures_4_50_activations_tanh_learning_rates_0_001_collocations_1024_epochs_50000_regularization_reg_derivative_reg_epochs_1_reg_coeff_1_reg_decay_1_/run_4",
  "seed": 1,
  "y0": 0.1,
  "T": 10,
  "N_col": 1024,
  "N_hidden": 4,
  "N_neurons": 50,
  "activation": "tanh",
  "N_epochs": 50000,
  "learning_rate": 0.001,
  "decay_rate": 1.0,
  "freq_log": 100,
  "freq_print": 1000,
  "keys_print": [
    "loss"
  ],
  "freq_save": 0,
  "regularization": "reg_derivative",
  "reg_coeff": 1,
  "reg_decay": 1,
  "reg_epochs": 1,
  "loss": [
    0.6714906692504883,
    0.1522495150566101,
    0.1413853019475937,
    0.12573149800300598,
    0.13121159374713898,
    0.12470036000013351,
    0.10011857002973557,
    0.08729299902915955,
    0.09155705571174622,
    0.08058580756187439,
    0.07577142864465714,
    0.07907617837190628,
    0.07167625427246094,
    0.07223590463399887,
    0.07486380636692047,
    0.07803670316934586,
    0.07022102177143097,
    0.07392292469739914,
    0.07430237531661987,
    0.07452364265918732,
    0.06966499239206314,
    0.07229125499725342,
    0.07512688636779785,
    0.0728740319609642,
    0.07153303921222687,
    0.0752013772726059,
    0.0770733505487442,
    0.07232586294412613,
    0.07644864171743393,
    0.06876420974731445,
    0.07392118871212006,
    0.0724908858537674,
    0.0755782201886177,
    0.07263488322496414,
    0.06869123876094818,
    0.0714438185095787,
    0.06966416537761688,
    0.06730686128139496,
    0.07005351036787033,
    0.06522682309150696,
    0.07142244279384613,
    0.07840081304311752,
    0.07035895437002182,
    0.07195407152175903,
    0.07306765764951706,
    0.07402757555246353,
    0.07787039875984192,
    0.07280737161636353,
    0.0641804039478302,
    0.07253319025039673,
    0.07275676727294922,
    0.07173949480056763,
    0.0680474266409874,
    0.07084721326828003,
    0.06552094221115112,
    0.07172967493534088,
    0.0673007220029831,
    0.07258600741624832,
    0.07361680269241333,
    0.07704214751720428,
    0.07383044064044952,
    0.06911121308803558,
    0.07210469245910645,
    0.07126723974943161,
    0.07246831804513931,
    0.07136229425668716,
    0.07427770644426346,
    0.07515548169612885,
    0.07245872914791107,
    0.07339407503604889,
    0.06860978156328201,
    0.06636717170476913,
    0.06926288455724716,
    0.06905397772789001,
    0.0745617225766182,
    0.06827934086322784,
    0.0692882090806961,
    0.07181394845247269,
    0.06932704895734787,
    0.06764571368694305,
    0.06804303824901581,
    0.0629575178027153,
    0.06978853791952133,
    0.07386690378189087,
    0.07319735735654831,
    0.07296442240476608,
    0.07117144763469696,
    0.07211648672819138,
    0.07156705856323242,
    0.06710818409919739,
    0.06995481252670288,
    0.06822530180215836,
    0.0713370144367218,
    0.07064896821975708,
    0.07109025120735168,
    0.06965529918670654,
    0.06839703023433685,
    0.07056975364685059,
    0.07073595374822617,
    0.0687287226319313,
    0.06879542768001556,
    0.07014620304107666,
    0.0698574036359787,
    0.0672530084848404,
    0.07067318260669708,
    0.06874765455722809,
    0.07162094861268997,
    0.07018901407718658,
    0.06665408611297607,
    0.0678614154458046,
    0.06778904050588608,
    0.06883769482374191,
    0.06828638166189194,
    0.07534044235944748,
    0.07151894271373749,
    0.07548826932907104,
    0.07079221308231354,
    0.0724412351846695,
    0.07108385860919952,
    0.06481828540563583,
    0.0686243399977684,
    0.070144422352314,
    0.07429671287536621,
    0.07147189229726791,
    0.06756660342216492,
    0.06726700067520142,
    0.06792581081390381,
    0.06804415583610535,
    0.06683502346277237,
    0.07022310048341751,
    0.06508252769708633,
    0.0677301287651062,
    0.0731978490948677,
    0.07496251165866852,
    0.06544412672519684,
    0.06755974888801575,
    0.06485074758529663,
    0.07020589709281921,
    0.06672808527946472,
    0.06615518033504486,
    0.07385963946580887,
    0.0699307769536972,
    0.07169975340366364,
    0.07270441949367523,
    0.07352405786514282,
    0.0689532607793808,
    0.06752476096153259,
    0.06564697623252869,
    0.07148055732250214,
    0.07363718003034592,
    0.06789760291576385,
    0.0670161098241806,
    0.06816457211971283,
    0.0700232982635498,
    0.06697911769151688,
    0.06849633157253265,
    0.0679197907447815,
    0.06946584582328796,
    0.07251454889774323,
    0.07071220874786377,
    0.06572860479354858,
    0.06685463339090347,
    0.07222065329551697,
    0.065745510160923,
    0.06702083349227905,
    0.0728389173746109,
    0.06926102936267853,
    0.06788993626832962,
    0.06742171943187714,
    0.0683680921792984,
    0.0808812603354454,
    0.06155579537153244,
    0.0677618533372879,
    0.067271888256073,
    0.07101882994174957,
    0.07269249856472015,
    0.0681639164686203,
    0.07194095104932785,
    0.06966277956962585,
    0.06644335389137268,
    0.06918948143720627,
    0.06989199668169022,
    0.06969181448221207,
    0.06808602809906006,
    0.07339011132717133,
    0.07172763347625732,
    0.07024780660867691,
    0.0710751861333847,
    0.0684303492307663,
    0.07817381620407104,
    0.06652487814426422,
    0.07031634449958801,
    0.07226325571537018,
    0.08312438428401947,
    0.07020488381385803,
    0.06828072667121887,
    0.06633813679218292,
    0.06893932819366455,
    0.0711466372013092,
    0.07140614837408066,
    0.07368201017379761,
    0.06956155598163605,
    0.06952153146266937,
    0.0730152279138565,
    0.07030270993709564,
    0.06961818039417267,
    0.06949180364608765,
    0.06656406819820404,
    0.07407231628894806,
    0.06711391359567642,
    0.07320557534694672,
    0.07075725495815277,
    0.07120686769485474,
    0.06961675733327866,
    0.0698966383934021,
    0.07096831500530243,
    0.07091791927814484,
    0.07109001278877258,
    0.06904379278421402,
    0.07142284512519836,
    0.0695720911026001,
    0.07488671690225601,
    0.0702173113822937,
    0.06890861690044403,
    0.06742767989635468,
    0.06982315331697464,
    0.07073361426591873,
    0.07237198203802109,
    0.07022210955619812,
    0.07267783582210541,
    0.06864368170499802,
    0.06841179728507996,
    0.07150932401418686,
    0.06737954914569855,
    0.06545522063970566,
    0.07005332410335541,
    0.07144499570131302,
    0.06956362724304199,
    0.06985517591238022,
    0.06735830008983612,
    0.06661392748355865,
    0.06914429366588593,
    0.07083746790885925,
    0.07158220559358597,
    0.07342929393053055,
    0.06632678210735321,
    0.07746987044811249,
    0.06895114481449127,
    0.06776146590709686,
    0.06271050870418549,
    0.06745406985282898,
    0.07182782888412476,
    0.07413047552108765,
    0.0676514133810997,
    0.06922708451747894,
    0.07040015608072281,
    0.07295715063810349,
    0.07349413633346558,
    0.0677795559167862,
    0.07320103794336319,
    0.06883980333805084,
    0.06745701283216476,
    0.06975284218788147,
    0.06683921813964844,
    0.06763465702533722,
    0.06878360360860825,
    0.07121128588914871,
    0.06948381662368774,
    0.06974394619464874,
    0.07032576203346252,
    0.07129085063934326,
    0.06369473040103912,
    0.07229624688625336,
    0.06611620634794235,
    0.07151716947555542,
    0.07389302551746368,
    0.0707610696554184,
    0.06619592010974884,
    0.06602659076452255,
    0.06941723823547363,
    0.07213488966226578,
    0.06715620309114456,
    0.06669009476900101,
    0.07164269685745239,
    0.06956213712692261,
    0.07024265080690384,
    0.06874574720859528,
    0.06856311112642288,
    0.0735071450471878,
    0.0676126480102539,
    0.06723612546920776,
    0.07124729454517365,
    0.06879867613315582,
    0.0708063393831253,
    0.06963648647069931,
    0.06967604905366898,
    0.06690771877765656,
    0.06683775782585144,
