{
  "version": "plots/_T_10_y0_0_001_network_architectures_4_50_activations_tanh_learning_rates_0_001_collocations_1024_epochs_50000_regularization_reg_derivative_reg_epochs_1_reg_coeff_10_reg_decay_1_/run_6",
  "seed": 1,
  "y0": 0.001,
  "T": 10,
  "N_col": 1024,
  "N_hidden": 4,
  "N_neurons": 50,
  "activation": "tanh",
  "N_epochs": 50000,
  "learning_rate": 0.001,
  "decay_rate": 1.0,
  "freq_log": 100,
  "freq_print": 1000,
  "keys_print": [
    "loss"
  ],
  "freq_save": 0,
  "regularization": "reg_derivative",
  "reg_coeff": 10,
  "reg_decay": 1,
  "reg_epochs": 1,
  "loss": [
    7.211063861846924,
    0.5379254817962646,
    0.45368438959121704,
    0.3698025941848755,
    0.3487136960029602,
    0.3778369724750519,
    0.339288592338562,
    0.30954816937446594,
    0.2854672074317932,
    0.24429813027381897,
    0.2029956728219986,
    0.20404696464538574,
    0.160220667719841,
    0.20538237690925598,
    0.17490771412849426,
    0.16968491673469543,
    0.20719501376152039,
    0.14925917983055115,
    0.16761843860149384,
    0.1810118705034256,
    0.16255979239940643,
    0.1645459085702896,
    0.15632058680057526,
    0.18228234350681305,
    0.194228395819664,
    0.18716087937355042,
    0.19098913669586182,
    0.16883936524391174,
    0.17295002937316895,
    0.14772416651248932,
    0.12717507779598236,
    0.1618269830942154,
    0.1721341907978058,
    0.1374470740556717,
    0.12774227559566498,
    0.15323658287525177,
    0.13759511709213257,
    0.17441874742507935,
    0.1400117725133896,
    0.11860242486000061,
    0.1443798989057541,
    0.13847966492176056,
    0.1354115754365921,
    0.14138081669807434,
    0.14326362311840057,
    0.1089320182800293,
    0.13056674599647522,
    0.14027287065982819,
    0.16286790370941162,
    0.14169351756572723,
    0.13113854825496674,
    0.14967218041419983,
    0.1263924539089203,
    0.13027721643447876,
    0.11226530373096466,
    0.14692780375480652,
    0.14090733230113983,
    0.14234709739685059,
    0.14501021802425385,
    0.1342536360025406,
    0.15666572749614716,
    0.13079163432121277,
    0.10885913670063019,
    0.1433744728565216,
    0.4271682798862457,
    0.3359159231185913,
    0.19053274393081665,
    0.12381543219089508,
    0.13867826759815216,
    0.14269787073135376,
    0.17503492534160614,
    0.16207467019557953,
    0.12768268585205078,
    0.13095331192016602,
    0.13090288639068604,
    0.12628233432769775,
    0.12980344891548157,
    0.1462545543909073,
    0.13919198513031006,
    0.12675559520721436,
    0.12395350635051727,
    0.12650536000728607,
    0.1470448076725006,
    0.1696154922246933,
    0.1473538875579834,
    0.14227376878261566,
    0.18618683516979218,
    0.16351041197776794,
    0.16786456108093262,
    0.15902231633663177,
    0.1483277976512909,
    0.15041474997997284,
    0.14050082862377167,
    0.1541878879070282,
    0.16050101816654205,
    0.14835797250270844,
    0.14003612101078033,
    0.14308468997478485,
    0.14971032738685608,
    0.11195844411849976,
    0.14406226575374603,
    0.12757794559001923,
    0.14792749285697937,
    0.1638893187046051,
    0.1521691381931305,
    0.13532453775405884,
    0.13523051142692566,
    0.15393683314323425,
    0.1365356296300888,
    0.15220056474208832,
    0.13489790260791779,
    0.14238932728767395,
    0.12443903833627701,
    0.1286461353302002,
    0.12272033095359802,
    0.14073409140110016,
    0.1446121484041214,
    0.1784762144088745,
    0.20506852865219116,
    0.18568262457847595,
    0.18705470860004425,
    0.1767871081829071,
    0.16400815546512604,
    0.14301861822605133,
    0.140231192111969,
    0.13826164603233337,
    0.14674295485019684,
    0.13847798109054565,
    0.17157284915447235,
    0.13518953323364258,
    0.13138888776302338,
    0.12300378084182739,
    0.13455495238304138,
    0.14097756147384644,
    0.12981610000133514,
    0.13312694430351257,
    0.12485391646623611,
    0.15920698642730713,
    0.17561079561710358,
    0.14714279770851135,
    0.16736625134944916,
    0.15660418570041656,
    0.12043030560016632,
    0.13099700212478638,
    0.12477391213178635,
    0.13264258205890656,
    0.15440595149993896,
    0.14830145239830017,
    0.15427017211914062,
    0.17182183265686035,
    0.1654055118560791,
    0.15571533143520355,
    0.1680852323770523,
    0.2047957330942154,
    0.1515740305185318,
    0.13159683346748352,
    0.14006376266479492,
    0.1406119465827942,
    0.13627399504184723,
    0.137176513671875,
    0.13875895738601685,
    0.12051981687545776,
    0.13485553860664368,
    0.11794735491275787,
    0.11101388186216354,
    0.12803901731967926,
    0.11733643710613251,
    0.1273726522922516,
    0.12930670380592346,
    0.11339384317398071,
    0.1304217129945755,
    0.11731736361980438,
    0.12387149780988693,
    0.13213543593883514,
    0.13646630942821503,
    0.11999424546957016,
    0.13101820647716522,
    0.12081544101238251,
    0.1360003650188446,
    0.13285261392593384,
    0.11667478829622269,
    0.1264369636774063,
    0.12413324415683746,
    0.12485712766647339,
    0.14539770781993866,
    0.14137329161167145,
    0.15119138360023499,
    0.14522895216941833,
    0.13456831872463226,
    0.14546513557434082,
    0.12438219785690308,
    0.12810541689395905,
    0.1272650510072708,
    0.12788398563861847,
    0.14408209919929504,
    0.16258087754249573,
    0.16391929984092712,
    0.20759731531143188,
    0.185838520526886,
    0.2121226042509079,
    0.17030440270900726,
    0.16703246533870697,
    0.16915488243103027,
    0.16489599645137787,
    0.17794032394886017,
    0.16148416697978973,
    0.15630345046520233,
    0.1622297167778015,
    0.17644749581813812,
    0.17511966824531555,
    0.16780951619148254,
    0.1392650157213211,
    0.14471803605556488,
    0.1627826690673828,
    0.144011989235878,
    0.14946132898330688,
    0.12694184482097626,
    0.1321515440940857,
    0.13011126220226288,
    0.13120394945144653,
    0.1221792995929718,
    0.1333014965057373,
    0.12536874413490295,
    0.11649266630411148,
    0.11085716634988785,
    0.12300198525190353,
    0.1583973914384842,
    0.17682331800460815,
    0.16748762130737305,
    0.15031151473522186,
    0.15516413748264313,
    0.13299652934074402,
    0.1466301530599594,
    0.14269472658634186,
    0.1307407021522522,
    0.15411590039730072,
    0.13937333226203918,
    0.14517511427402496,
    0.1737658828496933,
    0.1580713838338852,
    0.15920712053775787,
    0.15529648959636688,
    0.14273709058761597,
    0.17887911200523376,
    0.16765081882476807,
    0.16025030612945557,
    0.1846800148487091,
    0.1922936886548996,
    0.1841820776462555,
    0.16351638734340668,
    0.1605503410100937,
    0.1730622947216034,
    0.16470585763454437,
    0.16518162190914154,
    0.15345364809036255,
    0.15265794098377228,
    0.15727199614048004,
    0.15565577149391174,
    0.15076208114624023,
    0.15179169178009033,
    0.1592765748500824,
    0.14471973478794098,
    0.15591715276241302,
    0.15010474622249603,
    0.14446508884429932,
    0.1469307690858841,
    0.15798461437225342,
    0.14830519258975983,
    0.12599274516105652,
    0.11885769665241241,
    0.13022677600383759,
    0.10929935425519943,
    0.14215072989463806,
    0.1612914800643921,
    0.1348753273487091,
    0.1460975706577301,
    0.12367358058691025,
    0.11282473802566528,
    0.11905725300312042,
    0.12061186134815216,
    0.12797993421554565,
    0.1303986757993698,
    0.12071532756090164,
    0.11726142466068268,
    0.1273079514503479,
    0.12481806427240372,
    0.13327036798000336,
    0.1435866355895996,
    0.1520642638206482,
    0.14683720469474792,
    0.1298729032278061,
    0.18643681704998016,
    0.16739912331104279,
    0.17087805271148682,
    0.14734216034412384,
    0.1554115116596222,
    0.14105507731437683,
    0.14269539713859558,
    0.14362424612045288,
