{
  "version": "model_weights/_T_10_y0_0_001_network_architectures_4_50_activations_tanh_learning_rates_0_001_collocations_1024_epochs_50000_reg_epochs_0_75_reg_coeff_1_reg_decay_1_/run_16",
  "seed": 1,
  "y0": 0.001,
  "T": 10,
  "N_col": 1024,
  "N_hidden": 4,
  "N_neurons": 50,
  "activation": "tanh",
  "N_epochs": 50000,
  "learning_rate": 0.001,
  "decay_rate": 1.0,
  "freq_log": 100,
  "freq_print": 1000,
  "keys_print": [
    "loss"
  ],
  "freq_save": 0,
  "reg_coeff": 1,
  "reg_decay": 1,
  "reg_epochs": 0.75,
  "loss": [
    0.15759356319904327,
    0.13533000648021698,
    0.1353263258934021,
    0.13532239198684692,
    0.1353151649236679,
    0.13530009984970093,
    0.13527806103229523,
    0.13578137755393982,
    0.032443106174468994,
    0.0288982130587101,
    0.026801006868481636,
    0.03414798527956009,
    0.031646840274333954,
    0.03368840366601944,
    0.030315347015857697,
    0.0323312021791935,
    0.0253498163074255,
    0.03138390928506851,
    0.02765466645359993,
    0.0288427472114563,
    0.028529200702905655,
    0.02699270099401474,
    0.027847222983837128,
    0.02988598495721817,
    0.02896421030163765,
    0.028455913066864014,
    0.0269404835999012,
    0.027304155752062798,
    0.026291292160749435,
    0.031091369688510895,
    0.02860948070883751,
    0.029288940131664276,
    0.026583973318338394,
    0.026641299948096275,
    0.027856117114424706,
    0.02652665413916111,
    0.02918819896876812,
    0.028751663863658905,
    0.03039783053100109,
    0.02487047202885151,
    0.027688361704349518,
    0.029952161014080048,
    0.02858460694551468,
    0.027392135933041573,
    0.027559440582990646,
    0.027979904785752296,
    0.02570081315934658,
    0.02736770361661911,
    0.028617965057492256,
    0.028005069121718407,
    0.02838531695306301,
    0.026979593560099602,
    0.03001543879508972,
    0.02900003269314766,
    0.030557911843061447,
    0.027655795216560364,
    0.029232898727059364,
    0.026089321821928024,
    0.03009936399757862,
    0.028600439429283142,
    0.027701901271939278,
    0.02698308788239956,
    0.030028333887457848,
    0.02768564224243164,
    0.02999020367860794,
    0.02748876065015793,
    0.027798205614089966,
    0.02734549157321453,
    0.0291682630777359,
    0.027233095839619637,
    0.02844999171793461,
    0.02819565311074257,
    0.02745242789387703,
    0.03148919343948364,
    0.027660436928272247,
    0.0254196934401989,
    0.03116225078701973,
    0.029869165271520615,
    0.029401622712612152,
    0.028288794681429863,
    0.02895999699831009,
    0.028675299137830734,
    0.026883821934461594,
    0.027850855141878128,
    0.02855224348604679,
    0.026970012113451958,
    0.029604099690914154,
    0.029349589720368385,
    0.027057651430368423,
    0.02656026929616928,
    0.028519243001937866,
    0.02433105930685997,
    0.027160245925188065,
    0.025355428457260132,
    0.02756294049322605,
    0.02752085030078888,
    0.027502410113811493,
    0.02733992598950863,
    0.02998330071568489,
    0.029584471136331558,
    0.025320474058389664,
    0.026432747021317482,
    0.028821777552366257,
    0.027212850749492645,
    0.027091652154922485,
    0.03232477605342865,
    0.025951514020562172,
    0.028211385011672974,
    0.028634903952479362,
    0.028284858912229538,
    0.028683725744485855,
    0.02717786282300949,
    0.029244180768728256,
    0.02742813527584076,
    0.026668289676308632,
    0.029148969799280167,
    0.027006229385733604,
    0.02700486034154892,
    0.027407579123973846,
    0.029581496492028236,
    0.030279576778411865,
    0.02953309565782547,
    0.028000280261039734,
    0.026511581614613533,
    0.025932371616363525,
    0.0307601410895586,
    0.027929898351430893,
    0.029187733307480812,
    0.02876271866261959,
    0.028466377407312393,
    0.027232661843299866,
    0.02518133446574211,
    0.02547091618180275,
    0.02621321752667427,
    0.025691349059343338,
    0.02758825570344925,
    0.029923755675554276,
    0.026665909215807915,
    0.02768496237695217,
    0.027498554438352585,
    0.026747746393084526,
    0.026072923094034195,
    0.0289458055049181,
    0.02697121351957321,
    0.03132542595267296,
    0.027749259024858475,
    0.026285525411367416,
    0.027605492621660233,
    0.025957923382520676,
    0.02880607172846794,
    0.02784156985580921,
    0.027868084609508514,
    0.021343044936656952,
    0.027829863131046295,
    0.0245853029191494,
    0.02743374928832054,
    0.02708473987877369,
    0.028425291180610657,
    0.027785010635852814,
    0.027019187808036804,
    0.02851489931344986,
    0.027178891003131866,
    0.027284987270832062,
    0.02861986681818962,
    0.02844415046274662,
    0.02781951054930687,
    0.027902528643608093,
    0.025713784620165825,
    0.02714502066373825,
    0.027333933860063553,
    0.02667956054210663,
    0.02813541516661644,
    0.027843069285154343,
    0.02844064310193062,
    0.027011245489120483,
    0.026799222454428673,
    0.027018913999199867,
    0.02906959503889084,
    0.025766700506210327,
    0.027671899646520615,
    0.03095502220094204,
    0.025851190090179443,
    0.026740984991192818,
    0.029756948351860046,
    0.029846832156181335,
    0.028948478400707245,
    0.026679974049329758,
    0.027918193489313126,
    0.029007190838456154,
    0.029041429981589317,
    0.032529350370168686,
    0.025743776932358742,
    0.025455597788095474,
    0.028422348201274872,
    0.02989077754318714,
    0.027230609208345413,
    0.029010415077209473,
    0.028104349970817566,
    0.028195858001708984,
    0.028398333117365837,
    0.026670891791582108,
    0.029075253754854202,
    0.028435949236154556,
    0.030285855755209923,
    0.029969729483127594,
    0.029244685545563698,
    0.025303388014435768,
    0.030181599780917168,
    0.02930309809744358,
    0.029475577175617218,
    0.027244791388511658,
    0.030262771993875504,
    0.027084050700068474,
    0.026131175458431244,
    0.028013404458761215,
    0.025645114481449127,
    0.02752874046564102,
    0.03085809201002121,
    0.02807820960879326,
    0.027299510315060616,
    0.029325008392333984,
    0.02774454839527607,
    0.027644488960504532,
    0.029522256925702095,
    0.02971804141998291,
    0.029000427573919296,
    0.028457652777433395,
    0.027238182723522186,
    0.03053320199251175,
    0.03237585723400116,
    0.027707982808351517,
    0.027398180216550827,
    0.02794637158513069,
    0.0316980741918087,
    0.02679995819926262,
    0.03257568180561066,
    0.027064941823482513,
    0.027616936713457108,
    0.03066197596490383,
    0.030351413413882256,
    0.02778816968202591,
    0.02555951103568077,
    0.027324816212058067,
    0.027655744925141335,
    0.02669324353337288,
    0.027423186227679253,
    0.025955919176340103,
    0.029470710083842278,
    0.02675475738942623,
    0.028652135282754898,
    0.028253821656107903,
    0.027386914938688278,
    0.026112977415323257,
    0.028525646775960922,
    0.02655562199652195,
    0.02655244804918766,
    0.02799740806221962,
    0.02870209515094757,
    0.024875406175851822,
    0.025245459750294685,
    0.028348375111818314,
    0.02767813578248024,
    0.026736227795481682,
    0.02814006432890892,
    0.025053255259990692,
    0.029187101870775223,
    0.02999219298362732,
    0.02694638818502426,
    0.028064250946044922,
    0.030525414273142815,
    0.030021067708730698,
    0.029656311497092247,
    0.028104953467845917,
    0.026265155524015427,
    0.030252818018198013,
    0.02950996533036232,
    0.030696438625454903,
    0.02649853192269802,
    0.0314071848988533,
    0.028619825839996338,
    0.02776917815208435,
    0.029666608199477196,
    0.028355907648801804,
    0.029872702434659004,
    0.026377419009804726,
    0.02671612799167633,
    0.0253199003636837,
    0.028315294533967972,
    0.025125442072749138,
    0.02732037380337715,
    0.027933968231081963,
    0.027924589812755585,
