{
  "version": "plots/_T_7_5_y0_0_01_network_architectures_4_50_activations_tanh_learning_rates_0_001_collocations_1024_epochs_50000_regularization_reg_derivative_unstable_fp_reg_epochs_1_reg_coeff_10_reg_decay_1_/run_9",
  "seed": 1,
  "y0": 0.01,
  "T": 7.5,
  "N_col": 1024,
  "N_hidden": 4,
  "N_neurons": 50,
  "activation": "tanh",
  "N_epochs": 50000,
  "learning_rate": 0.001,
  "decay_rate": 1.0,
  "freq_log": 100,
  "freq_print": 1000,
  "keys_print": [
    "loss"
  ],
  "freq_save": 0,
  "regularization": "reg_derivative_unstable_fp",
  "reg_coeff": 10,
  "reg_decay": 1,
  "reg_epochs": 1,
  "loss": [
    0.06112805753946304,
    0.0032241176813840866,
    0.0006921717431396246,
    0.0006388130132108927,
    0.0009495461126789451,
    0.0008829255821183324,
    0.0009071786189451814,
    0.0008723818464204669,
    0.0008933244971558452,
    0.001039022346958518,
    0.000899242702871561,
    0.0009077010909095407,
    0.000946006563026458,
    0.0008438410586677492,
    0.00451243482530117,
    0.0009797295788303018,
    0.0006773609202355146,
    0.000613077892921865,
    0.000624313484877348,
    0.0006038889987394214,
    0.0005912124761380255,
    0.0009893394308164716,
    0.0005985049647279084,
    0.0005321046919561923,
    0.0005923223798163235,
    0.0014056690270081162,
    0.000675468472763896,
    0.000553498393855989,
    0.0005652968538925052,
    0.000528368225786835,
    0.0006087092333473265,
    0.0005576718831434846,
    0.0005583333550021052,
    0.0005605830810964108,
    0.0008184733451344073,
    0.0005713113932870328,
    0.0005714963190257549,
    0.0005038975505158305,
    0.0005418024957180023,
    0.0007701034774072468,
    0.000539938104338944,
    0.0008665029890835285,
    0.0005559389246627688,
    0.0005189233343116939,
    0.0006761421100236475,
    0.0005738659529015422,
    0.0013394051929935813,
    0.0005592609522864223,
    0.0007679744157940149,
    0.0006719041848555207,
    0.0005859449156560004,
    0.0004882991779595613,
    0.0005385123658925295,
    0.0005360016948543489,
    0.0005736190942116082,
    0.000573238474316895,
    0.0005525869783014059,
    0.0004676896787714213,
    0.0004749033832922578,
    0.0004474465677049011,
    0.0006539784953929484,
    0.0011249796953052282,
    0.0008135389070957899,
    0.000812302518170327,
    0.0008021208341233432,
    0.0009683718672022223,
    0.0009115826105698943,
    0.0006571689154952765,
    0.0006975230062380433,
    0.0007862945203669369,
    0.0009852240327745676,
    0.0008681956096552312,
    0.0006885456969030201,
    0.0007671139901503921,
    0.0011730369878932834,
    0.000776324886828661,
    0.0008914265199564397,
    0.000799051602371037,
    0.0007268356275744736,
    0.0006760190008208156,
    0.0008721050689928234,
    0.0008747302927076817,
    0.0007314590038731694,
    0.0006986547959968448,
    0.0007900823256932199,
    0.0007974099135026336,
    0.0008183245081454515,
    0.0008638006402179599,
    0.0005501219420693815,
    0.0005504282889887691,
    0.0005283810896798968,
    0.000508334138430655,
    0.0004965868429280818,
    0.000504816067405045,
    0.0005945137236267328,
    0.0005591155495494604,
    0.0005064124125055969,
    0.0006080268649384379,
    0.0005255150608718395,
    0.0005800459766760468,
    0.0005401756498031318,
    0.0006632436998188496,
    0.0004978501820005476,
    0.0006117511074990034,
    0.0008080480620265007,
    0.0005077820969745517,
    0.0005376116605475545,
    0.0005931387422606349,
    0.0004906943067908287,
    0.0004955303156748414,
    0.0005375685868784785,
    0.0005240842001512647,
    0.000560354208573699,
    0.0005014778580516577,
    0.00046562348143197596,
    0.000480370013974607,
    0.0005598030984401703,
    0.0004465928941499442,
    0.0005899760290049016,
    0.0004697578551713377,
    0.0009309243177995086,
    0.0004694843082688749,
    0.0003640764334704727,
    0.0005389094003476202,
    0.000554271973669529,
    0.0004918351769447327,
    0.0004622092819772661,
    0.00030424827127717435,
    0.000551499892026186,
    0.00034077337477356195,
    0.00012690608855336905,
    0.0001714593672659248,
    0.00018425997404847294,
    0.00013437902089208364,
    0.00010624327842378989,
    0.00021514840773306787,
    0.0002833590260706842,
    0.0001756616693455726,
    0.00022583763347938657,
    0.00024230207782238722,
    0.00014230537635739893,
    0.00012563275231514126,
    0.00016111636068671942,
    0.00012374618381727487,
    0.0002888208837248385,
    0.0001277270494028926,
    0.00020137467072345316,
    0.0001684101007413119,
    0.000214487430639565,
    0.00016907244571484625,
    0.00023186812177300453,
    0.00015266920672729611,
    0.00016600106027908623,
    0.00028974353335797787,
    0.00019768369384109974,
    0.00010708507033996284,
    0.00019984113168902695,
    0.00011958347749896348,
    0.00016771523223724216,
    0.00011683898628689349,
    0.00013487604155670851,
    0.0001404140639351681,
    0.00011814349272754043,
    0.00013821048196405172,
    0.00018818644457496703,
    0.00015038058336358517,
    0.00011535960948094726,
    0.00017580573330633342,
    0.0001399196480633691,
    0.00011381892545614392,
    0.00015674253518227488,
    0.00012963719200342894,
    0.00011997365800198168,
    0.00011132990039186552,
    0.0001148401279351674,
    0.00013298133853822947,
    0.00016621763643343002,
    0.00012967509974259883,
    0.0001258884440176189,
    0.00011428488505771384,
    0.00012414676893968135,
    0.00013484508963301778,
    0.0001374756684526801,
    0.00014512802590616047,
    0.00013854823191650212,
    0.0001370740938000381,
    0.00012199633056297898,
    0.00010983830725308508,
    0.00012155399599578232,
    0.00010474122245796025,
    0.00010754451068351045,
    0.00012564229837153107,
    0.00012174289440736175,
    0.00013987661805003881,
    0.00010075670434162021,
    0.00010608952288748696,
    0.00014507262676488608,
    0.00019983967649750412,
    0.00010444447252666578,
    0.0001310249208472669,
    0.00010281290451530367,
    0.00015662591613363475,
    0.00012797658564522862,
    0.00013053699512965977,
    0.00015382282435894012,
    0.00011012570757884532,
    0.00013961599324829876,
    0.00013976223999634385,
    0.00014353386359289289,
    0.00011368674313416705,
    0.00013671806664206088,
    0.000133126784930937,
    0.00011547973554115742,
    0.0002027748414548114,
    0.00011190480290679261,
    0.00010717848635977134,
    0.00011243026528973132,
    0.00010806776117533445,
    0.00014566403115168214,
    0.00011399223876651376,
    0.00011426078708609566,
    0.00012210950080771,
    0.00012686772970482707,
    0.00011466869182186201,
    0.00011552829528227448,
    0.00012846884783357382,
    0.00010114381439052522,
    0.00012489364598877728,
    0.00010725428001023829,
    0.00010553102038102224,
    0.00020162336295470595,
    0.00011420895316405222,
    0.00010631444456521422,
    0.0001082766248146072,
    0.00011997170804534107,
    0.00013762136222794652,
    0.00015559046005364507,
    0.00011033592454623431,
    0.00013373250840231776,
    0.00012664831592701375,
    0.0001512176386313513,
    0.00011846698180306703,
    0.00012886765762232244,
    0.00013757791020907462,
    0.0001261687430087477,
    0.00012245291145518422,
    0.00012914484250359237,
    0.00010609769378788769,
    0.00011200782319065183,
    0.0001145449496107176,
    0.00011028637527488172,
    0.00014454740448854864,
    0.00014632765669375658,
    0.00013235110964160413,
    0.00011061331315431744,
    0.0001312965905526653,
    0.00013167315046302974,
    0.0001167807204183191,
    0.0001259346609003842,
    0.00011515378719195724,
    0.00011643191101029515,
    0.00012740398233290762,
    0.00015721871750429273,
    0.00010150866728508845,
    0.00011628284846665338,
    0.00013882496568839997,
    0.0001239577104570344,
    0.00010678008402464911,
    0.00011542032007128,
    0.00012439758575055748,
