{
  "version": "plots/_T_7_5_y0_0_001_network_architectures_4_50_activations_tanh_learning_rates_0_001_collocations_1024_epochs_50000_regularization_reg_derivative_reg_epochs_1_reg_coeff_1_reg_decay_1_/run_0",
  "seed": 1,
  "y0": 0.001,
  "T": 7.5,
  "N_col": 1024,
  "N_hidden": 4,
  "N_neurons": 50,
  "activation": "tanh",
  "N_epochs": 50000,
  "learning_rate": 0.001,
  "decay_rate": 1.0,
  "freq_log": 100,
  "freq_print": 1000,
  "keys_print": [
    "loss"
  ],
  "freq_save": 0,
  "regularization": "reg_derivative",
  "reg_coeff": 1,
  "reg_decay": 1,
  "reg_epochs": 1,
  "loss": [
    0.816126823425293,
    0.1056659072637558,
    0.09129614382982254,
    0.08482937514781952,
    0.08058387041091919,
    0.07705658674240112,
    0.06176403537392616,
    0.05995330214500427,
    0.05321146175265312,
    0.0622866228222847,
    0.04895123839378357,
    0.05203360691666603,
    0.04895128682255745,
    0.048785943537950516,
    0.0495118573307991,
    0.046852611005306244,
    0.05082518234848976,
    0.04915519431233406,
    0.052503395825624466,
    0.04540586471557617,
    0.0475960448384285,
    0.054016873240470886,
    0.050556618720293045,
    0.050280120223760605,
    0.05207384005188942,
    0.05042848363518715,
    0.04819023236632347,
    0.04953375086188316,
    0.04859274625778198,
    0.052568256855010986,
    0.04878530651330948,
    0.048083022236824036,
    0.047940999269485474,
    0.04844449833035469,
    0.04605695232748985,
    0.05266888439655304,
    0.04805370792746544,
    0.048953425139188766,
    0.050946421921253204,
    0.04459146410226822,
    0.04642109572887421,
    0.050302810966968536,
    0.047131020575761795,
    0.04836372286081314,
    0.04792452231049538,
    0.050277795642614365,
    0.05410630255937576,
    0.04753175377845764,
    0.04979996383190155,
    0.05097665637731552,
    0.048015039414167404,
    0.04727848991751671,
    0.04814284294843674,
    0.047376930713653564,
    0.04580630362033844,
    0.046524643898010254,
    0.04794696345925331,
    0.04532564431428909,
    0.04552190378308296,
    0.04603783041238785,
    0.04677627235651016,
    0.046635206788778305,
    0.0462176576256752,
    0.04377102851867676,
    0.049577951431274414,
    0.04723835736513138,
    0.04794660955667496,
    0.04834860563278198,
    0.04772699624300003,
    0.04768882691860199,
    0.04888314753770828,
    0.045061878859996796,
    0.04678596928715706,
    0.04546983540058136,
    0.04675599932670593,
    0.0472642257809639,
    0.04558645561337471,
    0.0476532056927681,
    0.0493759848177433,
    0.04723471403121948,
    0.04601588100194931,
    0.04826875776052475,
    0.04591391235589981,
    0.05506635829806328,
    0.045651018619537354,
    0.045524805784225464,
    0.044607602059841156,
    0.04684336110949516,
    0.048963382840156555,
    0.04483647271990776,
    0.047510482370853424,
    0.04690929502248764,
    0.04646258428692818,
    0.04619402810931206,
    0.046921901404857635,
    0.043862394988536835,
    0.045576062053442,
    0.04643618315458298,
    0.04835040494799614,
    0.04882577806711197,
    0.046004991978406906,
    0.049733132123947144,
    0.045938313007354736,
    0.0446014404296875,
    0.04682478681206703,
    0.0470704510807991,
    0.049675699323415756,
    0.048872772604227066,
    0.04893363639712334,
    0.04737204685807228,
    0.046033307909965515,
    0.04925619065761566,
    0.05013580992817879,
    0.0461399182677269,
    0.04680471867322922,
    0.04997833073139191,
    0.05230144411325455,
    0.048580352216959,
    0.04295962676405907,
    0.04671972990036011,
    0.04821065068244934,
    0.043412644416093826,
    0.05056745186448097,
    0.046664368361234665,
    0.048109084367752075,
    0.04662046581506729,
    0.0480421781539917,
    0.052572429180145264,
    0.0471939742565155,
    0.050327979028224945,
    0.04659095034003258,
    0.04482265189290047,
    0.04431849718093872,
    0.05069736763834953,
    0.04547885060310364,
    0.04834657162427902,
    0.04820047691464424,
    0.050958774983882904,
    0.04880116879940033,
    0.04750422015786171,
    0.047774456441402435,
    0.04816954955458641,
    0.04496254026889801,
    0.0491284504532814,
    0.049336329102516174,
    0.045987993478775024,
    0.04629147797822952,
    0.042887184768915176,
    0.04618469625711441,
    0.051137879490852356,
    0.04549151286482811,
    0.04597053676843643,
    0.04437556117773056,
    0.04834873601794243,
    0.04528801515698433,
    0.04407571256160736,
    0.04453539103269577,
    0.04663713276386261,
    0.04794386401772499,
    0.046510595828294754,
    0.04899252951145172,
    0.04501230642199516,
    0.04633382707834244,
    0.048174552619457245,
    0.04632588475942612,
    0.046152208000421524,
    0.045686110854148865,
    0.047788191586732864,
    0.04431807994842529,
    0.04701073095202446,
    0.0486169159412384,
    0.045185185968875885,
    0.048326071351766586,
    0.0466344952583313,
    0.045157141983509064,
    0.04468914121389389,
    0.045941244810819626,
    0.04726964607834816,
    0.04684639722108841,
    0.0447523295879364,
    0.044167809188365936,
    0.04400594159960747,
    0.04492902010679245,
    0.04230906069278717,
    0.04663826525211334,
    0.04633669927716255,
    0.048831384629011154,
    0.044883228838443756,
    0.04370936006307602,
    0.045625634491443634,
    0.04129821062088013,
    0.04461660236120224,
    0.04454494267702103,
    0.04674191772937775,
    0.047332629561424255,
    0.04755387455224991,
    0.04841712862253189,
    0.043648142367601395,
    0.048298582434654236,
    0.04540122672915459,
    0.04573969915509224,
    0.04382571205496788,
    0.0443519689142704,
    0.045184895396232605,
    0.045647189021110535,
    0.044954974204301834,
    0.045024480670690536,
    0.047677360475063324,
    0.046410396695137024,
    0.04262470081448555,
    0.04628744348883629,
    0.04485517740249634,
    0.04744771867990494,
    0.04471375048160553,
    0.048402898013591766,
    0.04524534195661545,
    0.04589628428220749,
    0.050020329654216766,
    0.04514685273170471,
    0.04590720683336258,
    0.048612065613269806,
    0.04790828004479408,
    0.04743807390332222,
    0.04217785596847534,
    0.04519228637218475,
    0.04859749600291252,
    0.04524264112114906,
    0.04660193622112274,
    0.04756862670183182,
    0.04565379023551941,
    0.0496777705848217,
    0.04436284303665161,
    0.04399970918893814,
    0.04462885856628418,
    0.04747661203145981,
    0.045508354902267456,
    0.04509083926677704,
    0.04626411944627762,
    0.04692046716809273,
    0.04579128324985504,
    0.045742813497781754,
    0.04783057048916817,
    0.04767605662345886,
    0.05137253552675247,
    0.04499995708465576,
    0.0470106303691864,
    0.046742573380470276,
    0.044957976788282394,
    0.046428754925727844,
    0.047848597168922424,
    0.04673125594854355,
    0.04844155162572861,
    0.047688357532024384,
    0.04747238755226135,
    0.04802769795060158,
    0.045341528952121735,
    0.044072169810533524,
    0.046154316514730453,
    0.04766036197543144,
    0.04663640633225441,
    0.043815188109874725,
    0.04634449630975723,
    0.04400045424699783,
    0.049117833375930786,
    0.04702487587928772,
    0.0456930510699749,
    0.046524062752723694,
    0.047442831099033356,
    0.04554946348071098,
    0.051936179399490356,
    0.04746006801724434,
    0.0522354394197464,
    0.05310463905334473,
    0.04741387069225311,
    0.0490674190223217,
    0.04685931280255318,
    0.0490071177482605,
    0.04899661988019943,
    0.043845560401678085,
    0.046575386077165604,
    0.04549647867679596,
    0.043980922549963,
    0.04690747708082199,
    0.04572440683841705,
    0.04518575966358185,
    0.045476216822862625,
    0.04399770870804787,
    0.045891426503658295,
    0.04641707241535187,
    0.04533994197845459,
    0.05040363222360611,
    0.04667097330093384,
    0.04786117747426033,
    0.045389171689748764,
