{
  "version": "plots/_T_10_y0_0_1_network_architectures_4_50_activations_tanh_learning_rates_0_001_collocations_1024_epochs_50000_regularization_reg_derivative_reg_epochs_1_reg_coeff_10_reg_decay_1_/run_9",
  "seed": 1,
  "y0": 0.1,
  "T": 10,
  "N_col": 1024,
  "N_hidden": 4,
  "N_neurons": 50,
  "activation": "tanh",
  "N_epochs": 50000,
  "learning_rate": 0.001,
  "decay_rate": 1.0,
  "freq_log": 100,
  "freq_print": 1000,
  "keys_print": [
    "loss"
  ],
  "freq_save": 0,
  "regularization": "reg_derivative",
  "reg_coeff": 10,
  "reg_decay": 1,
  "reg_epochs": 1,
  "loss": [
    8.622946739196777,
    1.151869535446167,
    1.1480494737625122,
    1.1836719512939453,
    1.165565013885498,
    1.15316641330719,
    1.1686310768127441,
    1.1796631813049316,
    1.1448922157287598,
    1.16860032081604,
    1.1863466501235962,
    1.1445269584655762,
    1.1430567502975464,
    1.207810878753662,
    1.167991042137146,
    1.1271183490753174,
    1.1278696060180664,
    1.1380901336669922,
    1.1299079656600952,
    1.1650354862213135,
    1.1805413961410522,
    1.1824558973312378,
    1.137346625328064,
    1.1541026830673218,
    1.1734254360198975,
    1.1500355005264282,
    1.1043152809143066,
    1.1869975328445435,
    1.148577094078064,
    1.157979965209961,
    1.1691759824752808,
    1.1879414319992065,
    1.1483231782913208,
    1.1661404371261597,
    1.165002703666687,
    1.13237726688385,
    1.143733263015747,
    1.1348851919174194,
    1.1649388074874878,
    1.1360864639282227,
    1.161545991897583,
    1.17429518699646,
    1.1566991806030273,
    1.126924991607666,
    1.1207183599472046,
    1.1464067697525024,
    1.1734111309051514,
    1.198392629623413,
    1.1257704496383667,
    1.192223072052002,
    1.167710542678833,
    1.2010403871536255,
    1.247316598892212,
    1.1621134281158447,
    1.1460121870040894,
    1.1963326930999756,
    1.168448805809021,
    1.163515567779541,
    1.10844087600708,
    1.130835771560669,
    1.1799464225769043,
    1.1595531702041626,
    1.1923749446868896,
    1.171248197555542,
    1.1366479396820068,
    1.1480709314346313,
    1.1764371395111084,
    1.1395963430404663,
    1.1835572719573975,
    1.1565072536468506,
    1.1407076120376587,
    1.189798355102539,
    1.1404668092727661,
    1.0934300422668457,
    1.1730035543441772,
    1.1352148056030273,
    1.133246898651123,
    1.1448420286178589,
    1.167297124862671,
    1.162628412246704,
    1.0803048610687256,
    1.1051502227783203,
    1.1751518249511719,
    1.1346826553344727,
    1.1495356559753418,
    1.1438981294631958,
    1.1037874221801758,
    1.1572177410125732,
    1.1602345705032349,
    1.1700959205627441,
    1.1171208620071411,
    1.1721813678741455,
    1.1667239665985107,
    1.1555500030517578,
    1.144370198249817,
    1.1594500541687012,
    1.1957495212554932,
    1.157353401184082,
    1.1183176040649414,
    1.1627936363220215,
    1.1657688617706299,
    1.1838388442993164,
    1.1557546854019165,
    1.149245023727417,
    1.1787821054458618,
    1.142383337020874,
    1.1726574897766113,
    1.1466131210327148,
    1.1564264297485352,
    1.144408941268921,
    1.1472859382629395,
    1.1643786430358887,
    1.1801142692565918,
    1.1503219604492188,
    1.160740852355957,
    1.1836274862289429,
    1.1389516592025757,
    1.1476423740386963,
    1.1424001455307007,
    1.140732765197754,
    1.154618501663208,
    1.1174180507659912,
    1.182274341583252,
    1.1609495878219604,
    1.1367478370666504,
    1.1534135341644287,
    1.1493529081344604,
    1.118638038635254,
    1.1660271883010864,
    1.111072063446045,
    1.1823439598083496,
    1.1390858888626099,
    1.1781375408172607,
    1.1347336769104004,
    1.1239845752716064,
    1.1305352449417114,
    1.1476070880889893,
    1.1479566097259521,
    1.0793483257293701,
    1.1389219760894775,
    1.170536994934082,
    1.1001869440078735,
    1.1288752555847168,
    1.1222717761993408,
    1.152063012123108,
    1.110708236694336,
    1.1252548694610596,
    1.153778314590454,
    1.1615651845932007,
    1.1489059925079346,
    1.1852810382843018,
    1.1278905868530273,
    1.170994520187378,
    1.120825171470642,
    1.1577951908111572,
    1.1344046592712402,
    1.125870704650879,
    1.1908044815063477,
    1.1575334072113037,
    1.1339823007583618,
    1.1581145524978638,
    1.1671757698059082,
    1.1699222326278687,
    1.1581708192825317,
    1.143876552581787,
    1.1566879749298096,
    1.1417533159255981,
    1.1277413368225098,
    1.1266367435455322,
    1.1870088577270508,
    1.1239702701568604,
    1.1737918853759766,
    1.1505334377288818,
    1.154916763305664,
    1.1366946697235107,
    1.151043176651001,
    1.1347531080245972,
    1.1346087455749512,
    1.1456433534622192,
    1.1764955520629883,
    1.1833124160766602,
    1.1446295976638794,
    1.1802462339401245,
    1.134216547012329,
    1.13761568069458,
    1.1580355167388916,
    1.1943113803863525,
    1.1640136241912842,
    1.1327025890350342,
    1.1153390407562256,
    1.18222975730896,
    1.117292881011963,
    1.1447724103927612,
    1.1804430484771729,
    1.1134546995162964,
    1.1484283208847046,
    1.1732258796691895,
    1.1141389608383179,
    1.152177095413208,
    1.1188480854034424,
    1.1571916341781616,
    1.1595462560653687,
    1.1296381950378418,
    1.162288784980774,
    1.1425721645355225,
    1.1117639541625977,
    1.1047486066818237,
    1.19756281375885,
    1.174044132232666,
    1.1448535919189453,
    1.120548129081726,
    1.1610188484191895,
    1.1507701873779297,
    1.1635922193527222,
    1.1179656982421875,
    1.1630691289901733,
    1.131157398223877,
    1.1458121538162231,
    1.1026294231414795,
    1.1164909601211548,
    1.119379997253418,
    1.170902132987976,
    1.180951714515686,
    1.1152443885803223,
    1.1735233068466187,
    1.1506177186965942,
    1.1454973220825195,
    1.1744966506958008,
    1.1347850561141968,
    1.0897184610366821,
    1.1317698955535889,
    1.1509530544281006,
    1.14072585105896,
    1.1565741300582886,
    1.1570407152175903,
    1.1619958877563477,
    1.1215057373046875,
    1.1387735605239868,
    1.1421948671340942,
    1.1233364343643188,
    1.1833982467651367,
    1.1802154779434204,
    1.1534929275512695,
    1.127528190612793,
    1.1022508144378662,
    1.1821221113204956,
    1.1500216722488403,
    1.1304830312728882,
    1.148040771484375,
    1.1491886377334595,
    1.147070288658142,
    1.1461067199707031,
    1.1804330348968506,
    1.1846868991851807,
    1.0993255376815796,
    1.15907621383667,
    1.1782934665679932,
    1.1222646236419678,
    1.188387393951416,
    1.1607478857040405,
    1.161921501159668,
    1.1198686361312866,
    1.1846988201141357,
    1.099923849105835,
    1.155327558517456,
    1.1189552545547485,
    1.137162446975708,
    1.186349630355835,
    1.1140496730804443,
    1.1634851694107056,
    1.1118487119674683,
    1.1534693241119385,
    1.1953779458999634,
    1.1827900409698486,
    1.1361908912658691,
    1.135522484779358,
    1.177560567855835,
    1.1407092809677124,
    1.141592264175415,
    1.1061384677886963,
    1.1894431114196777,
    1.0875890254974365,
    1.1395039558410645,
    1.1961222887039185,
    1.1351776123046875,
    1.1374434232711792,
    1.1282784938812256,
    1.127753734588623,
    1.1333675384521484,
    1.1157852411270142,
    1.1752471923828125,
    1.1455234289169312,
    1.2003520727157593,
    1.1767977476119995,
    1.1789255142211914,
    1.1580475568771362,
    1.2349207401275635,
    1.1286242008209229,
    1.1694254875183105,
    1.1775908470153809,
    1.1078071594238281,
    1.176288366317749,
    1.165682315826416,
    1.120781421661377,
    1.1541616916656494,
    1.178523063659668,
    1.151726484298706,
    1.1607319116592407,
    1.164130687713623,
    1.17657470703125,
    1.1358718872070312,
    1.1569112539291382,
