{
  "version": "plots/_T_10_y0_0_01_network_architectures_4_50_activations_tanh_learning_rates_0_001_collocations_1024_epochs_50000_regularization_reg_derivative_unstable_fp_reg_epochs_1_reg_coeff_10_reg_decay_1_/run_8",
  "seed": 1,
  "y0": 0.01,
  "T": 10,
  "N_col": 1024,
  "N_hidden": 4,
  "N_neurons": 50,
  "activation": "tanh",
  "N_epochs": 50000,
  "learning_rate": 0.001,
  "decay_rate": 1.0,
  "freq_log": 100,
  "freq_print": 1000,
  "keys_print": [
    "loss"
  ],
  "freq_save": 0,
  "regularization": "reg_derivative_unstable_fp",
  "reg_coeff": 10,
  "reg_decay": 1,
  "reg_epochs": 1,
  "loss": [
    0.048234157264232635,
    0.000947065360378474,
    0.0024701650254428387,
    0.0009629321284592152,
    0.000937611039262265,
    0.0026428138371556997,
    0.0012718322686851025,
    0.0008223536424338818,
    0.0009808649774640799,
    0.0010132542811334133,
    0.000722170399967581,
    0.0006678306963294744,
    0.0009617364266887307,
    0.0007873558206483722,
    0.00126726645976305,
    0.0005907615413889289,
    0.0008070900221355259,
    0.0005879952805116773,
    0.0006540502654388547,
    0.0006523194024339318,
    0.00041716231498867273,
    0.0002769680868368596,
    0.002009539632126689,
    0.0017451924504712224,
    0.00015759329835418612,
    0.0005034377099946141,
    0.00036073545925319195,
    0.00020764167129527777,
    0.0003324658900965005,
    0.00048696144949644804,
    0.0003810935886576772,
    0.0002309309784322977,
    0.00021195621229708195,
    0.00037203720421530306,
    0.000179351816768758,
    0.00046069087693467736,
    0.00011167387128807604,
    0.00015144629287533462,
    0.00022158684441819787,
    0.00029560719849541783,
    0.003392303828150034,
    0.0002685579820536077,
    0.0004483597294893116,
    0.0005245886277407408,
    0.0003390974015928805,
    0.0003570356348063797,
    0.0001396274019498378,
    0.00028457146254368126,
    0.0006340376567095518,
    0.000982625875622034,
    0.0001987861469388008,
    0.00014393741730600595,
    0.0010749353095889091,
    0.0006761479307897389,
    0.0006696251221001148,
    0.0006147740641608834,
    0.0006463160971179605,
    0.0006425881874747574,
    0.0006390067283064127,
    0.0006333629135042429,
    0.0006084953201934695,
    0.000603381369728595,
    0.0005578561103902757,
    0.0006734391790814698,
    0.0005780898500233889,
    0.0012255578767508268,
    0.0006366345332935452,
    0.00035720266168937087,
    0.000725195393897593,
    0.0006061603780835867,
    0.0004978118231520057,
    0.0005864899139851332,
    0.000583571963943541,
    0.00046901413588784635,
    0.00041960179805755615,
    0.00041696985135786235,
    0.0003727750445250422,
    0.0003941123140975833,
    0.0006848226767033339,
    0.0004076575278304517,
    0.00043871166417375207,
    0.0003961333422921598,
    0.0004121290985494852,
    0.0004393997660372406,
    0.0018830352928489447,
    0.00021523985196836293,
    0.00024327548453584313,
    0.00023851207515690476,
    0.00011453512706793845,
    0.00039781484520062804,
    0.0001902132062241435,
    0.0002789073914755136,
    0.00024225475499406457,
    0.00012673337187152356,
    0.0002750064595602453,
    0.00020591833163052797,
    0.00016588342259638011,
    0.00025856372667476535,
    0.000321263651130721,
    0.0002994764654431492,
    0.00016523737576790154,
    0.0001564005360705778,
    0.00012862830772064626,
    0.00041632866486907005,
    0.00044797739246860147,
    0.00017416870105080307,
    0.00032705889316275716,
    0.0002460249816067517,
    0.0004507486883085221,
    0.0004345723136793822,
    0.0003468796203378588,
    0.0002303226210642606,
    0.0002799684298224747,
    0.00013995508197695017,
    0.0009353052591904998,
    0.00028415731503628194,
    0.00034920632606372237,
    0.0001321082963841036,
    0.00033438121317885816,
    0.00030429637990891933,
    0.00014169354108162224,
    0.00015736583736725152,
    0.0002505036536604166,
    0.00021478858252521604,
    0.000218612898606807,
    0.00018566910875961185,
    0.000320830091368407,
    0.00013511782162822783,
    0.0001271270593861118,
    0.00011445132258813828,
    0.00027695263270288706,
    0.00014106914750300348,
    0.00027293889434076846,
    0.0002673780545592308,
    0.00021898100385442376,
    0.0002742665237747133,
    0.00036871799966320395,
    0.00016098032938316464,
    0.00011052167974412441,
    0.00031151011353358626,
    0.00037013815017417073,
    0.00012915857951156795,
    0.00016323596355505288,
    0.0003047503996640444,
    0.00017428584396839142,
    0.00015758596418891102,
    0.00012965939822606742,
    0.0002259470202261582,
    0.0001326061028521508,
    0.00033438141690567136,
    0.00012088724906789139,
    0.00015707226702943444,
    0.00013410094834398478,
    0.0001168035960290581,
    0.00012871544458903372,
    0.0002265865623485297,
    0.0001799122110242024,
    0.00016642280388623476,
    0.00015483885363209993,
    0.00018286339764017612,
    0.00022181490203365684,
    0.00019577366765588522,
    0.000117144372779876,
    0.0001496353215770796,
    0.00013011576083954424,
    0.00017023715190589428,
    0.00027515532565303147,
    0.00015509457443840802,
    0.00012675311882048845,
    0.00018266831466462463,
    0.00016658427193760872,
    0.00014011260645929724,
    0.0001628892496228218,
    0.0003092350671067834,
    0.00025595061015337706,
    0.00029969046590849757,
    0.00014792433648835868,
    0.00015746497956570238,
    0.0001389043900417164,
    0.0001407442323397845,
    0.000116335904749576,
    0.0001574642665218562,
    0.00013089618005324155,
    0.00011272208939772099,
    0.0001547841093270108,
    0.00020810397109016776,
    0.00018824331345967948,
    0.00011166178592247888,
    0.00011892635666299611,
    0.00012861774303019047,
    0.00010916195606114343,
    0.00013874287833459675,
    0.0001021235657390207,
    0.00012978895392734557,
    0.00012016924301860854,
    0.00010915914026554674,
    0.00015804750728420913,
    0.00014911613834556192,
    0.00012785600847564638,
    0.00013735242828261107,
    0.00016392498218920082,
    0.00012103375047445297,
    0.00012314808554947376,
    0.000138412942760624,
    0.00011749119585147128,
    0.00010576043860055506,
    0.00027050822973251343,
    0.00010731798829510808,
    0.00013134691107552499,
    0.00016284229059237987,
    0.00012180759949842468,
    0.0001442551874788478,
    0.00010891884448938072,
    0.00011592544615268707,
    0.00018270470900461078,
    0.00010390268289484084,
    0.00011249256931478158,
    0.00013100774958729744,
    0.00013102043885737658,
    0.00010588977602310479,
    0.00018528781947679818,
    0.00010839433525688946,
    0.00011432729661464691,
    0.00011271647963440046,
    0.00013542675878852606,
    0.00013081383076496422,
    0.00011440307571319863,
    0.00012607085227500647,
    0.00010841053153853863,
    0.00010742014274001122,
    0.00014031514001544565,
    0.00010760354780359194,
    0.00012998856254853308,
    0.00011339921184116974,
    0.00010289301280863583,
    0.00012090838572476059,
    0.0001235648087458685,
    0.0001130730306613259,
    0.000130396249005571,
    0.0001420282933395356,
    0.00011375061876606196,
    0.00010563075920799747,
    0.00011364206147845834,
    0.0001239800767507404,
    0.0001017543108901009,
    0.00010456574091222137,
    0.00010761441808426753,
    0.00011177839041920379,
    0.00010218761599389836,
    0.00012118225276935846,
    0.00013035010488238186,
    0.0001541970850666985,
    0.00010794033005367965,
    0.00010313509847037494,
    0.00012992689153179526,
    0.00014891367754898965,
    0.00014715053839609027,
    0.00015865503519307822,
    0.00012657100160140544,
    0.00010572907922323793,
    0.0001086827542167157,
    0.00013173610204830766,
    0.0001171798212453723,
    0.00011062328121624887,
    0.00012269571016076952,
    0.00011315655865473673,
    0.00012853073712904006,
    0.00010895889136008918,
