{
  "version": "plots/_T_7_5_y0_0_1_network_architectures_4_50_activations_tanh_learning_rates_0_001_collocations_1024_epochs_50000_regularization_reg_derivative_reg_epochs_1_reg_coeff_10_reg_decay_1_/run_8",
  "seed": 1,
  "y0": 0.1,
  "T": 7.5,
  "N_col": 1024,
  "N_hidden": 4,
  "N_neurons": 50,
  "activation": "tanh",
  "N_epochs": 50000,
  "learning_rate": 0.001,
  "decay_rate": 1.0,
  "freq_log": 100,
  "freq_print": 1000,
  "keys_print": [
    "loss"
  ],
  "freq_save": 0,
  "regularization": "reg_derivative",
  "reg_coeff": 10,
  "reg_decay": 1,
  "reg_epochs": 1,
  "loss": [
    5.421963691711426,
    0.46452540159225464,
    0.3921703100204468,
    0.32089248299598694,
    0.25516119599342346,
    0.2169753909111023,
    0.16583096981048584,
    0.15872105956077576,
    0.11084602773189545,
    0.15350058674812317,
    0.10459805279970169,
    0.16028901934623718,
    0.10553711652755737,
    0.14737102389335632,
    0.10702594369649887,
    0.1178208440542221,
    0.12662343680858612,
    0.11390410363674164,
    0.11910612881183624,
    0.13582390546798706,
    0.10111621022224426,
    0.12242282927036285,
    0.12032832205295563,
    0.13214634358882904,
    0.2934008836746216,
    0.09874920547008514,
    0.13244858384132385,
    0.0959748700261116,
    0.12224680930376053,
    0.12106655538082123,
    0.09028030931949615,
    0.11534418165683746,
    0.10755376517772675,
    0.09490478038787842,
    0.12407856434583664,
    0.0884791687130928,
    0.09593836963176727,
    0.15743213891983032,
    0.10465508699417114,
    0.0846528559923172,
    0.10017061233520508,
    0.10507166385650635,
    0.0889434665441513,
    0.09054289758205414,
    0.1238517314195633,
    0.15166494250297546,
    0.13530594110488892,
    0.09679993987083435,
    0.12486491352319717,
    0.11224938929080963,
    0.08375588804483414,
    0.09559491276741028,
    0.08976954966783524,
    0.10487420856952667,
    0.10150832682847977,
    0.10193032771348953,
    0.10066666454076767,
    0.10376633703708649,
    0.07515892386436462,
    0.09380447119474411,
    0.10384608805179596,
    0.11807598173618317,
    0.11005835980176926,
    0.10084563493728638,
    0.10275612771511078,
    0.1237085834145546,
    0.10581353306770325,
    0.11622712016105652,
    0.09587854146957397,
    0.12361559271812439,
    0.14004695415496826,
    0.10611734539270401,
    0.10978338122367859,
    0.11622856557369232,
    0.08896411955356598,
    0.0853436216711998,
    0.11453695595264435,
    0.09986115992069244,
    0.17007479071617126,
    0.10971628129482269,
    0.08379833400249481,
    0.09476813673973083,
    0.10559388995170593,
    0.10388392210006714,
    0.09564974904060364,
    0.10150300711393356,
    0.09040497988462448,
    0.09501253068447113,
    0.08505010604858398,
    0.08190138638019562,
    0.0836837962269783,
    0.1232290118932724,
    0.1012565866112709,
    0.10098805278539658,
    0.1012103334069252,
    0.08207416534423828,
    0.10043314844369888,
    0.21580368280410767,
    0.1331728845834732,
    0.09227727353572845,
    0.1780497282743454,
    0.1011856347322464,
    0.10194255411624908,
    0.09165161848068237,
    0.09186124801635742,
    0.08749543130397797,
    0.09297686815261841,
    0.08900082111358643,
    0.11666660010814667,
    0.10324381291866302,
    0.09059765934944153,
    0.10624068975448608,
    0.11579380929470062,
    0.10749099403619766,
    0.10104856640100479,
    0.09187600016593933,
    0.0862446278333664,
    0.09572594612836838,
    0.095293328166008,
    0.09007443487644196,
    0.11834274232387543,
    0.09829767048358917,
    0.12382112443447113,
    0.13232040405273438,
    0.11455889046192169,
    0.10067382454872131,
    0.12173992395401001,
    0.09293138235807419,
    0.09800867736339569,
    0.08768456429243088,
    0.09259076416492462,
    0.15027295053005219,
    0.09994029998779297,
    0.08809792250394821,
    0.09328210353851318,
    0.17676465213298798,
    0.16919130086898804,
    0.1337514966726303,
    0.09737668186426163,
    0.0805407389998436,
    0.09036388248205185,
    0.09491217136383057,
    0.07363194227218628,
    0.09918871521949768,
    0.1692677140235901,
    0.12983983755111694,
    0.1279963254928589,
    0.10121852159500122,
    0.0949571505188942,
    0.10305866599082947,
    0.09428973495960236,
    0.09528513997793198,
    0.08813057839870453,
    0.08274292200803757,
    0.07450483739376068,
    0.0793435126543045,
    0.09132391959428787,
    0.13199609518051147,
    0.09145006537437439,
    0.08535298705101013,
    0.08421885967254639,
    0.08071190118789673,
    0.08984951674938202,
    0.07812146842479706,
    0.0764203816652298,
    0.08202454447746277,
    0.0866040587425232,
    0.09701526165008545,
    0.08128055930137634,
    0.08138372004032135,
    0.10900874435901642,
    0.07647120952606201,
    0.09983076900243759,
    0.08360592275857925,
    0.08176857978105545,
    0.07859796285629272,
    0.09309571981430054,
    0.09784773737192154,
    0.08100396394729614,
    0.0789666697382927,
    0.0801481381058693,
    0.09024732559919357,
    0.08290877193212509,
    0.08018222451210022,
    0.10297619551420212,
    0.08318997174501419,
    0.07763251662254333,
    0.08325081318616867,
    0.08460453897714615,
    0.08703278005123138,
    0.10969825088977814,
    0.08491384983062744,
    0.09075184911489487,
    0.08463438600301743,
    0.10317717492580414,
    0.09867142885923386,
    0.08243739604949951,
    0.0764075517654419,
    0.09654958546161652,
    0.0830421894788742,
    0.1311488300561905,
    0.08050493896007538,
    0.10222939401865005,
    0.09218527376651764,
    0.0937497466802597,
    0.15004749596118927,
    0.12324662506580353,
    0.11919507384300232,
    0.11026065051555634,
    0.09873107075691223,
    0.09489350020885468,
    0.0938090980052948,
    0.09248296916484833,
    0.1009947657585144,
    0.11658726632595062,
    0.107207752764225,
    0.1281207948923111,
    0.13359123468399048,
    0.1384025514125824,
    0.15566827356815338,
    0.1934872418642044,
    0.1843489706516266,
    0.18793392181396484,
    0.17760440707206726,
    0.16980908811092377,
    0.18823397159576416,
    0.2027229368686676,
    0.18990623950958252,
    0.19213199615478516,
    0.20620501041412354,
    0.1893988847732544,
    0.19647370278835297,
    0.17606982588768005,
    0.20420730113983154,
    0.18635092675685883,
    0.19531726837158203,
    0.19357949495315552,
    0.19797272980213165,
    0.1822711080312729,
    0.184027761220932,
    0.17221444845199585,
    0.15986117720603943,
    0.17236900329589844,
    0.16240935027599335,
    0.14266936480998993,
    0.1543567180633545,
    0.14425750076770782,
    0.15565934777259827,
    0.1535455286502838,
    0.15347233414649963,
    0.14872732758522034,
    0.13477881252765656,
    0.15687786042690277,
    0.1437273919582367,
    0.1491980254650116,
    0.16116121411323547,
    0.16756537556648254,
    0.1453842967748642,
    0.140445739030838,
    0.1608506143093109,
    0.12052211910486221,
    0.12409685552120209,
    0.10812217742204666,
    0.1290513575077057,
    0.12372954189777374,
    0.13022512197494507,
    0.1315692961215973,
    0.13253897428512573,
    0.14096008241176605,
    0.1383429616689682,
    0.14293883740901947,
    0.1443350613117218,
    0.17047743499279022,
    0.13119731843471527,
    0.1044265627861023,
    0.10161776840686798,
    0.09791935980319977,
    0.09930941462516785,
    0.08161164820194244,
    0.12165895849466324,
    0.10092855244874954,
    0.10916390269994736,
    0.08082586526870728,
    0.09325408190488815,
    0.09449701011180878,
    0.12238399684429169,
    0.08286423981189728,
    0.08376847207546234,
    0.08542511612176895,
    0.09920204430818558,
    0.07429592311382294,
    0.08732141554355621,
    0.08391857147216797,
    0.08988526463508606,
    0.09933537244796753,
    0.12288277596235275,
    0.09300579130649567,
    0.10263150185346603,
