{
  "version": "plots/_T_7_5_y0_0_1_network_architectures_4_50_activations_tanh_learning_rates_0_001_collocations_1024_epochs_50000_regularization_unstable_fp_reg_epochs_1_reg_coeff_10_reg_decay_1_/run_5",
  "seed": 1,
  "y0": 0.1,
  "T": 7.5,
  "N_col": 1024,
  "N_hidden": 4,
  "N_neurons": 50,
  "activation": "tanh",
  "N_epochs": 50000,
  "learning_rate": 0.001,
  "decay_rate": 1.0,
  "freq_log": 100,
  "freq_print": 1000,
  "keys_print": [
    "loss"
  ],
  "freq_save": 0,
  "regularization": "unstable_fp",
  "reg_coeff": 10,
  "reg_decay": 1,
  "reg_epochs": 1,
  "loss": [
    0.0930149182677269,
    0.035827331244945526,
    0.031004242599010468,
    0.02768869884312153,
    0.024517452344298363,
    0.03089980222284794,
    0.032528385519981384,
    0.028206437826156616,
    0.025415729731321335,
    0.02230067551136017,
    0.021036691963672638,
    0.03231135010719299,
    0.024908827617764473,
    0.02867153286933899,
    0.026168927550315857,
    0.02730235829949379,
    0.018619805574417114,
    0.025017866864800453,
    0.021837666630744934,
    0.021623264998197556,
    0.02558985911309719,
    0.020012862980365753,
    0.022347398102283478,
    0.02743048593401909,
    0.02424679324030876,
    0.023520439863204956,
    0.02282720059156418,
    0.022833552211523056,
    0.022636553272604942,
    0.0255608968436718,
    0.02633601799607277,
    0.02287454530596733,
    0.02123193070292473,
    0.022845715284347534,
    0.024890564382076263,
    0.018013177439570427,
    0.027480823919177055,
    0.02170274779200554,
    0.0259849950671196,
    0.020997878164052963,
    0.023976195603609085,
    0.025058362632989883,
    0.02257572114467621,
    0.02368881180882454,
    0.023698925971984863,
    0.02173309586942196,
    0.019611293449997902,
    0.027516856789588928,
    0.027215149253606796,
    0.022544221952557564,
    0.024079790338873863,
    0.022358177229762077,
    0.025298645719885826,
    0.022075030952692032,
    0.02833528071641922,
    0.025361862033605576,
    0.024415383115410805,
    0.0230737142264843,
    0.027987923473119736,
    0.02547561004757881,
    0.023079704493284225,
    0.020089607685804367,
    0.027487002313137054,
    0.026522718369960785,
    0.028192901983857155,
    0.022077465429902077,
    0.021588444709777832,
    0.021219395101070404,
    0.02359067089855671,
    0.025121599435806274,
    0.02316804975271225,
    0.024319488555192947,
    0.023054219782352448,
    0.02471788227558136,
    0.02523537166416645,
    0.01950147934257984,
    0.028233692049980164,
    0.029904797673225403,
    0.026858963072299957,
    0.027218127623200417,
    0.022739026695489883,
    0.02292359434068203,
    0.020416781306266785,
    0.02329995110630989,
    0.02895900420844555,
    0.021035265177488327,
    0.03073684126138687,
    0.025419030338525772,
    0.022373046725988388,
    0.01996694877743721,
    0.023314042016863823,
    0.023272406309843063,
    0.023109257221221924,
    0.01968563348054886,
    0.0268268883228302,
    0.023131929337978363,
    0.021210774779319763,
    0.023956183344125748,
    0.028549395501613617,
    0.023966098204255104,
    0.020548630505800247,
    0.023833241313695908,
    0.025778021663427353,
    0.02419859915971756,
    0.018633801490068436,
    0.026882020756602287,
    0.025961963459849358,
    0.021905653178691864,
    0.023889029398560524,
    0.026995694264769554,
    0.025507835671305656,
    0.02763170748949051,
    0.025464650243520737,
    0.023590123280882835,
    0.019003961235284805,
    0.024160534143447876,
    0.019530627876520157,
    0.023326445370912552,
    0.01933744177222252,
    0.02691096067428589,
    0.028585007414221764,
    0.022294824942946434,
    0.023210657760500908,
    0.020823214203119278,
    0.021975906565785408,
    0.029027819633483887,
    0.02321276068687439,
    0.02107393927872181,
    0.023736566305160522,
    0.022461416199803352,
    0.02068200893700123,
    0.017638811841607094,
    0.02370191365480423,
    0.023990079760551453,
    0.018223246559500694,
    0.01974322833120823,
    0.02621312066912651,
    0.020503569394350052,
    0.02207212895154953,
    0.021322794258594513,
    0.017883233726024628,
    0.02307211607694626,
    0.026678528636693954,
    0.016742166131734848,
    0.03035907819867134,
    0.02324841544032097,
    0.020350081846117973,
    0.02139003574848175,
    0.023521963506937027,
    0.028383497148752213,
    0.0232594795525074,
    0.025145143270492554,
    0.01364883966743946,
    0.022493217140436172,
    0.020789576694369316,
    0.019581947475671768,
    0.020948095247149467,
    0.027270501479506493,
    0.024570871144533157,
    0.0246537197381258,
    0.02139892429113388,
    0.021187208592891693,
    0.0275026373565197,
    0.026804808527231216,
    0.02553829737007618,
    0.024869825690984726,
    0.02268562838435173,
    0.021491821855306625,
    0.020941492170095444,
    0.02066744677722454,
    0.021408913657069206,
    0.021804841235280037,
    0.025214221328496933,
    0.023357145488262177,
    0.02362838387489319,
    0.019986499100923538,
    0.021277587860822678,
    0.026109691709280014,
    0.02007751166820526,
    0.02303040772676468,
    0.026660185307264328,
    0.020564600825309753,
    0.021963179111480713,
    0.02806943655014038,
    0.024799492210149765,
    0.024650733917951584,
    0.021348606795072556,
    0.019468316808342934,
    0.024560056626796722,
    0.025925222784280777,
    0.028461448848247528,
    0.021082181483507156,
    0.01813332736492157,
    0.025783022865653038,
    0.02701365016400814,
    0.022792838513851166,
    0.020451733842492104,
    0.01950627937912941,
    0.026739105582237244,
    0.024019144475460052,
    0.017242975533008575,
    0.025923194363713264,
    0.02708420157432556,
    0.025174841284751892,
    0.026682011783123016,
    0.023067928850650787,
    0.01942913979291916,
    0.025494050234556198,
    0.02805020660161972,
    0.02303674817085266,
    0.026632998138666153,
    0.027051836252212524,
    0.02209850773215294,
    0.020590845495462418,
    0.0219503752887249,
    0.02246282249689102,
    0.022207442671060562,
    0.028084708377718925,
    0.025461768731474876,
    0.024580689147114754,
    0.019795339554548264,
    0.02111404575407505,
    0.022793328389525414,
    0.024763215333223343,
    0.02393857017159462,
    0.024462580680847168,
    0.0279876459389925,
    0.022858791053295135,
    0.026080133393406868,
    0.026521027088165283,
    0.018931910395622253,
    0.023020116612315178,
    0.02519044652581215,
    0.0270543210208416,
    0.018706094473600388,
    0.03161997348070145,
    0.022307712584733963,
    0.025552479550242424,
    0.027522772550582886,
    0.02723555639386177,
    0.026867982000112534,
    0.020991478115320206,
    0.022136274725198746,
    0.019392888993024826,
    0.021305158734321594,
    0.025330867618322372,
    0.019860874861478806,
    0.024499159306287766,
    0.021318525075912476,
    0.02419343963265419,
    0.025288797914981842,
    0.021670930087566376,
    0.02031392976641655,
    0.023899082094430923,
    0.021549083292484283,
    0.022870387881994247,
    0.022871706634759903,
    0.023926135152578354,
    0.020021557807922363,
    0.018631335347890854,
    0.027670878916978836,
    0.02427375316619873,
    0.019725536927580833,
    0.021829647943377495,
    0.017806049436330795,
    0.02591194212436676,
    0.027700599282979965,
    0.020698606967926025,
    0.02388099581003189,
    0.024662062525749207,
    0.028149498626589775,
    0.022329898551106453,
    0.02402300201356411,
    0.021512657403945923,
    0.029930397868156433,
    0.02456587553024292,
    0.02516397088766098,
    0.022585012018680573,
    0.027198389172554016,
    0.025631029158830643,
    0.022559979930520058,
    0.028162088245153427,
    0.0208868570625782,
    0.026139240711927414,
    0.018830426037311554,
    0.02114260569214821,
    0.018604783341288567,
    0.022137468680739403,
    0.016218092292547226,
