{
  "version": "plots/_T_10_y0_0_01_network_architectures_4_50_activations_tanh_learning_rates_0_001_collocations_1024_epochs_50000_regularization_unstable_fp_reg_epochs_1_reg_coeff_1_reg_decay_1_/run_7",
  "seed": 1,
  "y0": 0.01,
  "T": 10,
  "N_col": 1024,
  "N_hidden": 4,
  "N_neurons": 50,
  "activation": "tanh",
  "N_epochs": 50000,
  "learning_rate": 0.001,
  "decay_rate": 1.0,
  "freq_log": 100,
  "freq_print": 1000,
  "keys_print": [
    "loss"
  ],
  "freq_save": 0,
  "regularization": "unstable_fp",
  "reg_coeff": 1,
  "reg_decay": 1,
  "reg_epochs": 1,
  "loss": [
    0.10157325118780136,
    0.0002872962795663625,
    0.0002710154512897134,
    0.00022821968013886362,
    0.00016319670248776674,
    0.0009197285980917513,
    0.00022668743622489274,
    0.00015261706721503288,
    0.00017547805327922106,
    0.0001769044902175665,
    0.0001775331620592624,
    0.00013778670108877122,
    0.0006752103799954057,
    0.00014952085621189326,
    0.00021707457199227065,
    0.0001884208613773808,
    0.00018464881577529013,
    0.0001832460256991908,
    0.0001975826598936692,
    0.000278024235740304,
    0.0001809871755540371,
    0.0002171473897760734,
    0.0021706370171159506,
    0.00016225691069848835,
    0.00014554738299921155,
    0.00020228797802701592,
    0.00018779723905026913,
    0.00031425952329300344,
    0.00028016773285344243,
    0.00016438108286820352,
    0.0001747236237861216,
    0.00020594593661371619,
    0.0001912061998154968,
    0.00019510387210175395,
    0.0005998662090860307,
    0.00020150998898316175,
    0.00017734908033162355,
    0.0002441811375319958,
    0.000179538648808375,
    0.00019224881543777883,
    0.0002112813526764512,
    0.00019271232304163277,
    0.00023428504937328398,
    0.00019889384566340595,
    0.00019116158364340663,
    0.00024029993801377714,
    0.00024307328567374498,
    0.0001681347785051912,
    0.000212328159250319,
    0.00015788042219355702,
    0.00017867443966679275,
    0.0001844792568590492,
    0.00022101125796325505,
    0.00019003439228981733,
    0.00018321364768780768,
    0.00016732618678361177,
    0.0001863401266746223,
    0.00015135432477109134,
    0.0002421238605165854,
    0.0001832621346693486,
    0.00019766567857004702,
    0.00015372894995380193,
    0.0001695366809144616,
    0.00014912318147253245,
    0.0001845801598392427,
    0.0002022682165261358,
    0.00016012777632568032,
    0.00014449925220105797,
    0.0001382410409860313,
    0.00015319979866035283,
    0.00015319680096581578,
    0.00014571727660950273,
    0.00014080508844926953,
    0.00015714520122855902,
    0.0002871773613151163,
    0.0003208322450518608,
    0.00016115044127218425,
    0.00015724316472187638,
    0.000157016736920923,
    0.0001555512280901894,
    0.00015210910351015627,
    0.00018208890105597675,
    0.0001758959551807493,
    0.00018247799016535282,
    0.0001711969671305269,
    0.0001486501278122887,
    0.00016144965775310993,
    0.0001542959362268448,
    0.0001536321797175333,
    0.00014546627062372863,
    0.00015043669554870576,
    0.0001803073100745678,
    0.00014259220915846527,
    0.00013675153604708612,
    0.00013944139936938882,
    0.0001386052172165364,
    0.00013653743371833116,
    0.00013704074081033468,
    0.000140264630317688,
    0.00014346535317599773,
    0.00014427746646106243,
    0.00011872107279486954,
    0.0001367637305520475,
    0.00013984579709358513,
    0.0001288229541387409,
    0.00018507250933907926,
    0.00012897473061457276,
    0.00014876635395921767,
    0.0001397198357153684,
    0.0001290164072997868,
    0.00013385465717874467,
    0.00012487820640671998,
    0.00015299025108106434,
    0.00012332235928624868,
    0.00013096198381390423,
    0.0001368815137539059,
    0.00013297010445967317,
    0.00013276748359203339,
    0.0001339151058346033,
    0.00014101609122008085,
    0.000281795219052583,
    0.00014094446669332683,
    0.0001705506001599133,
    0.00012963266635779291,
    0.0001660301350057125,
    0.00011962302232859656,
    0.0001181925181299448,
    0.00011513552453834563,
    0.00012447437620721757,
    0.00015692427405156195,
    0.00013530065189115703,
    0.00011164203169755638,
    0.00011108859325759113,
    0.00011783300578827038,
    0.00011269486276432872,
    0.00015030079521238804,
    0.00010925890092039481,
    0.0001118144573410973,
    0.00011370242282282561,
    0.00011215941049158573,
    0.00010277437104377896,
    0.00011848924623336643,
    0.00011451266618678346,
    0.00010317378473700956,
    0.00011377038026694208,
    0.00011119773262180388,
    0.00013035160372965038,
    0.00011499223910504952,
    0.00010735602700151503,
    0.00010377207217970863,
    0.00010411322000436485,
    0.00010031522833742201,
    0.00010012624989030883,
    9.225939720636234e-05,
    9.857222903519869e-05,
    9.659248462412506e-05,
    9.317310468759388e-05,
    8.607373456470668e-05,
    0.00010244784061796963,
    8.414866169914603e-05,
    8.55572143336758e-05,
    8.297371823573485e-05,
    8.226292266044766e-05,
    8.625536429462954e-05,
    8.838391659082845e-05,
    8.143176091834903e-05,
    8.295448060380295e-05,
    0.00010204134014202282,
    9.061832679435611e-05,
    8.382849773624912e-05,
    8.704131323611364e-05,
    8.159059507306665e-05,
    8.415929187322035e-05,
    0.00010928927076747641,
    9.455096733290702e-05,
    8.67944399942644e-05,
    8.168412750819698e-05,
    8.602266461821273e-05,
    0.00013933049922343343,
    9.026831685332581e-05,
    7.885482773417607e-05,
    8.97489080671221e-05,
    7.94747902546078e-05,
    8.681022154632956e-05,
    8.769582200329751e-05,
    0.00010222125274594873,
    8.042419358389452e-05,
    9.432408842258155e-05,
    0.00011541753337951377,
    9.432622027816251e-05,
    8.385666296817362e-05,
    0.00010472787107573822,
    8.717799209989607e-05,
    8.935869846027344e-05,
    8.767216058913618e-05,
    8.76758640515618e-05,
    9.035610128194094e-05,
    8.725975931156427e-05,
    8.981289283838123e-05,
    0.0001039914131979458,
    8.356761827599257e-05,
    8.428815635852516e-05,
    8.423630788456649e-05,
    8.144640742102638e-05,
    8.350437565241009e-05,
    9.793786739464849e-05,
    8.242812327807769e-05,
    9.614630107535049e-05,
    9.39923629630357e-05,
    0.00011039339733542874,
    7.963746611494571e-05,
    8.469614112982526e-05,
    8.497713861288503e-05,
    8.65017791511491e-05,
    8.795427856966853e-05,
    0.00011259980965405703,
    8.545112359570339e-05,
    8.771943976171315e-05,
    9.233351738657802e-05,
    8.689243259141222e-05,
    9.625420352676883e-05,
    8.8746783148963e-05,
    9.087197395274416e-05,
    8.152981899911538e-05,
    8.31876604934223e-05,
    9.279215009883046e-05,
    0.00015063892351463437,
    9.894929826259613e-05,
    8.91352683538571e-05,
    8.557284309063107e-05,
    9.477346611674875e-05,
    8.826337580103427e-05,
    8.602857997175306e-05,
    9.326882718596607e-05,
    8.120884740492329e-05,
    8.678489393787459e-05,
    8.883418195182458e-05,
    8.315433660754934e-05,
    8.417617209488526e-05,
    8.396434714086354e-05,
    8.706830703886226e-05,
    9.110670362133533e-05,
    8.681187318870798e-05,
    8.467109000775963e-05,
    8.909744065022096e-05,
    7.798600563546643e-05,
    9.325883002020419e-05,
    8.418028301093727e-05,
    8.746170351514593e-05,
    7.611498585902154e-05,
    8.538755355402827e-05,
    8.286151569336653e-05,
    9.016934927785769e-05,
    7.975500193424523e-05,
    7.97599641373381e-05,
    9.26152933971025e-05,
    8.150418580044061e-05,
    8.59448264236562e-05,
    0.00010064813250210136,
    8.680828614160419e-05,
    7.976131746545434e-05,
    8.182913006749004e-05,
    8.912829798646271e-05,
    9.506456990493461e-05,
    7.909190753707662e-05,
    8.039460954023525e-05,
    8.476206130580977e-05,
    8.248224185081199e-05,
    8.329265983775258e-05,
    8.708692621439695e-05,
    8.217893628170714e-05,
