{
  "version": "plots/_T_10_y0_0_01_network_architectures_4_50_activations_tanh_learning_rates_0_001_collocations_1024_epochs_50000_regularization_reg_derivative_reg_epochs_1_reg_coeff_0_01_reg_decay_1_/run_7",
  "seed": 1,
  "y0": 0.01,
  "T": 10,
  "N_col": 1024,
  "N_hidden": 4,
  "N_neurons": 50,
  "activation": "tanh",
  "N_epochs": 50000,
  "learning_rate": 0.001,
  "decay_rate": 1.0,
  "freq_log": 100,
  "freq_print": 1000,
  "keys_print": [
    "loss"
  ],
  "freq_save": 0,
  "regularization": "reg_derivative",
  "reg_coeff": 0.01,
  "reg_decay": 1,
  "reg_epochs": 1,
  "loss": [
    0.0727907121181488,
    0.010021982714533806,
    0.010019337758421898,
    0.01002133172005415,
    0.010018856264650822,
    0.010021034628152847,
    0.010020995512604713,
    0.010021393187344074,
    0.010020475834608078,
    0.010019132867455482,
    0.010016972199082375,
    0.010023587383329868,
    0.010021479800343513,
    0.010024813003838062,
    0.010031492449343204,
    0.010062426328659058,
    0.01001738477498293,
    0.010024112649261951,
    0.010020728223025799,
    0.010022524744272232,
    0.010021040216088295,
    0.01005527377128601,
    0.010036132298409939,
    0.010021891444921494,
    0.010020259767770767,
    0.01002765167504549,
    0.010051907040178776,
    0.010018832050263882,
    0.010018129833042622,
    0.01010888535529375,
    0.010021298192441463,
    0.01002739742398262,
    0.01002499833703041,
    0.010022305883467197,
    0.010021054185926914,
    0.01001830492168665,
    0.01002137828618288,
    0.010020638816058636,
    0.010024439543485641,
    0.010026900097727776,
    0.010029795579612255,
    0.010024397633969784,
    0.01002297829836607,
    0.010020279325544834,
    0.010021289810538292,
    0.01010288018733263,
    0.010021913796663284,
    0.010020231828093529,
    0.010153893381357193,
    0.010021146386861801,
    0.010028662160038948,
    0.010025550611317158,
    0.010021922178566456,
    0.010020587593317032,
    0.010022648610174656,
    0.010020017623901367,
    0.010025305673480034,
    0.010024109855294228,
    0.010022683069109917,
    0.010022027418017387,
    0.010021176189184189,
    0.010021819733083248,
    0.010047996416687965,
    0.010024640709161758,
    0.010039540007710457,
    0.010028504766523838,
    0.0100187286734581,
    0.010019891895353794,
    0.010020527057349682,
    0.010020111687481403,
    0.010021126829087734,
    0.010020428337156773,
    0.010032395832240582,
    0.010025111958384514,
    0.01004317868500948,
    0.010016793385148048,
    0.010028485208749771,
    0.010021911934018135,
    0.010021389462053776,
    0.01001973357051611,
    0.010021746158599854,
    0.010022204369306564,
    0.010018415749073029,
    0.010020828805863857,
    0.010021104477345943,
    0.01002425141632557,
    0.010021748952567577,
    0.010020975023508072,
    0.010021571069955826,
    0.010019146837294102,
    0.010028565302491188,
    0.010018086060881615,
    0.010019184090197086,
    0.010018658824265003,
    0.010020469315350056,
    0.010028591379523277,
    0.010029757395386696,
    0.010020077228546143,
    0.010022449307143688,
    0.010023833252489567,
    0.010016591288149357,
    0.010019587352871895,
    0.01002099271863699,
    0.010019674897193909,
    0.01002432405948639,
    0.010024918243288994,
    0.010019605048000813,
    0.010020565241575241,
    0.01002008467912674,
    0.010020511224865913,
    0.010027884505689144,
    0.0100220562890172,
    0.010021527297794819,
    0.010020057670772076,
    0.010018507018685341,
    0.010022151283919811,
    0.010018805973231792,
    0.010019629262387753,
    0.01002098061144352,
    0.010021786205470562,
    0.010022971779108047,
    0.010021992959082127,
    0.010026995092630386,
    0.010019759647548199,
    0.010018358007073402,
    0.010025923140347004,
    0.01002048421651125,
    0.010020664893090725,
    0.010021617636084557,
    0.010020545683801174,
    0.010019508190453053,
    0.010016806423664093,
    0.010016940534114838,
    0.010019238106906414,
    0.010018463246524334,
    0.010019910521805286,
    0.01002195943146944,
    0.010018907487392426,
    0.010020599700510502,
    0.010019241832196712,
    0.010019720532000065,
    0.010017463006079197,
    0.01002097874879837,
    0.01001792959868908,
    0.01002381183207035,
    0.010020335204899311,
    0.010017951019108295,
    0.010020877234637737,
    0.010020849294960499,
    0.010022534057497978,
    0.010019328445196152,
    0.010019280016422272,
    0.010012474842369556,
    0.010019497945904732,
    0.010016603395342827,
    0.01001894474029541,
    0.010018610395491123,
    0.010020646266639233,
    0.010020239278674126,
    0.010019778273999691,
    0.010020456276834011,
    0.010018457658588886,
    0.010020202957093716,
    0.010021042078733444,
    0.010020947083830833,
    0.010019956156611443,
    0.010018928907811642,
    0.01001778244972229,
    0.010018736124038696,
    0.010018840432167053,
    0.010018727742135525,
    0.010019630193710327,
    0.010019625537097454,
    0.010020386427640915,
    0.010019169189035892,
    0.010018935427069664,
    0.010018092580139637,
    0.010020941495895386,
    0.010017513297498226,
    0.01001864392310381,
    0.010022405534982681,
    0.010017205029726028,
    0.010018380358815193,
    0.010021595284342766,
    0.010022424161434174,
    0.010020595975220203,
    0.010017967782914639,
    0.010018992237746716,
    0.010021118447184563,
    0.010021291673183441,
    0.010025798343122005,
    0.010017775930464268,
    0.010016796179115772,
    0.010020231828093529,
    0.0100217554718256,
    0.010018969886004925,
    0.010020882822573185,
    0.010018435306847095,
    0.010020406916737556,
    0.010020997375249863,
    0.010018767789006233,
    0.010021529160439968,
    0.01002010889351368,
    0.010022738017141819,
    0.010023420676589012,
    0.010021775960922241,
    0.010016667656600475,
    0.010022792965173721,
    0.010022250935435295,
    0.010021993890404701,
    0.010018859058618546,
    0.010022580623626709,
    0.01001960039138794,
    0.010018968023359776,
    0.010019425302743912,
    0.01001742109656334,
    0.010019363835453987,
    0.010023959912359715,
    0.010020158253610134,
    0.010020062327384949,
    0.010020813904702663,
    0.010019354522228241,
    0.010018947534263134,
    0.010020649060606956,
    0.01002186257392168,
    0.010021904483437538,
    0.010021960362792015,
    0.010018961504101753,
    0.010024004615843296,
    0.010025004856288433,
    0.010019432753324509,
    0.010019667446613312,
    0.010020339861512184,
    0.010023782029747963,
    0.010018994100391865,
    0.01002472173422575,
    0.010018994100391865,
    0.010020759887993336,
    0.01002294011414051,
    0.010022176429629326,
    0.010020160116255283,
    0.01001747976988554,
    0.0100189708173275,
    0.010019858367741108,
    0.010018239729106426,
    0.010019407607614994,
    0.0100183030590415,
    0.010021918453276157,
    0.010018429718911648,
    0.010019886307418346,
    0.010020571760833263,
    0.010019556619226933,
    0.01001735869795084,
    0.010020659305155277,
    0.010018969886004925,
    0.010018198750913143,
    0.010019839741289616,
    0.010021100752055645,
    0.01001652516424656,
    0.01001669280230999,
    0.010020574554800987,
    0.010019708424806595,
    0.01001827698200941,
    0.010019419714808464,
    0.01001562550663948,
    0.010021332651376724,
    0.010022871196269989,
    0.010018786415457726,
    0.010020270943641663,
    0.010023271664977074,
    0.010022061876952648,
    0.010021945461630821,
    0.01002065371721983,
    0.01001820620149374,
    0.010021545924246311,
    0.010021899826824665,
    0.01002261508256197,
    0.010018731467425823,
    0.010024402290582657,
    0.010020896792411804,
    0.010019839741289616,
    0.010021856985986233,
    0.010020535439252853,
    0.010022914037108421,
    0.010017680935561657,
    0.010018390603363514,
