{
  "version": "model_weights/_T_7_5_y0_0_001_network_architectures_4_50_activations_tanh_learning_rates_0_001_collocations_1024_epochs_50000_reg_epochs_1_0_reg_coeff_1_reg_decay_1_/run_13",
  "seed": 1,
  "y0": 0.001,
  "T": 7.5,
  "N_col": 1024,
  "N_hidden": 4,
  "N_neurons": 50,
  "activation": "tanh",
  "N_epochs": 50000,
  "learning_rate": 0.001,
  "decay_rate": 1.0,
  "freq_log": 100,
  "freq_print": 1000,
  "keys_print": [
    "loss"
  ],
  "freq_save": 0,
  "reg_coeff": 1,
  "reg_decay": 1,
  "reg_epochs": 1.0,
  "loss": [
    0.14033228158950806,
    0.13534022867679596,
    0.1353350281715393,
    0.13531716167926788,
    0.14073525369167328,
    0.13531354069709778,
    0.13522669672966003,
    0.1350971907377243,
    0.1349574476480484,
    0.1338995397090912,
    0.03306633234024048,
    0.04021735489368439,
    0.039148103445768356,
    0.04035640507936478,
    0.03651183843612671,
    0.03890589252114296,
    0.03147450089454651,
    0.03888960927724838,
    0.03345330059528351,
    0.03532496839761734,
    0.034395407885313034,
    0.03392908349633217,
    0.034636251628398895,
    0.03738737106323242,
    0.035589590668678284,
    0.03489336743950844,
    0.033759646117687225,
    0.03406952694058418,
    0.03309756889939308,
    0.03793388977646828,
    0.03561350703239441,
    0.036549944430589676,
    0.03352057933807373,
    0.03343307599425316,
    0.03465781733393669,
    0.03391475975513458,
    0.035817354917526245,
    0.036632128059864044,
    0.03757297620177269,
    0.031039610505104065,
    0.034319471567869186,
    0.037312231957912445,
    0.03588861972093582,
    0.03427766263484955,
    0.034175120294094086,
    0.035384275019168854,
    0.031994935125112534,
    0.03359343856573105,
    0.03554527088999748,
    0.03472575917840004,
    0.03619438409805298,
    0.03282543271780014,
    0.037027571350336075,
    0.03631719946861267,
    0.03737684339284897,
    0.03388827294111252,
    0.03576124832034111,
    0.03187524154782295,
    0.03750582039356232,
    0.03519101068377495,
    0.034097541123628616,
    0.03387434035539627,
    0.03707271069288254,
    0.034113962203264236,
    0.03685476630926132,
    0.034883156418800354,
    0.03524032607674599,
    0.03446566313505173,
    0.03665659576654434,
    0.034222763031721115,
    0.03583453595638275,
    0.034871138632297516,
    0.0345657654106617,
    0.038767244666814804,
    0.03434847295284271,
    0.03218363970518112,
    0.03753778338432312,
    0.03720065578818321,
    0.036672864109277725,
    0.036009449511766434,
    0.03615730628371239,
    0.0359581857919693,
    0.03371128439903259,
    0.03521467745304108,
    0.03524197265505791,
    0.03357582539319992,
    0.036639124155044556,
    0.036628879606723785,
    0.0341232493519783,
    0.03290601074695587,
    0.035772789269685745,
    0.029989372938871384,
    0.03406865522265434,
    0.03212028369307518,
    0.03400421142578125,
    0.033921051770448685,
    0.03409750759601593,
    0.0336163192987442,
    0.037304043769836426,
    0.03655433654785156,
    0.032147590070962906,
    0.03283043950796127,
    0.0356917642056942,
    0.03365010395646095,
    0.033830877393484116,
    0.040224529802799225,
    0.03197348862886429,
    0.03554806113243103,
    0.03611898422241211,
    0.03526748716831207,
    0.03537745401263237,
    0.03342068940401077,
    0.036423567682504654,
    0.03412932530045509,
    0.03358706459403038,
    0.03595590218901634,
    0.03375844284892082,
    0.033519335091114044,
    0.033754196017980576,
    0.03687192499637604,
    0.03765621408820152,
    0.03710494190454483,
    0.03543534874916077,
    0.033192601054906845,
    0.032831452786922455,
    0.03774801641702652,
    0.03478751331567764,
    0.036453522741794586,
    0.035642318427562714,
    0.03577315807342529,
    0.03378424793481827,
    0.03183143585920334,
    0.031848691403865814,
    0.03286433219909668,
    0.032630421221256256,
    0.035291582345962524,
    0.03748924285173416,
    0.03306856378912926,
    0.03474397957324982,
    0.03473014384508133,
    0.03318805992603302,
    0.032895635813474655,
    0.03627003729343414,
    0.03473881259560585,
    0.03834156692028046,
    0.03393115848302841,
    0.03302596136927605,
    0.034128203988075256,
    0.03263707458972931,
    0.03575320914387703,
    0.03489347919821739,
    0.03453242778778076,
    0.027614865452051163,
    0.03504142537713051,
    0.03097543492913246,
    0.034306351095438004,
    0.034114815294742584,
    0.03537283092737198,
    0.034280940890312195,
    0.03357531875371933,
    0.035438865423202515,
    0.0340350978076458,
    0.03347376361489296,
    0.03563057258725166,
    0.0352705642580986,
    0.03431462123990059,
    0.03506728261709213,
    0.032269515097141266,
    0.03400804102420807,
    0.033829182386398315,
    0.03347975015640259,
    0.035283491015434265,
    0.03489124774932861,
    0.03538263216614723,
    0.03358347341418266,
    0.033567123115062714,
    0.03423302248120308,
    0.03641439974308014,
    0.03232917562127113,
    0.034972574561834335,
    0.03790537267923355,
    0.03244597464799881,
    0.03359370678663254,
    0.03683643043041229,
    0.03679477423429489,
    0.03599156439304352,
    0.033837005496025085,
    0.03492214158177376,
    0.03579273074865341,
    0.036309000104665756,
    0.03931262344121933,
    0.031900957226753235,
    0.03206056356430054,
    0.03565869852900505,
    0.03730572760105133,
    0.03415942192077637,
    0.03616666421294212,
    0.03619466349482536,
    0.03516794741153717,
    0.03561703488230705,
    0.03333064913749695,
    0.03565029427409172,
    0.03553224354982376,
    0.03731464594602585,
    0.036694351583719254,
    0.036559056490659714,
    0.032102152705192566,
    0.03708236664533615,
    0.03626510873436928,
    0.035867128521203995,
    0.034233830869197845,
    0.03717438876628876,
    0.03391110897064209,
    0.032607562839984894,
    0.03543494641780853,
    0.03225742653012276,
    0.03489381819963455,
    0.03755871206521988,
    0.034977544099092484,
    0.03363824263215065,
    0.03701905533671379,
    0.03517894074320793,
    0.034804102033376694,
    0.03723917528986931,
    0.03705660253763199,
    0.03607255220413208,
    0.03477567434310913,
    0.03416832536458969,
    0.03766077011823654,
    0.03996807709336281,
    0.03505907580256462,
    0.033944811671972275,
    0.03460744768381119,
    0.038917623460292816,
    0.03358474373817444,
    0.04017387330532074,
    0.033692069351673126,
    0.03387613222002983,
    0.037755247205495834,
    0.037803083658218384,
    0.034417785704135895,
    0.03218340501189232,
    0.034207023680210114,
    0.036025453358888626,
    0.0338277630507946,
    0.03425705432891846,
    0.03234836459159851,
    0.0366436168551445,
    0.033747486770153046,
    0.036089129745960236,
    0.034980401396751404,
    0.034039027988910675,
    0.03314495459198952,
    0.03554648160934448,
    0.03335872292518616,
    0.033280111849308014,
    0.034563951194286346,
    0.035596441477537155,
    0.031533971428871155,
    0.03171752020716667,
    0.03493942320346832,
    0.03449529409408569,
    0.0335361510515213,
    0.03562241792678833,
    0.03240416571497917,
    0.03612445294857025,
    0.03674006462097168,
    0.03390781581401825,
    0.03478524088859558,
    0.038033392280340195,
    0.03732489049434662,
    0.036864347755908966,
    0.03491967171430588,
    0.0327090322971344,
    0.03824799507856369,
    0.036307621747255325,
    0.03809719160199165,
    0.03320496529340744,
    0.03825405240058899,
    0.035861119627952576,
    0.0345584861934185,
    0.036537446081638336,
    0.03519345074892044,
    0.03650267422199249,
    0.03332319110631943,
    0.03383238986134529,
    0.032151833176612854,
    0.03542505204677582,
    0.031982582062482834,
    0.03480154275894165,
    0.03505796566605568,
    0.034755267202854156,
    0.033712971955537796,
    0.03338998183608055,
    0.03573600575327873,
