{
  "version": "plots/_T_7_5_y0_0_1_network_architectures_4_50_activations_tanh_learning_rates_0_001_collocations_1024_epochs_50000_regularization_no_reg_reg_epochs_1_reg_coeff_0_01_reg_decay_1_/run_3",
  "seed": 1,
  "y0": 0.1,
  "T": 7.5,
  "N_col": 1024,
  "N_hidden": 4,
  "N_neurons": 50,
  "activation": "tanh",
  "N_epochs": 50000,
  "learning_rate": 0.001,
  "decay_rate": 1.0,
  "freq_log": 100,
  "freq_print": 1000,
  "keys_print": [
    "loss"
  ],
  "freq_save": 0,
  "regularization": "no_reg",
  "reg_coeff": 0.01,
  "reg_decay": 1,
  "reg_epochs": 1,
  "loss": [
    0.027729403227567673,
    0.0026637082919478416,
    0.002505294047296047,
    0.002638154663145542,
    0.0024269470013678074,
    0.002784818410873413,
    0.0027414937503635883,
    0.002759176306426525,
    0.0027220328338444233,
    0.002515875967219472,
    0.002275515114888549,
    0.0030669451225548983,
    0.002860463224351406,
    0.0034437300637364388,
    0.002831455320119858,
    0.003088007913902402,
    0.0022437837906181812,
    0.0030831305775791407,
    0.0025307442992925644,
    0.0026752378325909376,
    0.0026894842740148306,
    0.0024973819963634014,
    0.002552416641265154,
    0.0029613692313432693,
    0.0027084974572062492,
    0.0026766874361783266,
    0.0025054137222468853,
    0.0025209826417267323,
    0.002425546059384942,
    0.0030450266785919666,
    0.002707120031118393,
    0.0027965460903942585,
    0.00244473316706717,
    0.002452192362397909,
    0.002637560246512294,
    0.0025036705192178488,
    0.00278709689155221,
    0.002719726413488388,
    0.002988147549331188,
    0.002226264216005802,
    0.002618321217596531,
    0.0029636146500706673,
    0.002681585494428873,
    0.0026258062571287155,
    0.002634808188304305,
    0.0026225182227790356,
    0.0023467554710805416,
    0.002612658776342869,
    0.002710324712097645,
    0.0026962733827531338,
    0.002668641973286867,
    0.00252125458791852,
    0.002885223366320133,
    0.0027550384402275085,
    0.002942371414974332,
    0.0026141670532524586,
    0.002810036763548851,
    0.0024332713801413774,
    0.002911966061219573,
    0.002772632287815213,
    0.002637642901390791,
    0.002543967217206955,
    0.0028947072569280863,
    0.0025880206376314163,
    0.002914933953434229,
    0.0026146492455154657,
    0.0025746095925569534,
    0.0025913978461176157,
    0.0027535278350114822,
    0.002554688137024641,
    0.0026921099051833153,
    0.0026931678876280785,
    0.0025747413747012615,
    0.003078710287809372,
    0.0025996454060077667,
    0.0022870684042572975,
    0.0030495855025947094,
    0.002870905911549926,
    0.0028169522993266582,
    0.0026421525981277227,
    0.002805721713230014,
    0.0027178144082427025,
    0.0024917088449001312,
    0.002622780855745077,
    0.00272754137404263,
    0.0024298829957842827,
    0.002835078164935112,
    0.0027951039373874664,
    0.00254233879968524,
    0.0024674031883478165,
    0.002703678561374545,
    0.0022021709010004997,
    0.002528146142140031,
    0.0022860472090542316,
    0.002639796817675233,
    0.0026176413521170616,
    0.002626487985253334,
    0.002594939898699522,
    0.0029109567403793335,
    0.002893360098823905,
    0.0022554094903171062,
    0.002512221224606037,
    0.0027500870637595654,
    0.0025867195799946785,
    0.0025045862421393394,
    0.003177038859575987,
    0.0024729366414248943,
    0.002688743406906724,
    0.0027204640209674835,
    0.002682663965970278,
    0.00270462641492486,
    0.002666197484359145,
    0.002777933143079281,
    0.002611749107018113,
    0.0024288869462907314,
    0.002767336554825306,
    0.0025158643256872892,
    0.0025119693018496037,
    0.002555059501901269,
    0.0028609069995582104,
    0.002924715168774128,
    0.0027792167384177446,
    0.002642253413796425,
    0.0024776021018624306,
    0.0024000252597033978,
    0.002970295026898384,
    0.0026181871071457863,
    0.002760197501629591,
    0.0027598191518336535,
    0.0026698929723352194,
    0.0025607370771467686,
    0.00228061038069427,
    0.0022798865102231503,
    0.0024584848433732986,
    0.0023464697878807783,
    0.0025456261355429888,
    0.00287672714330256,
    0.0025205202400684357,
    0.00260165031068027,
    0.0025688307359814644,
    0.002525379415601492,
    0.00237636617384851,
    0.0027186039369553328,
    0.0024958369322121143,
    0.003064285032451153,
    0.002626410685479641,
    0.002410321030765772,
    0.002567342482507229,
    0.002374919131398201,
    0.0027942180167883635,
    0.0025925212539732456,
    0.002591579221189022,
    0.0018118765437975526,
    0.002622627653181553,
    0.0022307131439447403,
    0.0025524147786200047,
    0.0025119264610111713,
    0.0027126125060021877,
    0.0026309334207326174,
    0.0025663780979812145,
    0.0027069756761193275,
    0.002509047044441104,
    0.0025984991807490587,
    0.002747767372056842,
    0.0027299136854708195,
    0.0026234793476760387,
    0.0025827414356172085,
    0.0023731510154902935,
    0.0025195376947522163,
    0.0025270390324294567,
    0.0024894680827856064,
    0.002633684314787388,
    0.0026160944253206253,
    0.0027012256905436516,
    0.0025297971442341805,
    0.002551914192736149,
    0.0024718651548027992,
    0.002774704247713089,
    0.0023606012109667063,
    0.0025398037396371365,
    0.0029507807921618223,
    0.002330589108169079,
    0.002476257737725973,
    0.00284952437505126,
    0.002901315689086914,
    0.0027375887148082256,
    0.0024397694505751133,
    0.002572042867541313,
    0.002775273285806179,
    0.0027806677389889956,
    0.003243571612983942,
    0.0023700890596956015,
    0.0022831298410892487,
    0.002693199785426259,
    0.0028775902464985847,
    0.0025282083079218864,
    0.002759625669568777,
    0.002575622871518135,
    0.0026809843257069588,
    0.0027169103268533945,
    0.0024960546288639307,
    0.0027924319729208946,
    0.0026467053685337305,
    0.002948903478682041,
    0.0029392708092927933,
    0.002799399895593524,
    0.00225820392370224,
    0.0029193905647844076,
    0.0028368912171572447,
    0.002843487076461315,
    0.002523028524592519,
    0.0029289135709404945,
    0.002539457054808736,
    0.002392864553257823,
    0.002624194137752056,
    0.0023399831261485815,
    0.0025599864311516285,
    0.003036932786926627,
    0.0026601008139550686,
    0.002588067203760147,
    0.002802202943712473,
    0.00260261376388371,
    0.002540644956752658,
    0.0027766216080635786,
    0.0028619030490517616,
    0.0027792872861027718,
    0.0027879050467163324,
    0.002539784647524357,
    0.002980464370921254,
    0.00319467531517148,
    0.0026116520166397095,
    0.0025714398361742496,
    0.0026598789263516665,
    0.0030938242562115192,
    0.0025189504958689213,
    0.0032106461003422737,
    0.0025249063037335873,
    0.0026414073072373867,
    0.002975278068333864,
    0.002915011951699853,
    0.002627844689413905,
    0.002338967053219676,
    0.0025262185372412205,
    0.002628881484270096,
    0.002461550757288933,
    0.002572594443336129,
    0.0024193241260945797,
    0.0028293533250689507,
    0.0024573931004852057,
    0.0026607876643538475,
    0.0026915408670902252,
    0.002578205894678831,
    0.0023757517337799072,
    0.0027046012692153454,
    0.0024756863713264465,
    0.0024421303533017635,
    0.0026148268952965736,
    0.002744628582149744,
    0.00223886058665812,
    0.0022614644840359688,
    0.00267970934510231,
    0.0026017522905021906,
    0.0024176801089197397,
    0.002621700055897236,
    0.0022137402556836605,
    0.002786274068057537,
    0.002962663071230054,
    0.002489769132807851,
    0.002661619335412979,
    0.002982822712510824,
    0.0028876871801912785,
    0.00288168853148818,
    0.002701269695535302,
    0.0024259514175355434,
    0.0028972087893635035,
    0.0028429972007870674,
    0.00297359237447381,
    0.0024697687476873398,
    0.003105427138507366,
    0.0027468139305710793,
