{
  "version": "model_weights/_T_10_y0_0_01_network_architectures_4_50_activations_tanh_learning_rates_0_001_collocations_1024_epochs_50000_reg_epochs_0_25_reg_coeff_1_reg_decay_1_/run_14",
  "seed": 1,
  "y0": 0.01,
  "T": 10,
  "N_col": 1024,
  "N_hidden": 4,
  "N_neurons": 50,
  "activation": "tanh",
  "N_epochs": 50000,
  "learning_rate": 0.001,
  "decay_rate": 1.0,
  "freq_log": 100,
  "freq_print": 1000,
  "keys_print": [
    "loss"
  ],
  "freq_save": 0,
  "reg_coeff": 1,
  "reg_decay": 1,
  "reg_epochs": 0.25,
  "loss": [
    0.1406620442867279,
    0.13541246950626373,
    0.13535232841968536,
    0.1353515237569809,
    0.135349839925766,
    0.1353520303964615,
    0.13535168766975403,
    0.13535146415233612,
    0.13535113632678986,
    0.13534945249557495,
    0.135347381234169,
    0.13535268604755402,
    0.13535085320472717,
    0.1353529989719391,
    0.13534966111183167,
    0.13535070419311523,
    0.1353447288274765,
    0.13534888625144958,
    0.13534404337406158,
    0.13534370064735413,
    0.13534052670001984,
    0.13533788919448853,
    0.13533324003219604,
    0.13532942533493042,
    0.1353205144405365,
    0.13531357049942017,
    0.13529585301876068,
    0.13524164259433746,
    0.1351308822631836,
    0.1441774070262909,
    0.13533729314804077,
    0.13533306121826172,
    0.1353236734867096,
    0.13530781865119934,
    0.13529033958911896,
    0.13525238633155823,
    0.13512901961803436,
    0.13462267816066742,
    0.03105345368385315,
    0.024709058925509453,
    0.02728309854865074,
    0.029080046340823174,
    0.027874194085597992,
    0.026613976806402206,
    0.026862144470214844,
    0.027245288714766502,
    0.025106681510806084,
    0.026635628193616867,
    0.027788013219833374,
    0.026971980929374695,
    0.027785323560237885,
    0.025795448571443558,
    0.029088392853736877,
    0.028187084943056107,
    0.02948104217648506,
    0.02690102532505989,
    0.028029322624206543,
    0.025303881615400314,
    0.029343748465180397,
    0.027817528694868088,
    0.026866275817155838,
    0.02620421163737774,
    0.029240813106298447,
    0.026997562497854233,
    0.029291879385709763,
    0.026623085141181946,
    0.027054907754063606,
    0.026600398123264313,
    0.028429850935935974,
    0.026452291756868362,
    0.027555495500564575,
    0.027443261817097664,
    0.02665472961962223,
    0.03056560829281807,
    0.026966696605086327,
    0.025021390989422798,
    0.030146853998303413,
    0.02902819961309433,
    0.02857651188969612,
    0.027535542845726013,
    0.028176331892609596,
    0.027860252186655998,
    0.026156742125749588,
    0.027092307806015015,
    0.027809351682662964,
    0.02583897113800049,
    0.028765661641955376,
    0.028509102761745453,
    0.026399485766887665,
    0.02589920535683632,
    0.027732687070965767,
    0.023477021604776382,
    0.026400785893201828,
    0.024700410664081573,
    0.026699867099523544,
    0.026847822591662407,
    0.02672562748193741,
    0.026589881628751755,
    0.029159845784306526,
    0.02894485741853714,
    0.024737879633903503,
    0.0256954412907362,
    0.02804437465965748,
    0.02647506445646286,
    0.02626708894968033,
    0.03139280900359154,
    0.025435512885451317,
    0.027413316071033478,
    0.027843527495861053,
    0.0274578258395195,
    0.02781819924712181,
    0.02656733989715576,
    0.028417466208338737,
    0.0266554057598114,
    0.025787603110074997,
    0.028346475213766098,
    0.026150450110435486,
    0.026237495243549347,
    0.026464808732271194,
    0.02877153642475605,
    0.029460065066814423,
    0.028721051290631294,
    0.027372080832719803,
    0.02574051544070244,
    0.025250960141420364,
    0.029815329238772392,
    3.9212820411194116e-05,
    1.1337889191054273e-05,
    4.280471330275759e-06,
    1.9121976038150024e-06,
    1.2678353868977865e-06,
    1.0740420748334145e-06,
    4.3262507460894994e-06,
    1.182543883260223e-06,
    2.5097033358179033e-06,
    1.4273421584221069e-05,
    1.7255428019780084e-06,
    1.1320386875013355e-05,
    1.1076994269387797e-05,
    1.04122118500527e-05,
    5.446945215226151e-05,
    1.5253268657033914e-06,
    4.974087460141163e-06,
    6.00394173488894e-07,
    2.9820196232321905e-06,
    5.5839831475168467e-05,
    5.201462045079097e-06,
    6.618795964641322e-07,
    2.6767638701130636e-06,
    2.7872690679942025e-06,
    2.912212221417576e-05,
    0.00027909729396924376,
    4.2821517354241223e-07,
    9.210765711031854e-06,
    3.884720740643388e-07,
    1.346554768133501e-06,
    8.967140456661582e-05,
    3.639328497229144e-05,
    8.836257734401443e-07,
    3.2218307751463726e-05,
    1.7975064565689536e-06,
    3.451560814937693e-07,
    1.0712258244893746e-06,
    1.6005376437533414e-06,
    3.0829858133074595e-07,
    7.51621882955078e-06,
    3.423346583986131e-07,
    9.685829809313873e-07,
    2.882366516132606e-06,
    8.522578127667657e-07,
    9.241246516467072e-06,
    4.199791874270886e-06,
    2.016682628891431e-06,
    9.221117807101109e-07,
    1.1676705071295146e-05,
    1.1603853522501595e-07,
    2.3154166228778195e-06,
    3.675580046547111e-06,
    2.9187986001488753e-06,
    1.755782363943581e-07,
    6.986318112467416e-06,
    2.733295616508258e-07,
    2.577470149844885e-05,
    2.2729847842128947e-05,
    7.697720320720691e-06,
    1.4799220480199438e-05,
    5.143279508956766e-07,
    2.7561276510823518e-05,
    3.4460788356227567e-06,
    5.672406473422598e-07,
    1.1837713742579581e-07,
    2.2449625248555094e-05,
    1.0680021659936756e-05,
    6.406791612789675e-07,
    1.9307617549202405e-06,
    8.575079846195877e-08,
    9.264955451726564e-07,
    4.6882388460289803e-07,
    9.733088290886371e-07,
    3.18812340083241e-06,
    2.1653171643265523e-05,
    1.253499419817672e-07,
    5.325054007698782e-05,
    5.49782669168053e-07,
    5.110566235089209e-06,
    8.148444976541214e-06,
    4.761336924730131e-08,
    5.698094440731438e-08,
    1.6791158259366057e-06,
    8.047524602261547e-08,
    3.2681132324796636e-06,
    8.122335202642716e-06,
    1.403065425620298e-06,
    3.00684490639469e-08,
    3.94450944440905e-06,
    3.6622317622914125e-08,
    2.914106005391659e-07,
    2.1446422238113882e-07,
    3.1840545489103533e-06,
    2.843729453161359e-05,
    4.477551840409433e-08,
    3.2432635634904727e-06,
    1.532358510303311e-06,
    4.836730113311205e-06,
    2.939208059160592e-07,
    3.4250820135639515e-07,
    1.4937725609343033e-05,
    5.55840884430836e-08,
    7.780914529575966e-06,
    1.3417950306404691e-08,
    9.926015991368331e-06,
    0.00012713417527265847,
    7.663325618523231e-08,
    1.3277485777507536e-08,
    4.38009067238454e-07,
    2.0104010900467983e-08,
    9.135161235462874e-06,
    3.5846701393893454e-06,
    1.9058722600107103e-08,
    2.163351098261046e-07,
    3.0733904168300796e-06,
    1.9886249447154114e-06,
    9.039641035712975e-09,
    3.679219662444666e-05,
    3.0322858890485804e-08,
    6.077739271859173e-07,
    2.0764027794939466e-06,
    9.051296245843332e-08,
    2.2639451344730332e-06,
    3.76471191998462e-08,
    8.117834795484669e-07,
    1.5818560683555916e-08,
    4.880007963947719e-06,
    9.903560638235831e-09,
    7.170341653761625e-09,
    2.7488085834193043e-06,
    4.4964326662011445e-06,
    1.1658583787266252e-07,
    6.339345418382436e-05,
    1.2634273183209643e-08,
    4.318126229918562e-06,
    3.8500661503348965e-07,
    1.351772311863897e-07,
    3.693508915603161e-06,
    3.0875690981702064e-07,
    0.00013517132902052253,
    3.496272071856765e-08,
    1.4504268008863619e-08,
    1.572294536344998e-06,
    2.128586856997572e-06,
    8.123541839211157e-09,
    1.7013584283631644e-06,
    6.169396510813385e-05,
    1.623954659635274e-08,
    6.542942188048073e-09,
    7.581439476211926e-09,
    1.094723984351731e-06,
    1.0437818218633765e-06,
    1.0439001925988123e-05,
    6.438659028162874e-08,
    1.57743961608503e-05,
