{
  "version": "plots/_T_7_5_y0_0_001_network_architectures_4_50_activations_tanh_learning_rates_0_001_collocations_1024_epochs_1000_regularization_no_reg_reg_epochs_1_reg_coeff_1_reg_decay_1_/run_2",
  "seed": 1,
  "y0": 0.001,
  "T": 7.5,
  "N_col": 1024,
  "N_hidden": 4,
  "N_neurons": 50,
  "activation": "tanh",
  "N_epochs": 1000,
  "learning_rate": 0.001,
  "decay_rate": 1.0,
  "freq_log": 100,
  "freq_print": 1000,
  "keys_print": [
    "loss"
  ],
  "freq_save": 0,
  "regularization": "no_reg",
  "reg_coeff": 1,
  "reg_decay": 1,
  "reg_epochs": 1,
  "loss": [
    0.009233113378286362,
    1.583552875672467e-05,
    2.2807266759627964e-06,
    8.473706429867889e-07,
    6.871200639579911e-07,
    6.281809419306228e-07,
    5.681906714016804e-07,
    5.158346993994201e-07,
    4.74971670882951e-07,
    4.4561846834767493e-07
  ]
}