{
  "version": "plots/_T_10_y0_0_1_network_architectures_4_50_activations_tanh_learning_rates_0_001_collocations_1024_epochs_50000_regularization_reg_derivative_reg_epochs_1_reg_coeff_100000_reg_decay_1_/run_6",
  "seed": 1,
  "y0": 0.1,
  "T": 10,
  "N_col": 1024,
  "N_hidden": 4,
  "N_neurons": 50,
  "activation": "tanh",
  "N_epochs": 50000,
  "learning_rate": 0.001,
  "decay_rate": 1.0,
  "freq_log": 100,
  "freq_print": 1000,
  "keys_print": [
    "loss"
  ],
  "freq_save": 0,
  "regularization": "reg_derivative",
  "reg_coeff": 100000,
  "reg_decay": 1,
  "reg_epochs": 1,
  "loss": [
    81430.5390625,
    1134.0140380859375,
    1576.87353515625,
    528.211181640625,
    728.9326782226562,
    383.7774658203125,
    129.42111206054688,
    221.18353271484375,
    237.56703186035156,
    206.73626708984375,
    323.22698974609375,
    284.886962890625,
    220.42652893066406,
    513.8265380859375,
    162.01556396484375,
    169.3406982421875,
    9.347375869750977,
    149.19406127929688,
    7.819976806640625,
    82.81768798828125,
    13.388442039489746,
    30.91238784790039,
    8.98071002960205,
    117.89619445800781,
    25.54607582092285,
    14.424503326416016,
    51.8514404296875,
    28.743274688720703,
    14.771358489990234,
    106.84320068359375,
    11.576969146728516,
    3.9859819412231445,
    11.842241287231445,
    96.73674011230469,
    30.02014923095703,
    6.892826080322266,
    4.287461280822754,
    81.4266586303711,
    6.795840263366699,
    17.836624145507812,
    5.3907694816589355,
    4.592402935028076,
    25.82683563232422,
    20.17319679260254,
    31.043262481689453,
    40.58656692504883,
    61.66425323486328,
    38.65934371948242,
    10.020915985107422,
    66.68646240234375,
    10.46471881866455,
    35.139442443847656,
    52.47818374633789,
    45.61266326904297,
    9.583404541015625,
    14.409189224243164,
    26.48067855834961,
    16.262197494506836,
    23.63969612121582,
    48.605987548828125,
    22.07391357421875,
    9.061662673950195,
    8.276397705078125,
    8.901150703430176,
    136.50494384765625,
    15.142489433288574,
    8.373435020446777,
    9.545570373535156,
    38.30229187011719,
    26.40487289428711,
    19.693767547607422,
    18.543840408325195,
    18.236858367919922,
    20.010894775390625,
    10.5648193359375,
    13.849960327148438,
    10.649468421936035,
    5.953019142150879,
    19.349655151367188,
    13.367935180664062,
    71.3695068359375,
    4.983010292053223,
    9.410726547241211,
    7.055907249450684,
    6.578248977661133,
    4.990571975708008,
    6.112394332885742,
    10.443717956542969,
    15.339761734008789,
    15.634586334228516,
    40.93054962158203,
    32.09591293334961,
    14.942560195922852,
    12.239715576171875,
    9.708614349365234,
    6.3336334228515625,
    12.435251235961914,
    13.594161987304688,
    12.340034484863281,
    9.915589332580566,
    16.534793853759766,
    9.99946403503418,
    4.939753532409668,
    8.690630912780762,
    14.05034351348877,
    16.450166702270508,
    232.19302368164062,
    5.755100250244141,
    9.366683959960938,
    7.035447120666504,
    5.3006367683410645,
    104.29263305664062,
    13.272418975830078,
    35.162715911865234,
    6.553744316101074,
    17.791606903076172,
    21.159645080566406,
    18.260160446166992,
    100.98207092285156,
    16.47762107849121,
    10.001352310180664,
    15.668502807617188,
    15.8892822265625,
    34.40476608276367,
    14.982044219970703,
    26.699752807617188,
    16.68398666381836,
    58.03382110595703,
    48.38885498046875,
    14.80407428741455,
    9.537178993225098,
    4.823592662811279,
    6.188261985778809,
    14.168222427368164,
    7.241955280303955,
    6.43535852432251,
    11.626161575317383,
    3.718104124069214,
    6.0818400382995605,
    4.6153717041015625,
    13.158716201782227,
    28.690959930419922,
    73.18658447265625,
    8.694734573364258,
    14.966232299804688,
    58.76696014404297,
    12.401779174804688,
    11.136445045471191,
    9.725369453430176,
    22.41501808166504,
    23.08391761779785,
    10.009476661682129,
    4.729118347167969,
    8.452410697937012,
    6.1353535652160645,
    5.674554824829102,
    4.373113632202148,
    10.309450149536133,
    7.481607913970947,
    94.791748046875,
    5.804628849029541,
    15.132098197937012,
    7.624045372009277,
    7.804635524749756,
    5.5481157302856445,
    8.138317108154297,
    5.956967830657959,
    6.969669818878174,
    9.682238578796387,
    9.047643661499023,
    12.386134147644043,
    10.389994621276855,
    10.102750778198242,
    7.792211532592773,
    11.451726913452148,
    10.452401161193848,
    16.416534423828125,
    15.216007232666016,
    19.545730590820312,
    14.939011573791504,
    11.20307445526123,
    9.802865028381348,
    9.963650703430176,
    39.81767654418945,
    30.779605865478516,
    22.582656860351562,
    15.906508445739746,
    18.45934295654297,
    19.01751136779785,
    15.45248794555664,
    15.944643020629883,
    22.64350128173828,
    7.454527854919434,
    4.923418045043945,
    19.359619140625,
    8.678863525390625,
    8.163544654846191,
    8.883121490478516,
    6.783998012542725,
    13.145284652709961,
    8.675725936889648,
    5.578009605407715,
    8.966573715209961,
    8.204078674316406,
    37.21955490112305,
    54.17436218261719,
    13.43174934387207,
    8.149109840393066,
    11.452150344848633,
    7.249490261077881,
    4.022228717803955,
    7.815401077270508,
    5.74400520324707,
    5.390956401824951,
    5.307788848876953,
    14.125492095947266,
    12.022375106811523,
    10.922170639038086,
    16.639461517333984,
    8.510133743286133,
    10.14850902557373,
    9.449121475219727,
    8.328100204467773,
    15.489550590515137,
    29.058170318603516,
    19.27090835571289,
    16.430206298828125,
    17.06447982788086,
    48.089046478271484,
    54.41142272949219,
    52.79578399658203,
    177.17193603515625,
    60.00090789794922,
    61.304256439208984,
    51.20005798339844,
    105.2401351928711,
    85.96168518066406,
    89.85371398925781,
    80.89046478271484,
    89.03982543945312,
    98.56050872802734,
    95.28726196289062,
    88.50401306152344,
    71.30968475341797,
    64.72648620605469,
    39.860687255859375,
    21.829242706298828,
    66.03401947021484,
    36.2548942565918,
    49.56053924560547,
    43.14870834350586,
    38.84645462036133,
    37.478302001953125,
    36.46717071533203,
    20.364118576049805,
    89.9550552368164,
    76.37521362304688,
    23.50433349609375,
    12.66384506225586,
    15.643205642700195,
    51.51877212524414,
    25.81436538696289,
    23.769451141357422,
    10.335402488708496,
    8.184473991394043,
    7.45311164855957,
    23.383256912231445,
    34.5448112487793,
    30.986499786376953,
    30.675018310546875,
    34.742774963378906,
    62.592369079589844,
    58.17361068725586,
    39.27535629272461,
    78.01268768310547,
    70.98152923583984,
    76.6845474243164,
    77.26770782470703,
    84.97985076904297,
    76.86508178710938,
    98.57994079589844,
    90.64384460449219,
    88.53688049316406,
    538.381103515625,
    95.33848571777344,
    96.30030822753906,
    93.77037048339844,
    82.44085693359375,
    77.33836364746094,
    53.39313507080078,
    35.719505310058594,
    9.935218811035156,
    29.602657318115234,
    22.79497718811035,
    23.633594512939453,
    14.02989387512207,
    28.2518310546875,
    13.032074928283691,
    2534.253173828125,
    63.40419387817383,
    35.379329681396484,
    14.068191528320312,
    14.206165313720703,
    10.6563081741333,
    22.556198120117188,
    29.306472778320312,
    39.45573425292969,
    41.2235107421875,
    48.23680114746094,
    41.637691497802734,
    39.193302154541016,
    53.1040153503418,
    32.59868621826172,
    26.29047203063965,
    22.952037811279297,
    12.325754165649414,
    96.04428100585938,
