{
  "version": "plots/_T_7_5_y0_0_1_network_architectures_4_50_activations_tanh_learning_rates_0_001_collocations_1024_epochs_50000_regularization_reg_derivative_unstable_fp_reg_epochs_1_reg_coeff_100000_reg_decay_1_/run_8",
  "seed": 1,
  "y0": 0.1,
  "T": 7.5,
  "N_col": 1024,
  "N_hidden": 4,
  "N_neurons": 50,
  "activation": "tanh",
  "N_epochs": 50000,
  "learning_rate": 0.001,
  "decay_rate": 1.0,
  "freq_log": 100,
  "freq_print": 1000,
  "keys_print": [
    "loss"
  ],
  "freq_save": 0,
  "regularization": "reg_derivative_unstable_fp",
  "reg_coeff": 100000,
  "reg_decay": 1,
  "reg_epochs": 1,
  "loss": [
    82.48075103759766,
    0.035867974162101746,
    0.02798665128648281,
    0.027307787910103798,
    0.024632558226585388,
    0.029837023466825485,
    0.029494047164916992,
    0.029052114114165306,
    0.029333027079701424,
    0.025521600618958473,
    0.023166781291365623,
    0.03162446245551109,
    0.02948572486639023,
    0.03154706209897995,
    0.027562277391552925,
    0.030000263825058937,
    0.021182600408792496,
    0.028256215155124664,
    0.02440798282623291,
    0.025828668847680092,
    0.024898899719119072,
    0.022603414952754974,
    0.02416193298995495,
    0.02597031556069851,
    0.025817593559622765,
    0.025420362129807472,
    0.02213679626584053,
    0.02279466949403286,
    0.02251003496348858,
    0.02629275619983673,
    0.0238525178283453,
    0.024456163868308067,
    0.02163233421742916,
    0.021741874516010284,
    0.02219482511281967,
    0.019963372498750687,
    0.023334337398409843,
    0.0226228479295969,
    0.022984204813838005,
    0.017510907724499702,
    0.02067551016807556,
    0.021732468158006668,
    0.02035164088010788,
    0.018808802589774132,
    0.018575554713606834,
    0.01799745112657547,
    0.015955539420247078,
    0.016908299177885056,
    0.016742590814828873,
    0.01608547940850258,
    0.015973102301359177,
    0.014452066272497177,
    0.016306497156620026,
    0.015223566442728043,
    0.01601346954703331,
    0.014612238854169846,
    0.01532869040966034,
    0.013587170280516148,
    0.015704449266195297,
    0.015062476508319378,
    0.014528189785778522,
    0.013433907181024551,
    0.01542844157665968,
    0.013728030025959015,
    0.015486367978155613,
    0.01334188412874937,
    0.012894079089164734,
    0.013039065524935722,
    0.013755746185779572,
    0.012647592462599277,
    0.01288097444921732,
    0.013418695889413357,
    0.01229832973331213,
    0.014939215034246445,
    0.0125176552683115,
    0.01059784833341837,
    0.014952486380934715,
    0.013375001959502697,
    0.01282846461981535,
    0.011442511342465878,
    0.01208820752799511,
    0.011576666496694088,
    0.010309123434126377,
    0.010884972289204597,
    0.012383520603179932,
    0.010025937110185623,
    0.01306125894188881,
    0.011871927417814732,
    0.010500345379114151,
    0.010321187786757946,
    0.011356108821928501,
    0.009832887910306454,
    0.01035128440707922,
    0.009209130890667439,
    0.011616344563663006,
    0.011353409849107265,
    0.011340542696416378,
    0.01124532613903284,
    0.012622369453310966,
    0.012414311990141869,
    0.008684763684868813,
    0.010759425349533558,
    0.011797523126006126,
    0.0109331663697958,
    0.010252203792333603,
    0.013166342861950397,
    0.01097750011831522,
    0.011018075048923492,
    0.011035685427486897,
    0.011358622461557388,
    0.011501356959342957,
    0.012065193615853786,
    0.01168598048388958,
    0.011347530409693718,
    0.009412330575287342,
    0.01190225500613451,
    0.010266115888953209,
    0.010936490260064602,
    0.010603678412735462,
    0.01222157385200262,
    0.012490124441683292,
    0.011162741109728813,
    0.012253392487764359,
    0.010135826654732227,
    0.009703787975013256,
    0.012975492514669895,
    0.010667768307030201,
    0.011511617340147495,
    0.011600065045058727,
    0.01066304836422205,
    0.010184358805418015,
    0.008870410732924938,
    0.009305158630013466,
    0.010705193504691124,
    0.009026412852108479,
    0.009928965009748936,
    0.012262880802154541,
    0.010334271937608719,
    0.010578407905995846,
    0.010644919238984585,
    0.010652601718902588,
    0.009622099809348583,
    0.011271839030086994,
    0.009156370535492897,
    0.013704759068787098,
    0.011478886939585209,
    0.009715013206005096,
    0.010616231709718704,
    0.009799106977880001,
    0.012378140352666378,
    0.010840552859008312,
    0.011077682487666607,
    0.006387827452272177,
    0.01066653337329626,
    0.008999926969408989,
    0.010361669585108757,
    0.009907725267112255,
    0.01168153714388609,
    0.011024280451238155,
    0.011034253984689713,
    0.01097398716956377,
    0.010237433016300201,
    0.011456465348601341,
    0.011830701492726803,
    0.012114058248698711,
    0.011639627628028393,
    0.010659931227564812,
    0.009682170115411282,
    0.009917042218148708,
    0.010487477295100689,
    0.010469960048794746,
    0.010602081194519997,
    0.010855951346457005,
    0.011263235472142696,
    0.01063838042318821,
    0.010017580352723598,
    0.009892856702208519,
    0.011564585380256176,
    0.009209221228957176,
    0.009971292689442635,
    0.012415880337357521,
    0.00925453845411539,
    0.010022877715528011,
    0.012322741560637951,
    0.01218855194747448,
    0.011424249969422817,
    0.009784859605133533,
    0.009476601146161556,
    0.011747158132493496,
    0.011260119266808033,
    0.013728536665439606,
    0.009684650227427483,
    0.00849195383489132,
    0.01093344110995531,
    0.01283421739935875,
    0.009727904573082924,
    0.010305341333150864,
    0.009124980308115482,
    0.010977660305798054,
    0.010355981066823006,
    0.009693860076367855,
    0.011529698967933655,
    0.01040356233716011,
    0.011820074170827866,
    0.012466730549931526,
    0.010898479260504246,
    0.008245737291872501,
    0.011773888021707535,
    0.012091856449842453,
    0.011907879263162613,
    0.010186491534113884,
    0.012067538686096668,
    0.010199259035289288,
    0.10084857046604156,
    0.010106454603374004,
    0.009226696565747261,
    0.009948334656655788,
    0.012834263034164906,
    0.010742416605353355,
    0.010562263429164886,
    0.010121230967342854,
    0.009737676940858364,
    0.009248538874089718,
    0.01053420640528202,
    0.010719778947532177,
    0.011352740228176117,
    0.011928064748644829,
    0.00983621459454298,
    0.012002863921225071,
    0.012601630762219429,
    0.009656609036028385,
    0.010072840377688408,
    0.01080290973186493,
    0.012276156805455685,
    0.013282443396747112,
    0.01312279887497425,
    0.00947705376893282,
    0.011033602990210056,
    0.01197744533419609,
    0.011617433279752731,
    0.010602753609418869,
    0.008721116930246353,
    0.009895258583128452,
    0.009719164110720158,
    0.009228857234120369,
    0.010254559107124805,
    0.009426991455256939,
    0.011243549175560474,
    0.00937285739928484,
    0.009811151772737503,
    0.011754677630960941,
    0.009877591393887997,
    0.008509725332260132,
    0.010816313326358795,
    0.009599274955689907,
    0.00979717168956995,
    0.010100297629833221,
    0.011234859004616737,
    0.008470149710774422,
    0.008038618601858616,
    0.010833116248250008,
    0.01010067667812109,
    0.009136190637946129,
    0.009721471928060055,
    0.007621691562235355,
    0.011374481953680515,
    0.012411335483193398,
    0.009204934351146221,
    0.01081817876547575,
    0.012296379543840885,
    0.011460988782346249,
    0.010595254600048065,
    0.01067318581044674,
    0.009197919629514217,
    0.011153546161949635,
    0.011804192326962948,
    0.011617611162364483,
    0.009706561453640461,
    0.012960301712155342,
    0.010801094584167004,
    0.010126757435500622,
    0.01177184097468853,
    0.010513531975448132,
    0.012073745019733906,
    0.008984576910734177,
    0.00941841583698988,
