{
  "version": "plots/_T_10_y0_0_01_network_architectures_4_50_activations_tanh_learning_rates_0_001_collocations_1024_epochs_50000_regularization_reg_derivative_unstable_fp_reg_epochs_1_reg_coeff_0_01_reg_decay_1_/run_0",
  "seed": 1,
  "y0": 0.01,
  "T": 10,
  "N_col": 1024,
  "N_hidden": 4,
  "N_neurons": 50,
  "activation": "tanh",
  "N_epochs": 50000,
  "learning_rate": 0.001,
  "decay_rate": 1.0,
  "freq_log": 100,
  "freq_print": 1000,
  "keys_print": [
    "loss"
  ],
  "freq_save": 0,
  "regularization": "reg_derivative_unstable_fp",
  "reg_coeff": 0.01,
  "reg_decay": 1,
  "reg_epochs": 1,
  "loss": [
    0.02243296429514885,
    0.01002285536378622,
    0.01002009678632021,
    0.010021764785051346,
    0.010018873028457165,
    0.010020796209573746,
    0.010020946152508259,
    0.010021204128861427,
    0.010020438581705093,
    0.010018935427069664,
    0.010016804561018944,
    0.010023307055234909,
    0.010021248832345009,
    0.01002438273280859,
    0.010021849535405636,
    0.010124442167580128,
    0.010016887448728085,
    0.01003009919077158,
    0.010020042769610882,
    0.010020501911640167,
    0.010020897723734379,
    0.010019637644290924,
    0.010026120580732822,
    0.01004937943071127,
    0.010020236484706402,
    0.010045126080513,
    0.01001982856541872,
    0.010019372217357159,
    0.010018065571784973,
    0.010030980221927166,
    0.010046429932117462,
    0.010023239068686962,
    0.010017991065979004,
    0.010018701665103436,
    0.010028231889009476,
    0.01001820620149374,
    0.010021090507507324,
    0.01002231054008007,
    0.010029247961938381,
    0.010082898661494255,
    0.010050585493445396,
    0.01002366840839386,
    0.010019762441515923,
    0.010021952912211418,
    0.010045357048511505,
    0.010019442066550255,
    0.010018310509622097,
    0.010022508911788464,
    0.01005412545055151,
    0.010020732879638672,
    0.010022184811532497,
    0.010034864768385887,
    0.010021951049566269,
    0.010023586452007294,
    0.010036962106823921,
    0.010030131787061691,
    0.010021664202213287,
    0.01003244798630476,
    0.010029629804193974,
    0.01005120761692524,
    0.010021849535405636,
    0.010022571310400963,
    0.010084790177643299,
    0.01002136804163456,
    0.010024824179708958,
    0.010027129203081131,
    0.010020282119512558,
    0.010062861256301403,
    0.010021587833762169,
    0.010026908479630947,
    0.010021093301475048,
    0.010046873241662979,
    0.010022541508078575,
    0.01002670917659998,
    0.010034705512225628,
    0.010017420165240765,
    0.01003947202116251,
    0.010026245377957821,
    0.010021225549280643,
    0.01002286747097969,
    0.010021829046308994,
    0.010020398534834385,
    0.01002033893018961,
    0.010022638365626335,
    0.010021974332630634,
    0.010022643022239208,
    0.01002341415733099,
    0.010020812042057514,
    0.010028818622231483,
    0.010019293054938316,
    0.01004030741751194,
    0.010020656511187553,
    0.0100189708173275,
    0.010018915869295597,
    0.010020416229963303,
    0.010027013719081879,
    0.010033785365521908,
    0.010027780197560787,
    0.010025454685091972,
    0.010023578070104122,
    0.01001641247421503,
    0.010025150142610073,
    0.010024395771324635,
    0.010022024624049664,
    0.010028712451457977,
    0.01002928800880909,
    0.010019893757998943,
    0.010020402260124683,
    0.010020239278674126,
    0.010025654919445515,
    0.010035690851509571,
    0.01002341415733099,
    0.010021572932600975,
    0.010019876062870026,
    0.010405081324279308,
    0.010021056979894638,
    0.010018667206168175,
    0.010018890723586082,
    0.010018987581133842,
    0.010021580383181572,
    0.0100221186876297,
    0.01002037338912487,
    0.010019572451710701,
    0.010018238797783852,
    0.010017655789852142,
    0.010022523812949657,
    0.010019531473517418,
    0.010020416229963303,
    0.010020894929766655,
    0.010019587352871895,
    0.010018983855843544,
    0.01001658570021391,
    0.010016749612987041,
    0.010018567554652691,
    0.01001708023250103,
    0.010018579661846161,
    0.010021533817052841,
    0.010018665343523026,
    0.010019413195550442,
    0.010018904693424702,
    0.010019216686487198,
    0.010017385706305504,
    0.010020212270319462,
    0.010017982684075832,
    0.010023658163845539,
    0.01002022810280323,
    0.01001769583672285,
    0.010019107721745968,
    0.010017451830208302,
    0.010021476075053215,
    0.010019373148679733,
    0.010019307024776936,
    0.010012637823820114,
    0.010019493289291859,
    0.010016598738729954,
    0.010018791072070599,
    0.010018505156040192,
    0.01002055685967207,
    0.010020455345511436,
    0.01001982856541872,
    0.010020386427640915,
    0.010018638335168362,
    0.01002009678632021,
    0.010020837187767029,
    0.010022860020399094,
    0.010019858367741108,
    0.010019051842391491,
    0.010017946362495422,
    0.01001934427767992,
    0.01002163253724575,
    0.010019068606197834,
    0.010019929148256779,
    0.010019887238740921,
    0.010020408779382706,
    0.010019388981163502,
    0.01001938246190548,
    0.010017814114689827,
    0.010021302849054337,
    0.010017842054367065,
    0.010018610395491123,
    0.01002275850623846,
    0.010017693042755127,
    0.010018521919846535,
    0.010021716356277466,
    0.010022222064435482,
    0.010020925663411617,
    0.010021260939538479,
    0.010018618777394295,
    0.010021240450441837,
    0.010020994581282139,
    0.010024639777839184,
    0.010017749853432178,
    0.010016887448728085,
    0.010020425543189049,
    0.010021872818470001,
    0.01001910399645567,
    0.01002090610563755,
    0.010018330067396164,
    0.010020539164543152,
    0.010020192712545395,
    0.010018579661846161,
    0.010021214373409748,
    0.010019822977483273,
    0.010022621601819992,
    0.010023006238043308,
    0.010021070949733257,
    0.010016790591180325,
    0.010022285394370556,
    0.010021871887147427,
    0.010021820664405823,
    0.010018810629844666,
    0.010022399015724659,
    0.01001976802945137,
    0.01001781690865755,
    0.010020124725997448,
    0.010017347522079945,
    0.010019131004810333,
    0.010023601353168488,
    0.01002005860209465,
    0.010019682347774506,
    0.010020469315350056,
    0.010019238106906414,
    0.010018706321716309,
    0.010020452551543713,
    0.010021881200373173,
    0.010021106339991093,
    0.01002169493585825,
    0.010019215755164623,
    0.010022738017141819,
    0.010024203918874264,
    0.010019276291131973,
    0.010019410401582718,
    0.010020161978900433,
    0.010023576207458973,
    0.010018800385296345,
    0.014571678824722767,
    0.010018938221037388,
    0.010020102374255657,
    0.010022755712270737,
    0.01002206839621067,
    0.010019917972385883,
    0.010017281398177147,
    0.010018952190876007,
    0.010019205510616302,
    0.010018098168075085,
    0.01001922320574522,
    0.010018056258559227,
    0.010021268390119076,
    0.010018148459494114,
    0.010019607841968536,
    0.010020438581705093,
    0.010019242763519287,
    0.010017280466854572,
    0.0100203026086092,
    0.010018478147685528,
    0.010018066503107548,
    0.010019665583968163,
    0.010020758956670761,
    0.010016392916440964,
    0.0100165456533432,
    0.010020350106060505,
    0.01001944113522768,
    0.010017969645559788,
    0.010019240900874138,
    0.010015602223575115,
    0.010021118447184563,
    0.010022670961916447,
    0.010018333792686462,
    0.01002010889351368,
    0.010022510774433613,
    0.010021756403148174,
    0.01002158410847187,
    0.010020309127867222,
    0.010018089786171913,
    0.010021507740020752,
    0.010021787136793137,
    0.010022537782788277,
    0.01001875288784504,
    0.010024161078035831,
    0.010020782239735126,
    0.010019686073064804,
    0.010021856054663658,
    0.010020281188189983,
    0.010022676549851894,
    0.010017624124884605,
    0.010018241591751575,
