{
  "version": "plots/_T_7_5_y0_0_001_network_architectures_4_50_activations_tanh_learning_rates_0_001_collocations_1024_epochs_50000_regularization_no_reg_reg_epochs_1_reg_coeff_1_reg_decay_1_/run_4",
  "seed": 1,
  "y0": 0.001,
  "T": 7.5,
  "N_col": 1024,
  "N_hidden": 4,
  "N_neurons": 50,
  "activation": "tanh",
  "N_epochs": 50000,
  "learning_rate": 0.001,
  "decay_rate": 1.0,
  "freq_log": 100,
  "freq_print": 1000,
  "keys_print": [
    "loss"
  ],
  "freq_save": 0,
  "regularization": "no_reg",
  "reg_coeff": 1,
  "reg_decay": 1,
  "reg_epochs": 1,
  "loss": [
    1.7500512599945068,
    0.00012297564535401762,
    2.5517019821563736e-05,
    3.6640660709963413e-06,
    1.2210957720526494e-06,
    1.07380378722155e-06,
    1.0203232250205474e-06,
    9.793050139705883e-07,
    9.466114079259569e-07,
    9.374429623676406e-07,
    8.505048754159361e-07,
    9.224825134879211e-07,
    8.209985935536679e-07,
    8.254510817096161e-07,
    7.70440124142624e-07,
    7.319773658309714e-07,
    6.754245305273798e-07,
    6.969416972424369e-07,
    6.475296459029778e-07,
    6.08927734901954e-07,
    6.428408028114063e-07,
    5.765618311670551e-07,
    5.848417572451581e-07,
    5.985714892631222e-07,
    5.55307224203716e-07,
    5.418166324488993e-07,
    4.821324637305224e-07,
    4.875663535131025e-07,
    4.991184141545091e-07,
    4.953909069627116e-07,
    5.031688488088548e-07,
    4.772302872879663e-07,
    4.4666359144684975e-07,
    4.564529660910921e-07,
    4.4637269525082957e-07,
    4.0324036376659933e-07,
    4.87844658891845e-07,
    4.376919946480484e-07,
    4.48840779654347e-07,
    3.7840391087229364e-07,
    4.2268939637324365e-07,
    4.320672815083526e-07,
    4.0637897313899884e-07,
    4.040091994284012e-07,
    3.9769562931724067e-07,
    3.858960440084047e-07,
    3.298456192624144e-07,
    4.1032691910913854e-07,
    3.979604912274226e-07,
    3.7828465337952366e-07,
    3.988579919678159e-07,
    3.3650115938144154e-07,
    3.6664002323050227e-07,
    3.7900099414400756e-07,
    4.6979329226815025e-07,
    3.710137264079094e-07,
    3.5205101767132874e-07,
    3.588197898807266e-07,
    4.260924697518931e-07,
    3.935243739761063e-07,
    4.92524895889801e-06,
    1.3854446478944737e-06,
    3.7483383152903116e-07,
    1.2654268175538164e-06,
    3.760126503493666e-07,
    3.842065723347332e-07,
    3.5642628404275456e-07,
    1.0689762348192744e-05,
    8.892316691344604e-05,
    3.627532692007662e-07,
    9.343025158159435e-05,
    0.0001772176765371114,
    4.300242721910763e-07,
    1.7852897144621238e-05,
    4.5134191850593197e-07,
    1.1884388186444994e-05,
    3.728056299223681e-07,
    7.385897902167926e-07,
    8.393749340029899e-06,
    4.7321290708168817e-07,
    1.94592030311469e-06,
    3.688335823426314e-07,
    2.5819899747148156e-05,
    0.0001469748094677925,
    3.66195195056207e-07,
    3.594722511479631e-05,
    5.65834909593832e-07,
    3.455544117514364e-07,
    3.216031814190501e-07,
    2.9361137876549037e-07,
    5.757027565778117e-07,
    0.00036807521246373653,
    3.095661327279231e-07,
    2.831138772307895e-07,
    1.6286121535813436e-05,
    1.0845653832802782e-06,
    1.3395483620115556e-06,
    1.333055115537718e-05,
    3.3269503774135956e-07,
    1.3965532161819283e-06,
    5.58467718292377e-07,
    9.474048852098349e-07,
    9.697064342617523e-06,
    2.895948227887857e-07,
    3.5085875424556434e-05,
    3.360466394042305e-07,
    1.3158605725038797e-05,
    2.835194550243614e-07,
    2.974165909108706e-07,
    8.976950880423828e-07,
    3.024608190571598e-07,
    0.00013385622878558934,
    2.847471591849171e-07,
    2.8112492600484984e-07,
    9.535729077470023e-07,
    3.0319336019601906e-07,
    2.7300433202981367e-07,
    4.025903876936354e-07,
    2.9797919864904543e-07,
    8.105866982077714e-07,
    5.349843377189245e-06,
    5.516656642612361e-07,
    1.826639390856144e-06,
    4.085054285951628e-07,
    2.536917236284353e-07,
    2.951590249722358e-05,
    2.7582191819419677e-07,
    3.0443516152445227e-07,
    5.677687227034767e-07,
    4.140064902458107e-06,
    2.577228883637872e-07,
    8.945062290877104e-07,
    5.287715794111136e-07,
    3.9151589589891955e-05,
    2.437993771309266e-07,
    0.00014169467613101006,
    3.5040935131291917e-07,
    3.729325612766843e-07,
    9.715877240523696e-05,
    3.105808445980074e-07,
    2.6947877813654486e-06,
    2.93084724489745e-07,
    1.0421914339531213e-05,
    2.5018869109771913e-07,
    3.121228928648634e-07,
    3.1094910468709713e-07,
    2.457279606460361e-07,
    9.504041372565553e-06,
    5.275315288599813e-06,
    1.185058749797463e-06,
    5.11425014337874e-06,
    2.91155515697028e-07,
    1.1290401744190603e-05,
    2.4820108592393808e-05,
    1.6792980659374734e-06,
    2.561574774517794e-07,
    3.8305006455630064e-07,
    2.5391433155164123e-05,
    2.6788816853695607e-07,
    2.730972994413605e-07,
    4.968517259840155e-07,
    2.7980155437035137e-07,
    1.938981586135924e-05,
    3.524623934936244e-07,
    3.029518325092795e-07,
    4.1874423573062813e-07,
    2.758777668532275e-07,
    2.428722609693068e-07,
    2.549905389059859e-07,
    2.718177256610943e-07,
    8.12353755463846e-05,
    2.7315013539919164e-07,
    3.140007152069302e-07,
    7.816603329047211e-07,
    3.017872813870781e-07,
    1.725848051137291e-05,
    2.6563958499536966e-07,
    2.8501659699031734e-07,
    2.404242138709378e-07,
    2.609514240248245e-07,
    3.093429086220567e-07,
    2.3554272843284707e-07,
    2.49885715675191e-07,
    2.885941228214506e-07,
    2.9562070835709164e-07,
    2.78989034541155e-07,
    2.4810287868604064e-07,
    2.592568080217461e-07,
    2.790919779727119e-07,
    2.8471362156778923e-07,
    3.3358384143866715e-07,
    2.4106185492200893e-07,
    2.3006610661013838e-07,
    2.948073074549029e-07,
    2.973881123580213e-07,
    2.6175331413469394e-07,
    1.5055375115480274e-06,
    2.6158375021623215e-07,
    2.739510591709404e-07,
    2.844113851097063e-07,
    3.8942175706324633e-07,
    2.847839084552106e-07,
    2.885003027586208e-07,
    3.1833856155571993e-06,
    2.995087697854615e-07,
    8.300658009829931e-06,
    4.137525593250757e-06,
    2.8959520932403393e-06,
    2.869077775358164e-07,
    7.522535270254593e-07,
    2.698272396628454e-07,
    4.158293450018391e-06,
    2.794483293655503e-07,
    3.1468362067244016e-06,
    2.983639433296048e-07,
    3.906451183866011e-06,
    3.070570073759882e-07,
    3.208633074791578e-07,
    2.8459555778681533e-07,
    1.0858860150619876e-05,
    3.21604431974265e-07,
    1.227858865604503e-05,
    2.6390029006506666e-07,
    3.315545029636269e-07,
    3.050887698918814e-06,
    2.877605993489851e-07,
    2.8259975692890293e-07,
    2.5505295297989505e-07,
    3.013079776792438e-07,
    3.202264906576602e-07,
    2.625313868520607e-07,
    2.587766800843383e-07,
    2.685698632376443e-07,
    3.115333413461485e-07,
    2.5351249632876716e-07,
    3.235243184462888e-07,
    2.543953883105132e-07,
    2.6645705020200694e-07,
    3.0405516326936777e-07,
    2.9549676128226565e-07,
    2.647595920279855e-07,
    2.3560606621231273e-07,
    2.552648936671176e-07,
    2.6502465289013344e-07,
    2.490471047167375e-07,
    2.585257732334867e-07,
    2.448265661314508e-07,
    2.846271058842831e-07,
    2.4798902131806244e-07,
    2.6806162622960983e-07,
    2.767424405192287e-07,
    2.5876497034005297e-07,
    2.376733618802973e-07,
    2.730311052800971e-07,
    2.5198968955919554e-07,
    2.490901636065246e-07,
    2.662304154910089e-07,
    2.7934657964578946e-07,
    2.2827529733149277e-07,
    2.2714236536103272e-07,
    2.713664173370489e-07,
    2.617223344714148e-07,
    2.467419619733846e-07,
    2.634706106618978e-07,
    2.1983905185152253e-07,
    2.8426595122255094e-07,
    2.957730202979292e-07,
    2.5259771518904017e-07,
    2.730546384555055e-07,
    2.9943367962914635e-07,
    2.9294454861883423e-07,
