{
  "version": "plots/_T_10_y0_0_01_network_architectures_4_50_activations_tanh_learning_rates_0_001_collocations_1024_epochs_50000_regularization_reg_derivative_reg_epochs_1_reg_coeff_10_reg_decay_1_/run_5",
  "seed": 1,
  "y0": 0.01,
  "T": 10,
  "N_col": 1024,
  "N_hidden": 4,
  "N_neurons": 50,
  "activation": "tanh",
  "N_epochs": 50000,
  "learning_rate": 0.001,
  "decay_rate": 1.0,
  "freq_log": 100,
  "freq_print": 1000,
  "keys_print": [
    "loss"
  ],
  "freq_save": 0,
  "regularization": "reg_derivative",
  "reg_coeff": 10,
  "reg_decay": 1,
  "reg_epochs": 1,
  "loss": [
    7.380757808685303,
    0.46290716528892517,
    0.399892121553421,
    0.32223808765411377,
    0.3384019136428833,
    0.3292388319969177,
    0.2106136977672577,
    0.17620304226875305,
    0.24702602624893188,
    0.18794500827789307,
    0.14718694984912872,
    0.1848948895931244,
    0.1446428894996643,
    0.1269124150276184,
    0.1587601751089096,
    0.19789186120033264,
    0.1534656584262848,
    0.174292653799057,
    0.18187889456748962,
    0.12857651710510254,
    0.14472678303718567,
    0.1392267495393753,
    0.14536087214946747,
    0.1908743530511856,
    0.16951507329940796,
    0.14429020881652832,
    0.13097353279590607,
    0.12499285489320755,
    0.13855144381523132,
    0.1409347802400589,
    0.1593761295080185,
    0.13834989070892334,
    0.15284281969070435,
    0.16006460785865784,
    0.1712053418159485,
    0.16756561398506165,
    0.15332239866256714,
    0.15998780727386475,
    0.17606183886528015,
    0.16043004393577576,
    0.17190611362457275,
    0.16590452194213867,
    0.17551808059215546,
    0.15932029485702515,
    0.15949282050132751,
    0.1457512527704239,
    0.1501278281211853,
    0.15703913569450378,
    0.13275940716266632,
    0.15085281431674957,
    0.11917482316493988,
    0.1543806791305542,
    0.12714718282222748,
    0.13479110598564148,
    0.12234507501125336,
    0.13312453031539917,
    0.11785292625427246,
    0.14168837666511536,
    0.12303543835878372,
    0.13359083235263824,
    0.1451202780008316,
    0.12930473685264587,
    0.14057466387748718,
    0.13210955262184143,
    0.13480928540229797,
    0.25406986474990845,
    0.11994413286447525,
    0.1329273283481598,
    0.1289512813091278,
    0.12833426892757416,
    0.13266006112098694,
    0.11579552292823792,
    0.16446654498577118,
    0.1437149941921234,
    0.13860738277435303,
    0.1303611695766449,
    0.12673906981945038,
    0.15543727576732635,
    0.13963177800178528,
    0.20234841108322144,
    0.19337375462055206,
    0.19370445609092712,
    0.21422690153121948,
    0.20393095910549164,
    0.18196585774421692,
    0.16908946633338928,
    0.1766752004623413,
    0.17405804991722107,
    0.18135690689086914,
    0.1556817591190338,
    0.1755410134792328,
    0.18047326803207397,
    0.16447699069976807,
    0.165655255317688,
    0.1749035269021988,
    0.1714935600757599,
    0.1932278275489807,
    0.2340088188648224,
    0.21047566831111908,
    0.17475482821464539,
    0.1768210381269455,
    0.19624370336532593,
    0.18412548303604126,
    0.16820919513702393,
    0.17711912095546722,
    0.14470580220222473,
    0.14992369711399078,
    0.18120700120925903,
    0.19370514154434204,
    0.1741221398115158,
    0.1726393848657608,
    0.18049722909927368,
    0.18367640674114227,
    0.18453986942768097,
    0.18189187347888947,
    0.15011681616306305,
    0.173751100897789,
    0.16119375824928284,
    0.1578100025653839,
    0.17452290654182434,
    0.20284228026866913,
    0.18690025806427002,
    0.18092238903045654,
    0.17856302857398987,
    0.16898101568222046,
    0.17034749686717987,
    0.1576530635356903,
    0.14987890422344208,
    0.132487490773201,
    0.13999319076538086,
    0.11686377227306366,
    0.13627304136753082,
    0.13575592637062073,
    0.1367814987897873,
    0.1296776384115219,
    0.12230601906776428,
    0.14346274733543396,
    0.14290978014469147,
    0.1353456974029541,
    0.14369462430477142,
    0.16498228907585144,
    0.15485495328903198,
    0.1676000952720642,
    0.17298147082328796,
    0.16130180656909943,
    0.15666916966438293,
    0.16782552003860474,
    0.15982435643672943,
    0.16427618265151978,
    0.14604181051254272,
    0.1383340209722519,
    0.12031308561563492,
    0.1277359426021576,
    0.14601556956768036,
    0.13341644406318665,
    0.14832639694213867,
    0.13573101162910461,
    0.10976582765579224,
    0.13962194323539734,
    0.17201049625873566,
    0.14098474383354187,
    0.14837461709976196,
    0.1741374135017395,
    0.18453581631183624,
    0.2338002622127533,
    0.19239795207977295,
    0.19572505354881287,
    0.17861998081207275,
    0.18100403249263763,
    0.18075063824653625,
    0.19483506679534912,
    0.1883816421031952,
    0.18886195123195648,
    0.18671134114265442,
    0.19714921712875366,
    0.18909117579460144,
    0.18102800846099854,
    0.16470080614089966,
    0.13116484880447388,
    0.13385753333568573,
    0.14196206629276276,
    0.14283958077430725,
    0.1464860439300537,
    0.12808029353618622,
    0.11811748147010803,
    0.1463819444179535,
    0.12609927356243134,
    0.13171163201332092,
    0.15717393159866333,
    0.15813666582107544,
    0.12280280888080597,
    0.13655903935432434,
    0.14995142817497253,
    0.12465979158878326,
    0.1281345933675766,
    0.13896529376506805,
    0.11813805252313614,
    0.12535502016544342,
    0.128938689827919,
    0.12780901789665222,
    0.12759563326835632,
    0.17156049609184265,
    0.13585762679576874,
    0.11992006748914719,
    0.1278689205646515,
    0.11837439239025116,
    0.15518951416015625,
    0.13671979308128357,
    0.13380694389343262,
    0.12788094580173492,
    0.16838105022907257,
    0.140311598777771,
    0.15972286462783813,
    0.14374594390392303,
    0.11739395558834076,
    0.12517857551574707,
    0.12252043932676315,
    0.11609526723623276,
    0.12509171664714813,
    0.13198833167552948,
    0.1302047222852707,
    0.13263288140296936,
    0.11769386380910873,
    0.12996824085712433,
    0.12957200407981873,
    0.13050465285778046,
    0.13350704312324524,
    0.12792576849460602,
    0.12199167907238007,
    0.13133907318115234,
    0.14209701120853424,
    0.1437148004770279,
    0.13579478859901428,
    0.11398305743932724,
    0.12750430405139923,
    0.1260281801223755,
    0.13710328936576843,
    0.12481524050235748,
    0.12051796913146973,
    0.1281292736530304,
    0.12255679070949554,
    0.1397898644208908,
    0.12733785808086395,
    0.11961442232131958,
    0.1376245766878128,
    0.15253965556621552,
    0.12209019064903259,
    0.17022676765918732,
    0.12367764115333557,
    0.10772871971130371,
    0.12060199677944183,
    0.12635444104671478,
    0.12722235918045044,
    0.11118261516094208,
    0.12054141610860825,
    0.13150526583194733,
    0.13711529970169067,
    0.12251293659210205,
    0.11616075783967972,
    0.11885304003953934,
    0.13826194405555725,
    0.12401319295167923,
    0.11977078020572662,
    0.11585267633199692,
    0.11968405544757843,
    0.11287609487771988,
    0.12064888328313828,
    0.12236370146274567,
    0.127414733171463,
    0.11635962128639221,
    0.11684770882129669,
    0.11413752287626266,
    0.1186429113149643,
    0.12169566750526428,
    0.1134994626045227,
    0.12987136840820312,
    0.11800502240657806,
    0.13218821585178375,
    0.12906749546527863,
    0.12297999858856201,
    0.14455978572368622,
    0.1386408507823944,
    0.11684106290340424,
    0.13244014978408813,
    0.12593211233615875,
    0.1238350123167038,
    0.12310782819986343,
    0.11983201652765274,
    0.11445359885692596,
    0.12131749093532562,
    0.12638600170612335,
    0.1369030922651291,
    0.1526455134153366,
    0.15119697153568268,
    0.14219456911087036,
    0.13963915407657623,
    0.1384793519973755,
    0.15341274440288544,
    0.13225296139717102,
