{
  "version": "plots/_T_7_5_y0_0_01_network_architectures_4_50_activations_tanh_learning_rates_0_001_collocations_1024_epochs_50000_regularization_unstable_fp_reg_epochs_1_reg_coeff_1_reg_decay_1_/run_7",
  "seed": 1,
  "y0": 0.01,
  "T": 7.5,
  "N_col": 1024,
  "N_hidden": 4,
  "N_neurons": 50,
  "activation": "tanh",
  "N_epochs": 50000,
  "learning_rate": 0.001,
  "decay_rate": 1.0,
  "freq_log": 100,
  "freq_print": 1000,
  "keys_print": [
    "loss"
  ],
  "freq_save": 0,
  "regularization": "unstable_fp",
  "reg_coeff": 1,
  "reg_decay": 1,
  "reg_epochs": 1,
  "loss": [
    0.07177532464265823,
    0.00022739413543604314,
    0.0006036746199242771,
    0.0005536543903872371,
    0.0007357053691521287,
    0.0005082678399048746,
    0.00019450145191513002,
    0.00018334671040065587,
    0.00020326441153883934,
    0.000176077097421512,
    0.00019294404773972929,
    0.00027614933787845075,
    0.0011383222881704569,
    0.00019278950640000403,
    0.0001895830500870943,
    0.00028429750818759203,
    0.0002188080979976803,
    0.0002015329955611378,
    0.0009417419787496328,
    0.00027373258490115404,
    0.00020201460574753582,
    0.0001793607953004539,
    0.0002154617104679346,
    0.00048249654355458915,
    0.0001785778731573373,
    0.0007563596009276807,
    0.00030282841180451214,
    0.0002023849228862673,
    0.0001746505149640143,
    0.00018739956431090832,
    0.00019199919188395143,
    0.00020667750504799187,
    0.00018609290418680757,
    0.00019200558017473668,
    0.00014487607404589653,
    0.00012429538764990866,
    0.00031513950671069324,
    0.00018747095600701869,
    0.0003005503676831722,
    0.00023564312141388655,
    0.00027608219534158707,
    0.00020389225392136723,
    0.00018698140047490597,
    0.00025048182578757405,
    0.00017585689784027636,
    0.00017526347073726356,
    0.00018101243767887354,
    0.00020971756021026522,
    0.00026094313943758607,
    0.00021966110216453671,
    0.00024456941173411906,
    0.00019916807650588453,
    0.00019111784058623016,
    0.00019895186414942145,
    0.00016710362979210913,
    0.0002138434210792184,
    0.00018225860549136996,
    0.0001863421348389238,
    0.00017759832553565502,
    0.00018752258620224893,
    0.00022267736494541168,
    0.00016033257998060435,
    0.0001651055208640173,
    0.0001972071040654555,
    0.00017819867935031652,
    0.00017853418830782175,
    0.00019700235861819237,
    0.00016020653129089624,
    0.00015375821385532618,
    0.00015810805780347437,
    0.00015837419778108597,
    0.00016025433433242142,
    0.0001624995202291757,
    0.0001709181524347514,
    0.00015608254761900753,
    0.0001909079001052305,
    0.0001608257880434394,
    0.000159668386913836,
    0.0001548364234622568,
    0.00015387035091407597,
    0.00016425413195975125,
    0.00016486806271132082,
    0.00017476890934631228,
    0.0001584612182341516,
    0.00016192586917895824,
    0.00016998252249322832,
    0.0001564928679727018,
    0.0001641410926822573,
    0.00016307036275975406,
    0.00017950640176422894,
    0.000165646561072208,
    0.00015875969256740063,
    0.00016979716019704938,
    0.0001729201030684635,
    0.00019084420637227595,
    0.00017444280092604458,
    0.00015748382429592311,
    0.00016943467198871076,
    0.00015974178677424788,
    0.00017322908388450742,
    0.00015294295735657215,
    0.00016773039533291012,
    0.00015827626339159906,
    0.00017173204105347395,
    0.0001677985565038398,
    0.0001533872273284942,
    0.0001638690591789782,
    0.00016048495308496058,
    0.00016349830548278987,
    0.00016712983779143542,
    0.00016189520829357207,
    0.0001583016273798421,
    0.000154780107550323,
    0.0001652944047236815,
    0.00016553912428207695,
    0.00015517354768235236,
    0.00015761202666908503,
    0.0001693753874860704,
    0.00016658757522236556,
    0.00017107535677496344,
    0.00016590510495007038,
    0.00016921562200877815,
    0.00016356611740775406,
    0.00016735782264731824,
    0.0001761276216711849,
    0.00015254552999977022,
    0.00015783820708747953,
    0.00016845663776621222,
    0.00017067478620447218,
    0.00016433004930149764,
    0.00015835367958061397,
    0.000188232195796445,
    0.00016577678616158664,
    0.00017050094902515411,
    0.00019000249449163675,
    0.00015694595640525222,
    0.00017189132631756365,
    0.00017361062054987997,
    0.00016762512677814811,
    0.00016574663459323347,
    0.00015075295232236385,
    0.0001598228991497308,
    0.00016136076010297984,
    0.00015641133359167725,
    0.00015149965474847704,
    0.00016927049728110433,
    0.00015666178660467267,
    0.00017171147919725627,
    0.00015715943300165236,
    0.00015157269081100821,
    0.00016167311696335673,
    0.0001642200513742864,
    0.00016916258027777076,
    0.0001600298855919391,
    0.00016081074136309326,
    0.0001669348421273753,
    0.00015823841386009008,
    0.0001684344606474042,
    0.0001590018509887159,
    0.00017423677491024137,
    0.00015397038077935576,
    0.00016460746701341122,
    0.00016061053611338139,
    0.00015535866259597242,
    0.0001575780042912811,
    0.00016713619697839022,
    0.0001523110258858651,
    0.0001607596641406417,
    0.00015173846622928977,
    0.00015898126002866775,
    0.00015179647016339004,
    0.00016175616474356502,
    0.00016172585310414433,
    0.00016141353989951313,
    0.00015739505761303008,
    0.00016553177556488663,
    0.00015558881568722427,
    0.0001693897065706551,
    0.00016796232375781983,
    0.00017656947602517903,
    0.00015395652735605836,
    0.00016041600611060858,
    0.00015621977217961103,
    0.00016014814900700003,
    0.00015873824304435402,
    0.00014545186422765255,
    0.0001575276255607605,
    0.00016759202117100358,
    0.00032420753268525004,
    0.00016661534027662128,
    0.00016851045074872673,
    0.0001640043774386868,
    0.00015752838226035237,
    0.00017327812383882701,
    0.0001648739562369883,
    0.0001587521401233971,
    0.0001558703079354018,
    0.0001674542436376214,
    0.0001489924907218665,
    0.00014572191867046058,
    0.00014326447853818536,
    0.00013705305173061788,
    0.00014505296712741256,
    0.000137671158881858,
    0.00013801862951368093,
    0.0001522459788247943,
    0.00014284034841693938,
    0.00013547317939810455,
    0.00013621486141346395,
    0.0001388296950608492,
    0.00013191328616812825,
    0.0001409864635206759,
    0.0001270580687560141,
    0.00013163991388864815,
    0.00015123156481422484,
    0.0001410394033882767,
    0.00014539403491653502,
    0.00014585939061362296,
    0.00013565161498263478,
    0.00012166683882242069,
    0.00014951960474718362,
    0.00014330746489576995,
    0.0001610599283594638,
    0.0001530676963739097,
    0.00013756049156654626,
    0.00013491872232407331,
    0.00011917079973500222,
    0.0001288325001951307,
    0.00013405577919911593,
    0.0001446178648620844,
    0.00014224689221009612,
    0.00012297350622247905,
    0.00012768057058565319,
    0.00013891579874325544,
    0.00012958595470990986,
    0.00014041169197298586,
    0.00012949941447004676,
    0.00011739267210941762,
    0.00012295760097913444,
    0.0001108278229366988,
    0.00010081394430017099,
    9.722901450004429e-05,
    0.00010235531954094768,
    0.0001120247834478505,
    0.00010620948887662962,
    0.0001109053409891203,
    9.405364835401997e-05,
    0.00011321449710521847,
    0.00010344730981159955,
    0.00011372790322639048,
    0.00010867992386920378,
    0.00010051912977360189,
    0.0001022003561956808,
    0.00010281365393893793,
    9.625466191209853e-05,
    0.00010567706340225413,
    0.00010039875633083284,
    0.00010526350524742156,
    9.720964590087533e-05,
    9.997455345001072e-05,
    9.919390140566975e-05,
    0.00010207563900621608,
    0.00010890224803006276,
    0.00010965404362650588,
    0.00010412732081022114,
    0.000103397986094933,
    0.00010055539314635098,
    0.00010636089427862316,
