{
  "version": "plots/_T_10_y0_0_001_network_architectures_4_50_activations_tanh_learning_rates_0_001_collocations_1024_epochs_50000_regularization_unstable_fp_reg_epochs_1_reg_coeff_100000_reg_decay_1_/run_3",
  "seed": 1,
  "y0": 0.001,
  "T": 10,
  "N_col": 1024,
  "N_hidden": 4,
  "N_neurons": 50,
  "activation": "tanh",
  "N_epochs": 50000,
  "learning_rate": 0.001,
  "decay_rate": 1.0,
  "freq_log": 100,
  "freq_print": 1000,
  "keys_print": [
    "loss"
  ],
  "freq_save": 0,
  "regularization": "unstable_fp",
  "reg_coeff": 100000,
  "reg_decay": 1,
  "reg_epochs": 1,
  "loss": [
    0.00608755461871624,
    0.10427368432283401,
    0.012804144062101841,
    0.00828716903924942,
    0.008009764365851879,
    0.007720474619418383,
    0.007428209763020277,
    0.006894384045153856,
    0.00565287284553051,
    0.004388012923300266,
    0.003570006927475333,
    0.003468872047960758,
    0.0029087536968290806,
    0.00260929181240499,
    0.0022704547736793756,
    0.0020990255288779736,
    0.0015483549796044827,
    0.0017228280194103718,
    0.0012499651638790965,
    0.0011321833590045571,
    0.0010324991308152676,
    0.0008845787961035967,
    0.0007176568615250289,
    0.0006891295197419822,
    0.0005484115681611001,
    0.0004593100165948272,
    0.0003564278595149517,
    0.0003002516459673643,
    0.00022001692559570074,
    0.00022454916324932128,
    0.00017453706823289394,
    0.00015047204215079546,
    0.0002310406562173739,
    0.00010196238872595131,
    0.0001032314175972715,
    8.81357555044815e-05,
    7.204181019915268e-05,
    8.314845035783947e-05,
    0.0001265315804630518,
    0.00013494353333953768,
    4.165543941780925e-05,
    4.185559373581782e-05,
    3.5243112506577745e-05,
    3.278065560152754e-05,
    0.00010687511530704796,
    2.8612874302780256e-05,
    2.4815075448714197e-05,
    0.0005106857279315591,
    1.631867235118989e-05,
    3.654965985333547e-05,
    1.235672698385315e-05,
    3.4412551030982286e-05,
    1.1210175216547213e-05,
    1.9850980606861413e-05,
    1.5747060388093814e-05,
    2.246341318823397e-05,
    7.007548447290901e-06,
    6.546183158206986e-06,
    0.0005246194778010249,
    4.14063060816261e-06,
    4.243827788741328e-06,
    0.00035227532498538494,
    5.1772685765172355e-06,
    2.7137746201333357e-06,
    0.0003002065059263259,
    2.442876393615734e-06,
    0.002438164781779051,
    0.00079011992784217,
    0.0007180413231253624,
    0.0006514480337500572,
    0.00038496992783620954,
    0.0007624035933986306,
    0.0010908696567639709,
    0.0007813109550625086,
    0.00018964422633871436,
    0.0001494836324127391,
    0.0006645303801633418,
    0.00022671426995657384,
    0.0009518013102933764,
    9.162269998341799e-05,
    0.0010873721912503242,
    0.0004186092992313206,
    0.00014818312774877995,
    0.0002783294185064733,
    0.0001261829602299258,
    0.00033337261993438005,
    8.63543973537162e-05,
    0.0001551494060549885,
    0.00041436689207330346,
    0.0005058280075900257,
    0.0007845425861887634,
    0.00039632711559534073,
    0.0003330722393002361,
    0.00011090125917689875,
    0.0005566589534282684,
    0.0006617988692596555,
    0.0003922969044651836,
    0.001133953919634223,
    0.00047179198008961976,
    0.0007239222759380937,
    9.084803605219349e-05,
    0.0008435557829216123,
    0.000414919457398355,
    0.00020985747687518597,
    0.00031758868135511875,
    0.0007900050841271877,
    0.0004399287863634527,
    0.0008327686227858067,
    0.0004375183198135346,
    7.14887646608986e-05,
    0.0003517215955071151,
    0.00019961720681749284,
    0.00012975702702533454,
    0.000378588680177927,
    0.0006763311102986336,
    7.612410263391212e-05,
    0.0008932830533012748,
    0.00033000227995216846,
    0.0006754350033588707,
    0.00020815449533984065,
    0.0001260704593732953,
    0.0007787894573993981,
    0.00010332132660550997,
    0.0005096163367852569,
    0.00040088241803459823,
    0.00029154057847335935,
    0.00043524143984541297,
    0.0006942329928278923,
    0.0007621014956384897,
    0.00817225594073534,
    0.0009537186124362051,
    0.00044121441897004843,
    0.00019200849055778235,
    0.0002108650078298524,
    0.0007032237481325865,
    0.0006079659797251225,
    0.0007509840070270002,
    0.000481424736790359,
    0.00048614878323860466,
    0.00029252920649014413,
    0.0003970022080466151,
    0.0009435846004635096,
    0.00012646110553760082,
    0.00034914450952783227,
    0.00018349828314967453,
    0.00017063193081412464,
    0.00040213484317064285,
    0.0001552401517983526,
    7.276128599187359e-05,
    0.00039947981713339686,
    0.0006449424545280635,
    0.00016814586706459522,
    6.239733193069696e-05,
    0.0006174606969580054,
    0.000367286178516224,
    0.00028749427292495966,
    0.0003445072507020086,
    0.00017724980716593564,
    0.0007750085205771029,
    0.0005126660107634962,
    0.000364810461178422,
    9.401506395079195e-05,
    0.00036008533788844943,
    7.509374700020999e-05,
    9.953002881957218e-05,
    0.0005915689398534596,
    0.0002570725337136537,
    7.312451634788886e-05,
    0.0001844920334406197,
    8.684424392413348e-05,
    8.147260086843744e-05,
    0.00017740616749506444,
    3.841371653834358e-05,
    0.0003969528479501605,
    0.00023713106929790229,
    0.0004091330338269472,
    0.00011345176608301699,
    4.6154695155564696e-05,
    0.0002812679740600288,
    9.442082955501974e-05,
    0.0003939881862606853,
    3.943536285078153e-05,
    0.00034194759791716933,
    0.00013973703607916832,
    0.00011718132736859843,
    0.00029290770180523396,
    7.101852679625154e-05,
    0.00016612219042144716,
    0.0003736083453986794,
    0.010761222802102566,
    0.0395900122821331,
    0.003393123159185052,
    0.0230978112667799,
    0.023583821952342987,
    0.010762598365545273,
    0.00267895869910717,
    0.0015160932671278715,
    0.0006873405654914677,
    0.0005637719295918941,
    0.00044731676462106407,
    0.0004436207818798721,
    0.0007751361699774861,
    0.0005143133457750082,
    0.0011151190847158432,
    0.00047805707436054945,
    0.0004739730211440474,
    0.00016782581224106252,
    0.0005249489331617951,
    0.0005552576621994376,
    0.00082067382754758,
    0.0006284693954512477,
    7.521819497924298e-05,
    0.000544254551641643,
    0.00048578670248389244,
    0.0007492356235161424,
    6.3215775298886e-05,
    0.000358009448973462,
    0.0003559823671821505,
    0.0010079252533614635,
    0.00038433080771937966,
    0.00012923510803375393,
    6.299451342783868e-05,
    2.3475227862945758e-05,
    1.838764364947565e-05,
    6.635728641413152e-05,
    0.0004181859258096665,
    0.00010900277993641794,
    1.4474774616246577e-05,
    0.001044570468366146,
    0.0005046086153015494,
    0.00011880341480718926,
    3.166034730384126e-05,
    0.00012604796211235225,
    0.0004036730097141117,
    0.0004450489650480449,
    0.000380561628844589,
    0.00045256069279275835,
    8.057188097154722e-06,
    0.00022946769604459405,
    4.581620487442706e-06,
    9.82454585027881e-05,
    0.0008803732926025987,
    4.016113052784931e-06,
    0.00046026395284570754,
    8.368494491151068e-06,
    0.00031570784631185234,
    0.00045956356916576624,
    0.0005880756070837379,
    2.0680907255155034e-05,
    0.00029849883867427707,
    0.0003679178189486265,
    0.0006659779464825988,
    2.0665440843004035e-06,
    0.00034589177812449634,
    0.01435780804604292,
    0.000817982479929924,
    0.00027765962295234203,
    0.0008711515692993999,
    8.802922093309462e-05,
    0.00026660316507332027,
    0.00015133515989873558,
    0.00010189251770498231,
    0.00026838091434910893,
    0.0004361361498013139,
    6.57264026813209e-05,
    2.0861398297711276e-05,
    4.9542133638169616e-05,
    9.245073670172133e-06,
    0.000431228952948004,
    0.0004154708585701883,
    7.901173376012594e-06,
    0.0006022992311045527,
    0.0004540059599094093,
