{
  "version": "plots/_T_10_y0_0_001_network_architectures_4_50_activations_tanh_learning_rates_0_001_collocations_1024_epochs_50000_regularization_no_reg_reg_epochs_1_reg_coeff_100000_reg_decay_1_/run_6",
  "seed": 1,
  "y0": 0.001,
  "T": 10,
  "N_col": 1024,
  "N_hidden": 4,
  "N_neurons": 50,
  "activation": "tanh",
  "N_epochs": 50000,
  "learning_rate": 0.001,
  "decay_rate": 1.0,
  "freq_log": 100,
  "freq_print": 1000,
  "keys_print": [
    "loss"
  ],
  "freq_save": 0,
  "regularization": "no_reg",
  "reg_coeff": 100000,
  "reg_decay": 1,
  "reg_epochs": 1,
  "loss": [
    0.08312566578388214,
    9.655095709604211e-06,
    1.7421961047148216e-06,
    1.14334216050338e-06,
    7.208590773188917e-07,
    5.494820243256981e-07,
    3.93808306853316e-07,
    3.213684465208644e-07,
    2.7292128379485803e-07,
    2.3943297833284305e-07,
    2.0978220049983065e-07,
    2.8260490125830984e-07,
    0.0006519967573694885,
    3.572419302599883e-07,
    3.3505671126476955e-07,
    3.8984245520623517e-07,
    2.8552898356792866e-07,
    2.8459118084356305e-07,
    4.639809048967436e-05,
    2.779676151476451e-07,
    3.0457687216767226e-07,
    8.6508538288399e-07,
    2.1117050152952288e-07,
    2.8852100513176993e-06,
    8.148246706696227e-06,
    4.538867699466209e-07,
    1.9854178390232846e-07,
    1.2014970707241446e-05,
    2.13164170759228e-07,
    0.00012490994413383305,
    2.1986105025462166e-07,
    2.178065869884449e-07,
    2.5116984033957124e-05,
    2.094176636546763e-07,
    6.8395675043575466e-06,
    1.961960265361995e-07,
    2.1907095515416586e-07,
    2.1481986323124147e-07,
    4.143222156471893e-07,
    1.750432545577496e-07,
    2.071287212856987e-07,
    2.314406515324663e-07,
    2.039780753193554e-07,
    2.3035238427837612e-07,
    1.3938904430688126e-06,
    1.5568805338261882e-06,
    3.280347755207913e-06,
    0.00012043095921399072,
    2.4476668158968096e-07,
    4.94734081257775e-07,
    2.924794557657151e-07,
    1.9617392865711736e-07,
    2.2508800157083897e-07,
    2.0629148878015258e-07,
    2.2174245373207668e-07,
    5.465158210427035e-07,
    2.214059406924207e-07,
    2.2280835310084512e-07,
    0.0002839437802322209,
    2.1368327907111961e-07,
    2.2011411715538998e-07,
    2.9724578780587763e-06,
    2.2069573901717376e-07,
    3.092775386903668e-07,
    2.3473701560305926e-07,
    2.294470959895989e-07,
    2.1522289728181931e-07,
    1.9573253950966318e-07,
    3.253862132623908e-06,
    1.9036994558518927e-07,
    1.4157131772662979e-05,
    5.720429271605099e-06,
    1.8916618671482865e-07,
    2.3949468186401646e-07,
    1.0512503649806604e-06,
    1.620315686068352e-07,
    2.4382001129197306e-07,
    2.2564911716926872e-07,
    1.8903173213402624e-06,
    1.901117769875782e-07,
    3.348850441398099e-06,
    2.1079375756016816e-07,
    1.9255392658124038e-07,
    2.100210849675932e-06,
    1.6199830952245975e-06,
    1.9609930745900783e-07,
    2.549124076267617e-07,
    2.1022577811891097e-07,
    1.2341877209109953e-06,
    2.0152413071627961e-07,
    2.2889588535690564e-07,
    1.7172308730550867e-07,
    2.1654498993939342e-07,
    1.6413434877904365e-07,
    3.6097725342187914e-07,
    2.0491748387030384e-07,
    2.0478356077546778e-07,
    2.0528329969238257e-07,
    2.494426780685899e-07,
    2.6419007781441906e-07,
    1.6097071409149066e-07,
    1.0141084203496575e-05,
    2.0872690242867975e-07,
    1.9759173142119835e-07,
    1.8655873645911925e-07,
    2.4184470248656e-07,
    1.9306514786876505e-07,
    2.025304297603725e-07,
    2.003072836487263e-07,
    2.0244561937943217e-07,
    2.0623956231702323e-07,
    2.0804577616218012e-07,
    2.118655544336434e-07,
    1.994037006625149e-07,
    1.785798815490125e-07,
    2.098989995147349e-07,
    1.8950765934278024e-07,
    1.8956038161377364e-07,
    1.9258661154708534e-07,
    2.1727257148995704e-07,
    2.2315002468076273e-07,
    2.0484498008954688e-07,
    1.974327688003541e-07,
    1.8456404404787463e-07,
    1.7859019862953573e-07,
    2.2915439501502988e-07,
    1.989826756698676e-07,
    2.0710868398055027e-07,
    2.2169686531015032e-07,
    1.973845371594507e-07,
    1.925643289268919e-07,
    1.6816191816815262e-07,
    1.6714658102046087e-07,
    1.867882701844792e-07,
    1.750520368659636e-07,
    1.9364323122772475e-07,
    2.1786667048218078e-07,
    1.9605516854426241e-07,
    2.0208423734402459e-07,
    1.9489579017317737e-07,
    1.9668610207190795e-07,
    2.1349796952563338e-07,
    2.4604173631814774e-07,
    1.9742768131436605e-07,
    2.375321059844282e-07,
    2.039027151568007e-07,
    6.511393166874768e-07,
    4.014129615370621e-07,
    2.683667048586358e-07,
    2.1741351474702242e-07,
    2.3006197125141625e-07,
    2.1151601004021359e-07,
    1.737537758117469e-07,
    1.174571480078157e-06,
    4.476261210584198e-07,
    2.010293371768057e-07,
    1.967756020349043e-07,
    3.1716564308226225e-07,
    2.4203984594350914e-07,
    3.6198449038238323e-07,
    4.4372728780217585e-07,
    2.0017691326756903e-07,
    1.3015533113502897e-05,
    2.3601675991358206e-07,
    2.2385739839592134e-07,
    2.0270546485789964e-07,
    1.91236438240594e-07,
    1.8315607519525656e-07,
    1.9274926899015554e-07,
    1.8811063284829288e-07,
    1.9079683966083394e-07,
    1.9845495558001858e-07,
    1.9784368987529888e-07,
    2.0859239668880036e-07,
    1.9283594099306356e-07,
    1.952705872554361e-07,
    1.8057842510188493e-07,
    2.110243286779223e-07,
    1.7951938957594393e-07,
    1.848110855462437e-07,
    2.2013341549609322e-07,
    1.7023577925101563e-07,
    1.860721283719613e-07,
    2.1491193535894126e-07,
    2.2921655329355417e-07,
    2.02682343797278e-07,
    1.7699591126074665e-07,
    1.909488958062866e-07,
    2.1327993238173804e-07,
    2.1495837643215054e-07,
    2.6039066369776265e-07,
    1.774082107885988e-07,
    1.7102067317864567e-07,
    2.0262217503841384e-07,
    2.1983093745348015e-07,
    1.8880928109865636e-07,
    2.1186681919971306e-07,
    1.7758873127604602e-07,
    2.038395194858822e-07,
    2.0657405741530965e-07,
    1.9188195210517733e-07,
    2.1565310248661262e-07,
    1.9572721043914498e-07,
    2.2861408410790318e-07,
    2.329193193872925e-07,
    2.1391966242845228e-07,
    1.6691548410108226e-07,
    2.2811124722466047e-07,
    2.2078674533076992e-07,
    2.2298429769307404e-07,
    1.9743364987334644e-07,
    2.2909502206402976e-07,
    1.9683844243445492e-07,
    1.855851081700166e-07,
    2.5618302856855735e-07,
    1.754898875105937e-07,
    1.8956103531309054e-07,
    2.463270050157007e-07,
    2.1229382696219545e-07,
    2.1944001105111965e-07,
    2.1592691723526514e-07,
    2.0610826823030948e-07,
    1.8762536058147816e-07,
    2.1799922933496418e-07,
    2.3047255126584787e-07,
    7.80099981056992e-07,
    4.2787397092070023e-07,
    1.9069857160047832e-07,
    2.587553922239749e-07,
    4.287864214802539e-07,
    2.590851693184959e-07,
    2.0410740830811847e-07,
    4.0013458146859193e-07,
    2.405357122370333e-07,
    2.229704136880173e-07,
    2.657615141288261e-07,
    1.9785628069257655e-07,
    2.3375086755095253e-07,
    2.2956322709433152e-07,
    2.5592231622795225e-07,
    5.214382099438808e-07,
    2.053605498986144e-07,
    1.99507283582534e-07,
    2.2625464168868348e-07,
    1.9993461819467484e-07,
    2.0642204390242114e-07,
    2.0389587973568268e-07,
    3.6854774521088984e-07,
    2.297428665087864e-07,
    2.1800352101308818e-07,
    3.3297862955805613e-07,
    2.1451727150179067e-07,
    1.7424055442916142e-07,
    2.2008818234553473e-07,
    2.1878798861507676e-07,
    2.010519608575123e-07,
    2.2283411738044379e-07,
    2.2220410755835474e-07,
    3.394474106244161e-07,
    1.8758549913400202e-07,
    2.1436952124531672e-07,
    2.9141355639694666e-07,
    2.337547613251445e-07,
    2.0871500794328313e-07,
    1.7566588894624147e-07,
    2.178381777184768e-07,
    2.3697211304352095e-07,
    1.998088379195906e-07,
