{
  "version": "plots/_T_10_y0_0_1_network_architectures_4_50_activations_tanh_learning_rates_0_001_collocations_1024_epochs_50000_regularization_unstable_fp_reg_epochs_1_reg_coeff_0_01_reg_decay_1_/run_6",
  "seed": 1,
  "y0": 0.1,
  "T": 10,
  "N_col": 1024,
  "N_hidden": 4,
  "N_neurons": 50,
  "activation": "tanh",
  "N_epochs": 50000,
  "learning_rate": 0.001,
  "decay_rate": 1.0,
  "freq_log": 100,
  "freq_print": 1000,
  "keys_print": [
    "loss"
  ],
  "freq_save": 0,
  "regularization": "unstable_fp",
  "reg_coeff": 0.01,
  "reg_decay": 1,
  "reg_epochs": 1,
  "loss": [
    0.04286997392773628,
    0.011945649050176144,
    0.01185564137995243,
    0.012020830996334553,
    0.011808396317064762,
    0.012111173942685127,
    0.012048041447997093,
    0.012110430747270584,
    0.01203496940433979,
    0.011872390285134315,
    0.011680259369313717,
    0.012353232130408287,
    0.01210002414882183,
    0.012389017269015312,
    0.012131777592003345,
    0.012337027117609978,
    0.01166444830596447,
    0.012333977967500687,
    0.011880608275532722,
    0.0119407270103693,
    0.012070092372596264,
    0.011849329806864262,
    0.01186932623386383,
    0.01211686059832573,
    0.012014775536954403,
    0.012000426650047302,
    0.011856175027787685,
    0.011855174787342548,
    0.011755974031984806,
    0.01233094371855259,
    0.012016849592328072,
    0.01209015492349863,
    0.011787174269557,
    0.011799524538218975,
    0.012000024318695068,
    0.011828301474452019,
    0.01211795024573803,
    0.01202855259180069,
    0.012310389429330826,
    0.011655565351247787,
    0.011970290914177895,
    0.01223776675760746,
    0.011970533058047295,
    0.011940901167690754,
    0.012008994817733765,
    0.0119366105645895,
    0.01176969800144434,
    0.012015186250209808,
    0.012067228555679321,
    0.01199281495064497,
    0.01201341301202774,
    0.011911400593817234,
    0.01222932431846857,
    0.012189874425530434,
    0.012208277359604836,
    0.012011904269456863,
    0.012163620442152023,
    0.011833962984383106,
    0.012233840301632881,
    0.01211358979344368,
    0.012033257633447647,
    0.012007616460323334,
    0.012210587039589882,
    0.011899737641215324,
    0.012241121381521225,
    0.011948887258768082,
    0.011891392059624195,
    0.011912066489458084,
    0.012044709175825119,
    0.01189691573381424,
    0.011972332373261452,
    0.012186418287456036,
    0.01188829354941845,
    0.012335065752267838,
    0.011977078393101692,
    0.011640731245279312,
    0.012373523786664009,
    0.012145353481173515,
    0.012121915817260742,
    0.011921590194106102,
    0.012151295319199562,
    0.012065621092915535,
    0.011848239228129387,
    0.011966792866587639,
    0.012071014381945133,
    0.01178559847176075,
    0.012117679230868816,
    0.01209186390042305,
    0.01192154735326767,
    0.011894800700247288,
    0.012031085789203644,
    0.011654926463961601,
    0.011901728808879852,
    0.01164920162409544,
    0.012045623734593391,
    0.012002045288681984,
    0.012008819729089737,
    0.011993834748864174,
    0.012214167043566704,
    0.012231124565005302,
    0.011631744913756847,
    0.011953679844737053,
    0.012072589248418808,
    0.011953415349125862,
    0.011866725981235504,
    0.012428303249180317,
    0.01191466860473156,
    0.012029427103698254,
    0.011986395344138145,
    0.012034428305923939,
    0.012071424163877964,
    0.01207205280661583,
    0.01210576482117176,
    0.01197507232427597,
    0.011774513870477676,
    0.012093300931155682,
    0.011877331882715225,
    0.011878091841936111,
    0.011942104436457157,
    0.012178346514701843,
    0.012212458997964859,
    0.012037158012390137,
    0.011962216347455978,
    0.011850683949887753,
    0.011767998337745667,
    0.01224773470312357,
    0.011959260329604149,
    0.012057754211127758,
    0.012125717476010323,
    0.0119676748290658,
    0.011911739595234394,
    0.01166765857487917,
    0.011672530323266983,
    0.0118569266051054,
    0.011712510138750076,
    0.01184718869626522,
    0.01218768022954464,
    0.01188963558524847,
    0.011957630515098572,
    0.011900901794433594,
    0.01192582305520773,
    0.011763100512325764,
    0.012016243301331997,
    0.011818083934485912,
    0.012359755113720894,
    0.012010043486952782,
    0.011773673817515373,
    0.011915905401110649,
    0.011735761538147926,
    0.012127270922064781,
    0.01191391609609127,
    0.011923999525606632,
    0.011266672983765602,
    0.011956349015235901,
    0.01164277270436287,
    0.011894894763827324,
    0.011855492368340492,
    0.01204282883554697,
    0.012008097022771835,
    0.011954650282859802,
    0.012032403610646725,
    0.01184528972953558,
    0.011996370740234852,
    0.012081341817975044,
    0.012072019279003143,
    0.011984169483184814,
    0.011891426518559456,
    0.011767777614295483,
    0.011872174218297005,
    0.01188246626406908,
    0.011852861382067204,
    0.011946696788072586,
    0.011951223015785217,
    0.012029046192765236,
    0.011899507604539394,
    0.011893579736351967,
    0.01179661974310875,
    0.012082355096936226,
    0.011745186522603035,
    0.011845620349049568,
    0.012210821732878685,
    0.011704500764608383,
    0.011832807213068008,
    0.012148338370025158,
    0.012221505865454674,
    0.0120356734842062,
    0.011771461926400661,
    0.011899708770215511,
    0.01209956407546997,
    0.012095793150365353,
    0.012535793706774712,
    0.011767184361815453,
    0.011667996644973755,
    0.012001747265458107,
    0.01216370239853859,
    0.011870869435369968,
    0.012078088708221912,
    0.011826444417238235,
    0.012014875188469887,
    0.01203977968543768,
    0.011872326955199242,
    0.012130388990044594,
    0.011944971978664398,
    0.012260304763913155,
    0.01226546335965395,
    0.01210454199463129,
    0.011622224003076553,
    0.012237864546477795,
    0.0121615594252944,
    0.012191340327262878,
    0.011857285164296627,
    0.012231282889842987,
    0.011901422403752804,
    0.011774957180023193,
    0.011968209408223629,
    0.011711600236594677,
    0.01187912467867136,
    0.012369182892143726,
    0.011995797976851463,
    0.011973870918154716,
    0.012086350470781326,
    0.011915251612663269,
    0.011845818720757961,
    0.012036986649036407,
    0.012155000120401382,
    0.012191925197839737,
    0.012176256626844406,
    0.011884556151926517,
    0.012278561480343342,
    0.012437311932444572,
    0.011944640427827835,
    0.01193600706756115,
    0.012017757631838322,
    0.012358639389276505,
    0.011891644448041916,
    0.012432781979441643,
    0.011897165328264236,
    0.01202454324811697,
    0.012258201837539673,
    0.012177655473351479,
    0.01198593620210886,
    0.011728537268936634,
    0.011851898394525051,
    0.01195884682238102,
    0.011796164326369762,
    0.0119172977283597,
    0.011817059479653835,
    0.01213347539305687,
    0.011793901212513447,
    0.011946032755076885,
    0.012032466940581799,
    0.01194683089852333,
    0.011709324084222317,
    0.012027673423290253,
    0.011850263923406601,
    0.011807396076619625,
    0.01195590477436781,
    0.01207688543945551,
    0.011624363251030445,
    0.011658033356070518,
    0.012014443054795265,
    0.01194730494171381,
    0.011757953092455864,
    0.011921029537916183,
    0.011538825929164886,
    0.012095747515559196,
    0.012298885732889175,
    0.011839313432574272,
    0.012005327269434929,
    0.012269146740436554,
    0.012168276123702526,
    0.012199236080050468,
    0.012051913887262344,
    0.011807016097009182,
    0.012134850025177002,
    0.012168105691671371,
    0.012252121232450008,
    0.011845650151371956,
    0.01242366898804903,
    0.01206601969897747,
    0.011968311853706837,
    0.012165634892880917,
    0.012050128541886806,
    0.01226367149502039,
    0.011760396882891655,
    0.011830070987343788,
    0.011644302867352962,
