{
  "version": "plots/_T_7_5_y0_0_1_network_architectures_4_50_activations_tanh_learning_rates_0_001_collocations_1024_epochs_50000_regularization_reg_derivative_unstable_fp_reg_epochs_1_reg_coeff_100000_reg_decay_1_/run_4",
  "seed": 1,
  "y0": 0.1,
  "T": 7.5,
  "N_col": 1024,
  "N_hidden": 4,
  "N_neurons": 50,
  "activation": "tanh",
  "N_epochs": 50000,
  "learning_rate": 0.001,
  "decay_rate": 1.0,
  "freq_log": 100,
  "freq_print": 1000,
  "keys_print": [
    "loss"
  ],
  "freq_save": 0,
  "regularization": "reg_derivative_unstable_fp",
  "reg_coeff": 100000,
  "reg_decay": 1,
  "reg_epochs": 1,
  "loss": [
    0.014941427856683731,
    0.4234341084957123,
    0.03080870769917965,
    0.007556022610515356,
    0.004728591535240412,
    0.005330843850970268,
    0.00526921171694994,
    0.005048258230090141,
    0.005413864739239216,
    0.004698016680777073,
    0.004436969757080078,
    0.005627468228340149,
    0.005528436973690987,
    0.005730802193284035,
    0.005156093277037144,
    0.0056356946006417274,
    0.004256359301507473,
    0.005146120674908161,
    0.00485380832105875,
    0.005244172178208828,
    0.004608549177646637,
    0.0045535983517766,
    0.005073935259133577,
    0.005168535280972719,
    0.0053313011303544044,
    0.005302979610860348,
    0.004527139477431774,
    0.004829146433621645,
    0.0049525052309036255,
    0.005242465529590845,
    0.004992461763322353,
    0.005233787931501865,
    0.00481905322521925,
    0.004897022619843483,
    0.004698145668953657,
    0.004447431303560734,
    0.0050146933645009995,
    0.005192524753510952,
    0.004667413420975208,
    0.0039522890001535416,
    0.004679211415350437,
    0.004851385019719601,
    0.005056396126747131,
    0.0043721930123865604,
    0.004240780603140593,
    0.0046440609730780125,
    0.004082439001649618,
    0.004113657400012016,
    0.004259349778294563,
    0.004390638321638107,
    0.004858808591961861,
    0.003884910838678479,
    0.004621151834726334,
    0.004661393351852894,
    0.004678043071180582,
    0.004308871924877167,
    0.0040341769345104694,
    0.0038137321826070547,
    0.004263777285814285,
    0.004147222265601158,
    0.003852762747555971,
    0.0037846870254725218,
    0.004506778437644243,
    0.004511558450758457,
    0.004367971792817116,
    0.003678995883092284,
    0.004439655691385269,
    0.003982841968536377,
    0.004494344349950552,
    0.0038057826459407806,
    0.004037345759570599,
    0.003763166256248951,
    0.004009559750556946,
    0.004382133483886719,
    0.003969852812588215,
    0.003719157772138715,
    0.003778871614485979,
    0.0040495931170880795,
    0.0037822281010448933,
    0.0037321154959499836,
    0.0035869362764060497,
    0.0034445456694811583,
    0.0036108389031141996,
    0.003509491914883256,
    0.0033225244842469692,
    0.0032954378984868526,
    0.0034172264859080315,
    0.0033461395651102066,
    0.0028770235367119312,
    0.0028208172880113125,
    0.0029933773912489414,
    0.0023552742786705494,
    0.0028315670788288116,
    0.002760576084256172,
    0.0024434137158095837,
    0.0024359538219869137,
    0.002339176833629608,
    0.0022277110256254673,
    0.0023733743000775576,
    0.0021352048497647047,
    0.0021482077427208424,
    0.0017983184661716223,
    0.0018797386437654495,
    0.001665032934397459,
    0.0016529365675523877,
    0.0016184853157028556,
    0.0013688638573512435,
    0.0014357673935592175,
    0.001301668817177415,
    0.0012550376122817397,
    0.0011588835623115301,
    0.0011313722934573889,
    0.0010959962382912636,
    0.001081386348232627,
    0.0009191462304443121,
    0.0009152863640338182,
    0.000891075877007097,
    0.0008440493256784976,
    0.0008148100459948182,
    0.0007522759260609746,
    0.0007153189508244395,
    0.0006674100877717137,
    0.0006557997548952699,
    0.0006127924425527453,
    0.0005789858987554908,
    0.0005360255017876625,
    0.0004956441698595881,
    0.0004976566415280104,
    0.00045496103120967746,
    0.00046356351231224835,
    0.00039356749039143324,
    0.00036924995947629213,
    0.0004003583744633943,
    0.0003899809089489281,
    0.0003378245164640248,
    0.00035236834082752466,
    0.0003458348801359534,
    0.00030140517628751695,
    0.0002961688442155719,
    0.0002889396855607629,
    0.00028756086248904467,
    0.0002684423525352031,
    0.00025210389867424965,
    0.00023091913317330182,
    0.00025514367735013366,
    0.00021336437202990055,
    0.00020867875718977302,
    0.00019206291472073644,
    0.00021733908215537667,
    0.0002003848203457892,
    0.0001758343423716724,
    0.00016371709352824837,
    0.00014987512258812785,
    0.00016146025154739618,
    0.00015426790923811495,
    0.0002003791742026806,
    0.00012629656703211367,
    0.00014346989337354898,
    0.00011916365474462509,
    0.0001358861627522856,
    0.00024460424901917577,
    9.562632476445287e-05,
    9.320622484665364e-05,
    8.598370186518878e-05,
    0.00011880794772878289,
    0.00011248223017901182,
    0.00026004668325185776,
    5.766176036559045e-05,
    0.00032966985600069165,
    0.00014608036144636571,
    0.00014231214299798012,
    0.00011358072515577078,
    8.514469664078206e-05,
    3.871006629196927e-05,
    3.139275941066444e-05,
    7.542496314272285e-05,
    2.4838453100528568e-05,
    7.454481965396553e-05,
    0.00019249418983235955,
    5.0406182708684355e-05,
    3.8502636016346514e-05,
    1.2591992344823666e-05,
    0.0004257031250745058,
    7.312948582693934e-05,
    1.317309397563804e-05,
    1.858064570114948e-05,
    0.0003029854560736567,
    7.349179213633761e-06,
    4.091889786650427e-05,
    7.67573783377884e-06,
    1.7012782336678356e-05,
    6.487255632237066e-06,
    4.917084879707545e-06,
    1.2741798855131492e-05,
    1.3388902516453527e-05,
    7.271057256730273e-05,
    5.496059202414472e-06,
    7.845092113711871e-06,
    9.636910544941202e-05,
    8.775376954872627e-06,
    3.5306416066305246e-06,
    7.444370112352772e-06,
    1.2475000403355807e-05,
    0.0005414398619905114,
    0.00031706635490991175,
    0.0003426151815801859,
    3.9903054130263627e-05,
    0.0008179222932085395,
    2.389120709267445e-06,
    3.028806077054469e-06,
    6.53820825391449e-06,
    7.545884000137448e-05,
    2.9095449463056866e-06,
    2.5694473606563406e-06,
    2.6743808120954782e-05,
    1.7926724922290305e-06,
    2.030529913099599e-06,
    0.0005845695268362761,
    3.1929846500133863e-06,
    2.958948243758641e-06,
    2.0639304239011835e-06,
    3.313786146463826e-05,
    0.0002596996200736612,
    1.7463629774283618e-05,
    9.492012395639904e-06,
    1.5258549410646083e-06,
    1.3088399100524839e-05,
    1.23478776004049e-06,
    0.0001400225592078641,
    1.7704045376376598e-06,
    1.2687039543379797e-06,
    8.031203469727188e-05,
    0.00024678040063008666,
    1.6274724430331844e-06,
    1.211181006510742e-05,
    4.508570418693125e-05,
    1.2308337318245322e-06,
    1.2661320397455711e-05,
    1.1558734058780828e-06,
    1.0345066812078585e-06,
    1.2124138265789952e-05,
    8.74176766956225e-05,
    8.319810831380892e-07,
    1.1307665772619657e-06,
    0.00014035264030098915,
    4.875480954069644e-05,
    9.57257839218073e-07,
    0.00011251986143179238,
    9.670453664512024e-07,
    5.413798135123216e-06,
    1.0873025530599989e-05,
    8.050374162849039e-07,
    0.0002143575402442366,
    6.957675964258669e-07,
    5.03606145230151e-07,
    3.6040478335053194e-06,
    5.811488153995015e-05,
    1.6530929087821278e-06,
    7.663024916837458e-06,
    5.661940463141946e-07,
    1.6225378658418776e-06,
    3.868967723974492e-06,
    8.466409053653479e-05,
    5.18964952789247e-07,
    1.9635772332549095e-05,
    0.0003236879128962755,
    6.670335892522417e-07,
    4.763120955431077e-07,
    7.46600449019752e-07,
    0.00011511369666550308,
    5.414476981968619e-05,
    3.6933881347067654e-05,
    1.4187967281031888e-06,
