{
  "version": "model_weights/_T_10_y0_0_001_network_architectures_4_50_activations_tanh_learning_rates_0_001_collocations_1024_epochs_50000_reg_epochs_1_0_reg_coeff_1_reg_decay_1_/run_2",
  "seed": 1,
  "y0": 0.001,
  "T": 10,
  "N_col": 1024,
  "N_hidden": 4,
  "N_neurons": 50,
  "activation": "tanh",
  "N_epochs": 50000,
  "learning_rate": 0.001,
  "decay_rate": 1.0,
  "freq_log": 100,
  "freq_print": 1000,
  "keys_print": [
    "loss"
  ],
  "freq_save": 0,
  "reg_coeff": 1,
  "reg_decay": 1,
  "reg_epochs": 1.0,
  "loss": [
    0.16902311146259308,
    0.13533349335193634,
    0.13533224165439606,
    0.13533030450344086,
    0.13532589375972748,
    0.13531704246997833,
    0.1353544443845749,
    0.1719801127910614,
    0.031783245503902435,
    0.028852667659521103,
    0.026839980855584145,
    0.034238021820783615,
    0.03171800076961517,
    0.03390132263302803,
    0.030553670600056648,
    0.03254855424165726,
    0.02549239993095398,
    0.03148339316248894,
    0.027937332168221474,
    0.029072387143969536,
    0.02879682183265686,
    0.027080144733190536,
    0.028068695217370987,
    0.030015798285603523,
    0.029057800769805908,
    0.028469381853938103,
    0.026800796389579773,
    0.027175672352313995,
    0.026236727833747864,
    0.030923960730433464,
    0.028448518365621567,
    0.029147373512387276,
    0.026425166055560112,
    0.02650439366698265,
    0.02772027626633644,
    0.026387199759483337,
    0.029037125408649445,
    0.02868892438709736,
    0.03022881969809532,
    0.025146324187517166,
    0.027584150433540344,
    0.029746849089860916,
    0.028460673987865448,
    0.027239318937063217,
    0.0274311825633049,
    0.028278982266783714,
    0.02557336539030075,
    0.027294326573610306,
    0.028399590402841568,
    0.02764499932527542,
    0.028190303593873978,
    0.026357516646385193,
    0.02977888286113739,
    0.0289059616625309,
    0.030322354286909103,
    0.027548672631382942,
    0.028949353843927383,
    0.025831514969468117,
    0.02995537966489792,
    0.028471726924180984,
    0.027440452948212624,
    0.02702043205499649,
    0.030009765177965164,
    0.02758360467851162,
    0.029837585985660553,
    0.027433622628450394,
    0.02767740935087204,
    0.027201693505048752,
    0.02904132753610611,
    0.02714027278125286,
    0.028249986469745636,
    0.028012502938508987,
    0.027394484728574753,
    0.031193019822239876,
    0.02756463550031185,
    0.02531094290316105,
    0.03088301420211792,
    0.02971815876662731,
    0.029353264719247818,
    0.028142664581537247,
    0.02877778187394142,
    0.028544768691062927,
    0.026745028793811798,
    0.02783512882888317,
    0.02843359485268593,
    0.02644217386841774,
    0.029497332870960236,
    0.029193228110671043,
    0.02689267136156559,
    0.026449311524629593,
    0.028442926704883575,
    0.024066518992185593,
    0.027025649324059486,
    0.02522771991789341,
    0.027290789410471916,
    0.027398427948355675,
    0.027345212176442146,
    0.027207758277654648,
    0.029828086495399475,
    0.029457716271281242,
    0.025144794955849648,
    0.02629924938082695,
    0.028663352131843567,
    0.027078408747911453,
    0.02726837247610092,
    0.032289665192365646,
    0.025828246027231216,
    0.02807736210525036,
    0.028477270156145096,
    0.028077075257897377,
    0.028528861701488495,
    0.027021434158086777,
    0.02881876565515995,
    0.027253512293100357,
    0.026496965438127518,
    0.02916518785059452,
    0.02676018327474594,
    0.02688848227262497,
    0.02722359448671341,
    0.02947007305920124,
    0.030109671875834465,
    0.02939431183040142,
    0.02776050567626953,
    0.026361312717199326,
    0.025817906484007835,
    0.030486449599266052,
    0.027828775346279144,
    0.029038816690444946,
    0.028582552447915077,
    0.02830693870782852,
    0.026970913633704185,
    0.02505885437130928,
    0.025281615555286407,
    0.02606123685836792,
    0.025599492713809013,
    0.027349449694156647,
    0.029767796397209167,
    0.026424899697303772,
    0.027510330080986023,
    0.02735215052962303,
    0.02661915495991707,
    0.025988366454839706,
    0.028785046190023422,
    0.02676250785589218,
    0.031089836731553078,
    0.027698282152414322,
    0.026139456778764725,
    0.027410708367824554,
    0.025817688554525375,
    0.0286317840218544,
    0.027619075030088425,
    0.02775079384446144,
    0.02128385752439499,
    0.027677953243255615,
    0.02449185587465763,
    0.027276605367660522,
    0.026939429342746735,
    0.02829197607934475,
    0.02768709510564804,
    0.02689184620976448,
    0.028413280844688416,
    0.027036624029278755,
    0.02713790349662304,
    0.0284783523529768,
    0.028281306847929955,
    0.027584262192249298,
    0.027731582522392273,
    0.02562539465725422,
    0.027015741914510727,
    0.027280941605567932,
    0.026519447565078735,
    0.027999069541692734,
    0.027716943994164467,
    0.02830440178513527,
    0.026916127651929855,
    0.026662565767765045,
    0.02695031836628914,
    0.0289064422249794,
    0.025653544813394547,
    0.02752067893743515,
    0.030801154673099518,
    0.0256226547062397,
    0.02660336345434189,
    0.029558688402175903,
    0.029651261866092682,
    0.02885046973824501,
    0.026525583118200302,
    0.02762013114988804,
    0.02890162542462349,
    0.028811544179916382,
    0.032399073243141174,
    0.02562454715371132,
    0.02520064264535904,
    0.028254862874746323,
    0.029696043580770493,
    0.027000747621059418,
    0.028844203799962997,
    0.027890771627426147,
    0.028047261759638786,
    0.02824000082910061,
    0.026550132781267166,
    0.028913207352161407,
    0.028259392827749252,
    0.03014938160777092,
    0.02979162707924843,
    0.029046520590782166,
    0.025197375565767288,
    0.02994469553232193,
    0.029159490019083023,
    0.02932038903236389,
    0.027022618800401688,
    0.030041368678212166,
    0.026989758014678955,
    0.026020526885986328,
    0.027934480458498,
    0.025533653795719147,
    0.02760450914502144,
    0.030614806339144707,
    0.027914896607398987,
    0.02720986120402813,
    0.02924496866762638,
    0.027685999870300293,
    0.027420075610280037,
    0.02936536632478237,
    0.029531048610806465,
    0.02886822819709778,
    0.028331533074378967,
    0.02708502672612667,
    0.03036901168525219,
    0.032206304371356964,
    0.02756457030773163,
    0.027270006015896797,
    0.02780071645975113,
    0.0315074697136879,
    0.026722073554992676,
    0.03239664435386658,
    0.026913903653621674,
    0.02745714969933033,
    0.030485251918435097,
    0.030193693935871124,
    0.02775437943637371,
    0.02547668293118477,
    0.027187632396817207,
    0.02748330682516098,
    0.026532616466283798,
    0.02726578898727894,
    0.02580318972468376,
    0.02937815710902214,
    0.02661609649658203,
    0.028678184375166893,
    0.028121761977672577,
    0.027301274240016937,
    0.025868499651551247,
    0.0283417459577322,
    0.026424085721373558,
    0.026416659355163574,
    0.027818331494927406,
    0.02855871617794037,
    0.02473560720682144,
    0.02514299936592579,
    0.028198227286338806,
    0.027539219707250595,
    0.026619277894496918,
    0.028001923114061356,
    0.02488613873720169,
    0.029026005417108536,
    0.029817406088113785,
    0.026838652789592743,
    0.028037769719958305,
    0.030370265245437622,
    0.029882023110985756,
    0.029466111212968826,
    0.027960998937487602,
    0.026135608553886414,
    0.030132759362459183,
    0.02942866086959839,
    0.030644647777080536,
    0.026314780116081238,
    0.03131120279431343,
    0.02852720022201538,
    0.027637220919132233,
    0.029691502451896667,
    0.028179723769426346,
    0.029757536947727203,
    0.026376258581876755,
    0.026622207835316658,
    0.025222033262252808,
    0.02821679413318634,
    0.024986881762742996,
    0.027199409902095795,
    0.027788519859313965,
