{
  "version": "model_weights/_T_10_y0_0_01_network_architectures_4_50_activations_tanh_learning_rates_0_001_collocations_1024_epochs_50000_reg_epochs_1_0_reg_coeff_1_reg_decay_1_/run_8",
  "seed": 1,
  "y0": 0.01,
  "T": 10,
  "N_col": 1024,
  "N_hidden": 4,
  "N_neurons": 50,
  "activation": "tanh",
  "N_epochs": 50000,
  "learning_rate": 0.001,
  "decay_rate": 1.0,
  "freq_log": 100,
  "freq_print": 1000,
  "keys_print": [
    "loss"
  ],
  "freq_save": 0,
  "reg_coeff": 1,
  "reg_decay": 1,
  "reg_epochs": 1.0,
  "loss": [
    0.08443224430084229,
    0.13537587225437164,
    0.13535305857658386,
    0.13535377383232117,
    0.13535164296627045,
    0.13535353541374207,
    0.13535374402999878,
    0.13535378873348236,
    0.13535329699516296,
    0.13535219430923462,
    0.13535012304782867,
    0.13535535335540771,
    0.1353544145822525,
    0.1353563666343689,
    0.13535410165786743,
    0.13535591959953308,
    0.13535024225711823,
    0.13535615801811218,
    0.1353515237569809,
    0.13535255193710327,
    0.1353525072336197,
    0.135351300239563,
    0.1353510320186615,
    0.1353527307510376,
    0.1353512853384018,
    0.13535088300704956,
    0.13534978032112122,
    0.13534849882125854,
    0.13534623384475708,
    0.13534855842590332,
    0.13534243404865265,
    0.13533879816532135,
    0.13532699644565582,
    0.13529594242572784,
    0.13511249423027039,
    0.02903636544942856,
    0.031063063070178032,
    0.02994013950228691,
    0.0306986253708601,
    0.024837419390678406,
    0.027787741273641586,
    0.02956136129796505,
    0.028317376971244812,
    0.026944845914840698,
    0.027166608721017838,
    0.02737288922071457,
    0.02523573487997055,
    0.026629947125911713,
    0.027737561613321304,
    0.027128590270876884,
    0.027702003717422485,
    0.025867104530334473,
    0.029238615185022354,
    0.02838747575879097,
    0.02948771044611931,
    0.027073780074715614,
    0.02809583954513073,
    0.025360170751810074,
    0.029375210404396057,
    0.02796759083867073,
    0.026978425681591034,
    0.026225373148918152,
    0.029336227104067802,
    0.027086254209280014,
    0.029274826869368553,
    0.026749514043331146,
    0.02709566429257393,
    0.026669997721910477,
    0.02838278003036976,
    0.026501065120100975,
    0.0275859534740448,
    0.02734980545938015,
    0.0267789326608181,
    0.030409011989831924,
    0.027014298364520073,
    0.024829989299178123,
    0.030287370085716248,
    0.02906407043337822,
    0.02866687811911106,
    0.02752731926739216,
    0.028310857713222504,
    0.027768559753894806,
    0.026291491463780403,
    0.027262520045042038,
    0.027907412499189377,
    0.025743821635842323,
    0.028848469257354736,
    0.028538547456264496,
    0.02641277387738228,
    0.02582278475165367,
    0.027839327231049538,
    0.02361450344324112,
    0.026447590440511703,
    0.024738885462284088,
    0.02672550082206726,
    0.02726992592215538,
    0.02679935283958912,
    0.026671601459383965,
    0.029174409806728363,
    0.028713766485452652,
    0.024651331827044487,
    0.025823967531323433,
    0.028062405064702034,
    0.0265701524913311,
    0.026340730488300323,
    0.031612541526556015,
    0.025450758635997772,
    0.02737053856253624,
    0.027777858078479767,
    0.02759696915745735,
    0.028188370168209076,
    0.026636794209480286,
    0.028388168662786484,
    0.026654284447431564,
    0.025953741744160652,
    0.02847297675907612,
    0.02616143599152565,
    0.026256397366523743,
    0.02658553421497345,
    0.028740227222442627,
    0.029419565573334694,
    0.02867293730378151,
    0.027176912873983383,
    0.025820376351475716,
    0.025230543687939644,
    0.02985202707350254,
    0.027124207466840744,
    0.028335558250546455,
    0.028006650507450104,
    0.02770034223794937,
    0.026462581008672714,
    0.02446402981877327,
    0.02524818852543831,
    0.02549842745065689,
    0.02494105137884617,
    0.026854990050196648,
    0.029079657047986984,
    0.025892000645399094,
    0.026880454272031784,
    0.02675536647439003,
    0.026023652404546738,
    0.02530382201075554,
    0.028060749173164368,
    0.026154324412345886,
    0.030333638191223145,
    0.027006234973669052,
    0.02559196762740612,
    0.02697252668440342,
    0.02526130899786949,
    0.028019733726978302,
    0.026988539844751358,
    0.027104414999485016,
    0.020868204534053802,
    0.027107862755656242,
    0.023899786174297333,
    0.026693036779761314,
    0.026323147118091583,
    0.0276716910302639,
    0.0270028505474329,
    0.026369942352175713,
    0.027782069519162178,
    0.02651616558432579,
    0.0266356710344553,
    0.02790597826242447,
    0.027667555958032608,
    0.027084872126579285,
    0.027158116921782494,
    0.02506360411643982,
    0.026396622881293297,
    0.026602664962410927,
    0.025984294712543488,
    0.027412036433815956,
    0.027043770998716354,
    0.02777419611811638,
    0.026287658140063286,
    0.026137275621294975,
    0.02630789950489998,
    0.02834746427834034,
    0.025184515863656998,
    0.02686186507344246,
    0.03015436977148056,
    0.02498776838183403,
    0.026007521897554398,
    0.029077498242259026,
    0.02899985760450363,
    0.02810795046389103,
    0.026097241789102554,
    0.026900604367256165,
    0.028226234018802643,
    0.028225675225257874,
    0.03161805495619774,
    0.025062929838895798,
    0.024869583547115326,
    0.02769114449620247,
    0.029145490378141403,
    0.026448089629411697,
    0.028236977756023407,
    0.02706773392856121,
    0.02744903229176998,
    0.02771672233939171,
    0.025953121483325958,
    0.028235163539648056,
    0.027634916827082634,
    0.02948695793747902,
    0.02924611046910286,
    0.028417641296982765,
    0.024672117084264755,
    0.02924010530114174,
    0.028539244085550308,
    0.028582561761140823,
    0.026425782591104507,
    0.029331274330615997,
    0.026215357705950737,
    0.02544960007071495,
    0.02721712552011013,
    0.024975910782814026,
    0.026782117784023285,
    0.03007177822291851,
    0.027292393147945404,
    0.026626423001289368,
    0.02840125374495983,
    0.02694360353052616,
    0.026806922629475594,
    0.028715938329696655,
    0.02881445363163948,
    0.028065107762813568,
    0.02773197740316391,
    0.026457764208316803,
    0.029859889298677444,
    0.03145212307572365,
    0.026908503845334053,
    0.026639733463525772,
    0.027306850999593735,
    0.030819613486528397,
    0.026147421449422836,
    0.031647197902202606,
    0.02620254084467888,
    0.026865439489483833,
    0.02992956154048443,
    0.02957385592162609,
    0.027024414390325546,
    0.024845153093338013,
    0.026548922061920166,
    0.027011483907699585,
    0.026026342064142227,
    0.026655998080968857,
    0.02519586682319641,
    0.02862212061882019,
    0.02602536603808403,
    0.027868727222085,
    0.027493853121995926,
    0.026592424139380455,
    0.02530793473124504,
    0.027717549353837967,
    0.02578824758529663,
    0.025926755741238594,
    0.02722259610891342,
    0.028002895414829254,
    0.024197254329919815,
    0.024563081562519073,
    0.027560587972402573,
    0.02690877951681614,
    0.025985563173890114,
    0.027391772717237473,
    0.024341974407434464,
    0.028428886085748672,
    0.029071027413010597,
    0.026253944262862206,
    0.027295097708702087,
    0.02971649542450905,
    0.029164163395762444,
    0.028746485710144043,
    0.02746199071407318,
    0.025552015751600266,
    0.02941861003637314,
    0.028671186417341232,
    0.029874417930841446,
    0.02572910115122795,
    0.0306154303252697,
    0.02786167711019516,
    0.02706730365753174,
    0.028890417888760567,
    0.0276001188904047,
    0.02921014092862606,
    0.025683144107460976,
    0.025965385138988495,
    0.024590399116277695,
    0.027515091001987457,
    0.024419346824288368,
    0.02653246745467186,
    0.027180004864931107,
    0.027153421193361282,
