{
  "version": "plots/_T_10_y0_25_network_architectures_4_50_activations_tanh_learning_rates_0_001_collocations_1024_epochs_500_reg_epochs_1_reg_coeff_1_reg_decay_1_regularization_reg_derivative_/run_12",
  "seed": 1,
  "g": 9.81,
  "l": 1,
  "theta0": 100,
  "omega0": 0,
  "T": 10,
  "N_col": 1024,
  "N_hidden": 4,
  "N_neurons": 50,
  "activation": "tanh",
  "N_epochs": 500,
  "learning_rate": 0.001,
  "decay_rate": 1.0,
  "freq_log": 100,
  "freq_print": 1000,
  "keys_print": [
    "loss_P",
    "loss_IC"
  ],
  "freq_save": 0,
  "regularizer": "unstable_fp",
  "reg_coeff": 1,
  "reg_decay": 1,
  "reg_epochs": 1,
  "regularization": "reg_derivative",
  "y0": 25,
  "loss_train": [
    32.33139419555664,
    11.806705474853516,
    11.68670654296875,
    11.752483367919922,
    11.69580364227295
  ],
  "loss_P": [
    29.21474838256836,
    9.626479148864746,
    9.65408992767334,
    9.740555763244629,
    9.69403076171875
  ],
  "loss_IC": [
    3.1166470050811768,
    2.1802268028259277,
    2.032616376876831,
    2.011927843093872,
    2.00177264213562
  ]
}