{
  "version": "plots/_T_7_5_y0_0_001_network_architectures_4_50_activations_tanh_learning_rates_0_001_collocations_1024_epochs_50000_regularization_reg_derivative_unstable_fp_reg_epochs_1_reg_coeff_1_reg_decay_1_/run_7",
  "seed": 1,
  "y0": 0.001,
  "T": 7.5,
  "N_col": 1024,
  "N_hidden": 4,
  "N_neurons": 50,
  "activation": "tanh",
  "N_epochs": 50000,
  "learning_rate": 0.001,
  "decay_rate": 1.0,
  "freq_log": 100,
  "freq_print": 1000,
  "keys_print": [
    "loss"
  ],
  "freq_save": 0,
  "regularization": "reg_derivative_unstable_fp",
  "reg_coeff": 1,
  "reg_decay": 1,
  "reg_epochs": 1,
  "loss": [
    0.10274147987365723,
    6.499738447018899e-06,
    2.816854021148174e-06,
    4.2839023990381975e-06,
    2.243736844320665e-06,
    1.6844719539221842e-06,
    2.6634356800059322e-06,
    8.324272130266763e-06,
    2.3914093617349863e-05,
    2.4579767341492698e-06,
    4.705610990640707e-06,
    2.3827255972719286e-06,
    2.5571771402610466e-06,
    3.0346959647431504e-06,
    5.8651862673286814e-06,
    0.00011882160470122471,
    3.028518904102384e-06,
    1.932372697410756e-06,
    2.4305361421284033e-06,
    2.1315850062819663e-06,
    9.179728294839151e-06,
    7.53444037400186e-05,
    0.00011978872498730198,
    1.808208708098391e-06,
    1.915217808345915e-06,
    7.941578587633558e-06,
    4.000919216196053e-05,
    3.105184759988333e-06,
    8.248338417615741e-05,
    7.139999070204794e-06,
    3.35953404828615e-06,
    3.3225085644517094e-05,
    2.471823563610087e-06,
    0.00018277796334587038,
    1.3966181541036349e-05,
    2.8015024327032734e-06,
    1.814760025808937e-06,
    4.2907657189061865e-05,
    3.2542577628191793e-06,
    1.794348690964398e-06,
    5.092563242214965e-06,
    9.865820175036788e-05,
    6.058016879251227e-05,
    2.1079060843476327e-06,
    2.105912244587671e-06,
    6.0122374634374864e-06,
    2.2724223072145833e-06,
    1.8531220575823681e-06,
    1.8003574950853363e-06,
    1.6217555867115152e-06,
    2.5159870347124524e-06,
    4.641459327103803e-06,
    1.4333091712614987e-05,
    2.8982503863517195e-06,
    1.7769375517673325e-06,
    4.904212983092293e-05,
    2.2662156879960094e-06,
    3.0247117592807626e-06,
    5.864337708771927e-06,
    2.741520347626647e-06,
    4.97421387990471e-06,
    2.953798684757203e-06,
    7.149348220991669e-06,
    3.504649157548556e-06,
    1.985423750738846e-06,
    8.204914593079593e-06,
    1.8256251905768295e-06,
    2.4097955702018226e-06,
    1.931131373567041e-05,
    2.259836037410423e-06,
    4.9527666305948514e-06,
    1.5931569578242488e-05,
    2.9526258913392667e-06,
    1.9682265701703727e-05,
    5.163607511349255e-06,
    1.8481165170669556e-05,
    2.6850964331970317e-06,
    4.09022959502181e-06,
    2.2503973013954237e-06,
    2.5954323064070195e-06,
    2.6864522624236997e-06,
    3.7927650282654213e-06,
    1.5087684914760757e-06,
    1.921120929182507e-05,
    3.655790806078585e-06,
    3.4038098419841845e-06,
    1.9977326246589655e-06,
    1.2561590665427502e-05,
    2.6656846330297412e-06,
    2.0774173208337743e-06,
    4.464593530428829e-06,
    3.041395984837436e-06,
    2.2563785933016334e-06,
    1.996582795982249e-06,
    4.085762157046702e-06,
    2.079561454593204e-05,
    2.1922439827903872e-06,
    2.9809900752297835e-06,
    2.2312790406431304e-06,
    2.021668024099199e-06,
    2.1415889932541177e-06,
    3.181876763846958e-06,
    2.4175669750547968e-06,
    4.561775767797371e-06,
    1.7719075913191773e-06,
    2.954871433757944e-06,
    2.184125378335011e-06,
    2.8321876470727148e-06,
    2.138399395335e-06,
    2.04075695364736e-06,
    2.486680614310899e-06,
    1.7776138747649384e-06,
    1.715172766125761e-05,
    3.925338660337729e-06,
    2.280796252307482e-06,
    2.127793322870275e-06,
    2.4048390514508355e-06,
    2.6703678486228455e-06,
    1.9172284737578593e-06,
    1.7422411247025593e-06,
    2.8058752832293976e-06,
    2.2050062398193404e-06,
    1.816410645005817e-06,
    1.910069613586529e-06,
    2.8607475996977882e-06,
    2.399410277575953e-06,
    2.105477733493899e-06,
    2.563725729487487e-06,
    2.0386939922900638e-06,
    2.7988098736386746e-06,
    1.7347222183161648e-06,
    1.9435501599218696e-06,
    2.4608766580058727e-06,
    5.89598539590952e-06,
    1.732236341922544e-05,
    1.689887540123891e-06,
    1.7817054640545393e-06,
    1.7375767811245169e-06,
    1.75790307821444e-06,
    2.4014295831875643e-06,
    2.1795215161546366e-06,
    4.042065484100021e-06,
    2.404209908490884e-06,
    1.9509693629515823e-06,
    2.643027301019174e-06,
    1.2200262062833644e-06,
    2.3994930415938143e-06,
    2.5285798983532004e-06,
    1.8616660781844985e-06,
    5.586428414972033e-06,
    2.313936874998035e-06,
    2.749867235252168e-06,
    2.185176981583936e-06,
    3.9401220419676974e-06,
    2.0301283711887663e-06,
    2.1686184936697828e-06,
    1.1454599189164583e-06,
    2.130454731741338e-06,
    1.779182184691308e-06,
    1.6274823337880662e-06,
    1.8605986724651302e-06,
    1.8732068838289706e-06,
    1.9664444153022487e-06,
    1.9915505617973395e-06,
    1.6689691619831137e-06,
    1.7273966932407347e-06,
    1.6452320323878666e-06,
    1.7952175994651043e-06,
    1.8150112737203017e-06,
    2.11786186810059e-06,
    1.8122061646863585e-06,
    1.7333256892015925e-06,
    1.816128474274592e-06,
    1.8683714415601571e-06,
    1.6634360235912027e-06,
    2.139978960258304e-06,
    1.885597839645925e-06,
    2.17859724216396e-06,
    1.896651042443409e-06,
    1.9927688299503643e-06,
    2.082504579448141e-06,
    2.188141024817014e-06,
    1.8226822930955677e-06,
    1.8589963701742818e-06,
    1.8526454823586391e-06,
    1.5620125850546174e-06,
    1.880044692370575e-06,
    2.020683950831881e-06,
    1.9940503079851624e-06,
    1.696346089374856e-06,
    2.3942002371768467e-06,
    1.9192850686522434e-06,
    2.3628763301530853e-06,
    2.0176582893327577e-06,
    2.473898575772182e-06,
    2.2449949028668925e-06,
    1.986501501960447e-06,
    2.063628471660195e-06,
    2.09549807550502e-06,
    2.0592185592249734e-06,
    2.4072633095784113e-06,
    2.1236896827758756e-06,
    2.975940333271865e-06,
    2.9614893719553947e-06,
    1.873384803730005e-06,
    2.4785715595498914e-06,
    2.035318175330758e-06,
    3.095742613368202e-06,
    1.984326445381157e-06,
    1.881464186226367e-06,
    2.299134621353005e-06,
    2.294281102876994e-06,
    2.0806091924896464e-06,
    1.8127068415196845e-06,
    2.130185293935938e-06,
    1.7680310975265456e-06,
    1.7867486121758702e-06,
    5.043268174631521e-06,
    1.8569423900771653e-06,
    2.1334128632588545e-06,
    2.2153526515467092e-06,
    2.7874302759300917e-06,
    2.131718702003127e-06,
    2.882096623579855e-06,
    1.9660176349134417e-06,
    1.8535446315581794e-06,
    1.7053016563295387e-06,
    1.7658668411968392e-06,
    2.183923243137542e-06,
    0.0020731149706989527,
    1.2975376648682868e-06,
    1.0689913096939563e-06,
    1.4488756505670608e-06,
    1.6818630683701485e-06,
    2.250387296953704e-06,
    1.1674467259581434e-06,
    1.5696859918534756e-06,
    1.2294103726162575e-06,
    1.3439970416584401e-06,
    1.6993927829389577e-06,
    1.1993258794973372e-06,
    1.3578292055171914e-06,
    2.1151715827727458e-06,
    1.5611499293299858e-06,
    1.1461286248959368e-06,
    1.839346168708289e-06,
    1.7741372175805736e-06,
    1.6976173355942592e-06,
    1.7222473616129719e-06,
    1.999656660700566e-06,
    2.1969169665680965e-06,
    1.908240619741264e-06,
    2.226774313385249e-06,
    2.0135030354140326e-06,
    1.915948814712465e-06,
    1.6453279840789037e-06,
    1.9361277736607008e-06,
    2.066636625386309e-06,
    2.2707581592840143e-06,
    1.571062512084609e-06,
    2.056874564004829e-06,
    1.9193512343917973e-06,
    2.623203727125656e-06,
    1.772535370037076e-06,
    1.6303445136145456e-06,
    1.7185684555443004e-06,
    1.7208318467965e-06,
    1.96869973478897e-06,
