{
  "version": "plots/_T_7_5_y0_0_1_network_architectures_4_50_activations_tanh_learning_rates_0_001_collocations_1024_epochs_50000_regularization_reg_derivative_unstable_fp_reg_epochs_1_reg_coeff_1_reg_decay_1_/run_9",
  "seed": 1,
  "y0": 0.1,
  "T": 7.5,
  "N_col": 1024,
  "N_hidden": 4,
  "N_neurons": 50,
  "activation": "tanh",
  "N_epochs": 50000,
  "learning_rate": 0.001,
  "decay_rate": 1.0,
  "freq_log": 100,
  "freq_print": 1000,
  "keys_print": [
    "loss"
  ],
  "freq_save": 0,
  "regularization": "reg_derivative_unstable_fp",
  "reg_coeff": 1,
  "reg_decay": 1,
  "reg_epochs": 1,
  "loss": [
    0.08715493232011795,
    0.019983157515525818,
    0.0152988750487566,
    0.013782655820250511,
    0.010191135108470917,
    0.01116782333701849,
    0.010605988092720509,
    0.010430194437503815,
    0.010277663357555866,
    0.010093500837683678,
    0.010008534416556358,
    0.01054658554494381,
    0.010786622762680054,
    0.01069911103695631,
    0.01036893017590046,
    0.010452345944941044,
    0.009825920686125755,
    0.009928731247782707,
    0.010066918097436428,
    0.009793163277208805,
    0.009685025550425053,
    0.009673032909631729,
    0.009275301359593868,
    0.007952993735671043,
    0.005997821688652039,
    0.005937470123171806,
    0.0005615638219751418,
    3.7339035770855844e-05,
    1.3406910511548631e-05,
    8.070846888585947e-06,
    5.900372343603522e-06,
    4.968580469721928e-06,
    3.8051944102335256e-06,
    3.3829378480731975e-06,
    3.3935957617359236e-06,
    2.9356847335293423e-06,
    2.830005087162135e-06,
    4.204142442176817e-06,
    2.8836825549660716e-06,
    3.186803951393813e-05,
    4.281529618310742e-05,
    4.250269284966635e-06,
    2.1379516965680523e-06,
    1.5769473975524306e-05,
    2.7056057660956867e-06,
    2.214574305980932e-05,
    3.308132363599725e-05,
    0.00041009439155459404,
    1.732908913254505e-06,
    4.929769602313172e-06,
    1.6271194454020588e-06,
    2.190575514759985e-06,
    4.1533530747983605e-06,
    0.00021209368424024433,
    1.391429805153166e-06,
    1.43076670156006e-06,
    1.303160161114647e-06,
    0.00018392967467661947,
    1.1964914392592618e-06,
    2.8371625376166776e-05,
    1.593375600350555e-06,
    3.884388206643052e-06,
    8.726291298444266e-07,
    3.454101715760771e-06,
    8.757920682000986e-07,
    4.549962795863394e-06,
    8.123380439428729e-07,
    6.591523060706095e-07,
    0.00012128611706430092,
    5.471678150570369e-07,
    6.562347152794246e-06,
    1.02237390819937e-06,
    4.510830819981493e-07,
    1.2893199254904175e-06,
    3.9058699030647404e-07,
    6.237873458303511e-05,
    6.501093594124541e-06,
    1.408676098435535e-06,
    4.5230223122416646e-07,
    2.385315838182578e-07,
    1.1344192898832262e-05,
    2.452493674809375e-07,
    4.0147025970327377e-07,
    5.078340109321289e-06,
    4.919829166283307e-07,
    5.042648467679101e-07,
    3.214431490050629e-05,
    3.361300696269609e-05,
    2.020093745613849e-07,
    2.0105660951230675e-05,
    8.872574852603066e-08,
    6.325914370108876e-08,
    4.503056698013097e-05,
    5.212786291508564e-08,
    4.512217088858961e-08,
    6.794409159738279e-07,
    2.062083876808174e-05,
    4.4842877855444385e-08,
    2.811734312047065e-08,
    2.9858470952603966e-05,
    4.8856072965008934e-08,
    1.8955443437107533e-08,
    3.4599042919580825e-07,
    1.5084541615806302e-08,
    3.8397496382458485e-07,
    1.9623101366050832e-08,
    1.500093027573257e-08,
    2.704311441448226e-08,
    2.5715792162372964e-07,
    2.6177499421464745e-06,
    1.0222490409717011e-08,
    1.1119782072910311e-07,
    2.6538782549323514e-06,
    8.382911254045666e-09,
    1.935946784215048e-05,
    2.0202076029818272e-06,
    1.252585057898159e-08,
    7.65067816246301e-05,
    1.2047360442579702e-08,
    5.256110213736065e-09,
    1.2792685083695687e-05,
    1.0128716532165072e-08,
    8.879665074346121e-06,
    4.585515256394501e-08,
    3.398857728598159e-08,
    6.041524169830836e-09,
    2.9305882165431285e-09,
    1.0899050550960965e-08,
    7.002881119433368e-08,
    5.327699170720734e-09,
    4.1997052903752774e-05,
    4.874243675345724e-09,
    2.106289230141556e-06,
    2.206716817454435e-05,
    1.5088520655126558e-08,
    1.5129160146898357e-07,
    3.177677854182548e-06,
    8.100869308691472e-09,
    6.434883835026994e-05,
    1.2973712770758539e-08,
    7.158531047934957e-07,
    5.468724702950567e-05,
    7.4177801678843025e-09,
    3.6426897054298024e-07,
    1.6513758964720182e-06,
    2.3371902102553577e-07,
    7.502266271330882e-06,
    9.836830905385341e-09,
    1.0916387793713511e-08,
    8.655501005705446e-06,
    3.536745498422533e-05,
    1.2748893496450364e-08,
    0.0012775228824466467,
    1.2499344848038163e-07,
    5.851631001974056e-08,
    3.725894970330046e-08,
    2.5411289072962973e-08,
    1.8739939378065174e-08,
    1.6211291864465238e-08,
    1.4649309321157489e-08,
    4.305424226913601e-05,
    5.455202156667838e-08,
    7.831906259525567e-05,
    1.2968203577656823e-07,
    1.786291250027716e-05,
    3.4582591013077035e-08,
    1.6479402731306436e-08,
    4.00202088712831e-06,
    1.0687692508781765e-07,
    4.47625461674761e-06,
    2.2484398343181056e-08,
    3.6440724215935916e-08,
    9.036889991875796e-08,
    1.3043774060861324e-08,
    5.579943717748392e-06,
    1.4603729781015318e-08,
    5.176834179110301e-07,
    2.5741360332176555e-07,
    1.9771796360146254e-05,
    3.1156552893207845e-08,
    5.591115836978133e-07,
    3.6823650589212775e-05,
    5.282849713239557e-08,
    1.3116033187543508e-05,
    3.51189690661613e-08,
    1.5930281449527683e-07,
    9.607802553546207e-09,
    2.6471201636013575e-05,
    1.2527962667263637e-07,
    5.704721388610778e-06,
    1.5195362834674597e-07,
    1.4423476386582479e-06,
    7.1353012387476156e-09,
    3.9224059378284437e-07,
    1.2350768940905255e-07,
    2.2897061171534006e-06,
    3.00330214031419e-07,
    6.4874781102730594e-09,
    9.54395886765269e-07,
    5.184348083275836e-06,
    2.018624854827067e-06,
    2.3575239538331516e-06,
    4.4319463654574065e-07,
    2.3226775169860048e-07,
    1.0442484210670955e-07,
    2.130270715383631e-08,
    1.3055645453619036e-08,
    8.973351839358656e-09,
    5.199757957541351e-09,
    9.118911847849631e-09,
    7.424042109960283e-07,
    6.61901022880329e-09,
    8.094949635051307e-07,
    1.0330482780318562e-07,
    1.302625207699748e-08,
    2.670146592720357e-08,
    2.399095819782815e-06,
    1.325712872812801e-08,
    7.824276337942138e-09,
    1.3340244549908675e-05,
    8.099171111553005e-08,
    3.239226842310927e-08,
    7.857277523726225e-06,
    3.975941353928647e-08,
    8.682476391186356e-07,
    8.132865048082749e-09,
    6.4220895268363165e-09,
    7.051764328025456e-07,
    2.849110956049117e-07,
    2.626957318341283e-08,
    1.5198869732557796e-05,
    1.6439008732049842e-07,
    5.539768608286977e-06,
    1.520541559330013e-08,
    6.670842594758142e-06,
    2.0268359435249295e-08,
    1.4729129361512605e-05,
    1.24041488192006e-08,
    1.558613682561827e-08,
    9.041887238936397e-09,
    7.881126657593995e-05,
    8.426228603752861e-09,
    1.708878727413321e-08,
    4.616839760274161e-06,
    1.0528772691031918e-05,
    1.861332776798008e-08,
    7.585603725601686e-06,
    1.9352853541931836e-08,
    7.154091576921928e-07,
    1.0034347575071934e-08,
    3.614434973542302e-08,
    1.1868932503489305e-08,
    6.139835306839814e-09,
    1.0024270977737615e-06,
    1.3157201550484388e-08,
    1.8937638742499985e-05,
    2.556350864324486e-08,
    5.932670354980019e-09,
    5.195845975691782e-09,
    3.973064544027238e-09,
    4.0295993208872005e-09,
    3.337859322272152e-09,
    4.6177537349478825e-09,
    3.1982476684788708e-06,
    2.0843826860073023e-06,
    5.962188520669542e-09,
    7.687410708001607e-09,
    1.869657069164532e-07,
    5.9800868257298134e-06,
    2.2753859241220198e-08,
    7.984646117620287e-07,
