{
  "version": "plots/_T_7_5_y0_0_001_network_architectures_4_50_activations_tanh_learning_rates_0_001_collocations_1024_epochs_50000_regularization_reg_derivative_reg_epochs_1_reg_coeff_1_reg_decay_1_/run_3",
  "seed": 1,
  "y0": 0.001,
  "T": 7.5,
  "N_col": 1024,
  "N_hidden": 4,
  "N_neurons": 50,
  "activation": "tanh",
  "N_epochs": 50000,
  "learning_rate": 0.001,
  "decay_rate": 1.0,
  "freq_log": 100,
  "freq_print": 1000,
  "keys_print": [
    "loss"
  ],
  "freq_save": 0,
  "regularization": "reg_derivative",
  "reg_coeff": 1,
  "reg_decay": 1,
  "reg_epochs": 1,
  "loss": [
    0.5995762944221497,
    0.12202788144350052,
    0.0938214361667633,
    0.08891142904758453,
    0.07868453860282898,
    0.08037151396274567,
    0.0669022798538208,
    0.0659661814570427,
    0.05442843958735466,
    0.05663641169667244,
    0.04964875802397728,
    0.0515475869178772,
    0.0528709813952446,
    0.054840635508298874,
    0.0544964075088501,
    0.05060374736785889,
    0.049479179084300995,
    0.05201757699251175,
    0.050412360578775406,
    0.04785620793700218,
    0.055407144129276276,
    0.05002523958683014,
    0.0575246624648571,
    0.04893844574689865,
    0.046247027814388275,
    0.04735322669148445,
    0.04482342675328255,
    0.04737182706594467,
    0.04820389300584793,
    0.045380450785160065,
    0.04767666012048721,
    0.04819948971271515,
    0.05133800208568573,
    0.04779265075922012,
    0.04594586789608002,
    0.05282749980688095,
    0.04581911489367485,
    0.05089295655488968,
    0.050039567053318024,
    0.04692262411117554,
    0.05007646232843399,
    0.07067334651947021,
    0.049216028302907944,
    0.04709654301404953,
    0.04601006209850311,
    0.04600626975297928,
    0.047200411558151245,
    0.04920294135808945,
    0.0491388775408268,
    0.04973119497299194,
    0.046524032950401306,
    0.045706167817115784,
    0.0495062917470932,
    0.04869282245635986,
    0.04688188061118126,
    0.04612656682729721,
    0.04471243917942047,
    0.04429693892598152,
    0.04474466294050217,
    0.04424385353922844,
    0.047808945178985596,
    0.048836007714271545,
    0.04594884812831879,
    0.04560639709234238,
    0.046489134430885315,
    0.04733344167470932,
    0.051607489585876465,
    0.04877009987831116,
    0.05192447453737259,
    0.046057529747486115,
    0.04640362411737442,
    0.04581518471240997,
    0.0465143546462059,
    0.04639364033937454,
    0.04750784486532211,
    0.04441912844777107,
    0.04289605841040611,
    0.0452117882668972,
    0.04777247831225395,
    0.0498359277844429,
    0.04901915416121483,
    0.04861244186758995,
    0.04728095233440399,
    0.05003432556986809,
    0.047105591744184494,
    0.047640569508075714,
    0.04448322206735611,
    0.04597143083810806,
    0.049576908349990845,
    0.04471004754304886,
    0.04878009483218193,
    0.04467014595866203,
    0.043471213430166245,
    0.04480893164873123,
    0.04612993448972702,
    0.04585997015237808,
    0.04632951319217682,
    0.04717164859175682,
    0.04757625609636307,
    0.049071911722421646,
    0.048097334802150726,
    0.04672643542289734,
    0.04921218007802963,
    0.04591032862663269,
    0.04784480109810829,
    0.04858507215976715,
    0.04610881954431534,
    0.04723384603857994,
    0.047399766743183136,
    0.048542436212301254,
    0.04577907174825668,
    0.04982759803533554,
    0.053101226687431335,
    0.04739264026284218,
    0.04693109914660454,
    0.046216536313295364,
    0.04675551503896713,
    0.04860970377922058,
    0.04736838862299919,
    0.04386340081691742,
    0.04730686545372009,
    0.04636822268366814,
    0.0488821305334568,
    0.04434329643845558,
    0.0469944030046463,
    0.04799855500459671,
    0.04478885605931282,
    0.04571846127510071,
    0.04654575139284134,
    0.04910062998533249,
    0.046270012855529785,
    0.04396982863545418,
    0.04623798280954361,
    0.047387756407260895,
    0.04411288723349571,
    0.04801458492875099,
    0.04671608656644821,
    0.046756476163864136,
    0.04698136821389198,
    0.04653294384479523,
    0.04768914356827736,
    0.04529038816690445,
    0.04490788280963898,
    0.04793357476592064,
    0.04769475758075714,
    0.04564758762717247,
    0.04442702233791351,
    0.042317286133766174,
    0.04521070420742035,
    0.04967663437128067,
    0.047507911920547485,
    0.04447460174560547,
    0.047671396285295486,
    0.050614986568689346,
    0.04325045645236969,
    0.04623700678348541,
    0.04538923501968384,
    0.048217594623565674,
    0.04740624129772186,
    0.05167171731591225,
    0.044391877949237823,
    0.04457208141684532,
    0.04441829025745392,
    0.04460979253053665,
    0.04903652146458626,
    0.0468951016664505,
    0.04735534265637398,
    0.04738451540470123,
    0.04870818555355072,
    0.0502735935151577,
    0.04838879778981209,
    0.04584134370088577,
    0.046325549483299255,
    0.04657241329550743,
    0.048373740166425705,
    0.04593312740325928,
    0.047411106526851654,
    0.04753883183002472,
    0.04470206797122955,
    0.04591252654790878,
    0.046023622155189514,
    0.04528145119547844,
    0.0453563891351223,
    0.04380571097135544,
    0.04478587210178375,
    0.04878891259431839,
    0.04924827069044113,
    0.0454411543905735,
    0.04500184208154678,
    0.04967676103115082,
    0.042848289012908936,
    0.04481983929872513,
    0.049146611243486404,
    0.04713929444551468,
    0.04590167477726936,
    0.046213969588279724,
    0.05087317153811455,
    0.048280104994773865,
    0.04956542328000069,
    0.04427921026945114,
    0.04416954517364502,
    0.045142076909542084,
    0.0427863635122776,
    0.046488285064697266,
    0.0453612357378006,
    0.04693354666233063,
    0.04462140053510666,
    0.0484999418258667,
    0.05080277845263481,
    0.04361174628138542,
    0.046883292496204376,
    0.04674682021141052,
    0.049647822976112366,
    0.04679623991250992,
    0.04927615821361542,
    0.04727534204721451,
    0.048512011766433716,
    0.04615796357393265,
    0.04519457370042801,
    0.04585723206400871,
    0.04967406019568443,
    0.04656728357076645,
    0.04798422381281853,
    0.04552067071199417,
    0.04440266266465187,
    0.047813065350055695,
    0.045474790036678314,
    0.046012453734874725,
    0.04559800773859024,
    0.04561202600598335,
    0.04494483396410942,
    0.04455777257680893,
    0.046415217220783234,
    0.04331912100315094,
    0.04861513152718544,
    0.04971602186560631,
    0.053991008549928665,
    0.0447099506855011,
    0.04628092050552368,
    0.046373479068279266,
    0.04335691034793854,
    0.0474703423678875,
    0.04589216038584709,
    0.04981900006532669,
    0.04682159423828125,
    0.048166535794734955,
    0.04669048637151718,
    0.0449959859251976,
    0.04657098650932312,
    0.045941099524497986,
    0.0456637367606163,
    0.04768642038106918,
    0.050609201192855835,
    0.049021534621715546,
    0.04686351120471954,
    0.04761775583028793,
    0.04458284378051758,
    0.04804670438170433,
    0.0475127138197422,
    0.04335741326212883,
    0.04453372582793236,
    0.04707584157586098,
    0.04827229678630829,
    0.04635191708803177,
    0.04765310883522034,
    0.046115897595882416,
    0.04870833083987236,
    0.050930313766002655,
    0.04474757984280586,
    0.047479525208473206,
    0.04458541423082352,
    0.04667151719331741,
    0.04858074337244034,
    0.048575419932603836,
    0.049736566841602325,
    0.04711368680000305,
    0.05058000981807709,
    0.04837420582771301,
    0.043556176126003265,
    0.046646181493997574,
    0.04428507387638092,
    0.04541410878300667,
    0.04471735656261444,
    0.046104803681373596,
    0.04422258585691452,
    0.045126065611839294,
    0.04539880156517029,
    0.05073406547307968,
    0.04790801927447319,
    0.050740163773298264,
    0.05386382341384888,
    0.04745780676603317,
    0.04934999719262123,
    0.047271426767110825,
