{
  "version": "plots/_T_7_5_y0_0_01_network_architectures_4_50_activations_tanh_learning_rates_0_001_collocations_1024_epochs_50000_regularization_unstable_fp_reg_epochs_1_reg_coeff_10_reg_decay_1_/run_2",
  "seed": 1,
  "y0": 0.01,
  "T": 7.5,
  "N_col": 1024,
  "N_hidden": 4,
  "N_neurons": 50,
  "activation": "tanh",
  "N_epochs": 50000,
  "learning_rate": 0.001,
  "decay_rate": 1.0,
  "freq_log": 100,
  "freq_print": 1000,
  "keys_print": [
    "loss"
  ],
  "freq_save": 0,
  "regularization": "unstable_fp",
  "reg_coeff": 10,
  "reg_decay": 1,
  "reg_epochs": 1,
  "loss": [
    0.0093689551576972,
    0.0011448970763012767,
    0.001109693432226777,
    0.0011691851541399956,
    0.0010525615653023124,
    0.0011153934756293893,
    0.0011776427272707224,
    0.0011001316597685218,
    0.0011091346386820078,
    0.001134043443016708,
    0.0011073002824559808,
    0.001142586930654943,
    0.001133552985265851,
    0.0011578166158869863,
    0.00119114073459059,
    0.0010928318370133638,
    0.0010148092405870557,
    0.0011058729141950607,
    0.0010920807253569365,
    0.001168778631836176,
    0.0011603834573179483,
    0.0013585751876235008,
    0.00436839135363698,
    0.0011300890473648906,
    0.0022499263286590576,
    0.001035149209201336,
    0.0017153959488496184,
    0.0010623025009408593,
    0.0005579396965913475,
    0.000664493883959949,
    0.0006678665522485971,
    0.0005935957306064665,
    0.0013714710948988795,
    0.0005515727680176497,
    0.0006107616936787963,
    0.001004336285404861,
    0.0008512671338394284,
    0.0005726204253733158,
    0.0006505186902359128,
    0.0004754017572849989,
    0.0009093164117075503,
    0.0005918896058574319,
    0.0006266578566282988,
    0.000584965746384114,
    0.0014014214975759387,
    0.0019083620281890035,
    0.0006593023426830769,
    0.0006410041241906583,
    0.0005706193624064326,
    0.0005267345695756376,
    0.0006139974575489759,
    0.0005668409867212176,
    0.0005332616856321692,
    0.0005562772275879979,
    0.0005420807283371687,
    0.0006866795010864735,
    0.0004896447062492371,
    0.0007654012879356742,
    0.0005110171041451395,
    0.00048274878645315766,
    0.00050113454926759,
    0.0004931114381179214,
    0.0004666681634262204,
    0.00048188137589022517,
    0.00048614764818921685,
    0.0004342727188486606,
    0.000185788405360654,
    0.000267554831225425,
    0.0005370307480916381,
    0.0006927621434442699,
    0.0006017026025801897,
    0.0006022388697601855,
    0.0004608281597029418,
    0.00047593959607183933,
    0.0007261873688548803,
    0.0005416898056864738,
    0.00048075191443786025,
    0.0004827883676625788,
    0.0005204835906624794,
    0.0004408360691741109,
    0.00046787766041234136,
    0.0005096261738799512,
    0.0005405760020948946,
    0.0004103741957806051,
    0.00048486798186786473,
    0.00047048047417774796,
    0.0006750402972102165,
    0.0005129007622599602,
    0.0005054151988588274,
    0.0007023721700534225,
    0.0004464964149519801,
    0.0004838714958168566,
    0.0009133575367741287,
    0.0005348900449462235,
    0.0009172602440230548,
    0.0008496381342411041,
    0.000880784762557596,
    0.0008500112453475595,
    0.0008495121728628874,
    0.0015330216847360134,
    0.00048650478129275143,
    0.00045424638665281236,
    0.0005981680005788803,
    0.0005295835435390472,
    0.0005089753540232778,
    0.00022112639271654189,
    0.0002237422449979931,
    0.0005789885763078928,
    0.0005587452324107289,
    0.0006278109503909945,
    0.0006175047601573169,
    0.0005633481778204441,
    0.0005739059415645897,
    0.0005080398987047374,
    0.0002084823790937662,
    0.0005042180418968201,
    0.0004787126381415874,
    0.0005187626811675727,
    0.00028289371402934194,
    0.0005828726571053267,
    0.0004539561632554978,
    0.0004643232678063214,
    0.0004769007791765034,
    0.000497112050652504,
    0.00045615207636728883,
    0.00047683599404990673,
    0.0006323516136035323,
    0.001063768519088626,
    0.0004350923700258136,
    0.0004640406114049256,
    0.00048574499669484794,
    0.0004530865990091115,
    0.0003326299483887851,
    0.0005985066527500749,
    0.0007062812801450491,
    0.0001412153651472181,
    0.0001388720702379942,
    0.0005920280236750841,
    0.00016807579959277064,
    0.00028639769880101085,
    0.00020352449791971594,
    0.00036627030931413174,
    0.00015977431030478328,
    0.0001642221468500793,
    0.0002907895250245929,
    0.00026730462559498847,
    0.00013566332927439362,
    0.00016899374895729125,
    0.00020683159527834505,
    0.0001144333800766617,
    0.0006513717235065997,
    0.00018058763816952705,
    0.0001700185821391642,
    0.0003214649041183293,
    0.0002097063115797937,
    0.00015174777945503592,
    0.0001318274880759418,
    0.00018652909784577787,
    0.00017350695270579308,
    0.0001647536555537954,
    0.00018295776681043208,
    0.0001151585893239826,
    0.0002111396170221269,
    0.00011681084288284183,
    0.00013089246931485832,
    0.00019984821847174317,
    0.00012163465726189315,
    0.00026544369757175446,
    0.0001177209269371815,
    0.00012644869275391102,
    0.00012133200652897358,
    0.0001289805513806641,
    0.0002770917781163007,
    0.00017597139230929315,
    0.00012828019680455327,
    0.00011002158862538636,
    0.00015670497668907046,
    0.00010906296665780246,
    0.00020251145178917795,
    0.00011510432523209602,
    0.0001994864287553355,
    0.00019660204998217523,
    0.00012094680278096348,
    0.00011700540198944509,
    0.00019544718088582158,
    0.00010153774928767234,
    0.0002776878827717155,
    0.00015794395585544407,
    0.00010309374192729592,
    0.00011547002213774249,
    0.00020465442503336817,
    0.00012791497283615172,
    0.00010866927914321423,
    0.00015096171409823,
    0.00011148056364618242,
    0.00011602132872212678,
    0.00015255235484801233,
    0.00016402400797232985,
    0.00010646600276231766,
    0.00011892521433765069,
    0.00011431689199525863,
    0.0001385436044074595,
    0.0001181374245788902,
    0.00016554401372559369,
    0.00010666738671716303,
    0.00014245312195271254,
    0.0001111377205234021,
    0.00011403035023249686,
    0.00014338557957671583,
    0.00014491088222712278,
    0.00010526640107855201,
    0.0001903459196910262,
    0.00010704543092288077,
    0.00010525978723308071,
    0.00011621630983427167,
    0.000178262431290932,
    0.00015475330292247236,
    0.00018937207642011344,
    0.00015496932610403746,
    0.0001613751519471407,
    0.00011136222747154534,
    0.00013540383952204138,
    0.00010480976197868586,
    0.00012750238238368183,
    0.0001398655294906348,
    0.00011945391452172771,
    0.00013250092160888016,
    0.00011873831681441516,
    0.00013270684576127678,
    0.00012669258285313845,
    0.0001098549400921911,
    0.00011750099656637758,
    0.0001210530026583001,
    0.00011003138206433505,
    0.00011294617434032261,
    0.00011787854600697756,
    0.00010370104428147897,
    0.0001458659244235605,
    0.0001072297673090361,
    0.00011502551205921918,
    0.00012452971714083105,
    0.00014087028102949262,
    0.00010953844321193174,
    0.00012218304618727416,
    0.00014690111856907606,
    0.00010829838720383123,
    0.00010294836829416454,
    0.00012453808449208736,
    0.0001052056613843888,
    0.00012617901666089892,
    0.00017954703071154654,
    0.000100265460787341,
    0.00010950665455311537,
    0.00012690627772826701,
    0.00011970516061410308,
    0.00010880254558287561,
    0.00011354278831277043,
    0.00014259046292863786,
    0.00011200833250768483,
    0.00015669778804294765,
    0.0001334811677224934,
    0.00011294615978840739,
    0.00013451419363263994,
    0.00010616340296110138,
    0.0001280659344047308,
    0.00011803994129877537,
    0.00010760156146716326,
    0.00011688543600030243,
    0.00010824763012351468,
    0.00014362030196934938,
    0.0001307691854890436,
