{
  "version": "plots/_T_10_y0_0_001_network_architectures_4_50_activations_tanh_learning_rates_0_001_collocations_1024_epochs_50000_regularization_no_reg_reg_epochs_1_reg_coeff_1_reg_decay_1_/run_8",
  "seed": 1,
  "y0": 0.001,
  "T": 10,
  "N_col": 1024,
  "N_hidden": 4,
  "N_neurons": 50,
  "activation": "tanh",
  "N_epochs": 50000,
  "learning_rate": 0.001,
  "decay_rate": 1.0,
  "freq_log": 100,
  "freq_print": 1000,
  "keys_print": [
    "loss"
  ],
  "freq_save": 0,
  "regularization": "no_reg",
  "reg_coeff": 1,
  "reg_decay": 1,
  "reg_epochs": 1,
  "loss": [
    0.11822302639484406,
    1.3887777640775312e-05,
    1.5408427316287998e-06,
    1.285193434341636e-06,
    1.0183853191847447e-06,
    9.240354756911984e-07,
    7.3765932029346e-07,
    6.046967655493063e-07,
    5.100291105009092e-07,
    3.981307941103296e-07,
    3.3590606562938774e-07,
    3.560372761057806e-07,
    3.1099304464987654e-07,
    3.143284743600816e-07,
    2.8075754698875244e-07,
    2.937910892342188e-07,
    2.1886592094233492e-07,
    2.9054837114017573e-07,
    2.2509033215101226e-07,
    2.3426240147728095e-07,
    2.409064450148435e-07,
    2.230463280739059e-07,
    2.0902062658478826e-07,
    2.4369717266381485e-07,
    2.2112423891940125e-07,
    2.149370175175136e-07,
    2.1322318843886023e-07,
    2.0555150115342258e-07,
    1.925568540173117e-07,
    3.165285136219609e-07,
    4.2140106870647287e-07,
    2.345790619528998e-07,
    5.235176649875939e-05,
    3.699238106946723e-07,
    1.6964189853752032e-05,
    2.561253893418325e-07,
    5.560115823755041e-06,
    0.0001013815199257806,
    2.7650963829728425e-07,
    5.0459821068216115e-06,
    2.20737092604395e-07,
    2.2873921068367054e-07,
    2.0651253862524754e-07,
    8.265369615401141e-07,
    7.439060141223308e-07,
    2.066053212956831e-07,
    2.0972873926439206e-07,
    1.667380047365441e-06,
    2.872548634513805e-07,
    2.6822851850738516e-07,
    6.48635477773496e-07,
    1.937178808475437e-07,
    2.212947833868384e-07,
    3.6504463878372917e-06,
    2.436680688333581e-07,
    2.9632818154823326e-07,
    3.155247895847424e-06,
    2.0884191087588988e-07,
    2.4364470618820633e-07,
    2.5500346509943483e-06,
    2.0935357269991073e-07,
    1.9415466567807016e-07,
    5.479239462147234e-07,
    1.5955336039041867e-06,
    3.140903572784737e-05,
    2.3352870925918978e-07,
    0.0002979505807161331,
    2.0509779119493032e-07,
    2.2253159670526657e-07,
    1.981698716235769e-07,
    4.7923331294441596e-06,
    0.00038586033042520285,
    2.0497196828728192e-07,
    2.5526944114062644e-07,
    2.3052928099787096e-07,
    1.7941394503395713e-07,
    2.5082476895477157e-07,
    2.4336290493920387e-07,
    5.757995040767128e-07,
    2.1068953515168687e-07,
    2.2401312094189052e-07,
    2.2530478815951938e-07,
    2.5100143830059096e-06,
    2.0187502514090738e-07,
    2.2060766013964894e-07,
    1.8907417143054772e-07,
    4.0382565202889964e-07,
    2.1519055337648751e-07,
    4.956550583301578e-07,
    3.023130261681217e-07,
    4.3428786966615007e-07,
    5.040603718953207e-05,
    1.9404005513479206e-07,
    1.6904900235203968e-07,
    1.0849029422388412e-05,
    9.307701475336216e-06,
    2.238471807913811e-07,
    2.3587484974996187e-05,
    2.280533237808413e-07,
    2.2095343865657924e-07,
    1.6648948530928465e-07,
    3.825758540187962e-06,
    2.1760408230875328e-07,
    2.0030562097872462e-07,
    2.9559864742623176e-06,
    2.431205530228908e-07,
    2.2965451762502198e-07,
    1.9835591956507415e-05,
    2.049430634087912e-07,
    2.098403797390347e-07,
    2.614634126985038e-07,
    7.893651854828931e-06,
    2.1465682209509396e-07,
    2.0265406419639476e-07,
    1.8397165035821672e-07,
    2.178017268761323e-07,
    7.415982281600009e-07,
    9.812946518650278e-05,
    1.9323677236116055e-07,
    2.2054540238514164e-07,
    2.3055207520883414e-07,
    5.048314960731659e-06,
    1.07724076769955e-06,
    9.667251106293406e-07,
    1.8013804492511554e-07,
    2.5929873004315596e-07,
    2.341454035104107e-07,
    8.859374793246388e-05,
    1.37621020712686e-06,
    2.39587166106503e-07,
    1.9836660669625417e-07,
    1.834200986650103e-07,
    1.8597580719870166e-07,
    1.927681978486362e-07,
    1.7925529505191662e-07,
    1.9850065768878267e-07,
    2.2847240188639262e-07,
    1.8994700212715543e-07,
    2.025754781698197e-07,
    2.013916571286245e-07,
    1.956937580871454e-07,
    1.8437046378494415e-07,
    2.1588027721008984e-07,
    1.8352973540913808e-07,
    2.4259009023808176e-07,
    2.0707587111701287e-07,
    1.8506129606521426e-07,
    2.004463794946787e-07,
    1.841789725176568e-07,
    2.1575509379090363e-07,
    1.9984696564279147e-07,
    2.0451125237741508e-07,
    1.3200207149566268e-07,
    1.9708051013367367e-07,
    1.6731443963635684e-07,
    1.9212819779568235e-07,
    1.890464886855625e-07,
    2.0907327780150808e-07,
    2.0321203919593245e-07,
    1.9683332652675745e-07,
    2.0490992369559535e-07,
    1.8973335613736708e-07,
    2.0195764705022157e-07,
    2.100883875755244e-07,
    2.0957456570158683e-07,
    2.0191478711240052e-07,
    1.9406324724968727e-07,
    1.7935813900749054e-07,
    1.8797740608533786e-07,
    1.9295943332053866e-07,
    1.881859930108476e-07,
    1.9702690678968793e-07,
    1.978109906985992e-07,
    2.060614576748776e-07,
    1.9588372879297822e-07,
    1.891717431590223e-07,
    1.8216226749245834e-07,
    2.171447306409391e-07,
    1.81084487849148e-07,
    1.8689632952373358e-07,
    2.2933178911443974e-07,
    1.76979128241328e-07,
    3.2944433314696653e-07,
    2.456504830661288e-07,
    2.2244717001740355e-07,
    2.0921130783335684e-07,
    6.719716338920989e-07,
    2.0497179775702534e-07,
    3.037021940599516e-07,
    2.1589151799616957e-07,
    2.912040031333163e-07,
    9.227434816239111e-07,
    1.7298626175943355e-07,
    2.114236536954195e-07,
    2.2874897354085988e-07,
    3.9631080994695367e-07,
    2.4963878786365967e-07,
    3.3102605812018737e-07,
    4.1563461650184763e-07,
    2.032603134694e-07,
    1.9290752106826403e-07,
    3.860167225866462e-07,
    2.2683113343191508e-07,
    2.424114882160211e-07,
    3.020679741894128e-07,
    2.331588149218078e-07,
    1.9924014793559763e-07,
    2.263040244088188e-07,
    4.1212098267351394e-07,
    4.68641758288868e-07,
    2.2321231085697946e-07,
    2.846862798833172e-07,
    2.1199990385412093e-07,
    2.0414807977431337e-07,
    4.017646801912633e-07,
    1.777465001850942e-07,
    2.4803119913485716e-07,
    3.1073926720637246e-07,
    2.1512775560950104e-07,
    2.919216967711691e-06,
    9.699260772322305e-07,
    6.746377607669274e-07,
    5.19317381986184e-07,
    4.5714253360529256e-07,
    3.5957140198661364e-07,
    3.3782120567593665e-07,
    2.961365623832535e-07,
    2.897654667322058e-07,
    3.2177075581785175e-07,
    3.375636197233689e-07,
    2.672974233064451e-07,
    2.7265235758022754e-07,
    2.719430085562635e-07,
    3.18807849453151e-07,
    2.388948701081972e-07,
    3.279030238445557e-07,
    2.459206598359742e-07,
    2.574727204773808e-07,
    2.9430583481371286e-07,
    2.881883176542033e-07,
    2.5351948806928704e-07,
    2.155417462290643e-07,
    2.5241951107091154e-07,
    2.1458112087202608e-07,
    2.223450508154201e-07,
    2.3060303533384285e-07,
    2.0286682911319076e-07,
    2.4213102278736187e-07,
    2.1686001616672002e-07,
    2.3022255390969804e-07,
    2.294784309242459e-07,
    2.1053716636743047e-07,
    1.9977423448835907e-07,
    2.236050704595982e-07,
    2.072108031825337e-07,
    2.004405956768096e-07,
    2.1396853355781786e-07,
    2.2833278023881576e-07,
    1.8700556836392934e-07,
    1.8182082328621618e-07,
    7.763326834719919e-07,
    2.3116871261663618e-07,
    2.4212977223214693e-07,
    4.0201561546382436e-07,
    3.989352990174666e-06,
    2.7214960596211313e-07,
    2.4720716851334146e-07,
    2.1071370781555743e-07,
    3.303297262391425e-07,
