{
  "version": "plots/_T_7_5_y0_0_1_network_architectures_4_50_activations_tanh_learning_rates_0_001_collocations_1024_epochs_50000_regularization_reg_derivative_unstable_fp_reg_epochs_1_reg_coeff_1_reg_decay_1_/run_0",
  "seed": 1,
  "y0": 0.1,
  "T": 7.5,
  "N_col": 1024,
  "N_hidden": 4,
  "N_neurons": 50,
  "activation": "tanh",
  "N_epochs": 50000,
  "learning_rate": 0.001,
  "decay_rate": 1.0,
  "freq_log": 100,
  "freq_print": 1000,
  "keys_print": [
    "loss"
  ],
  "freq_save": 0,
  "regularization": "reg_derivative_unstable_fp",
  "reg_coeff": 1,
  "reg_decay": 1,
  "reg_epochs": 1,
  "loss": [
    0.008388837799429893,
    0.025288838893175125,
    0.012274300679564476,
    0.01632418856024742,
    0.011242426931858063,
    0.010546131059527397,
    0.010161716490983963,
    0.01024030614644289,
    0.015487981960177422,
    0.012127888388931751,
    0.01106876228004694,
    0.010696281678974628,
    0.010426808148622513,
    0.0125910434871912,
    0.010574599727988243,
    0.010182199999690056,
    0.01076660118997097,
    0.009901083074510098,
    0.01069028303027153,
    0.010292647406458855,
    0.009790823794901371,
    0.009770355187356472,
    0.009741457179188728,
    0.0096103111281991,
    0.009512479417026043,
    0.009546884335577488,
    0.009287597611546516,
    0.006515106651932001,
    0.006437097676098347,
    0.020108968019485474,
    0.014894041232764721,
    0.012571723200380802,
    0.006573835387825966,
    0.004828631412237883,
    0.00488807400688529,
    0.004565643146634102,
    0.0051579647697508335,
    0.005111241713166237,
    0.005236153956502676,
    0.0040915245190262794,
    0.004787310492247343,
    0.005215577315539122,
    0.005076959729194641,
    0.004658089950680733,
    0.004661260638386011,
    0.004874855279922485,
    0.004320747219026089,
    0.004702148027718067,
    0.00484132906422019,
    0.004786403384059668,
    0.005029736086726189,
    0.0044236029498279095,
    0.005300091579556465,
    0.005101049318909645,
    0.005344947334378958,
    0.004759517963975668,
    0.004944617860019207,
    0.0044278716668486595,
    0.005303709767758846,
    0.00493619404733181,
    0.004658452235162258,
    0.004513006657361984,
    0.005346938967704773,
    0.004928656853735447,
    0.005237405188381672,
    0.004735125228762627,
    0.0048946659080684185,
    0.004676447249948978,
    0.005204895976930857,
    0.004665970802307129,
    0.004986295476555824,
    0.004877122119069099,
    0.0047959936782717705,
    0.00564053887501359,
    0.0048231747932732105,
    0.004458126612007618,
    0.005495612043887377,
    0.0053330943919718266,
    0.005191450472921133,
    0.005108240060508251,
    0.0049950135871768,
    0.005018523894250393,
    0.004724893718957901,
    0.00482576247304678,
    0.005022246856242418,
    0.004728178959339857,
    0.005284059792757034,
    0.005195450969040394,
    0.004577998537570238,
    0.004508580546826124,
    0.004955833312124014,
    0.00392632931470871,
    0.004681060090661049,
    0.004313729703426361,
    0.004644304048269987,
    0.004761811811476946,
    0.004682200960814953,
    0.004615098237991333,
    0.005294215865433216,
    0.005118735134601593,
    0.0044019282795488834,
    0.004396188072860241,
    0.005048956722021103,
    0.00462728925049305,
    0.004672396928071976,
    0.005840073339641094,
    0.004279386717826128,
    0.004856457468122244,
    0.005114964675158262,
    0.004892525728791952,
    0.004995585419237614,
    0.004598646424710751,
    0.005010196939110756,
    0.004662808496505022,
    0.00458229286596179,
    0.005139131098985672,
    0.004629874601960182,
    0.004645588807761669,
    0.00468535115942359,
    0.005210245028138161,
    0.005426250863820314,
    0.005364006385207176,
    0.0048380047082901,
    0.004489727318286896,
    0.004368835128843784,
    0.005531735252588987,
    0.004878045059740543,
    0.005199167877435684,
    0.004981348291039467,
    0.005023702513426542,
    0.004602587781846523,
    0.004286336246877909,
    0.004311420954763889,
    0.004395970609039068,
    0.004260643385350704,
    0.004897764418274164,
    0.005290537141263485,
    0.004444871097803116,
    0.00476234033703804,
    0.004761098884046078,
    0.00448751263320446,
    0.004529606085270643,
    0.005179059691727161,
    0.004618857987225056,
    0.00553083885461092,
    0.004810657352209091,
    0.004519772250205278,
    0.00480215298011899,
    0.004495699889957905,
    0.004892791621387005,
    0.004849712364375591,
    0.004997914656996727,
    0.0034833706449717283,
    0.004815076012164354,
    0.0040899403393268585,
    0.004790218081325293,
    0.00467199832201004,
    0.004934653174132109,
    0.004678831901401281,
    0.0045112851075828075,
    0.004972632974386215,
    0.004766017664223909,
    0.004661086481064558,
    0.004958740435540676,
    0.004973279312252998,
    0.004799074959009886,
    0.004885977599769831,
    0.004364483058452606,
    0.004690452478826046,
    0.004790539387613535,
    0.004512729123234749,
    0.004955591633915901,
    0.004867782816290855,
    0.004979856312274933,
    0.0046419184654951096,
    0.004575416445732117,
    0.00468453299254179,
    0.005182346794754267,
    0.004400735255330801,
    0.004875980317592621,
    0.005634376313537359,
    0.0043935091234743595,
    0.004580001812428236,
    0.005364912562072277,
    0.0053091938607394695,
    0.005220174789428711,
    0.004622636362910271,
    0.004927267786115408,
    0.016097571700811386,
    0.005116818938404322,
    0.005853214301168919,
    0.004423864651471376,
    0.00428337138146162,
    0.005011599510908127,
    0.005309006664901972,
    0.00469604879617691,
    0.005087154917418957,
    0.005077728070318699,
    0.004904789384454489,
    0.004918534308671951,
    0.004539008252322674,
    0.005089290905743837,
    0.005050516687333584,
    0.005380997434258461,
    0.005217718426138163,
    0.005116990301758051,
    0.004341977182775736,
    0.0052830521017313,
    0.0050876569002866745,
    0.005140876397490501,
    0.004682871513068676,
    0.005345819517970085,
    0.0045340522192418575,
    0.004476495552808046,
    0.004911445081233978,
    0.004394098185002804,
    0.004792709834873676,
    0.005414212588220835,
    0.004850705154240131,
    0.004645158536732197,
    0.005093414802104235,
    0.0048559485003352165,
    0.004863486159592867,
    0.005336228292435408,
    0.005225836765021086,
    0.005011414177715778,
    0.004849424585700035,
    0.004775085486471653,
    0.0053713154047727585,
    0.005811655893921852,
    0.004753652028739452,
    0.004747341852635145,
    0.004805537406355143,
    0.00569476094096899,
    0.004467813763767481,
    0.005928956437855959,
    0.004576248116791248,
    0.004670784343034029,
    0.0054330225102603436,
    0.005471869371831417,
    0.004851856268942356,
    0.00430387444794178,
    0.004780056420713663,
    0.004671380389481783,
    0.004602133762091398,
    0.004775036592036486,
    0.004305099602788687,
    0.005253920331597328,
    0.00464364979416132,
    0.005087488796561956,
    0.004917124751955271,
    0.004692007787525654,
    0.004518849775195122,
    0.004943479783833027,
    0.004481247626245022,
    0.004603896290063858,
    0.004965383093804121,
    0.004958459176123142,
    0.004158826544880867,
    0.004300171043723822,
    0.0050128912553191185,
    0.004773349966853857,
    0.004725748207420111,
    0.004932026844471693,
    0.004267025738954544,
    0.0052185701206326485,
    0.005142196547240019,
    0.004659606143832207,
    0.004852039739489555,
    0.005349356681108475,
    0.00535040907561779,
    0.005116924177855253,
    0.004801425617188215,
    0.004468290135264397,
    0.005453079007565975,
    0.0051874383352696896,
    0.005475331097841263,
    0.004475345369428396,
    0.0055268979631364346,
    0.004966939799487591,
    0.004814969375729561,
    0.005245664622634649,
    0.004925011191517115,
    0.005202958360314369,
