{
  "version": "plots/_T_7_5_y0_0_1_network_architectures_4_50_activations_tanh_learning_rates_0_001_collocations_1024_epochs_50000_regularization_reg_derivative_reg_epochs_1_reg_coeff_0_01_reg_decay_1_/run_7",
  "seed": 1,
  "y0": 0.1,
  "T": 7.5,
  "N_col": 1024,
  "N_hidden": 4,
  "N_neurons": 50,
  "activation": "tanh",
  "N_epochs": 50000,
  "learning_rate": 0.001,
  "decay_rate": 1.0,
  "freq_log": 100,
  "freq_print": 1000,
  "keys_print": [
    "loss"
  ],
  "freq_save": 0,
  "regularization": "reg_derivative",
  "reg_coeff": 0.01,
  "reg_decay": 1,
  "reg_epochs": 1,
  "loss": [
    0.06436099857091904,
    0.012793812900781631,
    0.012508513405919075,
    0.01263735443353653,
    0.012404177337884903,
    0.012780096381902695,
    0.012725274078547955,
    0.012749810703098774,
    0.012719888240098953,
    0.012500464916229248,
    0.012251924723386765,
    0.013063406571745872,
    0.012832092121243477,
    0.013129533268511295,
    0.012794507667422295,
    0.01305482443422079,
    0.01224597916007042,
    0.013031928800046444,
    0.01250679325312376,
    0.01262354664504528,
    0.012680322863161564,
    0.012491746805608273,
    0.012545480392873287,
    0.012833263725042343,
    0.012707384303212166,
    0.012669387273490429,
    0.01248319260776043,
    0.012518873438239098,
    0.012399392202496529,
    0.013020725920796394,
    0.012701114639639854,
    0.012779044918715954,
    0.012435002252459526,
    0.012472519651055336,
    0.012639793567359447,
    0.012463446706533432,
    0.012787137180566788,
    0.012741772457957268,
    0.013015340082347393,
    0.012236040085554123,
    0.012607960030436516,
    0.012935074977576733,
    0.012672973796725273,
    0.012602118775248528,
    0.012637034058570862,
    0.012610041536390781,
    0.012338992208242416,
    0.01259410660713911,
    0.012718770653009415,
    0.01264006458222866,
    0.012820838019251823,
    0.012513399124145508,
    0.01289810799062252,
    0.012749383226037025,
    0.012934627942740917,
    0.012606499716639519,
    0.012795218266546726,
    0.012416364625096321,
    0.012943033128976822,
    0.012747765518724918,
    0.012637903913855553,
    0.012587808072566986,
    0.012947941198945045,
    0.01258869282901287,
    0.012925656512379646,
    0.012672715820372105,
    0.012573893181979656,
    0.012577762827277184,
    0.012758608907461166,
    0.012542753480374813,
    0.012663619592785835,
    0.012679008767008781,
    0.012569025158882141,
    0.013063308782875538,
    0.012595929205417633,
    0.012307630851864815,
    0.013031994923949242,
    0.012868789955973625,
    0.012819333001971245,
    0.012647025287151337,
    0.01278483122587204,
    0.012736666016280651,
    0.012508982792496681,
    0.01265190914273262,
    0.012731323949992657,
    0.012432433664798737,
    0.012859436683356762,
    0.012791691347956657,
    0.012520598247647285,
    0.012479526922106743,
    0.0126976752653718,
    0.012202543206512928,
    0.012545815669000149,
    0.012282924726605415,
    0.01265894528478384,
    0.012613290920853615,
    0.012622742913663387,
    0.012599572539329529,
    0.012905409559607506,
    0.012865500524640083,
    0.012257273308932781,
    0.012500409968197346,
    0.012743459083139896,
    0.012568849138915539,
    0.012502186000347137,
    0.01315968856215477,
    0.012462956830859184,
    0.01269108522683382,
    0.01269691251218319,
    0.012695733457803726,
    0.01270003616809845,
    0.012662419117987156,
    0.012783979997038841,
    0.01262602023780346,
    0.01243316289037466,
    0.01276668906211853,
    0.012503892183303833,
    0.012520046904683113,
    0.012537838891148567,
    0.012851820327341557,
    0.012927796691656113,
    0.012768106535077095,
    0.012634851038455963,
    0.012449408881366253,
    0.012388775125145912,
    0.012964148074388504,
    0.012610819190740585,
    0.012764090672135353,
    0.012748906388878822,
    0.0126727893948555,
    0.012520704418420792,
    0.012283775955438614,
    0.01228824071586132,
    0.012455902993679047,
    0.012326659634709358,
    0.012543647550046444,
    0.012871666811406612,
    0.012481948360800743,
    0.01259225606918335,
    0.012584575451910496,
    0.012520140036940575,
    0.012380510568618774,
    0.012717013247311115,
    0.012476867064833641,
    0.013058698736131191,
    0.012622999958693981,
    0.012402180582284927,
    0.012564624659717083,
    0.012374887242913246,
    0.012791277840733528,
    0.012589344754815102,
    0.012588073499500751,
    0.011792410165071487,
    0.012621654197573662,
    0.012221930548548698,
    0.012546703219413757,
    0.012502478435635567,
    0.012711437419056892,
    0.0126316137611866,
    0.012568303383886814,
    0.012694772332906723,
    0.012503894045948982,
    0.012591239996254444,
    0.01274283416569233,
    0.012724533677101135,
    0.012619535438716412,
    0.012572724372148514,
    0.012369005009531975,
    0.012512492015957832,
    0.01252063363790512,
    0.012480871751904488,
    0.012626470066606998,
    0.012610387057065964,
    0.012692437507212162,
    0.012527044862508774,
    0.01253423374146223,
    0.01246577873826027,
    0.012767490930855274,
    0.012354535982012749,
    0.012536132708191872,
    0.012947028502821922,
    0.012322193011641502,
    0.012470796704292297,
    0.012851213105022907,
    0.012897483073174953,
    0.012729363515973091,
    0.012435061857104301,
    0.012565559707581997,
    0.01276770792901516,
    0.012776306830346584,
    0.013225909322500229,
    0.012366266921162605,
    0.012279804795980453,
    0.012690412811934948,
    0.012874136678874493,
    0.012524554505944252,
    0.012756125070154667,
    0.012567843310534954,
    0.012675781734287739,
    0.012706814333796501,
    0.012492403388023376,
    0.012789571657776833,
    0.012640731409192085,
    0.01293804869055748,
    0.01293001789599657,
    0.012797667644917965,
    0.012253557331860065,
    0.01291903480887413,
    0.012842305935919285,
    0.012833449989557266,
    0.012519280426204205,
    0.012925708666443825,
    0.012532508000731468,
    0.012391121126711369,
    0.01261773332953453,
    0.01232923287898302,
    0.012561354786157608,
    0.013045955449342728,
    0.012654243037104607,
    0.012584293261170387,
    0.012792992405593395,
    0.012601520866155624,
    0.012533294968307018,
    0.012771403416991234,
    0.012848738580942154,
    0.012769391760230064,
    0.012782012112438679,
    0.012532984837889671,
    0.012980415485799313,
    0.01319103129208088,
    0.012603206560015678,
    0.01256602630019188,
    0.012655599042773247,
    0.013094875030219555,
    0.012511378154158592,
    0.013203687965869904,
    0.012519989162683487,
    0.012641790322959423,
    0.01297034788876772,
    0.012908026576042175,
    0.012624415569007397,
    0.012331165373325348,
    0.012518511153757572,
    0.012621510773897171,
    0.012454116716980934,
    0.012561468407511711,
    0.012409600429236889,
    0.012823352590203285,
    0.012450180947780609,
    0.012656225822865963,
    0.012688692659139633,
    0.012572253122925758,
    0.012370987795293331,
    0.012699858285486698,
    0.01247409451752901,
    0.012437127530574799,
    0.012612098827958107,
    0.01274142973124981,
    0.012233659625053406,
    0.01226687990128994,
    0.012673754245042801,
    0.012597400695085526,
    0.012410622090101242,
    0.012615542858839035,
    0.012205173261463642,
    0.012781854718923569,
    0.012957591563463211,
    0.012485680170357227,
    0.012659534811973572,
    0.01298263669013977,
    0.012881360948085785,
    0.012876847758889198,
    0.01269020326435566,
    0.012417525053024292,
    0.01288679987192154,
    0.012842302210628986,
    0.012969128787517548,
    0.012464964762330055,
    0.013091405853629112,
    0.01273833867162466,
    0.012615841813385487,
    0.012840218842029572,
    0.012697773054242134,
    0.012911262921988964,
    0.012401922605931759,
    0.012474662624299526,
