{
  "version": "plots/_T_7_5_y0_0_001_network_architectures_4_50_activations_tanh_learning_rates_0_001_collocations_1024_epochs_50000_regularization_no_reg_reg_epochs_1_reg_coeff_1_reg_decay_1_/run_3",
  "seed": 1,
  "y0": 0.001,
  "T": 7.5,
  "N_col": 1024,
  "N_hidden": 4,
  "N_neurons": 50,
  "activation": "tanh",
  "N_epochs": 50000,
  "learning_rate": 0.001,
  "decay_rate": 1.0,
  "freq_log": 100,
  "freq_print": 1000,
  "keys_print": [
    "loss"
  ],
  "freq_save": 0,
  "regularization": "no_reg",
  "reg_coeff": 1,
  "reg_decay": 1,
  "reg_epochs": 1,
  "loss": [
    4.704168796539307,
    0.01111418567597866,
    0.008370455354452133,
    0.00696021132171154,
    0.006118048448115587,
    0.006449347827583551,
    0.005863427184522152,
    0.0047161029651761055,
    0.004177656956017017,
    0.0029696328565478325,
    0.002265301765874028,
    0.0023399998899549246,
    0.001982396701350808,
    0.0018421272980049253,
    0.0015542992623522878,
    0.0014023145195096731,
    0.0010943538509309292,
    0.0009134160936810076,
    0.0007778838044032454,
    0.0006727101281285286,
    0.0005214144475758076,
    0.0003935238637495786,
    0.00032039801590144634,
    0.0002359654608881101,
    0.00019227930170018226,
    0.0001418470055796206,
    9.688537829788402e-05,
    8.113864168990403e-05,
    6.908751674927771e-05,
    6.181484059197828e-05,
    5.206621062825434e-05,
    4.622884443961084e-05,
    4.0980045014293864e-05,
    3.685109186335467e-05,
    3.2237596315098926e-05,
    2.6450419682078063e-05,
    2.8776565159205347e-05,
    2.36899359151721e-05,
    2.0214036339893937e-05,
    1.6948752090684138e-05,
    1.609363425814081e-05,
    1.4347235264722258e-05,
    1.2474007235141471e-05,
    1.0993446267093532e-05,
    9.77382660494186e-06,
    8.178302778105717e-06,
    6.723116712237243e-06,
    6.969733476580586e-06,
    5.717060503229732e-06,
    5.306878847477492e-06,
    4.9870959628606215e-06,
    3.7785100630571833e-06,
    3.8593425415456295e-06,
    3.347308393131243e-06,
    3.6794933748751646e-06,
    2.9662462566193426e-06,
    2.623467935336521e-06,
    2.3020327262202045e-06,
    2.4522587409592234e-06,
    2.1431335426314035e-06,
    2.5843316961982055e-06,
    1.7243502270503086e-06,
    2.5675574306660565e-06,
    2.1699925127904862e-06,
    1.8138543964596465e-06,
    1.4860800092719728e-06,
    1.9443914425210096e-06,
    4.614756107912399e-06,
    5.829697784065502e-06,
    1.5679054286010796e-06,
    1.7610977920412552e-06,
    4.518820787779987e-06,
    3.4941151625389466e-06,
    1.234726482834958e-06,
    1.1888104154422763e-06,
    1.1143455367346178e-06,
    1.660753332544118e-05,
    1.3128395949024707e-05,
    2.4239023332484066e-05,
    1.0553408174018841e-06,
    1.6250574844889343e-05,
    1.81204791260825e-06,
    8.157803677022457e-06,
    3.2301868486683816e-06,
    6.94068967277417e-06,
    4.771447493112646e-06,
    1.1830753692265716e-06,
    0.0005161705776117742,
    1.7053520195986493e-06,
    1.102662054108805e-06,
    1.8515490864956519e-06,
    7.309756711038062e-07,
    9.349665219815506e-07,
    1.011141557683004e-05,
    6.305870101641631e-07,
    8.229770173784345e-06,
    5.157613713890896e-07,
    3.3988594623224344e-06,
    1.2746580068778712e-05,
    1.8927539713331498e-06,
    9.473997124587186e-06,
    1.221886577695841e-06,
    3.057537696804502e-06,
    2.111875801347196e-05,
    1.2241716831340455e-05,
    9.563167395754135e-07,
    6.096571496527758e-07,
    1.633323154237587e-05,
    2.562514418968931e-05,
    7.076287147356197e-07,
    5.300303200783674e-07,
    1.2747868822771125e-06,
    1.6639220348224626e-06,
    2.9463356554515485e-07,
    3.485325942165218e-05,
    2.873017876936501e-07,
    2.92854394956521e-07,
    5.178877700018347e-07,
    6.00276962359203e-07,
    2.172759923269041e-05,
    3.290386132448475e-07,
    2.9102250209689373e-07,
    2.868537194444798e-07,
    2.3720161834717146e-07,
    3.4636042300917325e-07,
    1.326996243733447e-05,
    1.8956558051286265e-05,
    4.93838911097555e-07,
    3.837166104858625e-07,
    3.8398590618271555e-07,
    3.3696051104925573e-07,
    2.9760241204712656e-07,
    2.721968712648959e-07,
    2.9104279519742704e-07,
    2.929082256741822e-07,
    2.932038398739678e-07,
    3.119099574178108e-07,
    3.0080425972300873e-07,
    2.964491727652785e-07,
    6.737433977832552e-06,
    3.1837649316912575e-07,
    1.3647484593093395e-05,
    5.421691184892552e-07,
    3.860937454192026e-07,
    7.61027308726625e-07,
    1.4421523246710422e-06,
    3.792046754824696e-06,
    6.703160693177779e-07,
    5.9739586504292674e-06,
    9.758969827089459e-05,
    4.10539712447644e-07,
    3.8220306919356517e-07,
    2.056222456303658e-06,
    4.686426109401509e-07,
    3.9420962139047333e-07,
    8.249313623309718e-07,
    3.571232980448258e-07,
    4.1536645767337177e-07,
    3.8454118111985736e-06,
    3.0648732263216516e-07,
    3.401614208087267e-07,
    3.362803226991673e-07,
    4.033717573292961e-07,
    9.575123840477318e-07,
    3.688908918775269e-06,
    3.37460676291812e-07,
    6.040297648723936e-07,
    3.2322145671059843e-07,
    3.972639660787536e-06,
    4.5994076458555355e-07,
    1.7790378478821367e-05,
    4.539663791547355e-07,
    3.47852335380594e-07,
    3.3166060120493057e-07,
    1.0353302059229463e-05,
    3.034443238902895e-07,
    5.307470928528346e-06,
    2.2390720459952718e-06,
    2.996478940531233e-07,
    3.548720997059718e-07,
    4.6921780949560343e-07,
    1.18826983452891e-06,
    1.049892262017238e-06,
    2.0588190636772197e-06,
    5.868553785148833e-07,
    7.406981694657588e-07,
    2.1354103409976233e-06,
    7.356209152931115e-07,
    6.844894642199506e-07,
    4.880896995018702e-06,
    1.5924116496535135e-06,
    9.17766010388732e-06,
    7.531775736424606e-07,
    2.728044989908085e-07,
    8.037903285185166e-07,
    3.0801373895883444e-07,
    7.787431968608871e-06,
    1.0736433750935248e-06,
    1.1861239954669145e-06,
    2.0597376533260103e-06,
    3.7924746720818803e-07,
    5.684099733116454e-07,
    3.1198504757412593e-07,
    6.052304684089904e-07,
    1.9918797988793813e-06,
    5.017055855205399e-07,
    2.6389869844933855e-07,
    6.166358161863172e-07,
    4.084115516889142e-07,
    3.0046982146814116e-07,
    6.537257490890624e-07,
    4.1429748875998484e-07,
    1.862687713583e-05,
    3.166235842400056e-07,
    3.2604674515823717e-07,
    6.081903052290727e-07,
    6.462089913839009e-06,
    3.415767935166514e-07,
    4.5363100070971996e-05,
    2.862017254301463e-07,
    3.1131321520661004e-07,
    2.806231691465655e-07,
    2.659656104242458e-07,
    2.9358304232118826e-07,
    3.0677549034408e-07,
    2.863149290988076e-07,
    2.900745812439709e-07,
    2.607871465443168e-07,
    3.072524066283222e-07,
    3.3387644293725316e-07,
    2.7226479915043456e-07,
    2.6452238444107934e-07,
    2.708803208406607e-07,
    3.146421931887744e-07,
    2.6167768396589963e-07,
    3.2514708436792716e-07,
    2.579299405169877e-07,
    2.671021945843677e-07,
    3.006626911883359e-07,
    2.9981526949995896e-07,
    2.6761847493617097e-07,
    2.423285536679032e-07,
    2.531306790842791e-07,
    2.782128945000295e-07,
    2.525776494621823e-07,
    2.5760215294212685e-07,
    2.4426992695225636e-07,
    2.8627403025893727e-07,
    2.484533752067364e-07,
    2.750606427071034e-07,
    2.7401989655118086e-07,
    2.717419249620434e-07,
    2.394174885012035e-07,
    2.742781930464844e-07,
    2.756797812253353e-07,
    2.684248556761304e-07,
    2.6620568860380445e-07,
    3.1169426506494347e-07,
    2.3765781520523888e-07,
    5.081033123133238e-06,
    2.579813553893473e-06,
    2.6369446004537167e-07,
    2.73412979368004e-07,
    1.0227170150756137e-06,
    3.3657572657830315e-06,
    2.3364282242255285e-05,
    3.009906208717439e-07,
    2.822852707140555e-07,
    1.6113581295940094e-06,
    3.1178211656879284e-07,
    6.468764013334294e-07,
    2.994443661918922e-07,
