{
  "version": "plots/_T_10_y0_0_01_network_architectures_4_50_activations_tanh_learning_rates_0_001_collocations_1024_epochs_50000_regularization_reg_derivative_unstable_fp_reg_epochs_1_reg_coeff_100000_reg_decay_1_/run_7",
  "seed": 1,
  "y0": 0.01,
  "T": 10,
  "N_col": 1024,
  "N_hidden": 4,
  "N_neurons": 50,
  "activation": "tanh",
  "N_epochs": 50000,
  "learning_rate": 0.001,
  "decay_rate": 1.0,
  "freq_log": 100,
  "freq_print": 1000,
  "keys_print": [
    "loss"
  ],
  "freq_save": 0,
  "regularization": "reg_derivative_unstable_fp",
  "reg_coeff": 100000,
  "reg_decay": 1,
  "reg_epochs": 1,
  "loss": [
    0.9399719834327698,
    0.011843683198094368,
    0.0095541812479496,
    0.008525282144546509,
    0.008020837791264057,
    0.009010921232402325,
    0.009544200263917446,
    0.008582811802625656,
    0.008820454590022564,
    0.007927462458610535,
    0.007096634246408939,
    0.008542520925402641,
    0.009192771278321743,
    0.008881769143044949,
    0.007958555594086647,
    0.008889390155673027,
    0.00693642720580101,
    0.00841036718338728,
    0.0071927281096577644,
    0.009034037590026855,
    0.007094907108694315,
    0.007204151246696711,
    0.0077678305096924305,
    0.009249557740986347,
    0.007475794292986393,
    0.006828728597611189,
    0.007475559134036303,
    0.0070347776636481285,
    0.006410044617950916,
    0.007020330056548119,
    0.006217550486326218,
    0.006137584801763296,
    0.004336680751293898,
    0.0030749007128179073,
    0.003000778378918767,
    0.001910382299683988,
    0.0028578457422554493,
    0.0015739798545837402,
    0.0024494435638189316,
    0.0013888753019273281,
    0.001511097769252956,
    0.0016669792821630836,
    0.0013740864815190434,
    0.001573922112584114,
    0.0016699929255992174,
    0.0013924197992309928,
    0.0014336060266941786,
    0.001135560916736722,
    0.0012629510601982474,
    0.0010328375501558185,
    0.0012592802522704005,
    0.0013225013390183449,
    0.0010091301519423723,
    0.001007568440400064,
    0.0010382715845480561,
    0.0009034198010340333,
    0.0011762926587834954,
    0.0012591404374688864,
    0.0007268125773407519,
    0.0012341421097517014,
    0.0008176087867468596,
    0.0009501583990640938,
    0.0009072322864085436,
    0.0005048183375038207,
    0.0011261006584390998,
    0.0004848577664233744,
    0.0007163309492170811,
    0.0010496439645066857,
    0.0006720424280501902,
    0.0009530883398838341,
    0.0014140440616756678,
    0.0008493733475916088,
    0.0005503545398823917,
    0.047741346061229706,
    0.025017758831381798,
    0.015659360215067863,
    0.019936347380280495,
    0.01321239024400711,
    0.010015806183218956,
    0.007259886246174574,
    0.006954627577215433,
    0.005468242801725864,
    0.004689376335591078,
    0.004356524907052517,
    0.0036736505571752787,
    0.003211116883903742,
    0.003020638134330511,
    0.00322889955714345,
    0.0029622435104101896,
    0.0026844236999750137,
    0.002588247414678335,
    0.0017828653799369931,
    0.002111484995111823,
    0.0015782468253746629,
    0.0018130590906366706,
    0.0018520751036703587,
    0.001757571124471724,
    0.0016956136096268892,
    0.001430308329872787,
    0.0019502108916640282,
    0.000772667583078146,
    0.0016726430039852858,
    0.0011520901462063193,
    0.0013379458105191588,
    0.0012239802163094282,
    0.0015901379520073533,
    0.000983021454885602,
    0.0013519179774448276,
    0.0010232817148789763,
    0.0007001229678280652,
    0.000769142818171531,
    0.0013419946189969778,
    0.001112431869842112,
    0.000770704762544483,
    0.0006813411600887775,
    0.0006814492517150939,
    0.0010354173136875033,
    0.000660304503981024,
    0.001081562484614551,
    0.0009839440463110805,
    0.0006705952109768987,
    0.0008200800511986017,
    0.0009721569367684424,
    0.0007051125867292285,
    0.0006104537169449031,
    0.0007933524902909994,
    0.0009075473644770682,
    0.0011095715453848243,
    0.000980190932750702,
    0.0006652014562860131,
    0.0008812316227704287,
    0.0006561479531228542,
    0.0004389426321722567,
    0.0005092158098705113,
    0.000718464667443186,
    0.0005576931871473789,
    0.0008510155021212995,
    0.0007945981924422085,
    0.0009335231734439731,
    0.0006833529332652688,
    0.000689034175593406,
    0.0008926786831580102,
    0.0003452140954323113,
    0.0005963104194961488,
    0.000988060375675559,
    0.0008195053669624031,
    0.0005959906848147511,
    0.0009441160364076495,
    0.00034657056676223874,
    0.0008107242174446583,
    0.0004214361833874136,
    0.0005053275963291526,
    0.00046147513785399497,
    0.000678765180055052,
    0.0005134933162480593,
    0.0010202232515439391,
    0.0006384532316587865,
    0.0006036036647856236,
    0.001040769973769784,
    0.00086535036098212,
    0.0009546505170874298,
    0.0005441457033157349,
    0.000589410774409771,
    0.0005804819520562887,
    0.0007390036480501294,
    0.0004968915600329638,
    0.0006550789694301784,
    0.0005113230436109006,
    0.0006628474220633507,
    0.0003764634602703154,
    0.0007776961429044604,
    0.0006769326864741743,
    0.0004635306540876627,
    0.0013737209374085069,
    0.0005525735323317349,
    0.04397999122738838,
    0.01840602234005928,
    0.016279900446534157,
    0.012388279661536217,
    0.011046152561903,
    0.010387357324361801,
    0.006588077638298273,
    0.0059835598804056644,
    0.00573347695171833,
    0.005015912000089884,
    0.004025841131806374,
    0.0034779903944581747,
    0.0032829116098582745,
    0.003703158115968108,
    0.003593526780605316,
    0.0040063317865133286,
    0.0024319852236658335,
    0.002274596132338047,
    0.00281253969296813,
    0.002891757758334279,
    0.0021921226289123297,
    0.002765876241028309,
    0.0017959654796868563,
    0.0022678771056234837,
    0.0023987290915101767,
    0.001925058662891388,
    0.0023188681807368994,
    0.0015322614926844835,
    0.0022700955159962177,
    0.002462183590978384,
    0.0026506027206778526,
    0.0013605105923488736,
    0.0021526033524423838,
    0.001688605174422264,
    0.0021207001991569996,
    0.0011225705966353416,
    0.0019290392519906163,
    0.0018202016362920403,
    0.0014792799483984709,
    0.0015693632885813713,
    0.0012871688231825829,
    0.0014560034032911062,
    0.0020306578371673822,
    0.0015617817407473922,
    0.001967649906873703,
    0.0016824271297082305,
    0.0014690273674204946,
    0.0010772607056424022,
    0.001343633164651692,
    0.23433241248130798,
    0.034021273255348206,
    0.03767262399196625,
    0.027897611260414124,
    0.0362677127122879,
    0.03801678866147995,
    0.029851866886019707,
    0.02893758751451969,
    0.03020118735730648,
    0.03374670073390007,
    0.027392253279685974,
    0.03250628709793091,
    0.02555433101952076,
    0.02830767259001732,
    0.02934684231877327,
    0.026214975863695145,
    0.024314383044838905,
    0.01978275179862976,
    0.019040489569306374,
    0.021892156451940536,
    0.016867320984601974,
    0.017249995842576027,
    0.015836993232369423,
    0.01618788205087185,
    0.011432663537561893,
    0.01113111898303032,
    0.011825861409306526,
    0.010336445644497871,
    0.00786972139030695,
    0.008879434317350388,
    0.007648252882063389,
    0.005745492875576019,
    0.0057960920967161655,
    0.004252064973115921,
    0.002312727738171816,
    0.0016922394279390574,
    0.0015699792420491576,
    0.0010985166300088167,
    0.0008612419478595257,
    0.0007209456525743008,
    0.00052930525271222,
    0.0005440990207716823,
    0.0005146323819644749,
    0.0004254147061146796,
    0.00037530873669311404,
    0.000343490915838629,
    0.0003099869063589722,
    0.00028629618464037776,
    0.00024348341685254127,
    0.00018536089919507504,
    0.00019141768279951066,
    0.00015172305575106293,
    0.000143637545988895,
    0.00011691006511682644,
