{
  "version": "model_weights/_T_10_y0_0_01_network_architectures_4_50_activations_tanh_learning_rates_0_001_collocations_1024_epochs_50000_reg_epochs_1_0_reg_coeff_1_reg_decay_1_/run_17",
  "seed": 1,
  "y0": 0.01,
  "T": 10,
  "N_col": 1024,
  "N_hidden": 4,
  "N_neurons": 50,
  "activation": "tanh",
  "N_epochs": 50000,
  "learning_rate": 0.001,
  "decay_rate": 1.0,
  "freq_log": 100,
  "freq_print": 1000,
  "keys_print": [
    "loss"
  ],
  "freq_save": 0,
  "reg_coeff": 1,
  "reg_decay": 1,
  "reg_epochs": 1.0,
  "loss": [
    0.14068488776683807,
    0.13535240292549133,
    0.13535086810588837,
    0.13535083830356598,
    0.13534624874591827,
    0.1353316307067871,
    0.13524074852466583,
    0.1368798017501831,
    0.1353614330291748,
    0.13535849750041962,
    0.13535496592521667,
    0.13535816967487335,
    0.13535861670970917,
    0.1353595107793808,
    0.13535495102405548,
    0.1353551149368286,
    0.13534773886203766,
    0.13535360991954803,
    0.13534513115882874,
    0.13534535467624664,
    0.13533957302570343,
    0.13533733785152435,
    0.13532845675945282,
    0.13532260060310364,
    0.13531146943569183,
    0.13530223071575165,
    0.13528259098529816,
    0.13522180914878845,
    0.13512244820594788,
    0.13395622372627258,
    0.03161630779504776,
    0.03117561899125576,
    0.027693098410964012,
    0.027477582916617393,
    0.0285478588193655,
    0.027125053107738495,
    0.029909849166870117,
    0.029436184093356133,
    0.031072210520505905,
    0.02522263675928116,
    0.028335444629192352,
    0.0305657759308815,
    0.029284648597240448,
    0.028004884719848633,
    0.02821715548634529,
    0.028583763167262077,
    0.02636025846004486,
    0.027927234768867493,
    0.029138384386897087,
    0.028510868549346924,
    0.029161976650357246,
    0.027066025882959366,
    0.030618198215961456,
    0.029643770307302475,
    0.03091977909207344,
    0.028245672583580017,
    0.029474113136529922,
    0.02654331922531128,
    0.03083144687116146,
    0.029235918074846268,
    0.02822592668235302,
    0.027611471712589264,
    0.030747635290026665,
    0.02829069085419178,
    0.03076869808137417,
    0.0280313640832901,
    0.02845873311161995,
    0.027980342507362366,
    0.029881551861763,
    0.02781333401799202,
    0.029049960896372795,
    0.028907936066389084,
    0.028050988912582397,
    0.032133735716342926,
    0.028333712369203568,
    0.02603524923324585,
    0.031705040484666824,
    0.03059067390859127,
    0.030137408524751663,
    0.02892935276031494,
    0.029628466814756393,
    0.029385456815361977,
    0.027538718655705452,
    0.028501342982053757,
    0.029202226549386978,
    0.027171045541763306,
    0.03025873564183712,
    0.030002210289239883,
    0.027706198394298553,
    0.027204126119613647,
    0.02936789207160473,
    0.0247025266289711,
    0.027849286794662476,
    0.025905268266797066,
    0.02800506353378296,
    0.028154052793979645,
    0.02811162918806076,
    0.02795233204960823,
    0.030682377517223358,
    0.03032408468425274,
    0.026017077267169952,
    0.027105944231152534,
    0.029492108151316643,
    0.02789219655096531,
    0.027669470757246017,
    0.03306560218334198,
    0.026584995910525322,
    0.028891826048493385,
    0.029352467507123947,
    0.02890774980187416,
    0.029208149760961533,
    0.027921821922063828,
    0.029626458883285522,
    0.028006969019770622,
    0.0271372739225626,
    0.02982412651181221,
    0.027525775134563446,
    0.02758805640041828,
    0.027911582961678505,
    0.030302751809358597,
    0.030976146459579468,
    0.030268676578998566,
    0.028687987476587296,
    0.027050286531448364,
    0.026571225374937057,
    0.03127569332718849,
    0.028540588915348053,
    0.029879003763198853,
    0.029352376237511635,
    0.029090072959661484,
    0.027706606313586235,
    0.02579321712255478,
    0.025827651843428612,
    0.026823895052075386,
    0.026165055111050606,
    0.028204191476106644,
    0.030645353719592094,
    0.027154160663485527,
    0.028339453041553497,
    0.028168415650725365,
    0.02734968811273575,
    0.026672422885894775,
    0.029559340327978134,
    0.02753579616546631,
    0.03194905072450638,
    0.028353262692689896,
    0.027030998840928078,
    0.028193017467856407,
    0.026546530425548553,
    0.029395349323749542,
    0.028396638110280037,
    0.02863706275820732,
    0.02193577028810978,
    0.02844320982694626,
    0.025196732953190804,
    0.028068961575627327,
    0.027746833860874176,
    0.029088571667671204,
    0.02832164615392685,
    0.027597982436418533,
    0.02916652336716652,
    0.027808405458927155,
    0.027869321405887604,
    0.029314909130334854,
    0.02911415882408619,
    0.02839614264667034,
    0.02848786488175392,
    0.02630596235394478,
    0.027763444930315018,
    0.02787785232067108,
    0.027254611253738403,
    0.028822287917137146,
    0.028479672968387604,
    0.029177730903029442,
    0.027580013498663902,
    0.027451984584331512,
    0.02757362276315689,
    0.02970719337463379,
    0.026368318125605583,
    0.02836654707789421,
    0.03160905838012695,
    0.02624916285276413,
    0.027386585250496864,
    0.030417107045650482,
    0.030517758801579475,
    0.0295870341360569,
    0.027272043749690056,
    0.028493724763393402,
    0.029799163341522217,
    0.029652124270796776,
    0.03335060179233551,
    0.026295822113752365,
    0.026051821187138557,
    0.029146365821361542,
    0.03060796856880188,
    0.027790263295173645,
    0.029732873663306236,
    0.02869357168674469,
    0.02891557291150093,
    0.029065154492855072,
    0.027305932715535164,
    0.029755590483546257,
    0.029083870351314545,
    0.03101179748773575,
    0.030638642609119415,
    0.029881669208407402,
    0.02594764716923237,
    0.03077288158237934,
    0.03001660481095314,
    0.030067844316363335,
    0.02777494117617607,
    0.03093057870864868,
    0.02764415368437767,
    0.026757679879665375,
    0.028675781562924385,
    0.026235289871692657,
    0.028225338086485863,
    0.031510770320892334,
    0.028694316744804382,
    0.027954960241913795,
    0.030019767582416534,
    0.02843565121293068,
    0.028202928602695465,
    0.03022942878305912,
    0.030391883105039597,
    0.02956409566104412,
    0.029184628278017044,
    0.027874505147337914,
    0.03126704320311546,
    0.03316490724682808,
    0.028351549059152603,
    0.028030481189489365,
    0.028676088899374008,
    0.032388925552368164,
    0.027429312467575073,
    0.033342648297548294,
    0.02752804011106491,
    0.028211699798703194,
    0.03127720579504967,
    0.031054312363266945,
    0.02847377210855484,
    0.02615850418806076,
    0.027939248830080032,
    0.028377581387758255,
    0.027313973754644394,
    0.028094206005334854,
    0.02649194747209549,
    0.030159883201122284,
    0.027408508583903313,
    0.029229480773210526,
    0.028922278434038162,
    0.027964845299720764,
    0.02670520730316639,
    0.029152730479836464,
    0.027176035568118095,
    0.0271366648375988,
    0.028606601059436798,
    0.02932937815785408,
    0.025438211858272552,
    0.025777796283364296,
    0.028982514515519142,
    0.028317589312791824,
    0.027361348271369934,
    0.02884375862777233,
    0.025655187666416168,
    0.029865818098187447,
    0.030709007754921913,
    0.02759748138487339,
    0.028712797909975052,
    0.03123965859413147,
    0.030708396807312965,
    0.030295556411147118,
    0.02883000858128071,
    0.026871073991060257,
    0.030990954488515854,
    0.030158059671521187,
    0.03139427304267883,
    0.027050666511058807,
    0.032104283571243286,
    0.029294870793819427,
    0.02843688800930977,
    0.03033898025751114,
    0.029008138924837112,
    0.030557667836546898,
    0.0269942469894886,
    0.027363233268260956,
    0.026012785732746124,
    0.028973886743187904,
    0.025663327425718307,
    0.027977364137768745,
    0.028607426211237907,
    0.028543125838041306,
