{
  "version": "plots/_T_10_y0_0_1_network_architectures_4_50_activations_tanh_learning_rates_0_001_collocations_1024_epochs_50000_regularization_unstable_fp_reg_epochs_1_reg_coeff_100000_reg_decay_1_/run_7",
  "seed": 1,
  "y0": 0.1,
  "T": 10,
  "N_col": 1024,
  "N_hidden": 4,
  "N_neurons": 50,
  "activation": "tanh",
  "N_epochs": 50000,
  "learning_rate": 0.001,
  "decay_rate": 1.0,
  "freq_log": 100,
  "freq_print": 1000,
  "keys_print": [
    "loss"
  ],
  "freq_save": 0,
  "regularization": "unstable_fp",
  "reg_coeff": 100000,
  "reg_decay": 1,
  "reg_epochs": 1,
  "loss": [
    1561.290771484375,
    52.679317474365234,
    47.618736267089844,
    43.91819763183594,
    19.578006744384766,
    9.84101390838623,
    22.947086334228516,
    17.78175163269043,
    12.645223617553711,
    18.049760818481445,
    6.6966142654418945,
    6.5011091232299805,
    18.560747146606445,
    20.36669158935547,
    16.962156295776367,
    12.237890243530273,
    7.153741836547852,
    29.4095458984375,
    12.708922386169434,
    13.098926544189453,
    8.468794822692871,
    11.374652862548828,
    2.0695505142211914,
    5.292110443115234,
    6.568050384521484,
    9.475979804992676,
    10.025717735290527,
    5.891533374786377,
    4.361599445343018,
    6.390824794769287,
    0.744777262210846,
    7.585235118865967,
    5.251806259155273,
    5.870514392852783,
    7.909189224243164,
    6.549175262451172,
    8.351654052734375,
    0.6739813089370728,
    9.298887252807617,
    7.072248935699463,
    5.7985734939575195,
    12.940784454345703,
    9.141098022460938,
    5.463763236999512,
    14.764473915100098,
    5.772000312805176,
    11.756399154663086,
    0.5783426761627197,
    7.726008415222168,
    10.126947402954102,
    9.25049877166748,
    7.424297332763672,
    8.549345016479492,
    1.1550872325897217,
    1.576790452003479,
    4.364902973175049,
    7.073740482330322,
    0.44832712411880493,
    5.822014808654785,
    3.3617162704467773,
    9.21735668182373,
    6.1182050704956055,
    3.3103857040405273,
    2.6158924102783203,
    2.4922006130218506,
    11.351519584655762,
    5.8949151039123535,
    3.008291721343994,
    2.796199321746826,
    3.053063154220581,
    1.4842493534088135,
    5.120421409606934,
    8.952882766723633,
    4.6112751960754395,
    0.3991053104400635,
    0.1325708031654358,
    2.8313591480255127,
    0.3950140178203583,
    7.426077842712402,
    0.038968995213508606,
    9.125062942504883,
    1.8561944961547852,
    0.23995129764080048,
    0.32702091336250305,
    0.03208240866661072,
    2.940556287765503,
    0.1537925899028778,
    0.48646366596221924,
    2.455944538116455,
    3.290639877319336,
    6.837170124053955,
    3.0023980140686035,
    1.6888405084609985,
    0.11128472536802292,
    4.445722579956055,
    4.133211135864258,
    2.3392038345336914,
    8.845258712768555,
    3.1985158920288086,
    3.935462236404419,
    0.05514383316040039,
    5.509088516235352,
    4.1624040603637695,
    1.5739612579345703,
    2.125296115875244,
    3.806572437286377,
    2.8130595684051514,
    3.698296308517456,
    3.1793432235717773,
    0.005292790941894054,
    4.781473159790039,
    0.02639905735850334,
    0.6016051769256592,
    2.338003158569336,
    5.343922138214111,
    0.0035092285834252834,
    4.521512985229492,
    3.3542675971984863,
    2.0448262691497803,
    2.4441468715667725,
    0.001928296172991395,
    2.997781276702881,
    0.003305572085082531,
    3.6566245555877686,
    2.308824062347412,
    2.607518434524536,
    3.3363914489746094,
    3.7511634826660156,
    5.170845031738281,
    2.2962629795074463,
    1.151855230331421,
    4.868889331817627,
    0.12067386507987976,
    0.11672675609588623,
    3.4762749671936035,
    3.1176679134368896,
    3.0094058513641357,
    0.10351236164569855,
    3.64579701423645,
    0.09515196830034256,
    2.57499361038208,
    11.633472442626953,
    1.2921867370605469,
    0.28583720326423645,
    0.04954101890325546,
    0.039714179933071136,
    2.7944979667663574,
    0.029517941176891327,
    0.028642181307077408,
    4.773045539855957,
    2.7939817905426025,
    1.8826019763946533,
    0.031694408506155014,
    4.526410102844238,
    1.8888999223709106,
    2.5812573432922363,
    1.333092212677002,
    0.08974574506282806,
    7.462515354156494,
    3.555443286895752,
    1.8304206132888794,
    0.021095992997288704,
    3.077223062515259,
    0.03723665326833725,
    0.02911929041147232,
    4.926421642303467,
    0.47628480195999146,
    0.027660150080919266,
    1.673509120941162,
    0.019833896309137344,
    0.02274930104613304,
    0.9460607767105103,
    0.025079187005758286,
    3.0520710945129395,
    2.724337577819824,
    2.045567750930786,
    0.019869759678840637,
    0.025816988199949265,
    0.5933585166931152,
    0.023856639862060547,
    3.610339641571045,
    0.020257145166397095,
    2.2941501140594482,
    0.025293637067079544,
    1.0373585224151611,
    2.0515244007110596,
    0.021058179438114166,
    0.09231709688901901,
    2.5618183612823486,
    3.1927297115325928,
    12.089859008789062,
    2.5253989696502686,
    1.9579060077667236,
    0.022100795060396194,
    3.640089988708496,
    1.453553557395935,
    2.0006890296936035,
    0.017900636419653893,
    0.020441558212041855,
    0.018557846546173096,
    0.01566425710916519,
    3.543027877807617,
    3.2276036739349365,
    7.773775577545166,
    1.6541526317596436,
    3.1272037029266357,
    0.6564055681228638,
    3.579629898071289,
    3.6033518314361572,
    7.072343826293945,
    4.116366863250732,
    0.019585251808166504,
    4.788936614990234,
    3.732422351837158,
    7.0591888427734375,
    0.3949592709541321,
    3.4610376358032227,
    3.546299457550049,
    9.683099746704102,
    2.214165210723877,
    0.05163787305355072,
    0.05485161021351814,
    0.01051294431090355,
    0.013443738222122192,
    0.6962560415267944,
    4.2662034034729,
    0.1529351770877838,
    0.0128152035176754,
    10.702658653259277,
    5.693764686584473,
    0.5779814124107361,
    0.012436398304998875,
    0.8072371482849121,
    3.230327844619751,
    3.585127592086792,
    2.659956455230713,
    3.566054344177246,
    0.010429034940898418,
    2.6463074684143066,
    0.013092394918203354,
    1.4450483322143555,
    8.777381896972656,
    0.009112783707678318,
    4.640753746032715,
    0.008445292711257935,
    2.544884204864502,
    5.247936725616455,
    6.392941951751709,
    0.03237630054354668,
    3.458573818206787,
    3.8786697387695312,
    7.031302452087402,
    0.0057446714490652084,
    3.7174558639526367,
    0.1164110079407692,
    0.034977637231349945,
    0.004621386062353849,
    5.976238250732422,
    0.00750377494841814,
    2.5748186111450195,
    0.9442875385284424,
    0.040428176522254944,
    2.3303894996643066,
    3.741482973098755,
    0.09818276017904282,
    0.005889364518225193,
    0.04688895493745804,
    0.0024668811820447445,
    3.812915086746216,
    3.8035387992858887,
    0.0024889642372727394,
    6.09674072265625,
    3.9999427795410156,
    3.7811636924743652,
    0.0017269174568355083,
    0.2515399754047394,
    0.0027493606321513653,
    5.657072067260742,
    0.0019131089793518186,
    5.067709922790527,
    0.1267710030078888,
    0.10209202021360397,
    0.0018591444240882993,
    3.9551892280578613,
    0.004508608020842075,
    8.153142929077148,
    2.2216296195983887,
    0.0011535224039107561,
    0.009210005402565002,
    0.0009435844258405268,
    0.00209657009691,
    1.2332388162612915,
    1.0411344766616821,
    3.279301643371582,
    0.003667176002636552,
    0.02247239463031292,
    0.07175629585981369,
    4.272283554077148,
    0.0011707235826179385,
    1.7904325723648071,
    2.000251054763794,
    0.027854301035404205,
    0.4448959529399872,
    2.363499164581299,
    0.045274168252944946,
    0.00307529978454113,
    4.0927019119262695,
