{
  "version": "plots/_T_7_5_y0_0_001_network_architectures_4_50_activations_tanh_learning_rates_0_001_collocations_1024_epochs_50000_regularization_reg_derivative_unstable_fp_reg_epochs_1_reg_coeff_1_reg_decay_1_/run_6",
  "seed": 1,
  "y0": 0.001,
  "T": 7.5,
  "N_col": 1024,
  "N_hidden": 4,
  "N_neurons": 50,
  "activation": "tanh",
  "N_epochs": 50000,
  "learning_rate": 0.001,
  "decay_rate": 1.0,
  "freq_log": 100,
  "freq_print": 1000,
  "keys_print": [
    "loss"
  ],
  "freq_save": 0,
  "regularization": "reg_derivative_unstable_fp",
  "reg_coeff": 1,
  "reg_decay": 1,
  "reg_epochs": 1,
  "loss": [
    0.005300154443830252,
    1.4409542927751318e-05,
    3.386108801350929e-06,
    2.4138871594914235e-06,
    2.248231112389476e-06,
    2.1273667698551435e-06,
    1.9072398345088004e-06,
    1.8430098407407058e-06,
    5.096479526400799e-06,
    2.8641602511925157e-06,
    2.3889861040515825e-06,
    2.0541203866741853e-06,
    2.381117155891843e-06,
    1.5442708900081925e-05,
    6.412656148313545e-06,
    9.572336239216384e-06,
    8.064161374932155e-05,
    2.215451559095527e-06,
    7.2912393989099655e-06,
    2.1740565898653585e-06,
    1.0372169526817743e-05,
    6.81868050378398e-06,
    2.7080263862444554e-06,
    3.724147290995461e-06,
    1.2922443602292333e-05,
    7.308958629437257e-06,
    4.356628778623417e-05,
    9.793613571673632e-06,
    1.781288483471144e-05,
    1.121559580496978e-05,
    2.7273522391624283e-06,
    2.5407007342437282e-06,
    2.2611479835177306e-06,
    3.2573941552982433e-06,
    4.6936285798437893e-05,
    1.85254714324401e-06,
    3.2548894068895606e-06,
    5.385077020036988e-05,
    2.238881279481575e-06,
    1.9228962173656328e-06,
    2.2694799554301426e-05,
    1.982694629987236e-05,
    1.1881698810611852e-05,
    2.7483883968670852e-06,
    8.117136530927382e-06,
    1.803538907552138e-05,
    2.7302544367557857e-06,
    1.921613375088782e-06,
    5.488751867233077e-06,
    2.112484708050033e-06,
    2.3959077225299552e-05,
    2.867136345230392e-06,
    4.365249878901523e-06,
    2.813042010529898e-05,
    1.6988774405035656e-06,
    2.0763556676683947e-05,
    2.4266206310130656e-05,
    3.537658585628378e-06,
    1.5789453755132854e-05,
    4.001040451839799e-06,
    8.428331966570113e-06,
    1.907592377392575e-06,
    2.2848930711916182e-06,
    4.574726517603267e-06,
    4.987682132195914e-06,
    2.7673470412992174e-06,
    2.481825731592835e-06,
    2.2664630705548916e-06,
    2.2900258045410737e-06,
    9.528204827802256e-06,
    2.6010864075942663e-06,
    2.8531035241030622e-06,
    1.910821993078571e-06,
    3.620478082666523e-06,
    2.246641315650777e-06,
    2.4892181045288453e-06,
    2.6456550585862715e-06,
    4.678532150137471e-06,
    2.1640323666360928e-06,
    1.6817882624309277e-06,
    2.072097458949429e-06,
    2.12588747672271e-06,
    2.356265895286924e-06,
    2.3706390948063927e-06,
    3.2767252378107514e-06,
    2.251938894914929e-06,
    4.026483566121897e-06,
    2.213570951425936e-06,
    1.8263619949721033e-06,
    9.10673406906426e-06,
    1.7845250113168731e-06,
    1.5783448361617047e-06,
    2.525440095269005e-06,
    2.08506889975979e-06,
    2.8079152798454743e-06,
    2.2896460905030835e-06,
    2.793367684716941e-06,
    1.8913411850007833e-06,
    1.428615746590367e-06,
    1.6799290278868284e-06,
    1.7741970168572152e-06,
    2.1695725536119426e-06,
    2.6433999664732255e-06,
    2.425530738037196e-06,
    1.8507051890992443e-06,
    2.8862427825515624e-06,
    4.414893737703096e-06,
    2.163209046557313e-06,
    2.3748843887005933e-06,
    6.282192771323025e-06,
    2.142584889952559e-06,
    3.995497081632493e-06,
    1.754106392581889e-06,
    2.115562665494508e-06,
    1.6765908412708086e-06,
    1.8273274235980352e-06,
    1.8842090412363177e-06,
    2.062690327875316e-06,
    2.20549327423214e-06,
    3.5798193493974395e-06,
    4.144714694120921e-06,
    2.54890687756415e-06,
    2.2888905277795857e-06,
    2.0280795069993474e-06,
    3.942659986932995e-06,
    1.3281784049468115e-05,
    2.6960569812217727e-06,
    2.8202589419379365e-06,
    1.687268741079606e-05,
    1.1784815114879166e-06,
    1.5820310181879904e-06,
    1.8471746443537995e-06,
    3.0085905109444866e-06,
    1.8869523046305403e-06,
    2.7265664357400965e-06,
    2.343065034438041e-06,
    1.1171480309712933e-06,
    1.3664514426636742e-06,
    1.9433553006820148e-06,
    1.964511739060981e-06,
    1.6024393971747486e-06,
    2.1007665509387152e-06,
    1.8100309944202309e-06,
    2.0717525330837816e-06,
    8.03025523055112e-06,
    2.227910044894088e-06,
    2.484158812876558e-06,
    1.9977978809038177e-06,
    3.140727130812593e-06,
    2.1501321043615462e-06,
    2.21113623410929e-06,
    1.9003920215254766e-06,
    2.4581711386417737e-06,
    1.2970706393389264e-06,
    3.6923740935890237e-06,
    1.8912716086560977e-06,
    1.8799947838488151e-06,
    2.0344359654700384e-06,
    2.2862886908114888e-06,
    2.2080816961533856e-06,
    1.6986384707706748e-06,
    1.941492655532784e-06,
    2.4624600882816594e-06,
    1.8061070932162693e-06,
    2.0260840756236576e-06,
    2.018225359279313e-06,
    1.8990039052368957e-06,
    1.7743797116054338e-06,
    1.6525393675692612e-06,
    1.993636033148505e-06,
    1.2133519931012415e-06,
    1.9595092908275547e-06,
    1.9221035927330377e-06,
    2.0876254893664736e-06,
    2.6266538952768315e-06,
    1.8313949112780392e-06,
    2.1248090433800826e-06,
    1.922164301504381e-06,
    2.3382658582704607e-06,
    3.1240572297974722e-06,
    1.763817294886394e-06,
    1.7534755443193717e-06,
    1.3761739410256268e-06,
    2.164157194783911e-06,
    1.765077513482538e-06,
    2.314706307515735e-06,
    2.413132733636303e-06,
    2.123371359630255e-06,
    1.8884416022046935e-06,
    1.7133259007096058e-06,
    2.4573278096795548e-06,
    2.671009951882297e-06,
    2.1757959984824993e-06,
    2.184602863053442e-06,
    1.8463560991222039e-06,
    1.8542339148552855e-06,
    1.8555251699581277e-06,
    5.024356141802855e-06,
    2.1566224859270733e-06,
    1.7477088931627804e-06,
    2.058507789115538e-06,
    1.614589791643084e-06,
    1.7727344356899266e-06,
    1.6324480611729086e-06,
    2.1473231299751205e-06,
    1.6691699329385301e-06,
    1.7832604726208956e-06,
    1.8076269725497696e-06,
    1.9666372281790245e-06,
    1.783379161679477e-06,
    2.7565138225327246e-06,
    2.0905458768538665e-06,
    2.145983444279409e-06,
    3.997703061031643e-06,
    1.775404257386981e-06,
    1.2515903335952316e-06,
    2.362501618335955e-06,
    1.9528720258676913e-06,
    2.2435046957980376e-06,
    1.8153751852878486e-06,
    2.7447786123957485e-06,
    2.4166740786313312e-06,
    2.0579607280524215e-06,
    2.049106797130662e-06,
    1.9389301542105386e-06,
    1.6929252524278127e-06,
    2.0233933355484623e-06,
    1.8572213775769342e-06,
    2.3725633582216688e-06,
    1.4201215208231588e-06,
    2.2992594495008234e-06,
    1.7166929637824069e-06,
    2.0523143575701397e-06,
    1.1432025530666579e-06,
    1.1857368008350022e-05,
    1.8510331756260712e-06,
    1.7539455257065129e-06,
    1.7075915366149275e-06,
    1.7011961972457357e-06,
    2.302112079632934e-06,
    1.97838244275772e-06,
    1.9479648472042754e-06,
    1.9207282093702815e-06,
    2.1740238480560947e-06,
    1.9081358004768845e-06,
    1.976813564397162e-06,
    1.9606654859671835e-06,
    2.018614168264321e-06,
    3.0058176889724564e-06,
    2.002330802497454e-06,
    1.8915050077339401e-06,
    1.94576909962052e-06,
    3.0313231036416255e-06,
    2.7082778615294956e-06,
    1.588977738720132e-06,
    1.8101013665727805e-06,
    2.3579600565426517e-06,
    1.7887377907754853e-06,
    1.9601848180172965e-06,
    1.7428698129151599e-06,
    1.750951241774601e-06,
    1.7945463923751959e-06,
    1.8492505660105962e-06,
    1.82142275662045e-06,
    1.8216708213003585e-06,
    1.6720994153729407e-06,
    1.5976165741449222e-06,
