{
  "version": "plots/_T_7_5_y0_0_1_network_architectures_4_50_activations_tanh_learning_rates_0_001_collocations_1024_epochs_50000_regularization_reg_derivative_reg_epochs_1_reg_coeff_1_reg_decay_1_/run_5",
  "seed": 1,
  "y0": 0.1,
  "T": 7.5,
  "N_col": 1024,
  "N_hidden": 4,
  "N_neurons": 50,
  "activation": "tanh",
  "N_epochs": 50000,
  "learning_rate": 0.001,
  "decay_rate": 1.0,
  "freq_log": 100,
  "freq_print": 1000,
  "keys_print": [
    "loss"
  ],
  "freq_save": 0,
  "regularization": "reg_derivative",
  "reg_coeff": 1,
  "reg_decay": 1,
  "reg_epochs": 1,
  "loss": [
    6.952877998352051,
    0.09714782238006592,
    0.09744815528392792,
    0.10073955357074738,
    0.09811817109584808,
    0.09679600596427917,
    0.09940101951360703,
    0.09872764348983765,
    0.09750020503997803,
    0.0974394828081131,
    0.10069282352924347,
    0.09766845405101776,
    0.09838259220123291,
    0.09566216170787811,
    0.0977589413523674,
    0.09388473629951477,
    0.09408412873744965,
    0.09725334495306015,
    0.0954592227935791,
    0.09938918054103851,
    0.09814484417438507,
    0.09889156371355057,
    0.09506556391716003,
    0.09694129973649979,
    0.09909386932849884,
    0.09739604592323303,
    0.09513288736343384,
    0.10249827802181244,
    0.09746691584587097,
    0.09802156686782837,
    0.09761684387922287,
    0.0986110270023346,
    0.09766419231891632,
    0.09823864698410034,
    0.09823763370513916,
    0.09592248499393463,
    0.09580565989017487,
    0.09593263268470764,
    0.09772641956806183,
    0.10038690268993378,
    0.09896162897348404,
    0.10142934322357178,
    0.09850523620843887,
    0.09518018364906311,
    0.0955895185470581,
    0.09675570577383041,
    0.0976056158542633,
    0.0993838906288147,
    0.09509128332138062,
    0.09935147315263748,
    0.09725891053676605,
    0.10392381995916367,
    0.10413143038749695,
    0.09823346138000488,
    0.09563218057155609,
    0.10351432859897614,
    0.09701311588287354,
    0.09768595546483994,
    0.09399324655532837,
    0.09689812362194061,
    0.09919986128807068,
    0.09804370999336243,
    0.09905390441417694,
    0.1008068174123764,
    0.09767848253250122,
    0.09702960401773453,
    0.09989239275455475,
    0.09587804973125458,
    0.097800612449646,
    0.09663859009742737,
    0.09743931889533997,
    0.10067835450172424,
    0.09524156153202057,
    0.09526696056127548,
    0.09838069975376129,
    0.09538278728723526,
    0.09644082188606262,
    0.09762731194496155,
    0.09821628779172897,
    0.10138750076293945,
    0.09225580096244812,
    0.09352877736091614,
    0.09761340171098709,
    0.09571428596973419,
    0.09858986735343933,
    0.0964324027299881,
    0.09611853957176208,
    0.09780750423669815,
    0.09912681579589844,
    0.09578332304954529,
    0.094967320561409,
    0.0971408560872078,
    0.09692257642745972,
    0.09656162559986115,
    0.09390866756439209,
    0.0978691428899765,
    0.09869734942913055,
    0.099029541015625,
    0.09564201533794403,
    0.10050405561923981,
    0.09656012058258057,
    0.09727808833122253,
    0.09709171950817108,
    0.09628153592348099,
    0.09901696443557739,
    0.09897438436746597,
    0.09867481887340546,
    0.09619469940662384,
    0.0978589802980423,
    0.09618481993675232,
    0.09787582606077194,
    0.09605512768030167,
    0.09770186245441437,
    0.0968591719865799,
    0.0977882668375969,
    0.09943230450153351,
    0.09582968056201935,
    0.09542529284954071,
    0.09553565084934235,
    0.09772850573062897,
    0.09727594256401062,
    0.09522467106580734,
    0.09728895127773285,
    0.09602351486682892,
    0.09450341761112213,
    0.09876652806997299,
    0.09683197736740112,
    0.09451036155223846,
    0.09891285002231598,
    0.09393678605556488,
    0.09849493205547333,
    0.09447312355041504,
    0.09943054616451263,
    0.09540708363056183,
    0.09372638165950775,
    0.09353671967983246,
    0.09660555422306061,
    0.09642408788204193,
    0.09174266457557678,
    0.09572365134954453,
    0.09683755785226822,
    0.092948779463768,
    0.09570185840129852,
    0.09395065903663635,
    0.09786063432693481,
    0.09403994679450989,
    0.09359630942344666,
    0.09690235555171967,
    0.09720059484243393,
    0.09815659373998642,
    0.09974285215139389,
    0.0950021743774414,
    0.09735888242721558,
    0.09428250789642334,
    0.09713345766067505,
    0.09629881381988525,
    0.09368585050106049,
    0.10113687068223953,
    0.09656105935573578,
    0.09466920047998428,
    0.0967034175992012,
    0.09735576063394547,
    0.09758719056844711,
    0.0982668474316597,
    0.09584182500839233,
    0.09798991680145264,
    0.09642525017261505,
    0.09517915546894073,
    0.0951220691204071,
    0.1002553403377533,
    0.0949413925409317,
    0.09763386100530624,
    0.09722961485385895,
    0.0961785688996315,
    0.09527632594108582,
    0.09577061235904694,
    0.09534236788749695,
    0.09741253405809402,
    0.09730228781700134,
    0.09927830100059509,
    0.099301777780056,
    0.0965232402086258,
    0.09739531576633453,
    0.09546360373497009,
    0.09569237381219864,
    0.09762116521596909,
    0.09907341748476028,
    0.09822657704353333,
    0.09660906344652176,
    0.09435175359249115,
    0.10064548999071121,
    0.09462977945804596,
    0.09556198865175247,
    0.09906485676765442,
    0.09419991075992584,
    0.09657736122608185,
    0.09917226433753967,
    0.09417674690485,
    0.09794148802757263,
    0.09496979415416718,
    0.09666293114423752,
    0.09720589220523834,
    0.09565834701061249,
    0.09814555943012238,
    0.09598686546087265,
    0.0929940938949585,
    0.09247259795665741,
    0.10040368139743805,
    0.0990578681230545,
    0.09573736041784286,
    0.09343551099300385,
    0.09766394644975662,
    0.09793247282505035,
    0.09789474308490753,
    0.095199353992939,
    0.09741220623254776,
    0.09562882781028748,
    0.09723299741744995,
    0.09358201920986176,
    0.09382109344005585,
    0.09536276757717133,
    0.09926897287368774,
    0.09938997030258179,
    0.0942484587430954,
    0.09924978017807007,
    0.09694907069206238,
    0.09608689695596695,
    0.09891393780708313,
    0.09624549746513367,
    0.09356813132762909,
    0.09558795392513275,
    0.09654371440410614,
    0.0953274518251419,
    0.09794905036687851,
    0.09754291921854019,
    0.09898687899112701,
    0.09432440251111984,
    0.09675979614257812,
    0.09597879648208618,
    0.0959632396697998,
    0.09893062710762024,
    0.09862890094518661,
    0.09639383107423782,
    0.09562685340642929,
    0.09348228573799133,
    0.09899663925170898,
    0.09595697373151779,
    0.09571926295757294,
    0.09608413279056549,
    0.09556250274181366,
    0.09722158312797546,
    0.09681118279695511,
    0.09851858019828796,
    0.09887184947729111,
    0.09218675643205643,
    0.09727738797664642,
    0.09882686287164688,
    0.09443967044353485,
    0.098585344851017,
    0.09597346186637878,
    0.09837585687637329,
    0.09462855011224747,
    0.09863612055778503,
    0.09245498478412628,
    0.09629210084676743,
    0.09447625279426575,
    0.09585712850093842,
    0.09928605705499649,
    0.09407962113618851,
    0.09807822108268738,
    0.09467293322086334,
    0.09774413704872131,
    0.10221213102340698,
    0.09915070235729218,
    0.09703932702541351,
    0.09587104618549347,
    0.10041531920433044,
    0.09670665860176086,
    0.09674619138240814,
    0.09343627095222473,
    0.10002079606056213,
    0.09244389832019806,
    0.09731502085924149,
    0.10095686465501785,
    0.09503832459449768,
    0.09572319686412811,
    0.09443609416484833,
    0.09537898004055023,
    0.09385044872760773,
    0.09442637860774994,
    0.09845443069934845,
    0.09526224434375763,
    0.10016550868749619,
    0.0987403392791748,
    0.09845847636461258,
    0.09725914895534515,
    0.1040198877453804,
    0.09568922221660614,
