{
  "version": "plots/_T_10_y0_0_01_network_architectures_4_50_activations_tanh_learning_rates_0_001_collocations_1024_epochs_50000_regularization_no_reg_reg_epochs_1_reg_coeff_10_reg_decay_1_/run_4",
  "seed": 1,
  "y0": 0.01,
  "T": 10,
  "N_col": 1024,
  "N_hidden": 4,
  "N_neurons": 50,
  "activation": "tanh",
  "N_epochs": 50000,
  "learning_rate": 0.001,
  "decay_rate": 1.0,
  "freq_log": 100,
  "freq_print": 1000,
  "keys_print": [
    "loss"
  ],
  "freq_save": 0,
  "regularization": "no_reg",
  "reg_coeff": 10,
  "reg_decay": 1,
  "reg_epochs": 1,
  "loss": [
    0.102135069668293,
    2.382942329859361e-05,
    1.9983901438536122e-05,
    2.1778772861580364e-05,
    1.9061912098550238e-05,
    2.1103252947796136e-05,
    2.09764239116339e-05,
    2.135157774318941e-05,
    2.0509763999143615e-05,
    1.9067763787461445e-05,
    1.7046448192559183e-05,
    2.3678139768890105e-05,
    2.1396785086835735e-05,
    2.4229204427683726e-05,
    2.1743680918007158e-05,
    3.0844057619106025e-05,
    1.6939306078711525e-05,
    2.3840486392145976e-05,
    2.0419251086423174e-05,
    2.5299566914327443e-05,
    5.522922583622858e-05,
    2.9970862669870257e-05,
    5.4026866564527154e-05,
    2.453918023093138e-05,
    2.024527930188924e-05,
    6.899936124682426e-05,
    2.2938977053854614e-05,
    1.9163348042638972e-05,
    1.9017275917576626e-05,
    3.0625134968431666e-05,
    2.1500118236872368e-05,
    2.3390115529764444e-05,
    1.7941380065167323e-05,
    1.8874017769121565e-05,
    2.8914793801959604e-05,
    2.0663635950768366e-05,
    2.1327341528376564e-05,
    2.2233296476770192e-05,
    2.581467379059177e-05,
    4.765542325912975e-05,
    2.3427055566571653e-05,
    3.958994057029486e-05,
    4.1590683395043015e-05,
    2.139568459824659e-05,
    2.2923552023712546e-05,
    0.00010501967335585505,
    2.0102750568185e-05,
    2.052369381999597e-05,
    2.5020646717166528e-05,
    2.039391256403178e-05,
    2.0845496692345478e-05,
    2.0207549823680893e-05,
    2.4647943064337596e-05,
    5.867568324902095e-05,
    2.3595946913701482e-05,
    2.402864265604876e-05,
    2.1976493371766992e-05,
    4.983560211258009e-05,
    3.271704554208554e-05,
    2.107959153363481e-05,
    2.3383212464977987e-05,
    1.95392822206486e-05,
    7.852576527511701e-05,
    1.9580467778723687e-05,
    2.3769865947542712e-05,
    2.5558212655596435e-05,
    1.905020690173842e-05,
    0.0001228869368787855,
    2.0749987015733495e-05,
    2.080490048683714e-05,
    2.0646388293243945e-05,
    2.0715560822281986e-05,
    1.92349762073718e-05,
    2.569222306192387e-05,
    1.9563118257792667e-05,
    1.9505781892803498e-05,
    2.835259510902688e-05,
    2.1718275093007833e-05,
    2.13731182157062e-05,
    2.3332333512371406e-05,
    2.167704951716587e-05,
    2.2594238544115797e-05,
    1.910746141220443e-05,
    2.1798288798891008e-05,
    2.1517742425203323e-05,
    3.0168692319421098e-05,
    2.1768817532574758e-05,
    2.162693635909818e-05,
    1.9553266611183062e-05,
    2.0132956706220284e-05,
    3.884457692038268e-05,
    1.7830836441135034e-05,
    1.978453110496048e-05,
    1.659504050621763e-05,
    2.67928589892108e-05,
    2.1599902538582683e-05,
    2.1345556888263673e-05,
    2.1039806597400457e-05,
    2.262725138280075e-05,
    2.6632988010533154e-05,
    1.640859409235418e-05,
    2.2983098460827023e-05,
    2.0933241103193723e-05,
    2.098371260217391e-05,
    1.876822716440074e-05,
    2.4677719920873642e-05,
    1.9635070202639326e-05,
    2.0438623323570937e-05,
    2.0179224520688877e-05,
    2.1374429707066156e-05,
    2.4110811864375137e-05,
    2.51924320764374e-05,
    2.196070272475481e-05,
    2.039835999312345e-05,
    2.5421828468097374e-05,
    2.2915621229913086e-05,
    1.8922186427516863e-05,
    1.9664326828205958e-05,
    2.0354342268547043e-05,
    2.1772713807877153e-05,
    3.3742544474080205e-05,
    2.0980180124752223e-05,
    1.9861094187945127e-05,
    1.8441152860759757e-05,
    1.787225846783258e-05,
    2.294198566232808e-05,
    1.984838308999315e-05,
    2.0711819161078893e-05,
    2.0990286429878324e-05,
    1.9964547391282395e-05,
    1.8992293917108327e-05,
    1.6764750398579054e-05,
    1.7035177734214813e-05,
    1.8722284949035384e-05,
    1.714152494969312e-05,
    1.8835249647963792e-05,
    2.1927355192019604e-05,
    1.866061211330816e-05,
    1.954079016286414e-05,
    1.924780553963501e-05,
    1.9327184418216348e-05,
    1.786689244909212e-05,
    2.0486073481151834e-05,
    1.80739771167282e-05,
    2.3933083866722882e-05,
    2.054919968941249e-05,
    1.795588104869239e-05,
    1.945755684573669e-05,
    1.7755872249836102e-05,
    2.168109131162055e-05,
    1.9598273865994997e-05,
    2.01386592380004e-05,
    1.3597271390608512e-05,
    1.9611976313171908e-05,
    1.6965326722129248e-05,
    1.9430008251219988e-05,
    1.926132244989276e-05,
    2.160018266295083e-05,
    2.0366936951177195e-05,
    2.0281891920603812e-05,
    2.068421963485889e-05,
    1.9127845007460564e-05,
    2.047814086836297e-05,
    2.1363994164858013e-05,
    2.111226785928011e-05,
    2.1449632185976952e-05,
    1.926064578583464e-05,
    1.796618744265288e-05,
    1.8948258002637886e-05,
    1.9707975297933444e-05,
    1.927553239511326e-05,
    2.0580730051733553e-05,
    1.9861261534970254e-05,
    2.0488099835347384e-05,
    1.9429724488873035e-05,
    1.9050403352594003e-05,
    1.8148988601751626e-05,
    2.1110017769387923e-05,
    1.7691161701804958e-05,
    1.8921706214314327e-05,
    2.2792601157561876e-05,
    1.7760850823833607e-05,
    1.9040289771510288e-05,
    2.175300323870033e-05,
    2.2244143110583536e-05,
    2.0964320356142707e-05,
    1.8497303244657815e-05,
    1.8944352632388473e-05,
    2.1367282897699624e-05,
    2.1222243958618492e-05,
    2.5124925741693005e-05,
    1.823429010983091e-05,
    1.7097241652663797e-05,
    2.0358964320621453e-05,
    2.186914389312733e-05,
    1.9329876522533596e-05,
    2.0820763893425465e-05,
    1.8456459656590596e-05,
    2.0667384887929074e-05,
    2.0320589101174846e-05,
    1.870495907496661e-05,
    2.1585186914307997e-05,
    2.035886063822545e-05,
    2.279012551298365e-05,
    2.3250244339578785e-05,
    2.1216552340774797e-05,
    1.7275051504839212e-05,
    2.2508189431391656e-05,
    2.2234631614992395e-05,
    2.195770684920717e-05,
    1.888569022412412e-05,
    2.3043765395414084e-05,
    1.9835788407362998e-05,
    1.8089163859258406e-05,
    2.0249168301234022e-05,
    1.7554964870214462e-05,
    1.927943594637327e-05,
    2.3919512386783026e-05,
    2.031131043622736e-05,
    2.057144774880726e-05,
    2.06748882192187e-05,
    1.9288960174890235e-05,
    1.910137325467076e-05,
    2.093317380058579e-05,
    2.3381948267342523e-05,
    2.160614349122625e-05,
    2.2189047740539536e-05,
    1.9007697119377553e-05,
    2.3029535441310145e-05,
    2.4380038667004555e-05,
    1.9494498701533303e-05,
    1.948210410773754e-05,
    2.040995423158165e-05,
    2.3826669348636642e-05,
    1.8927989003714174e-05,
    2.4629192921565846e-05,
    1.9066323147853836e-05,
    2.0465764464461245e-05,
    2.3038548533804715e-05,
    2.2155729311634786e-05,
    2.005973510676995e-05,
    1.748781869537197e-05,
    1.8885122699430212e-05,
    1.95523625734495e-05,
    1.8198554244008847e-05,
    1.9383631297387183e-05,
    1.8371143596596085e-05,
    2.150515138055198e-05,
    1.8203185391030274e-05,
    1.97513509192504e-05,
    2.0684412447735667e-05,
    1.947258715517819e-05,
    1.740171319397632e-05,
    2.0566139937727712e-05,
    1.8724902474787086e-05,
    1.874538793344982e-05,
    1.9890558178303763e-05,
    2.1170006220927462e-05,
    1.6800171579234302e-05,
    1.661786882323213e-05,
    2.052834133792203e-05,
    1.9664070350700058e-05,
    1.8019822164205834e-05,
    1.9670331312227063e-05,
    1.5801735571585596e-05,
    2.1451807697303593e-05,
    2.3152684661909007e-05,
    1.85859917110065e-05,
    2.0501674953266047e-05,
