{
  "version": "plots/_T_7_5_y0_0_1_network_architectures_4_50_activations_tanh_learning_rates_0_001_collocations_1024_epochs_50000_regularization_unstable_fp_reg_epochs_1_reg_coeff_0_01_reg_decay_1_/run_6",
  "seed": 1,
  "y0": 0.1,
  "T": 7.5,
  "N_col": 1024,
  "N_hidden": 4,
  "N_neurons": 50,
  "activation": "tanh",
  "N_epochs": 50000,
  "learning_rate": 0.001,
  "decay_rate": 1.0,
  "freq_log": 100,
  "freq_print": 1000,
  "keys_print": [
    "loss"
  ],
  "freq_save": 0,
  "regularization": "unstable_fp",
  "reg_coeff": 0.01,
  "reg_decay": 1,
  "reg_epochs": 1,
  "loss": [
    0.10162412375211716,
    0.012668561190366745,
    0.012503895908594131,
    0.012627212330698967,
    0.012423448264598846,
    0.012779640033841133,
    0.012734165415167809,
    0.01274719275534153,
    0.012724976986646652,
    0.012510096654295921,
    0.0122744245454669,
    0.013053925707936287,
    0.012855141423642635,
    0.01353464461863041,
    0.012830417603254318,
    0.013080190867185593,
    0.012242971919476986,
    0.013064430095255375,
    0.012505386024713516,
    0.012677284888923168,
    0.01267959177494049,
    0.012488123029470444,
    0.0125691844150424,
    0.013007720932364464,
    0.012694349512457848,
    0.012657824903726578,
    0.012510892003774643,
    0.012512262910604477,
    0.01240667887032032,
    0.01305770967155695,
    0.012723060324788094,
    0.012780977413058281,
    0.012463575229048729,
    0.012432779185473919,
    0.012650178745388985,
    0.012663066387176514,
    0.012796133756637573,
    0.012728363275527954,
    0.013008981943130493,
    0.012224869802594185,
    0.012642623856663704,
    0.012918859720230103,
    0.012683257460594177,
    0.012581950053572655,
    0.012672116979956627,
    0.012684432789683342,
    0.01234689261764288,
    0.012620514258742332,
    0.012706604786217213,
    0.012661680579185486,
    0.012784060090780258,
    0.012496656738221645,
    0.012910930439829826,
    0.012763201259076595,
    0.012916713953018188,
    0.012599385343492031,
    0.012795891612768173,
    0.01241961121559143,
    0.012919050641357899,
    0.012766282074153423,
    0.012654011137783527,
    0.01256541907787323,
    0.012910643592476845,
    0.012572208419442177,
    0.012902423739433289,
    0.012607069686055183,
    0.012567946687340736,
    0.0125687001273036,
    0.012773547321557999,
    0.012538189068436623,
    0.012669024057686329,
    0.012680264189839363,
    0.012558032758533955,
    0.013095865026116371,
    0.01259727030992508,
    0.012281190603971481,
    0.013033196330070496,
    0.012862302362918854,
    0.012928742915391922,
    0.01266210712492466,
    0.012798470444977283,
    0.012719664722681046,
    0.012569539248943329,
    0.012619433924555779,
    0.012712996453046799,
    0.01242256909608841,
    0.012839379720389843,
    0.012789146043360233,
    0.012534254230558872,
    0.012457225471735,
    0.012699171900749207,
    0.012205380946397781,
    0.012517067603766918,
    0.012278061360120773,
    0.012616276741027832,
    0.012610881589353085,
    0.012620996683835983,
    0.012581577524542809,
    0.01290800143033266,
    0.012884949333965778,
    0.012270602397620678,
    0.012517128139734268,
    0.012749172747135162,
    0.012590104714035988,
    0.012507082894444466,
    0.013149416074156761,
    0.012463257648050785,
    0.012680201791226864,
    0.012691020965576172,
    0.012679743580520153,
    0.012705028057098389,
    0.012661343440413475,
    0.012781741097569466,
    0.012605934403836727,
    0.01242455467581749,
    0.012761252000927925,
    0.012509028427302837,
    0.012533575296401978,
    0.012540003284811974,
    0.012865088880062103,
    0.012925057671964169,
    0.012765558436512947,
    0.012632311321794987,
    0.012454545125365257,
    0.012402977794408798,
    0.012970661744475365,
    0.012625597417354584,
    0.012763166800141335,
    0.012750302441418171,
    0.012670502997934818,
    0.012527352198958397,
    0.012281379662454128,
    0.0122893787920475,
    0.012484194710850716,
    0.012334560975432396,
    0.01254741195589304,
    0.01286950334906578,
    0.012510297819972038,
    0.012599794194102287,
    0.012594064697623253,
    0.012530026957392693,
    0.012377521023154259,
    0.012726056389510632,
    0.012477449141442776,
    0.013055793941020966,
    0.012625033967196941,
    0.012404520995914936,
    0.01256701722741127,
    0.012365752831101418,
    0.012787720188498497,
    0.01258927769958973,
    0.01258737314492464,
    0.011810146272182465,
    0.012615714222192764,
    0.012220777571201324,
    0.012542056851089,
    0.012509294785559177,
    0.012710390612483025,
    0.012624633498489857,
    0.012559782713651657,
    0.01269683986902237,
    0.01249765045940876,
    0.012590342201292515,
    0.012738175690174103,
    0.012727556750178337,
    0.012612615711987019,
    0.012572981417179108,
    0.012375909835100174,
    0.01251564733684063,
    0.012509564869105816,
    0.012479732744395733,
    0.012626205570995808,
    0.01261097751557827,
    0.01269553229212761,
    0.012521609663963318,
    0.0125137809664011,
    0.012470842339098454,
    0.012777801603078842,
    0.01235607173293829,
    0.012536597438156605,
    0.012941550463438034,
    0.012324820272624493,
    0.01247965358197689,
    0.012843506410717964,
    0.01289273053407669,
    0.012725629843771458,
    0.012431005015969276,
    0.012575505301356316,
    0.012770023196935654,
    0.012771842069923878,
    0.013239323161542416,
    0.012362528592348099,
    0.012283907271921635,
    0.012685710564255714,
    0.01287090964615345,
    0.012519106268882751,
    0.012752214446663857,
    0.012570200487971306,
    0.012675467878580093,
    0.012707412242889404,
    0.012488802894949913,
    0.012791212648153305,
    0.01264214888215065,
    0.012945275753736496,
    0.012929186224937439,
    0.012800095602869987,
    0.012256043963134289,
    0.012916477397084236,
    0.012846728786826134,
    0.012857884168624878,
    0.01252041570842266,
    0.01291588880121708,
    0.012542485259473324,
    0.012388707138597965,
    0.01261851005256176,
    0.012341190129518509,
    0.012559095397591591,
    0.013029122725129128,
    0.012653515674173832,
    0.012581522576510906,
    0.012794620357453823,
    0.012596458196640015,
    0.012532931752502918,
    0.012762835249304771,
    0.012853967025876045,
    0.012768891640007496,
    0.012791894376277924,
    0.012531321495771408,
    0.012972885742783546,
    0.013204662129282951,
    0.012610318139195442,
    0.012568481266498566,
    0.012652155011892319,
    0.013100823387503624,
    0.012516701593995094,
    0.013211452402174473,
    0.012517365626990795,
    0.012634031474590302,
    0.012966028414666653,
    0.012908553704619408,
    0.012622550129890442,
    0.012339352630078793,
    0.012520751915872097,
    0.012633691541850567,
    0.012453845702111721,
    0.012558827176690102,
    0.012408493086695671,
    0.012834959663450718,
    0.012454979121685028,
    0.012659809552133083,
    0.012687744572758675,
    0.012577153742313385,
    0.01237510796636343,
    0.012704950757324696,
    0.01247005071491003,
    0.012466805055737495,
    0.012607388198375702,
    0.012739947065711021,
    0.012233562767505646,
    0.012265187688171864,
    0.012670089490711689,
    0.012594949454069138,
    0.012419065460562706,
    0.012616326101124287,
    0.012194238603115082,
    0.012775842100381851,
    0.012955352663993835,
    0.012480481527745724,
    0.012663181871175766,
    0.012983524240553379,
    0.012884809635579586,
    0.012879345566034317,
    0.012690243311226368,
    0.012419753707945347,
    0.012889694422483444,
    0.012836018577218056,
    0.012958981096744537,
    0.012465495616197586,
    0.013096312060952187,
    0.01274324394762516,
    0.012614810839295387,
    0.012850373052060604,
    0.012700045481324196,
    0.012911063618957996,
    0.012404760345816612,
    0.01247217133641243,
    0.012276291847229004,
