{
  "version": "plots/_T_7_5_y0_0_1_network_architectures_4_50_activations_tanh_learning_rates_0_001_collocations_1024_epochs_50000_regularization_no_reg_reg_epochs_1_reg_coeff_100000_reg_decay_1_/run_9",
  "seed": 1,
  "y0": 0.1,
  "T": 7.5,
  "N_col": 1024,
  "N_hidden": 4,
  "N_neurons": 50,
  "activation": "tanh",
  "N_epochs": 50000,
  "learning_rate": 0.001,
  "decay_rate": 1.0,
  "freq_log": 100,
  "freq_print": 1000,
  "keys_print": [
    "loss"
  ],
  "freq_save": 0,
  "regularization": "no_reg",
  "reg_coeff": 100000,
  "reg_decay": 1,
  "reg_epochs": 1,
  "loss": [
    0.022742830216884613,
    0.0026870782021433115,
    0.0025062731001526117,
    0.002634189324453473,
    0.002413495909422636,
    0.0027847299352288246,
    0.00273895519785583,
    0.002759376307949424,
    0.002723771845921874,
    0.0025143709499388933,
    0.002278436440974474,
    0.003065190277993679,
    0.002856033854186535,
    0.0033812220208346844,
    0.0028233216144144535,
    0.0030942377634346485,
    0.002245883457362652,
    0.003051497507840395,
    0.0025121753569692373,
    0.002666315296664834,
    0.002686286810785532,
    0.0025011575780808926,
    0.0025542916264384985,
    0.002926719142124057,
    0.0027085277251899242,
    0.0026724739000201225,
    0.00250036409124732,
    0.0025186557322740555,
    0.002420024247840047,
    0.0030459603294730186,
    0.0027048257179558277,
    0.0027945886831730604,
    0.0024623547215014696,
    0.002449742518365383,
    0.0026305876672267914,
    0.002488189609721303,
    0.002788752317428589,
    0.002721433760598302,
    0.002995844930410385,
    0.0022280877456068993,
    0.002619091421365738,
    0.0029501800891011953,
    0.002679708180949092,
    0.0026265992783010006,
    0.0026319334283471107,
    0.0026229494251310825,
    0.002348128706216812,
    0.00263682147487998,
    0.002715825568884611,
    0.002684743609279394,
    0.002688639098778367,
    0.0025101511273533106,
    0.0028839134611189365,
    0.002749485895037651,
    0.002926821354776621,
    0.002616388024762273,
    0.0028052753768861294,
    0.0024371363688260317,
    0.0029181542340666056,
    0.002756817266345024,
    0.0026377991307526827,
    0.002545017749071121,
    0.0029093583580106497,
    0.002586614340543747,
    0.0029104328714311123,
    0.0026198416016995907,
    0.002580109518021345,
    0.0025852727703750134,
    0.0027702574152499437,
    0.0025652421172708273,
    0.002696475014090538,
    0.002683228114619851,
    0.002565979026257992,
    0.0031076320447027683,
    0.0026064857374876738,
    0.0022904258221387863,
    0.0030455123633146286,
    0.0028884620405733585,
    0.002817887347191572,
    0.0026500271633267403,
    0.0028155443724244833,
    0.0027269062120467424,
    0.0025104661472141743,
    0.0026245862245559692,
    0.0027248405385762453,
    0.0024289200082421303,
    0.0028434344567358494,
    0.002791164442896843,
    0.0025403895415365696,
    0.0024641877971589565,
    0.0027075710240751505,
    0.0022200036328285933,
    0.0025263982824981213,
    0.0022899643518030643,
    0.002645093947649002,
    0.0026281913742423058,
    0.0026219580322504044,
    0.0025872797705233097,
    0.00291672395542264,
    0.0028896350413560867,
    0.0022548739798367023,
    0.0025177868083119392,
    0.0027468958869576454,
    0.0025769779458642006,
    0.0025051534175872803,
    0.0031613854225724936,
    0.002475583693012595,
    0.002686295425519347,
    0.0027031367644667625,
    0.002695424947887659,
    0.0027100262232124805,
    0.0026664729230105877,
    0.002780618378892541,
    0.0026122909039258957,
    0.002428997540846467,
    0.00277034193277359,
    0.002523684175685048,
    0.00253050634637475,
    0.0025450591929256916,
    0.002864011563360691,
    0.0029282348696142435,
    0.0027824905700981617,
    0.002636824268847704,
    0.0024854647926986217,
    0.0024285842664539814,
    0.0029727944638580084,
    0.0026175170205533504,
    0.002760363509878516,
    0.002766575198620558,
    0.0026695269625633955,
    0.002552628517150879,
    0.002278286963701248,
    0.0022874251008033752,
    0.002457766328006983,
    0.002345056738704443,
    0.0025377008132636547,
    0.002876726910471916,
    0.002505728043615818,
    0.002600807463750243,
    0.002601731102913618,
    0.002527109580114484,
    0.002382526407018304,
    0.002714024856686592,
    0.002498570829629898,
    0.003065162803977728,
    0.002628945978358388,
    0.002408722648397088,
    0.002562146168202162,
    0.00236993539147079,
    0.0027943700551986694,
    0.0025911065749824047,
    0.002589799463748932,
    0.0018163229105994105,
    0.002637514378875494,
    0.002228504978120327,
    0.0025510883424431086,
    0.0025090475101023912,
    0.0027110353112220764,
    0.00263396929949522,
    0.002565936418250203,
    0.0027058334089815617,
    0.0025064938236027956,
    0.0025985650718212128,
    0.0027507860213518143,
    0.0027312443125993013,
    0.002623585518449545,
    0.002577599138021469,
    0.00236917519941926,
    0.002519953530281782,
    0.0025225700810551643,
    0.002485304605215788,
    0.00263103935867548,
    0.0026175356470048428,
    0.0027001728303730488,
    0.0025290916673839092,
    0.0025398139841854572,
    0.0024697831831872463,
    0.0027762274257838726,
    0.0023614694364368916,
    0.0025442498736083508,
    0.002964127343147993,
    0.0023287194781005383,
    0.0024757254868745804,
    0.002853633835911751,
    0.002905468922108412,
    0.0027375929057598114,
    0.0024390430189669132,
    0.0025708016473799944,
    0.0027762369718402624,
    0.0027806544676423073,
    0.0032413131557404995,
    0.0023721016477793455,
    0.0022800725419074297,
    0.00269390270113945,
    0.002877107821404934,
    0.002531273290514946,
    0.002757880836725235,
    0.0025738889817148447,
    0.0026816497556865215,
    0.002714462811127305,
    0.002494882559403777,
    0.002791808918118477,
    0.00264668557792902,
    0.0029476487543433905,
    0.002932372037321329,
    0.0027988706715404987,
    0.002255150815472007,
    0.0029187642503529787,
    0.002837294712662697,
    0.002839719643816352,
    0.0025191972963511944,
    0.002929265145212412,
    0.0025362600572407246,
    0.0023916757199913263,
    0.002625511959195137,
    0.002338309306651354,
    0.0025644334964454174,
    0.003042264375835657,
    0.00266076042316854,
    0.0025879815220832825,
    0.0028018304146826267,
    0.00260337395593524,
    0.0025402617175132036,
    0.002773457672446966,
    0.0028613805770874023,
    0.002781426999717951,
    0.0027869432233273983,
    0.002537282183766365,
    0.002980419434607029,
    0.0031870901584625244,
    0.0026151372585445642,
    0.002571679186075926,
    0.0026594367809593678,
    0.0030942459125071764,
    0.002520256210118532,
    0.003198608523234725,
    0.0025246948935091496,
    0.0026390748098492622,
    0.0029757420998066664,
    0.00291370484046638,
    0.0026285988278687,
    0.002339343074709177,
    0.0025262711569666862,
    0.002628899412229657,
    0.0024638893082737923,
    0.002567763440310955,
    0.002419755095615983,
    0.002828933298587799,
    0.002457353053614497,
    0.002660986501723528,
    0.0026937699876725674,
    0.002577392850071192,
    0.002376215998083353,
    0.002708922605961561,
    0.002477457281202078,
    0.0024431459605693817,
    0.002613595686852932,
    0.002745213685557246,
    0.002240581437945366,
    0.002260513138025999,
    0.0026822953950613737,
    0.002601892687380314,
    0.002419112715870142,
    0.002622163388878107,
    0.0022114296443760395,
    0.0027847641613334417,
    0.0029625529423356056,
    0.0024878825061023235,
    0.0026623946614563465,
    0.002983525861054659,
    0.002887279959395528,
    0.002876399550586939,
    0.0027037777472287416,
    0.0024249828420579433,
    0.0028962690848857164,
    0.0028453581035137177,
    0.0029737656004726887,
    0.0024705431424081326,
    0.0031095421873033047,
    0.0027466374449431896,
