{
  "version": "plots/_T_10_y0_0_1_network_architectures_4_50_activations_tanh_learning_rates_0_001_collocations_1024_epochs_50000_regularization_reg_derivative_unstable_fp_reg_epochs_1_reg_coeff_1_reg_decay_1_/run_9",
  "seed": 1,
  "y0": 0.1,
  "T": 10,
  "N_col": 1024,
  "N_hidden": 4,
  "N_neurons": 50,
  "activation": "tanh",
  "N_epochs": 50000,
  "learning_rate": 0.001,
  "decay_rate": 1.0,
  "freq_log": 100,
  "freq_print": 1000,
  "keys_print": [
    "loss"
  ],
  "freq_save": 0,
  "regularization": "reg_derivative_unstable_fp",
  "reg_coeff": 1,
  "reg_decay": 1,
  "reg_epochs": 1,
  "loss": [
    0.02642025612294674,
    0.01644439809024334,
    0.014250698499381542,
    0.01174162793904543,
    0.01653289422392845,
    0.014440445229411125,
    0.010184520855545998,
    0.010731805115938187,
    0.010571317747235298,
    0.01209305040538311,
    0.011657143011689186,
    0.014767814427614212,
    0.010239816270768642,
    0.010453373193740845,
    0.010259900242090225,
    0.011070170439779758,
    0.013158418238162994,
    0.013419875875115395,
    0.010198745876550674,
    0.010035687126219273,
    0.01027664728462696,
    0.011616060510277748,
    0.011342665180563927,
    0.012919889762997627,
    0.012062398716807365,
    0.010702338069677353,
    0.011794144287705421,
    0.010410871356725693,
    0.01083353627473116,
    0.010075968690216541,
    0.010647302493453026,
    0.010012533515691757,
    0.010754726827144623,
    0.010108798742294312,
    0.010218832641839981,
    0.010590095072984695,
    0.010189809836447239,
    0.010377494618296623,
    0.010047928430140018,
    0.011052986606955528,
    0.010318750515580177,
    0.010975993238389492,
    0.010100414045155048,
    0.009983759373426437,
    0.009980663657188416,
    0.010095254518091679,
    0.009852600283920765,
    0.009662626311182976,
    0.009491514414548874,
    0.00918586365878582,
    0.008714210242033005,
    0.0075532556511461735,
    0.007327305153012276,
    0.01350721251219511,
    0.013314560055732727,
    0.009774047881364822,
    0.0001073031744454056,
    1.652918399486225e-05,
    1.3821669199387543e-05,
    8.47718729346525e-06,
    8.982633517007343e-06,
    7.775335689075291e-06,
    6.43952944301418e-06,
    6.4325672610721085e-06,
    0.0006551879923790693,
    1.278902891499456e-05,
    2.428852894809097e-05,
    7.84858457336668e-06,
    4.1586379666114226e-05,
    5.439278538688086e-06,
    8.877898835635278e-06,
    0.00017719472816679627,
    1.1825217370642349e-05,
    2.046910231001675e-05,
    4.177511073066853e-06,
    6.188321549416287e-06,
    4.537821496342076e-06,
    1.0757601557997987e-05,
    0.00012683974637184292,
    2.0183357264613733e-05,
    4.8603411414660513e-05,
    1.489250371378148e-05,
    0.00013284456508699805,
    4.327024726080708e-06,
    1.630132283025887e-05,
    2.7620703804132063e-06,
    3.9845967876317445e-06,
    2.659763140400173e-06,
    3.0231251457735198e-06,
    2.634606971696485e-06,
    3.368670149939135e-05,
    2.0234899693605257e-06,
    7.205548172350973e-06,
    7.653954526176676e-06,
    1.892177897389047e-05,
    0.0008794526220299304,
    1.8530267880123574e-06,
    1.8710491076490143e-06,
    1.206333763548173e-05,
    1.7882637166621862e-06,
    1.4082920642977115e-06,
    8.017093932721764e-06,
    1.7975403352465946e-06,
    0.00022630259627476335,
    6.405496151273837e-06,
    1.5794284990988672e-06,
    2.9304706913535483e-05,
    2.6708758014137857e-06,
    9.651886648498476e-05,
    3.708572876348626e-06,
    9.724975598146557e-07,
    3.582445060601458e-05,
    3.0426990633714013e-06,
    1.2557566151372157e-06,
    1.001661985355895e-05,
    0.0003709194716066122,
    6.873624442960136e-07,
    3.683874092530459e-05,
    6.067013487154327e-07,
    1.1803858797065914e-06,
    5.0122134780394845e-06,
    0.00011224315676372498,
    1.0509125786484219e-05,
    5.658253030560445e-07,
    7.568373803223949e-07,
    0.00038794020656496286,
    5.532718319045671e-07,
    1.151861852122238e-06,
    3.7821491787326522e-06,
    2.406389967291034e-07,
    3.975728759542108e-06,
    4.942045279676677e-07,
    4.755057489091996e-06,
    7.644234756298829e-06,
    7.609596195834456e-06,
    3.941670911444817e-06,
    2.2353330564328644e-07,
    1.92706283996813e-06,
    3.222377529255027e-07,
    2.025951971518225e-06,
    1.6795711132999713e-07,
    1.598296989868686e-06,
    9.356004738947377e-06,
    3.7280591641319916e-05,
    2.036471471456025e-07,
    1.210034952237038e-07,
    4.296245606383309e-06,
    0.0002183494798373431,
    2.7098843702333397e-07,
    3.319807149182452e-07,
    2.3065013010636903e-07,
    0.00023562920978292823,
    2.6737541247712215e-06,
    1.9819887597805064e-07,
    1.802401675377041e-05,
    6.46202096277193e-08,
    0.00010118063073605299,
    7.543476954197104e-08,
    6.9123370849411e-07,
    0.00011627341154962778,
    1.0137994621572943e-07,
    1.2293751751712989e-05,
    7.894810778452666e-07,
    7.073214510455728e-05,
    5.933397062563017e-08,
    1.0489685564607498e-06,
    5.1031978642868125e-08,
    1.0119010767084546e-05,
    5.5537027947138995e-05,
    7.743108199065318e-07,
    0.029694093391299248,
    0.015389498323202133,
    0.013392896391451359,
    0.016081634908914566,
    0.012139856815338135,
    0.012585412710905075,
    0.014007609337568283,
    0.01292479783296585,
    0.013392365537583828,
    0.014245744794607162,
    0.012798450887203217,
    0.012227224186062813,
    0.012715812772512436,
    0.015044771134853363,
    0.012534805573523045,
    0.012383716180920601,
    0.013312089256942272,
    0.012457111850380898,
    0.012199945747852325,
    0.012264784425497055,
    0.01272772066295147,
    0.013866380788385868,
    0.012350404635071754,
    0.012113895267248154,
    0.012219594791531563,
    0.012183625251054764,
    0.012074105441570282,
    0.013982773758471012,
    0.01213747262954712,
    0.01216202974319458,
    0.012557491660118103,
    0.012345058843493462,
    0.012790344655513763,
    0.012195196002721786,
    0.012125260196626186,
    0.01332592312246561,
    0.01241373922675848,
    0.012910371646285057,
    0.011949650011956692,
    0.01183312851935625,
    0.011141412891447544,
    0.011168336495757103,
    0.010198647156357765,
    0.0034551029093563557,
    0.003583452431485057,
    0.003299626987427473,
    0.0035431452561169863,
    0.004323986358940601,
    0.003635913133621216,
    0.0035396041348576546,
    0.0037010088562965393,
    0.003508466761559248,
    0.0035718015860766172,
    0.003890556748956442,
    0.0038570663891732693,
    0.003820763435214758,
    0.0038796456065028906,
    0.003457617247477174,
    0.004125793464481831,
    0.0044042509980499744,
    0.003458266146481037,
    0.0035436374600976706,
    0.0036654239520430565,
    0.004352389834821224,
    0.0033024847507476807,
    0.004529913887381554,
    0.0034689924214035273,
    0.003627399681136012,
    0.004205336794257164,
    0.004129447974264622,
    0.0036582471802830696,
    0.0031448500230908394,
    0.0035690469667315483,
    0.0033859829418361187,
    0.003350825048983097,
    0.0035626254975795746,
    0.003221583552658558,
    0.003890315303578973,
    0.003390646306797862,
    0.0037723907735198736,
    0.0037644789554178715,
    0.003476878860965371,
    0.003243821207433939,
    0.0037723761051893234,
    0.0033891252242028713,
    0.0033974458929151297,
    0.003701140871271491,
    0.0038517473731189966,
    0.003065139753744006,
    0.0031243199482560158,
    0.0038174614310264587,
    0.003579705487936735,
    0.0034748571924865246,
    0.003612662898376584,
    0.0029448713175952435,
    0.003982113674283028,
    0.004014651756733656,
    0.003452642122283578,
    0.0037371113430708647,
    0.004060674458742142,
    0.0040645962581038475,
    0.0038019041530787945,
    0.0036289249546825886,
    0.003348646219819784,
    0.004026839975267649,
    0.0041794730350375175,
    0.004281653091311455,
