{
  "version": "plots/_T_10_y0_0_01_network_architectures_4_50_activations_tanh_learning_rates_0_001_collocations_1024_epochs_50000_regularization_reg_derivative_reg_epochs_1_reg_coeff_0_01_reg_decay_1_/run_0",
  "seed": 1,
  "y0": 0.01,
  "T": 10,
  "N_col": 1024,
  "N_hidden": 4,
  "N_neurons": 50,
  "activation": "tanh",
  "N_epochs": 50000,
  "learning_rate": 0.001,
  "decay_rate": 1.0,
  "freq_log": 100,
  "freq_print": 1000,
  "keys_print": [
    "loss"
  ],
  "freq_save": 0,
  "regularization": "reg_derivative",
  "reg_coeff": 0.01,
  "reg_decay": 1,
  "reg_epochs": 1,
  "loss": [
    0.014498906210064888,
    0.010025542229413986,
    0.010018840432167053,
    0.010020573623478413,
    0.010018543340265751,
    0.010021090507507324,
    0.010020759887993336,
    0.010021280497312546,
    0.010020516812801361,
    0.010018942877650261,
    0.010017002932727337,
    0.010023673065006733,
    0.010021232068538666,
    0.010024497285485268,
    0.010021661408245564,
    0.010044134221971035,
    0.010025769472122192,
    0.010023881681263447,
    0.0100189708173275,
    0.010019558481872082,
    0.010178926400840282,
    0.010019640438258648,
    0.01002939697355032,
    0.010022273287177086,
    0.010022030211985111,
    0.010020517744123936,
    0.010018981993198395,
    0.010032462887465954,
    0.010017532855272293,
    0.010024105198681355,
    0.01002039760351181,
    0.010021144524216652,
    0.01001797430217266,
    0.01004265621304512,
    0.010025086812675,
    0.010018560104072094,
    0.010021544061601162,
    0.010076218284666538,
    0.010023225098848343,
    0.01001738291233778,
    0.010029694065451622,
    0.01006900891661644,
    0.010019888170063496,
    0.010020244866609573,
    0.010022029280662537,
    0.010113460011780262,
    0.010020452551543713,
    0.010021011345088482,
    0.010021272115409374,
    0.010020079091191292,
    0.010021084919571877,
    0.01002039946615696,
    0.010025089606642723,
    0.010023139417171478,
    0.010030563920736313,
    0.010026909410953522,
    0.010022159665822983,
    0.01002077478915453,
    0.010022354312241077,
    0.010021178983151913,
    0.01002036314457655,
    0.010022248141467571,
    0.010041679255664349,
    0.010027539916336536,
    0.010027154348790646,
    0.010034146718680859,
    0.010020925663411617,
    0.010103191249072552,
    0.010026829317212105,
    0.010019225999712944,
    0.010019811801612377,
    0.010028278455138206,
    0.01001941878348589,
    0.01002639252692461,
    0.010020374320447445,
    0.010016968473792076,
    0.010023972019553185,
    0.01002198364585638,
    0.010021532885730267,
    0.010019378736615181,
    0.010021829977631569,
    0.010021033696830273,
    0.010018693283200264,
    0.010019808076322079,
    0.010021395049989223,
    0.01001934427767992,
    0.010029349476099014,
    0.010020976886153221,
    0.010021856985986233,
    0.010018780827522278,
    0.01002713106572628,
    0.010017047636210918,
    0.010020270943641663,
    0.010016527958214283,
    0.010020720772445202,
    0.010026256553828716,
    0.01002507470548153,
    0.010020298883318901,
    0.01002330332994461,
    0.010022235102951527,
    0.010016600601375103,
    0.010019537061452866,
    0.010022192262113094,
    0.010020638816058636,
    0.010021040216088295,
    0.010025453753769398,
    0.010019347071647644,
    0.010020489804446697,
    0.010020159184932709,
    0.010020347312092781,
    0.010023961775004864,
    0.010023612529039383,
    0.010021889582276344,
    0.010020371526479721,
    0.010019066743552685,
    0.010021205991506577,
    0.010018815286457539,
    0.010019537061452866,
    0.010019471868872643,
    0.0100218141451478,
    0.01002283301204443,
    0.01002033893018961,
    0.010022654198110104,
    0.010020437650382519,
    0.010018211789429188,
    0.01002294011414051,
    0.010020260699093342,
    0.010023326613008976,
    0.010021883994340897,
    0.01001971960067749,
    0.010019353590905666,
    0.010016795247793198,
    0.010016778483986855,
    0.010019373148679733,
    0.010017378255724907,
    0.010018988512456417,
    0.010021766647696495,
    0.010018928907811642,
    0.010019898414611816,
    0.01001952774822712,
    0.010019421577453613,
    0.010017463006079197,
    0.010023359209299088,
    0.010018291883170605,
    0.01002395711839199,
    0.010020324029028416,
    0.010017778724431992,
    0.01001917477697134,
    0.010017413645982742,
    0.010021594353020191,
    0.010019270703196526,
    0.01001933217048645,
    0.010012525133788586,
    0.01001949142664671,
    0.010016605257987976,
    0.010018937289714813,
    0.010018616914749146,
    0.010020632296800613,
    0.010020244866609573,
    0.010019776411354542,
    0.010020471177995205,
    0.010018466971814632,
    0.010020136833190918,
    0.010021035559475422,
    0.010020950809121132,
    0.01001992542296648,
    0.010018908418715,
    0.01001780480146408,
    0.010018733330070972,
    0.010018846951425076,
    0.010018792934715748,
    0.010019736364483833,
    0.010019691661000252,
    0.010020376183092594,
    0.010019163601100445,
    0.010019012726843357,
    0.010018073953688145,
    0.010020923800766468,
    0.010017559863626957,
    0.010018612258136272,
    0.010022535920143127,
    0.01001711469143629,
    0.010018434375524521,
    0.010021666996181011,
    0.0100224195048213,
    0.010020565241575241,
    0.010017954744398594,
    0.01001893263310194,
    0.010021106339991093,
    0.010021361522376537,
    0.01002587378025055,
    0.01001782063394785,
    0.010017295368015766,
    0.010020211338996887,
    0.010022351518273354,
    0.010019036941230297,
    0.010021040216088295,
    0.010017983615398407,
    0.010020408779382706,
    0.010021432302892208,
    0.010018892586231232,
    0.010021458379924297,
    0.010020189918577671,
    0.010022961534559727,
    0.01002328097820282,
    0.010021229274570942,
    0.010016314685344696,
    0.010022451169788837,
    0.010022076778113842,
    0.010022019036114216,
    0.010018804110586643,
    0.010022656060755253,
    0.010019471868872643,
    0.010018245317041874,
    0.010019470937550068,
    0.010017537511885166,
    0.010019647888839245,
    0.010024340823292732,
    0.01002015732228756,
    0.01002014521509409,
    0.01002061739563942,
    0.010019739158451557,
    0.010018804110586643,
    0.010020864196121693,
    0.010021698661148548,
    0.010021236725151539,
    0.010022982023656368,
    0.010019057430326939,
    0.01002297643572092,
    0.010024585761129856,
    0.010019458830356598,
    0.010019475594162941,
    0.010020445100963116,
    0.010023904033005238,
    0.01001881342381239,
    0.010025188326835632,
    0.010019024834036827,
    0.010020649991929531,
    0.010022911243140697,
    0.010022126138210297,
    0.010020104236900806,
    0.01001738477498293,
    0.010018964298069477,
    0.010019561275839806,
    0.0100182443857193,
    0.010019386187195778,
    0.01001826860010624,
    0.010021897032856941,
    0.010018323548138142,
    0.010019914247095585,
    0.010020706802606583,
    0.010019384324550629,
    0.01001740898936987,
    0.010020473971962929,
    0.010018635541200638,
    0.01019796822220087,
    0.010020031593739986,
    0.010020907036960125,
    0.010016600601375103,
    0.010016667656600475,
    0.010020586661994457,
    0.010019602254033089,
    0.010018079541623592,
    0.010019415058195591,
    0.010015798732638359,
    0.010021337307989597,
    0.01002298854291439,
    0.010018482804298401,
    0.010020283050835133,
    0.010022692382335663,
    0.010021970607340336,
    0.010021611116826534,
    0.010020514950156212,
    0.0100182443857193,
    0.010021684691309929,
    0.010021925903856754,
    0.010022664442658424,
    0.010018741711974144,
    0.010024202056229115,
    0.010020887479186058,
    0.010019795969128609,
    0.010022029280662537,
    0.010020481422543526,
    0.010022873058915138,
    0.010017957538366318,
    0.010018373839557171,
    0.010016601532697678,
