{
  "version": "plots/_T_10_y0_0_001_network_architectures_4_50_activations_tanh_learning_rates_0_001_collocations_1024_epochs_50000_regularization_unstable_fp_reg_epochs_1_reg_coeff_10_reg_decay_1_/run_6",
  "seed": 1,
  "y0": 0.001,
  "T": 10,
  "N_col": 1024,
  "N_hidden": 4,
  "N_neurons": 50,
  "activation": "tanh",
  "N_epochs": 50000,
  "learning_rate": 0.001,
  "decay_rate": 1.0,
  "freq_log": 100,
  "freq_print": 1000,
  "keys_print": [
    "loss"
  ],
  "freq_save": 0,
  "regularization": "unstable_fp",
  "reg_coeff": 10,
  "reg_decay": 1,
  "reg_epochs": 1,
  "loss": [
    0.10501066595315933,
    8.629209332866594e-06,
    1.9104083548882045e-05,
    2.3142712961998768e-05,
    2.3523087293142453e-05,
    7.861152698751539e-05,
    1.3795142876915634e-05,
    0.00013941300858277828,
    1.4993318472988904e-05,
    1.0042114809039049e-05,
    1.0620582543197088e-05,
    5.284077997202985e-05,
    1.0211320841335692e-05,
    1.388089276588289e-05,
    0.00010452364222146571,
    3.955612191930413e-05,
    1.4372917576110922e-05,
    0.00015495435218326747,
    7.441960769938305e-05,
    1.5175492990238126e-05,
    1.8231461581308395e-05,
    4.864174479735084e-05,
    4.800139140570536e-05,
    1.4522895071422681e-05,
    0.00010426287190057337,
    1.783747211447917e-05,
    1.3825687346979976e-05,
    6.0580474382732064e-05,
    6.455084076151252e-06,
    7.853096758481115e-05,
    1.3684229998034425e-05,
    2.8003307306789793e-05,
    2.496319211786613e-05,
    2.9480052035069093e-05,
    1.8999608073499985e-05,
    6.5841686591738835e-06,
    0.00040747440652921796,
    5.669959136866964e-06,
    1.579150375619065e-05,
    4.326766065787524e-05,
    2.9903952963650227e-05,
    4.1120783862425014e-05,
    9.556223631079774e-06,
    1.2606469681486487e-05,
    9.556039913150016e-06,
    7.63845946494257e-06,
    7.527132402174175e-05,
    9.551936273055617e-06,
    1.0910755008808337e-05,
    8.289355719170999e-06,
    3.5936474887421355e-05,
    1.0419227692182176e-05,
    6.456323899328709e-05,
    0.00025995777104981244,
    1.9716990209417418e-05,
    7.649847975699231e-05,
    3.466654379735701e-05,
    6.907353053975385e-06,
    1.0119032594957389e-05,
    3.4750857594190165e-05,
    1.7468813894083723e-05,
    1.0468686014064588e-05,
    1.107859134208411e-05,
    2.252379636047408e-05,
    0.00012317256187088788,
    6.85174745740369e-06,
    8.532500214641914e-05,
    1.063135096046608e-05,
    8.546448952984065e-06,
    1.2747623259201646e-05,
    2.857682920875959e-05,
    6.900677362864371e-06,
    8.934357538237236e-06,
    1.2251197404111736e-05,
    8.80479819898028e-06,
    8.636545317131095e-06,
    9.22102844924666e-06,
    3.4002619941020384e-05,
    1.547534338897094e-05,
    9.823291293287184e-06,
    9.691930245026015e-06,
    9.061200216819998e-06,
    8.999224519357085e-06,
    1.3833017874276266e-05,
    2.7625941584119573e-05,
    9.096019311982673e-06,
    8.285178410005756e-06,
    8.46538932819385e-06,
    8.327529940288514e-06,
    1.2448854249669239e-05,
    7.954038665047847e-06,
    1.2184225852251984e-05,
    7.407756129396148e-06,
    3.420240091145388e-06,
    5.9278972912579775e-06,
    2.3071590476320125e-05,
    1.41563732540817e-05,
    7.540472324762959e-06,
    7.399509740935173e-06,
    9.421384675079025e-06,
    8.961964340414852e-06,
    9.898205462377518e-06,
    4.9598356781643815e-06,
    9.242075975635089e-06,
    8.481554687023163e-06,
    1.2585148397192825e-05,
    8.593387974542566e-06,
    4.174471541773528e-05,
    3.0269375201896764e-05,
    7.945091965666506e-06,
    7.780556188663468e-06,
    3.459079016465694e-05,
    8.107703251880594e-06,
    2.407141073490493e-05,
    1.0945690519292839e-05,
    3.2358107091567945e-06,
    2.6545380023890175e-05,
    2.4538690922781825e-05,
    1.1091695341747254e-05,
    6.524498894577846e-05,
    6.889425094414037e-06,
    4.8034526116680354e-05,
    8.650747076899279e-06,
    7.821437975508161e-06,
    6.453454261645675e-06,
    1.3492504876921885e-05,
    8.593686288804747e-06,
    8.159920980688184e-06,
    3.9879065298009664e-05,
    4.470415660762228e-05,
    1.4314287909655832e-05,
    7.90925150795374e-06,
    7.574718438263517e-06,
    1.1980596354987938e-05,
    5.559076271310914e-06,
    5.11622010890278e-06,
    5.932256499363575e-06,
    8.407994755543768e-06,
    1.6110057913465425e-05,
    9.077039976546075e-06,
    6.121084879850969e-06,
    8.652455107949208e-06,
    7.974984328029677e-06,
    5.610983862425201e-06,
    6.645500889135292e-06,
    5.900070391362533e-06,
    7.508190719818231e-06,
    3.157286482746713e-05,
    1.261886973225046e-05,
    1.1035414900106844e-05,
    7.747934432700276e-06,
    2.85892474494176e-06,
    1.1994796295766719e-05,
    2.2842057660454884e-05,
    4.829101271752734e-06,
    1.4242322322388645e-05,
    2.122462319675833e-05,
    9.184368536807597e-06,
    1.6851852706167847e-05,
    7.3162527769454755e-06,
    6.19413003732916e-06,
    6.678646514046704e-06,
    6.985922482272144e-06,
    8.14929990156088e-06,
    6.209268121892819e-06,
    5.734713340643793e-06,
    5.866928859177278e-06,
    5.827826043969253e-06,
    6.180563104862813e-06,
    6.338973435049411e-06,
    1.123152378568193e-05,
    1.5762614566483535e-05,
    2.3123366190702654e-05,
    1.6879659597179852e-05,
    1.089136003429303e-05,
    1.633446299820207e-05,
    3.7396860079752514e-06,
    8.877825166564435e-06,
    4.2074129851243924e-06,
    6.212036623765016e-06,
    4.91620494358358e-06,
    5.458785835799063e-06,
    6.160161319712643e-06,
    8.1494126789039e-06,
    2.1250407371553592e-06,
    6.861227120680269e-06,
    6.076200861571124e-06,
    7.14127918399754e-06,
    6.625515197811183e-06,
    7.313974492717534e-06,
    7.08030529494863e-06,
    6.426005711546168e-06,
    6.431450401578331e-06,
    6.632154509134125e-06,
    6.821823262725957e-06,
    8.065348083619028e-06,
    1.1028235348931048e-05,
    8.114330739772413e-06,
    8.68681127030868e-06,
    8.315722880070098e-06,
    8.41951259644702e-06,
    9.381495146953966e-06,
    1.5323299521696754e-05,
    5.355021130526438e-06,
    5.337597031029873e-06,
    6.743348421878181e-06,
    8.50090873427689e-06,
    8.70429357746616e-06,
    6.212618700374151e-06,
    5.966538083157502e-06,
    6.790555744373705e-06,
    5.7145462051266804e-06,
    7.473560799553525e-06,
    6.220352588570677e-06,
    6.163316356833093e-06,
    6.095177923270967e-06,
    6.429032509913668e-06,
    6.27098143013427e-06,
    5.963373951090034e-06,
    6.432737791328691e-06,
    5.444871021609288e-06,
    6.096596735005733e-06,
    9.12842369871214e-06,
    5.78298386244569e-06,
    5.829982001159806e-06,
    8.459781383862719e-06,
    1.3883100109524094e-06,
    6.627693437621929e-06,
    2.405679651928949e-06,
    6.008854143146891e-06,
    6.395281161530875e-06,
    5.786776455352083e-06,
    5.595762559096329e-06,
    5.374769443733385e-06,
    5.87416798225604e-06,
    5.657238943967968e-06,
    8.78630999068264e-06,
    5.150927790964488e-06,
    8.668141163070686e-06,
    1.3606646461994387e-05,
    1.0737229786172975e-05,
    1.0815485438797623e-05,
    8.169616194209084e-06,
    1.2630357559828553e-05,
    1.3283995940582827e-05,
    8.276609150925651e-06,
    7.323373210965656e-06,
    2.1123914848431014e-06,
    1.1188810276507866e-05,
    1.5809278011147399e-06,
    5.082729330752045e-06,
    2.9884397463320056e-06,
    1.3777922504232265e-05,
    4.1845505620585755e-06,
    2.030331870628288e-06,
    1.786480424925685e-06,
    2.1750445284851594e-06,
    1.507874003436882e-06,
    1.3659202977578389e-06,
    2.087150733132148e-06,
    4.201730916975066e-06,
    3.558152457117103e-06,
    2.71131693807547e-06,
    4.206051471555838e-06,
    5.247773060546024e-06,
    1.3951799928690889e-06,
    1.1190121540494147e-06,
    4.727950909000356e-06,
    2.6760958462546114e-06,
    3.3023675314325374e-06,
    1.7719651168590644e-06,
    2.2187070953805232e-06,
