{
  "version": "plots/_T_10_y0_0_01_network_architectures_4_50_activations_tanh_learning_rates_0_001_collocations_1024_epochs_50000_regularization_unstable_fp_reg_epochs_1_reg_coeff_1_reg_decay_1_/run_9",
  "seed": 1,
  "y0": 0.01,
  "T": 10,
  "N_col": 1024,
  "N_hidden": 4,
  "N_neurons": 50,
  "activation": "tanh",
  "N_epochs": 50000,
  "learning_rate": 0.001,
  "decay_rate": 1.0,
  "freq_log": 100,
  "freq_print": 1000,
  "keys_print": [
    "loss"
  ],
  "freq_save": 0,
  "regularization": "unstable_fp",
  "reg_coeff": 1,
  "reg_decay": 1,
  "reg_epochs": 1,
  "loss": [
    0.050980307161808014,
    0.006661752238869667,
    0.005682080052793026,
    0.005169542971998453,
    0.0048524849116802216,
    0.005255606956779957,
    0.004777214024215937,
    0.003768669907003641,
    0.0025244015268981457,
    0.0014268980594351888,
    0.0011320458725094795,
    0.0011804680107161403,
    0.0009244141401723027,
    0.0009031795198097825,
    0.0007925116806291044,
    0.0006570644909515977,
    0.0007629535393789411,
    0.0010467765387147665,
    0.0005081038689240813,
    0.0004241077695041895,
    0.0006463107420131564,
    0.0003513774718157947,
    0.0005366555415093899,
    0.00027341587701812387,
    0.0002088574692606926,
    0.0001652265345910564,
    0.0002826645504683256,
    0.00044113025069236755,
    0.00010165794810745865,
    0.0001190787079394795,
    0.00013214765931479633,
    0.0003741429827641696,
    0.00015357500524260104,
    9.21660684980452e-05,
    3.786464367294684e-05,
    6.689204747090116e-05,
    3.79643497581128e-05,
    6.0940732510061935e-05,
    2.4009346816455945e-05,
    0.00015869003254920244,
    1.692830483079888e-05,
    0.00020113313803449273,
    1.827605774451513e-05,
    3.1905721698421985e-05,
    0.0004562560934573412,
    0.00013154311454854906,
    1.756111487338785e-05,
    0.0005174816469661891,
    2.6797570171765983e-05,
    3.707565338118002e-05,
    2.4503171516698785e-05,
    6.203005796123762e-06,
    0.00045594468247145414,
    8.048438030527905e-05,
    1.8731432646745816e-05,
    3.243286755605368e-06,
    5.2501331992971245e-06,
    5.197094196773833e-06,
    0.0009007168700918555,
    3.477422069408931e-06,
    3.1593690437148325e-06,
    0.00020411079458426684,
    2.999342541443184e-06,
    1.1169029676239006e-05,
    8.719629113329574e-05,
    4.097231339983409e-06,
    2.4780021703918464e-05,
    5.1925608204328455e-06,
    0.0008548452169634402,
    4.191361767880153e-06,
    0.0005033137276768684,
    3.4609329304657876e-06,
    2.7736396077671088e-05,
    1.7615346223465167e-05,
    8.423085091635585e-06,
    1.7236254279850982e-05,
    0.00015470606740564108,
    0.00015026639448478818,
    5.269427674647886e-06,
    2.8347033094178187e-06,
    8.190765584004112e-06,
    6.393171588570112e-06,
    4.642394742404576e-06,
    4.872663339483552e-06,
    3.548087988747284e-05,
    9.88542797131231e-06,
    3.868399289785884e-06,
    0.00023208893253467977,
    5.985909410810564e-06,
    1.0967253729177173e-05,
    2.9748043743893504e-06,
    1.1023525985365268e-05,
    1.1367142178642098e-05,
    1.7930733520188369e-06,
    3.1533479614154203e-06,
    1.3810691598337144e-05,
    7.007708518358413e-06,
    6.607899194932543e-06,
    2.8509025469247717e-06,
    1.4815933354839217e-05,
    1.3523322195396759e-06,
    1.6296546164085157e-05,
    0.00018223166989628226,
    6.74431212246418e-05,
    2.449694193273899e-06,
    1.564701506140409e-06,
    2.3585621420352254e-06,
    2.898556340369396e-05,
    5.379316462494899e-06,
    5.753371624450665e-06,
    8.636301913611533e-07,
    1.6844137462612707e-06,
    1.8880100469687022e-06,
    6.114544521551579e-05,
    1.0476003353687702e-06,
    9.43095187722065e-07,
    0.00019103031081613153,
    5.644270686389063e-07,
    3.900631782016717e-07,
    3.601251955842599e-05,
    8.720854793864419e-07,
    5.124106792209204e-07,
    6.332788871077355e-06,
    1.0531568477745168e-05,
    8.120939583022846e-07,
    6.364349974319339e-05,
    9.273682053390075e-07,
    1.327681047769147e-06,
    1.1848793519675382e-06,
    7.082422598614357e-06,
    5.7448916777502745e-05,
    5.0640752306208014e-05,
    2.8989905331400223e-05,
    0.00013167932047508657,
    7.957680168146908e-07,
    1.6801727724669036e-06,
    0.0001240087440237403,
    2.6006723601312842e-06,
    1.4270394785853568e-06,
    1.150257730841986e-06,
    9.284963198297191e-07,
    3.27110478792747e-06,
    0.0072741457261145115,
    3.7146869544812944e-06,
    2.6847342269320507e-06,
    9.444765964872204e-07,
    3.0888946866980405e-07,
    2.4403220777458046e-07,
    1.5015515941740887e-07,
    3.636982341959083e-07,
    1.5749408532883535e-07,
    1.3966698020340118e-07,
    8.277309461846016e-06,
    3.003085851105425e-07,
    1.1270430633203432e-07,
    1.6755933756940067e-05,
    2.827477771916165e-07,
    1.2833886557928054e-06,
    6.174804002512246e-05,
    2.2372558305505663e-05,
    1.5483794868487166e-06,
    7.549234624093515e-07,
    9.083430541068083e-07,
    1.2688389006143552e-07,
    1.87419789199339e-06,
    2.7063168772656354e-07,
    1.2982879979972495e-06,
    1.2119545544919674e-07,
    3.636232861481403e-07,
    2.9719285521423444e-05,
    1.9035441312098555e-07,
    1.413399900229706e-06,
    0.0002524101873859763,
    3.991955281890114e-07,
    6.911956916155759e-06,
    2.6528414309723303e-05,
    1.1929405445698649e-05,
    1.0131028830073774e-05,
    3.797604949795641e-05,
    2.835757186403498e-06,
    1.3185807290483353e-07,
    1.3476113736032858e-07,
    2.2584265025216155e-05,
    4.7390977897521225e-07,
    4.898185579804704e-06,
    3.3535943657625467e-05,
    9.336494258604944e-06,
    5.579834396485239e-05,
    5.277831223793328e-05,
    7.903097866801545e-06,
    6.927243703103159e-07,
    7.788963557686657e-06,
    0.005894897505640984,
    0.00028523383662104607,
    0.0002007159637287259,
    0.00015219554188661277,
    0.00025317896506749094,
    0.00037408756907097995,
    0.0003154319419991225,
    0.00023777912429068238,
    0.0001400552282575518,
    0.00024891720386222005,
    0.00020309303363319486,
    0.0001716972328722477,
    0.00025503276265226305,
    0.0002506897144485265,
    0.00025304019800387323,
    0.00023043420515023172,
    0.0001777985307853669,
    0.001182677922770381,
    0.00037199578946456313,
    0.0002009349991567433,
    0.0020246789790689945,
    0.00016310409409925342,
    0.00020374127780087292,
    0.0002113336813636124,
    0.0002466400619596243,
    0.00022853729024063796,
    0.0002605774498078972,
    0.0002340452338103205,
    0.0002097999822581187,
    0.0001731824886519462,
    0.00018867332255467772,
    0.0002780631766654551,
    0.0001777184079401195,
    0.00020509562455117702,
    0.0009102331241592765,
    0.0006300110835582018,
    0.00018679587810765952,
    0.00016371579840779305,
    0.00035425854730419815,
    0.0001431548735126853,
    0.00019231786427553743,
    0.00023834011517465115,
    0.00021617634047288448,
    0.0002581519656814635,
    0.00022599881049245596,
    0.00027025636518374085,
    0.0001621243718545884,
    0.00019176745263393968,
    0.00022235856158658862,
    0.00015710247680544853,
    0.0002916332450695336,
    0.00015050773799885064,
    0.0002223523915745318,
    0.00027583568589761853,
    0.00018864317098632455,
    0.0003318574745208025,
    0.00020729168318212032,
    0.00038273027166724205,
    0.00019302245345897973,
    0.0001563057885505259,
    0.00018175005970988423,
    0.00019570223230402917,
    0.00023549358593299985,
    0.00013744628813583404,
    0.00016332481754943728,
    0.00018890546925831586,
    0.00016929509001784027,
    0.00018233411537948996,
    0.0002766714314930141,
    0.0001676461979513988,
    0.00019613484619185328,
    0.00018032253137789667,
    0.00020072876941412687,
    0.00017794949235394597,
    0.0002557857951615006,
    0.00020702375331893563,
    0.00016601331299170852,
    0.0001996845385292545,
