{
  "version": "plots/_T_7_5_y0_0_01_network_architectures_4_50_activations_tanh_learning_rates_0_001_collocations_1024_epochs_50000_regularization_unstable_fp_reg_epochs_1_reg_coeff_100000_reg_decay_1_/run_7",
  "seed": 1,
  "y0": 0.01,
  "T": 7.5,
  "N_col": 1024,
  "N_hidden": 4,
  "N_neurons": 50,
  "activation": "tanh",
  "N_epochs": 50000,
  "learning_rate": 0.001,
  "decay_rate": 1.0,
  "freq_log": 100,
  "freq_print": 1000,
  "keys_print": [
    "loss"
  ],
  "freq_save": 0,
  "regularization": "unstable_fp",
  "reg_coeff": 100000,
  "reg_decay": 1,
  "reg_epochs": 1,
  "loss": [
    0.031293295323848724,
    0.1285407841205597,
    0.09262023121118546,
    0.11387518048286438,
    0.10034023970365524,
    0.06463020294904709,
    0.08039069175720215,
    0.12880970537662506,
    0.07537517696619034,
    0.13008731603622437,
    0.0407152995467186,
    0.07113800942897797,
    0.05192520469427109,
    0.07725457102060318,
    0.06999464333057404,
    0.10815854370594025,
    0.07985268533229828,
    0.10668842494487762,
    0.07418805360794067,
    0.044325485825538635,
    0.02839677222073078,
    0.056214410811662674,
    0.04685773700475693,
    0.03813709318637848,
    0.03250500559806824,
    0.06611953675746918,
    0.04024076461791992,
    0.07254575937986374,
    0.06023351848125458,
    0.04791794717311859,
    0.0025585563853383064,
    0.04371894523501396,
    0.07983681559562683,
    0.02977328933775425,
    0.02307000383734703,
    0.01454162783920765,
    0.011710410937666893,
    0.00943206250667572,
    0.008768580853939056,
    0.006526521407067776,
    0.007046841084957123,
    0.007145165931433439,
    0.006102227605879307,
    0.005446680821478367,
    0.005156141240149736,
    0.004539415240287781,
    0.004384822212159634,
    0.0037957760505378246,
    0.0039055750239640474,
    0.004019632004201412,
    0.0033040866255760193,
    0.0034604461397975683,
    0.003624000120908022,
    0.0029965396970510483,
    0.0027687493711709976,
    0.002519599162042141,
    0.002843120601028204,
    0.0024544699117541313,
    0.0024964355397969484,
    0.0023203156888484955,
    0.0021958553697913885,
    0.0020110735204070807,
    0.001794351963326335,
    0.0016416057478636503,
    0.0016967699630185962,
    0.0015034978277981281,
    0.0013853637501597404,
    0.0012828470207750797,
    0.0012594632571563125,
    0.001107740681618452,
    0.0010262710275128484,
    0.0009486819617450237,
    0.000800455454736948,
    0.0008131923386827111,
    0.0006713838083669543,
    0.0005355824250727892,
    0.00048799128853715956,
    0.00047626791638322175,
    0.0003533197450451553,
    0.0002983065787702799,
    0.00025101861683651805,
    0.00023973020142875612,
    0.00017958068929146975,
    0.00015618304314557463,
    0.00013917475007474422,
    0.000127508828882128,
    0.0001189437898574397,
    0.00011447913129813969,
    0.00011023130355169997,
    9.853571827989072e-05,
    9.794902871362865e-05,
    8.844819967634976e-05,
    8.442049147561193e-05,
    8.862532558850944e-05,
    7.909301348263398e-05,
    8.547359175281599e-05,
    8.382272790186107e-05,
    7.473428559023887e-05,
    6.875376857351512e-05,
    0.00010155011841561645,
    6.269144068937749e-05,
    6.532065890496597e-05,
    6.108208617661148e-05,
    5.762836735812016e-05,
    5.881016841158271e-05,
    4.718398486147635e-05,
    4.343369073467329e-05,
    3.833168011624366e-05,
    3.50270674971398e-05,
    2.966407009807881e-05,
    0.00010200559336226434,
    3.41337981808465e-05,
    6.674236647086218e-05,
    2.0266161300241947e-05,
    1.8978698790306225e-05,
    1.9196846551494673e-05,
    3.749959432752803e-05,
    0.0001934081083163619,
    1.9341725419508293e-05,
    2.46810323005775e-05,
    0.00021007686154916883,
    9.47206535784062e-06,
    1.5875604731263593e-05,
    8.660410458105616e-06,
    0.08085522800683975,
    0.06686661392450333,
    0.04925593361258507,
    0.04513378441333771,
    0.043712738901376724,
    0.03301987051963806,
    0.03152834624052048,
    0.022807396948337555,
    0.02057291567325592,
    0.021948697045445442,
    0.016868390142917633,
    0.01584082841873169,
    0.015592382289469242,
    0.010642023757100105,
    0.008405808359384537,
    0.006904601119458675,
    0.005819092504680157,
    0.005112604238092899,
    0.004616305232048035,
    0.0029525556601583958,
    0.001923078903928399,
    0.0013552343007177114,
    0.001030744519084692,
    0.0008512556087225676,
    0.0006561226327903569,
    0.0006190122803673148,
    0.000533418613485992,
    0.00047328538494184613,
    0.0003860437136609107,
    0.00040816437103785574,
    0.00033182240440510213,
    0.00025903829373419285,
    0.000222519738599658,
    0.00019157207862008363,
    0.0001596316578797996,
    0.0001393589482177049,
    0.00012460464495234191,
    9.986501390812919e-05,
    9.012443479150534e-05,
    8.768925908952951e-05,
    7.885968079790473e-05,
    7.079011993482709e-05,
    5.9436235460452735e-05,
    5.502720159711316e-05,
    4.809543315786868e-05,
    4.851816629525274e-05,
    4.384330168250017e-05,
    4.0503451600670815e-05,
    3.63162653229665e-05,
    3.4921016776934266e-05,
    3.4222375688841566e-05,
    2.9733640985796228e-05,
    2.8444468625821173e-05,
    2.7783076802734286e-05,
    2.4468015908496454e-05,
    2.321237843716517e-05,
    2.5048973839147948e-05,
    2.3786544261383824e-05,
    2.023826164077036e-05,
    2.0216086340951733e-05,
    2.075429256365169e-05,
    1.773312033037655e-05,
    1.7961463527171873e-05,
    1.726309710647911e-05,
    1.7609016140340827e-05,
    1.605556099093519e-05,
    1.607575177331455e-05,
    1.4912621736584697e-05,
    1.5362298654508777e-05,
    1.2806796803488396e-05,
    1.3660543118021451e-05,
    1.3188404409447685e-05,
    1.3567753740062471e-05,
    1.2795699149137363e-05,
    1.2033117855025921e-05,
    1.21166222015745e-05,
    1.2211536159156822e-05,
    1.6092277292045765e-05,
    1.2576319932122715e-05,
    1.302556847804226e-05,
    1.069719837687444e-05,
    1.0165485036850441e-05,
    1.1995814020338003e-05,
    1.0380264939158224e-05,
    9.440120265935548e-06,
    9.506187780061737e-06,
    9.282934115617536e-06,
    1.0474557711859234e-05,
    9.505311027169228e-06,
    1.3494186532625463e-05,
    8.17580075818114e-06,
    8.78065748111112e-06,
    1.0258127986162435e-05,
    7.973727406351827e-06,
    7.502149856009055e-06,
    7.2825960160116665e-06,
    7.646460289834067e-06,
    6.964116437302437e-06,
    6.738875526934862e-06,
    6.528884114231914e-06,
    8.632163371657953e-06,
    7.657810783712193e-06,
    9.013951967062894e-06,
    6.412229595298413e-06,
    7.556517630291637e-06,
    1.4041085705684964e-05,
    6.019437023496721e-06,
    1.3219452739576809e-05,
    7.819931852282025e-06,
    7.574410119559616e-06,
    7.289045242941938e-06,
    5.619875537377084e-06,
    9.132108971243724e-06,
    1.1658570656436495e-05,
    7.375273526122328e-06,
    4.559609351417748e-06,
    1.1738207831513137e-05,
    3.448896313784644e-05,
    0.00014770939014852047,
    4.751420419779606e-06,
    4.7499092943326104e-06,
    0.06988595426082611,
    0.09649574756622314,
    0.11061231791973114,
    0.03499678522348404,
    0.05622921139001846,
    0.06078179180622101,
    0.09302803874015808,
    0.0070035746321082115,
    0.03800194710493088,
    0.03308428078889847,
    0.009219348430633545,
    0.004317627754062414,
    0.062050774693489075,
    0.007560020312666893,
    0.042669422924518585,
    0.031999342143535614,
    0.03281975910067558,
    0.017824092879891396,
    0.038165297359228134,
    0.025772038847208023,
    0.004892735742032528,
    0.019566308706998825,
    0.0011224803747609258,
    0.042705561965703964,
    0.05632150173187256,
    0.0009590814588591456,
    0.0883222222328186,
    0.05921865254640579,
    0.035636819899082184,
    0.00010356272105127573,
    0.020516157150268555,
    0.00010298679990228266,
    0.07231446355581284,
