{
  "version": "plots/_T_7_5_y0_0_01_network_architectures_4_50_activations_tanh_learning_rates_0_001_collocations_1024_epochs_50000_regularization_unstable_fp_reg_epochs_1_reg_coeff_100000_reg_decay_1_/run_6",
  "seed": 1,
  "y0": 0.01,
  "T": 7.5,
  "N_col": 1024,
  "N_hidden": 4,
  "N_neurons": 50,
  "activation": "tanh",
  "N_epochs": 50000,
  "learning_rate": 0.001,
  "decay_rate": 1.0,
  "freq_log": 100,
  "freq_print": 1000,
  "keys_print": [
    "loss"
  ],
  "freq_save": 0,
  "regularization": "unstable_fp",
  "reg_coeff": 100000,
  "reg_decay": 1,
  "reg_epochs": 1,
  "loss": [
    0.7153923511505127,
    0.11557145416736603,
    0.05099152773618698,
    0.08899563550949097,
    0.0646679624915123,
    0.016427429392933846,
    0.018875602632761,
    0.12278717011213303,
    0.2683511972427368,
    0.09137719869613647,
    0.10970529168844223,
    0.13092359900474548,
    0.10037097334861755,
    0.1428690254688263,
    0.17521783709526062,
    0.11132466793060303,
    0.057188481092453,
    0.14363747835159302,
    0.13770300149917603,
    0.1290494203567505,
    0.15184399485588074,
    0.08203985542058945,
    0.087541863322258,
    0.12282135337591171,
    0.09852446615695953,
    0.17733396589756012,
    0.13367284834384918,
    0.14023210108280182,
    0.0935412347316742,
    0.1529844105243683,
    0.16370843350887299,
    0.11739585548639297,
    0.0878915935754776,
    0.11569081991910934,
    0.1379784643650055,
    0.06636761128902435,
    0.147714301943779,
    0.08378593623638153,
    0.16068048775196075,
    0.05286794900894165,
    0.12799549102783203,
    0.09003548324108124,
    0.1290922909975052,
    0.08537232130765915,
    0.07798337936401367,
    0.07420365512371063,
    0.047126464545726776,
    0.08778923004865646,
    0.03835541754961014,
    0.12960144877433777,
    0.18647891283035278,
    0.10239660739898682,
    0.21897128224372864,
    0.17349174618721008,
    0.13767533004283905,
    0.1317913681268692,
    0.14166682958602905,
    0.1654447764158249,
    0.0813627690076828,
    0.18213409185409546,
    0.047860872000455856,
    0.07752768695354462,
    0.11133076250553131,
    0.046096596866846085,
    0.06456325203180313,
    0.05107620358467102,
    0.11175583302974701,
    0.023018812760710716,
    0.09552010893821716,
    0.026879046112298965,
    0.03919517621397972,
    0.10724656283855438,
    0.08251511305570602,
    0.06592167913913727,
    0.049491629004478455,
    0.056985728442668915,
    0.03949536755681038,
    0.06504413485527039,
    0.02069704607129097,
    0.10192760080099106,
    0.09038463234901428,
    0.008207039907574654,
    0.13633354008197784,
    0.04921656847000122,
    0.02184373140335083,
    0.03250548988580704,
    0.09557430446147919,
    0.009580085054039955,
    0.0128293102607131,
    0.049227360635995865,
    0.05862315744161606,
    0.10736168175935745,
    0.027005229145288467,
    0.0687306746840477,
    0.010931414552032948,
    0.06637202948331833,
    0.11147546768188477,
    0.08593948185443878,
    0.00628065736964345,
    0.07339945435523987,
    0.0885070264339447,
    0.011721900664269924,
    0.18035517632961273,
    0.0595923587679863,
    0.030266348272562027,
    0.07452544569969177,
    0.11640724539756775,
    0.05094226449728012,
    0.014969977550208569,
    0.02499263919889927,
    0.02637818641960621,
    0.15979112684726715,
    0.06627626717090607,
    0.06532050669193268,
    0.010996818542480469,
    0.05972091108560562,
    0.032935887575149536,
    0.034323304891586304,
    0.09711189568042755,
    0.061331477016210556,
    0.005328039638698101,
    0.003014675807207823,
    0.04299241304397583,
    0.057320255786180496,
    0.03229087218642235,
    0.013038894161581993,
    0.03383578732609749,
    0.08160833269357681,
    0.06303063035011292,
    0.03447428345680237,
    0.026667091995477676,
    0.04766017943620682,
    0.00021677571930922568,
    0.00018699133943300694,
    0.04000019282102585,
    0.037592701613903046,
    0.03690078482031822,
    0.0046384213492274284,
    0.04020911455154419,
    0.0035492030438035727,
    0.03063812479376793,
    0.1345413327217102,
    0.01937728375196457,
    0.0037949152756482363,
    0.0020460591185837984,
    0.0005407972494140267,
    0.0312604084610939,
    0.00022464826179202646,
    7.881107740104198e-05,
    0.06506457924842834,
    0.029892491176724434,
    0.028247956186532974,
    7.341911259572953e-05,
    0.049493782222270966,
    0.029192879796028137,
    0.03509616479277611,
    0.023742681369185448,
    0.010017631575465202,
    0.0955800712108612,
    0.0425349660217762,
    0.011765577830374241,
    0.0019090287387371063,
    0.030897410586476326,
    0.0005635952111333609,
    0.0005949154146946967,
    0.0559920035302639,
    0.0036382190883159637,
    0.0024710847064852715,
    0.02721231058239937,
    0.00018121334142051637,
    7.578828081022948e-05,
    0.00609508715569973,
    0.0001055466418620199,
    0.04343285784125328,
    0.03618691489100456,
    0.01612338051199913,
    0.0002441569813527167,
    0.00014934227510821074,
    0.005476840306073427,
    0.00022632014588452876,
    0.03928199037909508,
    4.785932833328843e-05,
    0.014817705377936363,
    4.0492544940207154e-05,
    0.004699008539319038,
    0.02833377569913864,
    0.0004544489784166217,
    0.0004084502288606018,
    0.016079558059573174,
    0.04295157641172409,
    0.15444786846637726,
    0.0222470723092556,
    0.03385432809591293,
    0.0002430597523925826,
    0.04265435039997101,
    0.009494928643107414,
    0.036460667848587036,
    1.9847902876790613e-05,
    4.097469354746863e-05,
    0.00020702228357549757,
    3.86383653676603e-05,
    0.03188444301486015,
    0.059796832501888275,
    0.10958337783813477,
    0.01837312802672386,
    0.05414419621229172,
    0.0047480883076786995,
    0.05548674985766411,
    0.05005818232893944,
    0.07115030288696289,
    0.04354115575551987,
    2.3131964553613216e-05,
    0.06917252391576767,
    0.023968525230884552,
    0.07342837005853653,
    0.0009271521703340113,
    0.03110441565513611,
    0.05506221204996109,
    0.1244884580373764,
    0.028446778655052185,
    0.004060528706759214,
    0.00012190205598017201,
    2.120938734151423e-05,
    0.0011512190103530884,
    0.001377812004648149,
    0.04595363140106201,
    0.003669438883662224,
    0.002675865311175585,
    0.10991747677326202,
    0.042974457144737244,
    0.0064529492519795895,
    2.7339954613125883e-05,
    0.005362134426832199,
    0.04868392273783684,
    0.0506780706346035,
    0.04793277382850647,
    0.07676614075899124,
    0.04059763252735138,
    0.05131462961435318,
    0.041265107691287994,
    0.04393286257982254,
    0.1334083378314972,
    0.03216412290930748,
    0.07204926759004593,
    0.0027117463760077953,
    0.018393443897366524,
    0.056006014347076416,
    0.06995303928852081,
    0.0005713242571800947,
    0.03464179486036301,
    0.04669548571109772,
    0.06893874704837799,
    0.0003054692060686648,
    0.04343850910663605,
    0.003598515409976244,
    0.00036929443012923,
    0.0002150633663404733,
    0.08511640131473541,
    0.00032356666633859277,
    0.017366860061883926,
    0.002710919827222824,
    0.0010141285602003336,
    0.04246731102466583,
    0.04846321418881416,
    0.002737164031714201,
    0.00018385390285402536,
    0.0006501172902062535,
    0.00013074537855572999,
    0.04509172961115837,
    0.04706398397684097,
    8.655479177832603e-05,
    0.063167504966259,
    0.051703065633773804,
    0.04366115480661392,
    5.228485679253936e-05,
    0.0006578706088475883,
    5.476794467540458e-05,
    0.06078924983739853,
    0.0001054010062944144,
    0.06055198237299919,
    0.0029625254683196545,
    0.0020873891189694405,
    8.994110976345837e-05,
    0.046766482293605804,
    0.00020690767269115895,
    0.11036048829555511,
    0.03224419057369232,
    6.615067832171917e-05,
    8.041226828936487e-05,
    2.376941847614944e-05,
