{
  "version": "plots/_T_10_y0_0_01_network_architectures_4_50_activations_tanh_learning_rates_0_001_collocations_1024_epochs_50000_regularization_reg_derivative_unstable_fp_reg_epochs_1_reg_coeff_10_reg_decay_1_/run_6",
  "seed": 1,
  "y0": 0.01,
  "T": 10,
  "N_col": 1024,
  "N_hidden": 4,
  "N_neurons": 50,
  "activation": "tanh",
  "N_epochs": 50000,
  "learning_rate": 0.001,
  "decay_rate": 1.0,
  "freq_log": 100,
  "freq_print": 1000,
  "keys_print": [
    "loss"
  ],
  "freq_save": 0,
  "regularization": "reg_derivative_unstable_fp",
  "reg_coeff": 10,
  "reg_decay": 1,
  "reg_epochs": 1,
  "loss": [
    0.10926046222448349,
    0.001174537930637598,
    0.001657465472817421,
    0.001011517597362399,
    0.000982804922387004,
    0.0010984467808157206,
    0.0015885932371020317,
    0.0007452272111549973,
    0.0006332328775897622,
    0.0006150585832074285,
    0.0005691038095392287,
    0.0010473276488482952,
    0.0010493003064766526,
    0.000904075161088258,
    0.000773256178945303,
    0.0008704211213625968,
    0.0008410384762100875,
    0.0008028344018384814,
    0.000978229334577918,
    0.0009906049817800522,
    0.0008027973235584795,
    0.0008214309345930815,
    0.000828159973025322,
    0.0008273779531009495,
    0.0008374995668418705,
    0.0005553559167310596,
    0.0008133149822242558,
    0.0005904824938625097,
    0.000495480839163065,
    0.0005223032203502953,
    0.0005949182668700814,
    0.0009017640841193497,
    0.00044286769116297364,
    0.000720410724170506,
    0.0005068718455731869,
    0.0005546491593122482,
    0.0005089088226668537,
    0.0005572679219767451,
    0.0005679815076291561,
    0.0004468700208235532,
    0.0006570036057382822,
    0.0006029935320839286,
    0.0005031012697145343,
    0.0004653879441320896,
    0.000163744087330997,
    0.0001672970101935789,
    0.000144708770676516,
    0.0009026966872625053,
    0.0006190759595483541,
    0.0007642266573384404,
    0.0006152056739665568,
    0.000587480899412185,
    0.000566198374144733,
    0.0005491212941706181,
    0.0005654954584315419,
    0.0005821444792672992,
    0.000523480586707592,
    0.000498669280204922,
    0.00047922812518663704,
    0.0004443956713657826,
    0.0005591342924162745,
    0.00038587581366300583,
    0.0003932137624360621,
    0.0005014770431444049,
    0.0003789464826695621,
    0.00045561292790807784,
    0.0002276091108797118,
    0.0004633361240848899,
    0.00046451162779703736,
    0.0002179383736802265,
    0.0001226296299137175,
    0.000216575208469294,
    0.0004140696837566793,
    0.000411689659813419,
    0.0006657235790044069,
    0.0005986063042655587,
    0.0006362205022014678,
    0.00019214738858863711,
    0.0004299698048271239,
    0.00019250038894824684,
    0.0003180799540132284,
    0.00018936494598165154,
    0.00012319476809352636,
    0.0001436579623259604,
    0.0002976756077259779,
    0.00024625268997624516,
    0.00023654480173718184,
    0.0004978072829544544,
    0.00020193515229038894,
    0.00025612610625103116,
    0.00023592203797306865,
    0.0004279179556760937,
    0.00014424996334128082,
    0.00018794016796164215,
    0.00013601500540971756,
    0.00016641258844174445,
    0.0001516746124252677,
    0.00011774148151744157,
    0.00012974317360203713,
    0.00021387172455433756,
    0.00023626787879038602,
    0.00011399191134842113,
    0.0001474253076594323,
    0.00018155176076106727,
    0.00020419133943505585,
    0.00014728242240380496,
    0.00016663846326991916,
    0.00013870398106519133,
    0.00027735187904909253,
    0.0001664603769313544,
    0.00038042551022954285,
    0.0002879975945688784,
    0.00019735077512450516,
    0.0001751375966705382,
    0.0002439327072352171,
    0.0002827029093168676,
    0.00017990072956308722,
    0.00024575262796133757,
    0.00030505601898767054,
    0.0002897550002671778,
    0.0001498367782915011,
    0.0001748063659761101,
    0.00024599782773293555,
    0.00014535640366375446,
    0.00022287675528787076,
    0.00013533093442674726,
    0.00010764577746158466,
    0.0001489138521719724,
    0.00013691364438273013,
    0.00011882120452355593,
    0.00020889256848022342,
    0.00016412718105129898,
    0.00011096152593381703,
    0.00015407276805490255,
    0.00020775347365997732,
    0.00013594697520602494,
    0.00011070448090322316,
    0.000132928675157018,
    0.00015613493451382965,
    0.000149121304275468,
    0.00017822746303863823,
    0.00023840574431233108,
    0.00015449689817614853,
    0.00011018631630577147,
    0.00019588498980738223,
    0.00015115953283384442,
    0.00015270758012775332,
    0.0002195177075918764,
    0.000505839241668582,
    0.00012893081293441355,
    0.00015265532420016825,
    0.00020125624723732471,
    0.00019395652634557337,
    0.00013530954311136156,
    0.00015175811131484807,
    0.00017023640975821763,
    0.0001612371124792844,
    0.00010801578173413873,
    0.00011764289229176939,
    0.00019993491878267378,
    0.00011963657743763179,
    0.00026599684497341514,
    0.0001076529297279194,
    0.00016121036605909467,
    0.0001883549994090572,
    0.00014527435996569693,
    0.00015675033500883728,
    0.00011126958997920156,
    0.00013837208098266274,
    0.00017065962310880423,
    0.00018476364493835717,
    0.0001273382658837363,
    0.00010484155063750222,
    0.0001486296096118167,
    0.00010847056546481326,
    0.00013257924001663923,
    0.0001633203064557165,
    0.00018442353757563978,
    0.00017114164074882865,
    0.00014661886962130666,
    0.00012999988393858075,
    0.0001555094204377383,
    0.00011146253382321447,
    0.0001124727277783677,
    0.00011002975224982947,
    0.00013716061948798597,
    0.00010380979801993817,
    0.0001328533107880503,
    0.00014144644956104457,
    0.00010771763481898233,
    0.00011870980961248279,
    0.00028003103216178715,
    0.00014040138921700418,
    0.00011307626846246421,
    0.00011663977784337476,
    0.00010723249579314142,
    0.0001360233873128891,
    0.00010639616812113672,
    0.00010983194806613028,
    0.00013211945770308375,
    0.00011177345004398376,
    0.0001226650201715529,
    0.00011605538020376116,
    0.00014233657566364855,
    0.00012228683044668287,
    0.00013229038449935615,
    0.00011907739099115133,
    0.00010614529310259968,
    0.00011438258661655709,
    0.0001689808996161446,
    0.0001102147507481277,
    0.00011301333142910153,
    0.0001071892402251251,
    0.000112833411549218,
    0.00011610270303208381,
    0.00014909487799741328,
    0.00014714276767335832,
    0.0001331609091721475,
    0.00010738632408902049,
    0.0001192031049868092,
    0.00015242960944306105,
    0.00013256279635243118,
    0.00013189230230636895,
    0.00010651964112184942,
    0.00013590487651526928,
    0.00011071452172473073,
    0.00012232261360622942,
    0.0001323726464761421,
    0.00011064659338444471,
    0.00010840206232387573,
    0.00012348484597168863,
    0.00012366291775833815,
    0.00010415278666187078,
    0.00013200665125623345,
    0.00010514356836210936,
    0.00011780411296058446,
    0.00013450830010697246,
    0.00012529728701338172,
    0.00010252946231048554,
    0.00010656855010893196,
    0.00011801072832895443,
    0.00011634654219960794,
    0.00010534161265240982,
    0.0001425133232260123,
    0.0001315076951868832,
    0.00014087956515140831,
    0.00011853106116177514,
    0.00014355902385432273,
    0.00016156688798218966,
    0.00010752744856290519,
    0.00014123760047368705,
    0.00011116755922557786,
    0.0001489290880272165,
    0.00013034681614954025,
    0.00010647980525391176,
    0.00011607949272729456,
    0.00014334442676045,
    0.00010699740960262716,
    0.00012344130664132535,
    0.00011613006790867075,
    0.00014785512757953256,
    0.000149145518662408,
    0.00010220141120953485,
    0.00012149414396844804,
    0.00014172110240906477,
    0.00016328576020896435,
    0.0001415217702742666,
    0.0001248703629244119,
