{
  "version": "plots/_T_10_y0_0_001_network_architectures_4_50_activations_tanh_learning_rates_0_001_collocations_1024_epochs_50000_regularization_no_reg_reg_epochs_1_reg_coeff_100000_reg_decay_1_/run_3",
  "seed": 1,
  "y0": 0.001,
  "T": 10,
  "N_col": 1024,
  "N_hidden": 4,
  "N_neurons": 50,
  "activation": "tanh",
  "N_epochs": 50000,
  "learning_rate": 0.001,
  "decay_rate": 1.0,
  "freq_log": 100,
  "freq_print": 1000,
  "keys_print": [
    "loss"
  ],
  "freq_save": 0,
  "regularization": "no_reg",
  "reg_coeff": 100000,
  "reg_decay": 1,
  "reg_epochs": 1,
  "loss": [
    0.08305442333221436,
    1.1653050933091436e-05,
    6.086309440433979e-06,
    3.3357991924276575e-06,
    1.6121100543387001e-06,
    8.538780207345553e-07,
    4.929380565954489e-07,
    3.7325025914469734e-07,
    3.2367296398660983e-07,
    2.835635086739785e-07,
    2.6582233658700716e-07,
    3.503934635773476e-07,
    2.8244485861250723e-07,
    3.075912502481515e-07,
    3.1941721090333886e-07,
    6.781996262361645e-07,
    3.2295076834998326e-07,
    3.3503064855722187e-07,
    4.54845405783999e-07,
    3.0188666642061435e-06,
    3.718781158568163e-07,
    3.206962446711259e-06,
    3.220177973162208e-07,
    1.1382455340935849e-05,
    3.695486157084815e-07,
    2.731871120431606e-07,
    0.00010007992386817932,
    2.523385944641632e-07,
    2.528305174109846e-07,
    2.1089540496177506e-06,
    7.198142384368111e-07,
    2.995931254190509e-07,
    2.611942591101979e-07,
    1.103097565646749e-05,
    2.48540715119816e-07,
    2.1849321285571932e-07,
    1.5332750990637578e-05,
    3.257400749134831e-07,
    1.3324047358764801e-05,
    8.765377970121335e-06,
    2.5282542992499657e-07,
    3.2275397643388715e-07,
    2.524740807530179e-07,
    2.0901261166272889e-07,
    8.99686201591976e-05,
    2.3920901526253147e-07,
    5.103753210278228e-06,
    2.1761184143542778e-07,
    1.2933197695019771e-06,
    2.1495944224625418e-07,
    2.627874664540286e-07,
    3.553811893652892e-07,
    2.43515387410298e-07,
    2.1515515413739195e-07,
    2.538332637413987e-07,
    1.4481240214081481e-05,
    2.3798105530659086e-07,
    0.00012701752712018788,
    2.947014650089841e-07,
    2.136461603186035e-07,
    6.534347448905464e-06,
    1.9679873730638064e-07,
    4.226960754749598e-07,
    0.00014771323185414076,
    2.361634585668071e-07,
    3.3206544003405725e-07,
    3.64989858780973e-07,
    2.6007196538557764e-06,
    2.122406925764153e-07,
    3.747748905880144e-06,
    2.035967554547824e-07,
    2.23823235501186e-07,
    2.0263876649551094e-05,
    2.790131929941708e-07,
    3.230569234347058e-07,
    1.7499419868727273e-07,
    4.623223503585905e-05,
    2.3132449200602423e-07,
    6.513354264825466e-07,
    3.640216732492263e-07,
    3.565201609490032e-07,
    4.322135282563977e-06,
    4.029898263979703e-06,
    2.1557292484430945e-07,
    4.153330155531876e-05,
    1.8830269254976884e-07,
    4.5801721171301324e-07,
    2.2566848656424554e-07,
    2.4478424620610895e-06,
    2.0351171770016663e-07,
    2.458014307649137e-07,
    2.1199309685471235e-06,
    1.9874693180099712e-07,
    2.2995914150669705e-06,
    2.196567407963812e-07,
    2.1105333303239604e-07,
    2.2751211758986756e-07,
    3.179460463798023e-07,
    2.420467239971913e-07,
    2.380292301040754e-07,
    7.153306000873272e-07,
    2.1130743732555857e-07,
    2.8140078711658134e-07,
    2.4498251605109544e-07,
    8.555166459700558e-07,
    8.846211585478159e-07,
    2.0983341642022424e-07,
    2.112682011556899e-07,
    2.1059548771518166e-07,
    2.1859635523924226e-07,
    2.182583784815506e-07,
    2.2118572928775393e-07,
    2.2458993953478057e-07,
    2.1332974142751482e-07,
    1.8222388575850346e-07,
    2.1754597412382282e-07,
    1.9168356857335311e-07,
    1.9704245346474636e-07,
    1.936605684704773e-07,
    2.2659659748569538e-07,
    2.3576436092298536e-07,
    2.058874883914541e-07,
    2.027077528055088e-07,
    1.9120543015560543e-07,
    1.871470516334739e-07,
    2.3527266534983937e-07,
    2.0140760170761496e-07,
    2.051423706461719e-07,
    2.2458216619725135e-07,
    2.0011290757793176e-07,
    1.97349095287791e-07,
    1.6734091445869126e-07,
    1.7640014959852124e-07,
    2.0253881416465447e-07,
    1.7713207967062772e-07,
    1.9505813497744384e-07,
    2.2492451989819529e-07,
    1.9078498780800146e-07,
    1.9946659790548438e-07,
    2.0022832813992864e-07,
    3.3554812262082123e-07,
    3.7500242342503043e-06,
    2.3642067503715225e-07,
    2.001666814521741e-07,
    3.6810595815950364e-07,
    2.15771791545194e-07,
    2.2458107196143828e-07,
    2.0265042621758766e-07,
    2.409293529126444e-07,
    4.7666696900705574e-07,
    4.8243400669889525e-06,
    2.0503333075794217e-07,
    1.3055887393420562e-07,
    3.6509385381577886e-07,
    1.8072115892664442e-07,
    3.5620523703983054e-06,
    2.0354036678327248e-07,
    2.6428082833263034e-07,
    2.071209479481695e-07,
    1.074006718226883e-06,
    1.6279102510452503e-06,
    4.539916460544191e-07,
    7.794023986207321e-06,
    2.196480579641502e-07,
    2.2003753485932975e-07,
    3.0390378924494144e-07,
    7.78109097154811e-07,
    1.990964335618628e-07,
    2.460293444528361e-07,
    1.9834928366435634e-07,
    2.351060146565942e-07,
    6.36473032500362e-07,
    2.8257528583708336e-07,
    7.666668579986435e-07,
    8.233227163145784e-06,
    1.9856338440149557e-07,
    1.8400805856799707e-07,
    2.14947775134533e-07,
    5.965665877738502e-06,
    3.6710181916532747e-07,
    2.585431673196581e-07,
    1.9216167856939137e-07,
    6.555019353982061e-06,
    2.5463199904152134e-07,
    2.4345317228835484e-07,
    2.1791386473068997e-07,
    1.9215332258681883e-07,
    2.1158430740797485e-07,
    2.2747296668512718e-07,
    2.2856407611016039e-07,
    2.7919418243982363e-07,
    1.8704098181387963e-07,
    1.8260416823068226e-07,
    2.10017901736137e-07,
    2.2831245871657302e-07,
    1.9885234792127449e-07,
    2.2686512579639384e-07,
    1.9164903619639517e-07,
    2.101609339888455e-07,
    2.181044180815661e-07,
    2.0460187499793392e-07,
    2.2610943517520354e-07,
    1.9444391341494338e-07,
    2.3752713218527788e-07,
    2.415380890852248e-07,
    2.2358446472026117e-07,
    1.6580398209953273e-07,
    2.3663781689720054e-07,
    2.2264089238888118e-07,
    2.329987864868599e-07,
    1.8525695111293317e-07,
    2.283575923911485e-07,
    2.0115423637889762e-07,
    1.8414249325360288e-07,
    2.0515786047781148e-07,
    1.711111963231815e-07,
    1.8996513517777203e-07,
    2.479911245245603e-07,
    2.05762049176883e-07,
    2.0956748869593866e-07,
    2.2447670744440984e-07,
    1.9753758806473343e-07,
    1.8661536671515933e-07,
    2.061886732462881e-07,
    2.2982258940373868e-07,
    2.315811542530355e-07,
    2.2936785626370693e-07,
    2.1350656709273608e-07,
    2.9534615464399394e-07,
    5.590211458184058e-07,
    2.0659122412780562e-07,
    2.023815994789402e-07,
    2.92030279069877e-07,
    3.003027870818187e-07,
    2.010424111631437e-07,
    2.560582572641579e-07,
    2.0550311319311731e-07,
    2.108587580096355e-07,
    2.416136339888908e-07,
    5.641970801661955e-07,
    2.3191353193396935e-07,
    1.5237746993079782e-06,
    1.8709047822085267e-07,
    2.559769711751869e-07,
    2.174879938365848e-07,
    7.481899046979379e-07,
    5.054812959315313e-07,
    3.1395879318552034e-07,
    1.799860172013723e-07,
    2.2044768854811991e-07,
    6.61901708554069e-07,
    4.150297741034592e-07,
    2.482270815562515e-07,
    2.077900944641442e-06,
    1.8774727550407988e-07,
    2.1319088716609258e-07,
    2.0087679786229273e-07,
    7.684723186685005e-07,
    4.772615511683398e-07,
    4.4760867012882954e-07,
    2.1505786662601167e-07,
    2.74128268529239e-07,
    2.580659668183216e-07,
    1.9620233615569305e-07,
    1.712466541903268e-07,
    2.1303804942363058e-07,
    2.4817401822474494e-07,
    2.084647405808937e-07,
    6.64512924686278e-07,
