{
  "version": "plots/_T_10_y0_0_01_network_architectures_4_50_activations_tanh_learning_rates_0_001_collocations_1024_epochs_50000_regularization_reg_derivative_unstable_fp_reg_epochs_1_reg_coeff_100000_reg_decay_1_/run_6",
  "seed": 1,
  "y0": 0.01,
  "T": 10,
  "N_col": 1024,
  "N_hidden": 4,
  "N_neurons": 50,
  "activation": "tanh",
  "N_epochs": 50000,
  "learning_rate": 0.001,
  "decay_rate": 1.0,
  "freq_log": 100,
  "freq_print": 1000,
  "keys_print": [
    "loss"
  ],
  "freq_save": 0,
  "regularization": "reg_derivative_unstable_fp",
  "reg_coeff": 100000,
  "reg_decay": 1,
  "reg_epochs": 1,
  "loss": [
    0.009962476789951324,
    0.009148959070444107,
    0.00810915045440197,
    0.008244337514042854,
    0.007609955966472626,
    0.008235511370003223,
    0.00736456410959363,
    0.006478015333414078,
    0.004302049987018108,
    0.0030486630275845528,
    0.0020154393278062344,
    0.002288847230374813,
    0.001933374092914164,
    0.002144325990229845,
    0.0017753529828041792,
    0.00223161862231791,
    0.001156716956757009,
    0.001966657117009163,
    0.001231491332873702,
    0.0010694932425394654,
    0.001413870370015502,
    0.001074951491318643,
    0.000978224677965045,
    0.0008537063840776682,
    0.0007226117304526269,
    0.0010706947650760412,
    0.0008037629304453731,
    0.0008278707391582429,
    0.00045383322867564857,
    0.0010641589760780334,
    0.0006679101497866213,
    0.0009673358290456235,
    0.0007304770988412201,
    0.0006061209714971483,
    0.0009491840610280633,
    0.0008946622838266194,
    0.001124956295825541,
    0.0006789061590097845,
    0.0014502849662676454,
    0.0009256470948457718,
    0.0014253901317715645,
    0.0013980930671095848,
    0.0009553306736052036,
    0.0009109770762734115,
    0.0011499532265588641,
    0.0007468928233720362,
    0.0009580106125213206,
    0.0006760479882359505,
    0.000981053919531405,
    0.0012284992262721062,
    0.0007940239738672972,
    0.000869713956490159,
    0.0013626005966216326,
    0.0006074847769923508,
    0.0006255044718272984,
    0.0007521728985011578,
    0.0013857552548870444,
    0.0006272683385759592,
    0.0010228641331195831,
    0.0009734471095725894,
    0.001292969100177288,
    0.001046812511049211,
    0.0006898706196807325,
    0.0003904449113178998,
    0.0008410414448007941,
    0.0009980632457882166,
    0.0007120836526155472,
    0.0010038940235972404,
    0.00095557258464396,
    0.0006917322752997279,
    0.0009329316671937704,
    0.001019697287119925,
    0.0006240144139155746,
    0.001485664863139391,
    0.0007142981048673391,
    0.00015806748706381768,
    0.00109721755143255,
    0.0008740482735447586,
    0.0008831638842821121,
    0.00031089174444787204,
    0.00112589739728719,
    0.0012274758191779256,
    0.16446202993392944,
    0.01013143640011549,
    0.0025179185904562473,
    0.0019642417319118977,
    0.0016339978901669383,
    0.0015794995706528425,
    0.00162508396897465,
    0.0012937005376443267,
    0.0013120115036144853,
    0.0009820678969845176,
    0.0010289086494594812,
    0.0006704326951876283,
    0.0010133972391486168,
    0.0010659703984856606,
    0.0009381537092849612,
    0.0011619835859164596,
    0.0009631711291149259,
    0.0015587667003273964,
    0.0005831227754242718,
    0.0015000838320702314,
    0.0007630976615473628,
    0.0010934517486020923,
    0.0009953576372936368,
    0.0013110341969877481,
    0.0005639797309413552,
    0.0011056427611038089,
    0.000830691191367805,
    0.0004003980429843068,
    0.0005040288669988513,
    0.0010800862219184637,
    0.0007555101765319705,
    0.0005205977940931916,
    0.0004928268608637154,
    0.00044938159408047795,
    0.0008949573966674507,
    0.0004689460329245776,
    0.0008989119669422507,
    0.0008433742332272232,
    0.0005018606898374856,
    0.0007190825999714434,
    0.0008885015267878771,
    0.000562814821023494,
    0.0005188749637454748,
    0.0006188717670738697,
    0.0008048832532949746,
    0.001100314548239112,
    0.000867783441208303,
    0.0005094025982543826,
    0.0007771319942548871,
    0.0006000887951813638,
    0.0003674132749438286,
    0.00044299609726294875,
    0.000629791640676558,
    0.0004603578126989305,
    0.0008528523612767458,
    0.0006253747269511223,
    0.0008226779173128307,
    0.06971883773803711,
    0.03650587052106857,
    0.02653256058692932,
    0.02874140441417694,
    0.027145516127347946,
    0.0375276580452919,
    0.03013545460999012,
    0.02332087978720665,
    0.024120647460222244,
    0.019411280751228333,
    0.02689921110868454,
    0.020056530833244324,
    0.018749363720417023,
    0.011062489822506905,
    0.017399560660123825,
    0.01376902312040329,
    0.014860858209431171,
    0.01293875090777874,
    0.013128481805324554,
    0.011391757987439632,
    0.009965254925191402,
    0.009402001276612282,
    0.006961713079363108,
    0.006157009396702051,
    0.005688603036105633,
    0.0052776094526052475,
    0.0045648920349776745,
    0.004338814876973629,
    0.0035877691116183996,
    0.003639213042333722,
    0.003231069538742304,
    0.0028491737321019173,
    0.0029017499182373285,
    0.0023342513013631105,
    0.002504972508177161,
    0.0020160293206572533,
    0.0021830543410032988,
    0.0015765015268698335,
    0.0016300079878419638,
    0.001579082221724093,
    0.001259314245544374,
    0.001351472339592874,
    0.0010103657841682434,
    0.0012285702396184206,
    0.0011498881503939629,
    0.0016912241699174047,
    0.0009642218356020749,
    0.0006907192873768508,
    0.0009808895410969853,
    0.001313697313889861,
    0.0012543635675683618,
    0.0017434400506317616,
    0.0008553570369258523,
    0.0008644629851914942,
    0.0005350742139853537,
    0.0007818385493010283,
    0.0008221621974371374,
    0.0012915771221742034,
    0.0005974358064122498,
    0.000792919541709125,
    0.0006493264809250832,
    0.0011271273251622915,
    0.0013450931292027235,
    0.0005574185634031892,
    0.0010099192149937153,
    0.0011946542654186487,
    0.0008968500187620521,
    0.0004692405054811388,
    0.0008623289759270847,
    0.0007638535462319851,
    0.001281178672797978,
    0.0005888509913347661,
    0.0007597455405630171,
    0.0008007186115719378,
    0.0007859804900363088,
    0.0006052956450730562,
    0.0005466650472953916,
    0.0006328849121928215,
    0.000992623157799244,
    0.0007960072834976017,
    0.0010267483303323388,
    0.0012614993611350656,
    0.0008547231554985046,
    0.00039121953886933625,
    0.0006011832156218588,
    0.0011121723800897598,
    0.0006713234470225871,
    0.0006651731091551483,
    0.0004496687324717641,
    0.0008770423592068255,
    0.0012609530240297318,
    0.000779674737714231,
    0.001405380666255951,
    0.000563872279599309,
    0.0008409228757955134,
    0.001148390001617372,
    0.0008112400537356734,
    0.000882695778273046,
    0.0006289193988777697,
    0.0007104101241566241,
    0.0004576661449391395,
    0.0005610572407022119,
    1.9872405529022217,
    0.058173734694719315,
    0.042021848261356354,
    0.02442838065326214,
    0.02701837755739689,
    0.027373766526579857,
    0.030730631202459335,
    0.023671366274356842,
    0.025101905688643456,
    0.02906520664691925,
    0.02783643826842308,
    0.021337633952498436,
    0.02764257788658142,
    0.02505323849618435,
    0.022652022540569305,
    0.025294877588748932,
    0.027145424857735634,
    0.01885363459587097,
    0.018138233572244644,
    0.022075794637203217,
    0.018564173951745033,
    0.013443904928863049,
    0.012393122538924217,
    0.008157536387443542,
    0.008897966705262661,
    0.007446794770658016,
    0.0049368841573596,
    0.004248300567269325,
    0.003813805291429162,
    0.0029152915813028812,
    0.002670549787580967,
    0.002229150850325823,
    0.0017929116729646921,
    0.0017863716930150986,
    0.0016248205211013556,
    0.001518615405075252,
    0.0013610011665150523,
