{
  "version": "model_weights/_T_10_y0_0_1_network_architectures_4_50_activations_tanh_learning_rates_0_001_collocations_1024_epochs_50000_reg_epochs_0_25_reg_coeff_1_reg_decay_1_/run_4",
  "seed": 1,
  "y0": 0.1,
  "T": 10,
  "N_col": 1024,
  "N_hidden": 4,
  "N_neurons": 50,
  "activation": "tanh",
  "N_epochs": 50000,
  "learning_rate": 0.001,
  "decay_rate": 1.0,
  "freq_log": 100,
  "freq_print": 1000,
  "keys_print": [
    "loss"
  ],
  "freq_save": 0,
  "reg_coeff": 1,
  "reg_decay": 1,
  "reg_epochs": 0.25,
  "loss": [
    0.16334079205989838,
    0.022683624178171158,
    0.02153012715280056,
    0.022006269544363022,
    0.02066093310713768,
    0.024073369801044464,
    0.023132454603910446,
    0.02279803901910782,
    0.022936534136533737,
    0.02163855731487274,
    0.0195632204413414,
    0.0242515429854393,
    0.022990427911281586,
    0.024638505652546883,
    0.02260679565370083,
    0.024769339710474014,
    0.019365593791007996,
    0.0239759162068367,
    0.020906370133161545,
    0.021765273064374924,
    0.02186005190014839,
    0.020734775811433792,
    0.0213052649050951,
    0.022828662768006325,
    0.02221061661839485,
    0.02195081114768982,
    0.02080184407532215,
    0.02108931355178356,
    0.02047722600400448,
    0.024798503145575523,
    0.02212131768465042,
    0.02263554558157921,
    0.020588265731930733,
    0.021021824330091476,
    0.0216072890907526,
    0.02052721008658409,
    0.022686518728733063,
    0.022271260619163513,
    0.02352473884820938,
    0.01929818093776703,
    0.02153877168893814,
    0.02307848259806633,
    0.02209254540503025,
    0.0212200116366148,
    0.021475061774253845,
    0.021588768810033798,
    0.020023688673973083,
    0.021309714764356613,
    0.02207798883318901,
    0.021561089903116226,
    0.022003591060638428,
    0.02068176493048668,
    0.023150356486439705,
    0.022405289113521576,
    0.023561080917716026,
    0.021579280495643616,
    0.022386319935321808,
    0.020351385697722435,
    0.023215189576148987,
    0.022226078435778618,
    0.02195260114967823,
    0.0209744144231081,
    0.023273158818483353,
    0.021564608439803123,
    0.023265954107046127,
    0.021528443321585655,
    0.021497750654816628,
    0.02120310813188553,
    0.022521408274769783,
    0.021086568012833595,
    0.021873734891414642,
    0.021962355822324753,
    0.02132253721356392,
    0.024335231631994247,
    0.021541990339756012,
    0.0198212880641222,
    0.024073518812656403,
    0.023107444867491722,
    0.022844798862934113,
    0.021759115159511566,
    0.022422952577471733,
    0.022111566737294197,
    0.020868130028247833,
    0.02155059017241001,
    0.02220701053738594,
    0.020725585520267487,
    0.023149210959672928,
    0.022661658003926277,
    0.02091199904680252,
    0.020707229152321815,
    0.022043706849217415,
    0.019020725041627884,
    0.021051764488220215,
    0.01979295164346695,
    0.021362032741308212,
    0.02159135974943638,
    0.021417751908302307,
    0.021450938656926155,
    0.02318323776125908,
    0.022989317774772644,
    0.01965603046119213,
    0.02066662535071373,
    0.022359583526849747,
    0.021235670894384384,
    0.020992515608668327,
    0.02474985644221306,
    0.020444059744477272,
    0.02181137166917324,
    0.02210022136569023,
    0.02190406061708927,
    0.022142119705677032,
    0.02140025421977043,
    0.022302191704511642,
    0.021342769265174866,
    0.02055925503373146,
    0.022593170404434204,
    0.02092665806412697,
    0.021014034748077393,
    0.021149981766939163,
    0.022881895303726196,
    0.023340433835983276,
    0.022690968587994576,
    0.021653447300195694,
    0.020572854205965996,
    0.020181993022561073,
    0.023677218705415726,
    6.8121430558676366e-06,
    4.932478532282403e-06,
    4.158384854235919e-06,
    3.418264668653137e-06,
    3.0687729122291785e-06,
    2.593169256215333e-06,
    2.403735379630234e-06,
    2.222435796284117e-06,
    2.0949069039488677e-06,
    2.1087184904899914e-06,
    1.909086677187588e-06,
    1.6075318853836507e-06,
    1.5201871974568348e-06,
    1.4505274066323182e-06,
    1.4161165609039017e-06,
    1.3552464679378318e-06,
    1.0814908364409348e-06,
    1.0190321972913807e-06,
    1.0006186812461237e-06,
    8.477839514853258e-07,
    7.407502380374353e-07,
    7.051430657156743e-07,
    6.458736834247247e-07,
    6.575394309038529e-07,
    6.842120683359099e-07,
    5.640961262542987e-07,
    7.846131211408647e-07,
    6.706089834551676e-07,
    5.019792297389358e-06,
    6.053825245544431e-07,
    6.230631584003277e-07,
    6.861082511022687e-07,
    6.902345148773747e-07,
    1.1070977052440867e-05,
    6.532491170219146e-07,
    4.5401665715871786e-07,
    5.788686394225806e-05,
    1.9562035049602855e-06,
    2.088821474899305e-06,
    1.2817395145248156e-06,
    2.3198854250949807e-06,
    1.3915406498199445e-06,
    7.299222488654777e-07,
    3.2608619449092657e-07,
    0.00010741288133431226,
    3.5831811828757054e-07,
    2.760491724984604e-06,
    2.1350379029172473e-06,
    1.2188075743324589e-05,
    2.6821663823284325e-07,
    5.450471689982805e-06,
    7.014547236394719e-07,
    2.237639819213655e-06,
    2.400401797331142e-07,
    3.77384276362136e-05,
    3.1633572916689445e-07,
    1.668292679823935e-05,
    7.420181873385445e-07,
    7.0524824877793435e-06,
    2.880329077470378e-07,
    0.00029279370210133493,
    2.4731440362302237e-07,
    1.8552508436187054e-06,
    4.1695597019497654e-07,
    5.98655879002763e-06,
    2.814159074659983e-07,
    7.805912218827871e-07,
    1.493684703746112e-05,
    1.536990339445765e-07,
    1.4730878206137277e-07,
    3.383103432952339e-07,
    4.635792720364407e-06,
    2.8860213205916807e-06,
    2.2095266558608273e-06,
    0.0017747690435498953,
    1.3322689483175054e-05,
    1.9016391661352827e-06,
    9.006383834275766e-07,
    6.41879182694538e-07,
    5.374644160838216e-07,
    4.3224744672443194e-07,
    4.892730203209794e-07,
    4.469144414542825e-07,
    4.795944050783874e-07,
    3.598406692617573e-07,
    3.47902783914833e-07,
    3.7666603702746215e-07,
    3.333733502586256e-07,
    3.214111075067194e-07,
    2.5806906478464953e-07,
    2.437255375298264e-07,
    2.563825773904682e-07,
    2.9160619874346594e-07,
    2.3319158515278104e-07,
    2.0209486706335156e-07,
    1.9703037423823844e-07,
    1.4833469208497263e-07,
    1.3640269003190042e-07,
    1.4017079763561924e-07,
    1.4530172620652593e-07,
    1.464508443405066e-07,
    1.0286342444487673e-07,
    1.5573021983072977e-07,
    1.2788332526270096e-07,
    8.02241473252252e-08,
    8.51224157827346e-08,
    9.67385039984947e-06,
    1.7840196164797817e-07,
    3.0456878448603675e-05,
    1.0546295925450977e-07,
    6.258546818571631e-07,
    8.454347266706463e-08,
    2.91364540316863e-06,
    1.3174824289308162e-06,
    9.914893439599837e-08,
    1.6729013907479384e-07,
    7.282397973540355e-08,
    1.7834689060691744e-05,
    8.91430431693152e-08,
    2.716262770263711e-07,
    7.15400219064577e-08,
    6.568669164153107e-08,
    7.062921554279455e-07,
    4.812356735328649e-08,
    0.0001247155450982973,
    6.772231131435547e-08,
    6.262498209252954e-05,
    4.7113864809489314e-08,
    3.3856711070257006e-06,
    8.71616379072293e-08,
    2.303830478922464e-05,
    4.5788681291014655e-08,
    2.96594989777077e-05,
    2.3080307073541917e-05,
    4.943396447742998e-08,
    5.8597193856257945e-05,
    8.730366118925303e-08,
    1.761853354764753e-06,
    3.990703589806799e-08,
    3.755978994490761e-08,
    2.166753802157473e-06,
    7.003485080758765e-08,
    5.2274437223331915e-08,
    1.2045802577631548e-07,
    5.360803925213986e-07,
    3.5202479011786636e-06,
    8.198463063990857e-08,
    4.177134542260319e-05,
    2.97866949949821e-06,
    1.0311590585843078e-06,
    5.154826965281245e-08,
    8.616468676336808e-07,
    5.3319258341844034e-08,
    4.147722393099684e-06,
    1.4485797805718903e-07,
