{
  "version": "plots/_T_7_5_y0_0_1_network_architectures_4_50_activations_tanh_learning_rates_0_001_collocations_1024_epochs_50000_regularization_no_reg_reg_epochs_1_reg_coeff_100000_reg_decay_1_/run_4",
  "seed": 1,
  "y0": 0.1,
  "T": 7.5,
  "N_col": 1024,
  "N_hidden": 4,
  "N_neurons": 50,
  "activation": "tanh",
  "N_epochs": 50000,
  "learning_rate": 0.001,
  "decay_rate": 1.0,
  "freq_log": 100,
  "freq_print": 1000,
  "keys_print": [
    "loss"
  ],
  "freq_save": 0,
  "regularization": "no_reg",
  "reg_coeff": 100000,
  "reg_decay": 1,
  "reg_epochs": 1,
  "loss": [
    0.00849678460508585,
    0.0026722499169409275,
    0.0025118873454630375,
    0.0026360750198364258,
    0.002417781390249729,
    0.0027911318466067314,
    0.0027394937351346016,
    0.0027527916245162487,
    0.002724121091887355,
    0.002514957683160901,
    0.002299519721418619,
    0.003068360034376383,
    0.0028563502710312605,
    0.003508608089759946,
    0.0028358446434140205,
    0.003077192697674036,
    0.0022489868570119143,
    0.0030890379566699266,
    0.002524350304156542,
    0.002675296040251851,
    0.0026902183890342712,
    0.002498319838196039,
    0.0025693634524941444,
    0.0029852173756808043,
    0.0027064757887274027,
    0.0026698806323111057,
    0.0025097886100411415,
    0.002520535606890917,
    0.002416817704215646,
    0.003054764587432146,
    0.0027452402282506227,
    0.002784647047519684,
    0.002454910660162568,
    0.0024479711428284645,
    0.0026479987427592278,
    0.0026451386511325836,
    0.0027980399318039417,
    0.0027306475676596165,
    0.0030135842971503735,
    0.00223177601583302,
    0.0026263585314154625,
    0.002918178914114833,
    0.0026760464534163475,
    0.002593682613223791,
    0.002644636668264866,
    0.0026345662772655487,
    0.002348377602174878,
    0.0026195868849754333,
    0.0027176057919859886,
    0.002663413994014263,
    0.002741720527410507,
    0.002498903311789036,
    0.002925541251897812,
    0.002754202578216791,
    0.0029302677139639854,
    0.0026232078671455383,
    0.0028125736862421036,
    0.0024224985390901566,
    0.0029172231443226337,
    0.0027373190969228745,
    0.00264379708096385,
    0.00255678896792233,
    0.002907870337367058,
    0.002579853869974613,
    0.002909846603870392,
    0.002612705808132887,
    0.0025817733258008957,
    0.0025856734719127417,
    0.0027721107471734285,
    0.0025419541634619236,
    0.0026917648501694202,
    0.0026818611659109592,
    0.002568415366113186,
    0.003071267157793045,
    0.00259971315972507,
    0.0022862073965370655,
    0.003074214793741703,
    0.0028775231912732124,
    0.002820937428623438,
    0.0026515170466154814,
    0.0028075187001377344,
    0.0027362185064703226,
    0.002488881815224886,
    0.002624083310365677,
    0.0027366201393306255,
    0.002425160724669695,
    0.002840157365426421,
    0.002801366616040468,
    0.002536184387281537,
    0.0024677785113453865,
    0.0027048613410443068,
    0.002205971395596862,
    0.0025251456536352634,
    0.002289437921717763,
    0.0026454241015017033,
    0.0026292181573808193,
    0.0026228763163089752,
    0.0025998963974416256,
    0.0029205060563981533,
    0.002892228774726391,
    0.0022589825093746185,
    0.0025061392225325108,
    0.0027459352277219296,
    0.002579422201961279,
    0.002509205136448145,
    0.003162242705002427,
    0.0024744258262217045,
    0.0026985995937138796,
    0.002715373644605279,
    0.0026879014912992716,
    0.002707068109884858,
    0.0026688948273658752,
    0.0027922121807932854,
    0.002616841346025467,
    0.0024253635201603174,
    0.0027661651838570833,
    0.0025124819949269295,
    0.002513811457902193,
    0.0025540045462548733,
    0.0028631575405597687,
    0.0029275447595864534,
    0.002778756432235241,
    0.002638833364471793,
    0.00246394332498312,
    0.0024043850135058165,
    0.0029602511785924435,
    0.0026193722151219845,
    0.002758853603154421,
    0.0027585881762206554,
    0.0026682275347411633,
    0.002563143614679575,
    0.0022787810303270817,
    0.0022895541042089462,
    0.002461093245074153,
    0.0023419870994985104,
    0.0025410298258066177,
    0.002876472193747759,
    0.002511249855160713,
    0.002602845663204789,
    0.002581029199063778,
    0.002525759395211935,
    0.002378387376666069,
    0.0027080271393060684,
    0.002500663511455059,
    0.003064599819481373,
    0.0026279445737600327,
    0.0024070916697382927,
    0.002565158763900399,
    0.0023733903653919697,
    0.0027951085940003395,
    0.0025967778638005257,
    0.0025883051566779613,
    0.0018159174360334873,
    0.002620505867525935,
    0.002231958555057645,
    0.002553408034145832,
    0.0025116917677223682,
    0.002711306791752577,
    0.002632533200085163,
    0.002566157840192318,
    0.002706859726458788,
    0.0025082938373088837,
    0.002605173736810684,
    0.0027466348838061094,
    0.002729768166318536,
    0.002625559689477086,
    0.0025802303571254015,
    0.0023715910501778126,
    0.0025196808855980635,
    0.002526517491787672,
    0.0024913998786360025,
    0.0026354712899774313,
    0.002617109101265669,
    0.0027011085767298937,
    0.002531646518036723,
    0.002542260102927685,
    0.0024705897085368633,
    0.0027745843399316072,
    0.0023594805970788,
    0.0025397869758307934,
    0.00295565789565444,
    0.0023293192498385906,
    0.002475077984854579,
    0.0028519518673419952,
    0.0028975047171115875,
    0.0027379710227251053,
    0.0024414120707660913,
    0.0025713348295539618,
    0.0027746441774070263,
    0.0027804109267890453,
    0.00323196267709136,
    0.002375595737248659,
    0.0022816844284534454,
    0.0026933765038847923,
    0.0028773867525160313,
    0.0025294474326074123,
    0.00275810481980443,
    0.0025766133330762386,
    0.002681123558431864,
    0.002714918926358223,
    0.0024938895367085934,
    0.00279268529266119,
    0.0026490213349461555,
    0.002949098590761423,
    0.002939604688435793,
    0.0027984073385596275,
    0.002257084008306265,
    0.0029208986088633537,
    0.002837210427969694,
    0.0028405971825122833,
    0.0025211437605321407,
    0.0029277424328029156,
    0.0025349431671202183,
    0.0023923784028738737,
    0.002625219989567995,
    0.002336295787245035,
    0.0025627478025853634,
    0.003036665264517069,
    0.00266083562746644,
    0.0025875214487314224,
    0.0028016045689582825,
    0.0026032880414277315,
    0.0025411962997168303,
    0.0027724946849048138,
    0.002855912782251835,
    0.002778059570118785,
    0.00279022753238678,
    0.002538614673539996,
    0.002980669029057026,
    0.0031907414086163044,
    0.002615964040160179,
    0.0025707378517836332,
    0.0026607420295476913,
    0.003095970256254077,
    0.002518585417419672,
    0.003206291701644659,
    0.0025257403030991554,
    0.002641285303980112,
    0.0029776524752378464,
    0.0029147460591048002,
    0.0026283981278538704,
    0.0023381393402814865,
    0.002526236465200782,
    0.002626262605190277,
    0.002464206889271736,
    0.0025726878084242344,
    0.0024209036491811275,
    0.0028296795208007097,
    0.0024569400120526552,
    0.002660331316292286,
    0.0026970133185386658,
    0.00257707922719419,
    0.0023736106231808662,
    0.00270474748685956,
    0.002483711577951908,
    0.0024399906396865845,
    0.002613903721794486,
    0.0027455128729343414,
    0.0022401660680770874,
    0.002265580929815769,
    0.0026799910701811314,
    0.0026016528718173504,
    0.002419852651655674,
    0.002621533814817667,
    0.0022133118472993374,
    0.002786650788038969,
    0.002962451661005616,
    0.0024897486437112093,
    0.0026621746364980936,
    0.002985059516504407,
    0.002887420356273651,
    0.0028792577795684338,
    0.002699900884181261,
    0.002423495752736926,
    0.002898445585742593,
    0.002845414914190769,
    0.0029732543043792248,
    0.002470912178978324,
    0.0031041689217090607,
    0.002746587386354804,
