{
  "version": "plots/_T_10_y0_0_1_network_architectures_4_50_activations_tanh_learning_rates_0_001_collocations_1024_epochs_50000_regularization_reg_derivative_unstable_fp_reg_epochs_1_reg_coeff_1_reg_decay_1_/run_7",
  "seed": 1,
  "y0": 0.1,
  "T": 10,
  "N_col": 1024,
  "N_hidden": 4,
  "N_neurons": 50,
  "activation": "tanh",
  "N_epochs": 50000,
  "learning_rate": 0.001,
  "decay_rate": 1.0,
  "freq_log": 100,
  "freq_print": 1000,
  "keys_print": [
    "loss"
  ],
  "freq_save": 0,
  "regularization": "reg_derivative_unstable_fp",
  "reg_coeff": 1,
  "reg_decay": 1,
  "reg_epochs": 1,
  "loss": [
    0.01677299477159977,
    0.014946050941944122,
    0.019829323515295982,
    0.013066062703728676,
    0.016589464619755745,
    0.016296304762363434,
    0.012670392170548439,
    0.012339562177658081,
    0.012834759429097176,
    0.012341898865997791,
    0.012938606552779675,
    0.013122624717652798,
    0.012884365394711494,
    0.012920491397380829,
    0.014764146879315376,
    0.012585011310875416,
    0.013047657907009125,
    0.012898841872811317,
    0.012249602936208248,
    0.012820602394640446,
    0.013744191266596317,
    0.012253097258508205,
    0.012371242046356201,
    0.012288326397538185,
    0.01402825117111206,
    0.012456988915801048,
    0.012150144204497337,
    0.01251387782394886,
    0.012315982021391392,
    0.012389624491333961,
    0.012281250208616257,
    0.012351980432868004,
    0.01210649311542511,
    0.013093153014779091,
    0.012153943069279194,
    0.012433978728950024,
    0.012648177333176136,
    0.014167943969368935,
    0.012223653495311737,
    0.013295549899339676,
    0.012324524112045765,
    0.013440313749015331,
    0.012466657906770706,
    0.013086176477372646,
    0.01228999812155962,
    0.011949075385928154,
    0.011637093499302864,
    0.01165356207638979,
    0.013328165747225285,
    0.012158556841313839,
    0.011690142564475536,
    0.012285534292459488,
    0.009381513111293316,
    0.009022368118166924,
    0.004169352352619171,
    0.0037196767516434193,
    0.003745511407032609,
    0.0033573228865861893,
    0.004077240824699402,
    0.0037998452316969633,
    0.003577536903321743,
    0.00341986957937479,
    0.0040946342051029205,
    0.003749317489564419,
    0.004130702465772629,
    0.0034118059556931257,
    0.003604668192565441,
    0.0034732511267066,
    0.0038913614116609097,
    0.003476975951343775,
    0.003647653618827462,
    0.003726581810042262,
    0.003544559935107827,
    0.004364676307886839,
    0.003737008199095726,
    0.0032192389480769634,
    0.004258305300027132,
    0.004076582845300436,
    0.003919673152267933,
    0.003662619274109602,
    0.0037512921262532473,
    0.0038249893113970757,
    0.0034300992265343666,
    0.003571681911125779,
    0.0038562240079045296,
    0.003360381117090583,
    0.004055929370224476,
    0.003899435978382826,
    0.0033893752843141556,
    0.003427193034440279,
    0.003692549653351307,
    0.003008876461535692,
    0.0035012082662433386,
    0.003148177871480584,
    0.003566599916666746,
    0.0037549117114394903,
    0.0035756011493504047,
    0.0034944589715451,
    0.004052259493619204,
    0.003904530545696616,
    0.0031774386297911406,
    0.0033234802540391684,
    0.003846487496048212,
    0.0035209713969379663,
    0.003479720326140523,
    0.004356292076408863,
    0.0033804606646299362,
    0.0035688725765794516,
    0.0037218574434518814,
    0.003712858771905303,
    0.0038377102464437485,
    0.003631946165114641,
    0.0037317003589123487,
    0.0035232757218182087,
    0.0033258721232414246,
    0.004007188603281975,
    0.003420445369556546,
    0.0035402695648372173,
    0.003468461334705353,
    0.003924984484910965,
    0.004072524607181549,
    0.00387685582973063,
    0.0036021494306623936,
    0.0033028898760676384,
    0.0031948909163475037,
    0.004213055595755577,
    0.0036446116864681244,
    0.0037920959293842316,
    0.003779203165322542,
    0.0038875809404999018,
    0.003429863601922989,
    0.0030782977119088173,
    0.0032798307947814465,
    0.0033267904072999954,
    0.003128773532807827,
    0.0034102327190339565,
    0.003958927001804113,
    0.0033414990175515413,
    0.003529337700456381,
    0.003510453272610903,
    0.0034451051615178585,
    0.0032392379362136126,
    0.003828346962109208,
    0.003209163434803486,
    0.0043151527643203735,
    0.00370195833966136,
    0.0033289401326328516,
    0.0036386377178132534,
    0.0033807638101279736,
    0.0037786010652780533,
    0.0037060759495943785,
    0.0037526963278651237,
    0.002336375415325165,
    0.003579683369025588,
    0.0029673748649656773,
    0.003475954057648778,
    0.0034101558849215508,
    0.003772506257519126,
    0.003593317698687315,
    0.0034679544623941183,
    0.003721407614648342,
    0.003531724214553833,
    0.0036826615687459707,
    0.0037779035046696663,
    0.003778154728934169,
    0.003731091972440481,
    0.0035316043067723513,
    0.0032313878182321787,
    0.003448312636464834,
    0.0035915321204811335,
    0.0034284438006579876,
    0.0036233377177268267,
    0.003643237752839923,
    0.0037529487162828445,
    0.003535289317369461,
    0.003369588404893875,
    0.003410995239391923,
    0.0038412101566791534,
    0.003254951909184456,
    0.0035441622603684664,
    0.004350463859736919,
    0.0032494578044861555,
    0.0033776334021240473,
    0.0039891512133181095,
    0.004014104139059782,
    0.003902424592524767,
    0.00340737821534276,
    0.0035894284956157207,
    0.003879031864926219,
    0.0038150467444211245,
    0.004540796857327223,
    0.0033215524163097143,
    0.0030914645176380873,
    0.0037216688506305218,
    0.0039878124371171,
    0.003458811203017831,
    0.003772446420043707,
    0.003538846969604492,
    0.0036815637722611427,
    0.0036507409531623125,
    0.0033455269876867533,
    0.0038890810683369637,
    0.003777896985411644,
    0.004141096491366625,
    0.004041445441544056,
    0.003810192458331585,
    0.0031377875711768866,
    0.004032031632959843,
    0.003933152183890343,
    0.003986977506428957,
    0.0035063698887825012,
    0.004135389346629381,
    0.003472668118774891,
    0.0033038719557225704,
    0.0035465850960463285,
    0.0032551914919167757,
    0.0035532743204385042,
    0.00425229175016284,
    0.0036454678047448397,
    0.003618986811488867,
    0.003722740802913904,
    0.0035263337194919586,
    0.003553517395630479,
    0.003822563448920846,
    0.003872247878462076,
    0.003825683146715164,
    0.0038635199889540672,
    0.0034569092094898224,
    0.004146803170442581,
    0.004416133277118206,
    0.0034585229586809874,
    0.0035384695511311293,
    0.0037158767227083445,
    0.004347625654190779,
    0.00332751777023077,
    0.004544469993561506,
    0.0035035405308008194,
    0.0036535337567329407,
    0.0041895476169884205,
    0.0041135502979159355,
    0.003657326102256775,
    0.003145578783005476,
    0.003601925913244486,
    0.0033749928697943687,
    0.003343723015859723,
    0.0035591062624007463,
    0.0032233423553407192,
    0.00389061588793993,
    0.0034156451001763344,
    0.0037087323144078255,
    0.003739600069820881,
    0.003502558683976531,
    0.0032964167185127735,
    0.0037525540683418512,
    0.003398513188585639,
    0.003405541181564331,
    0.0036990786902606487,
    0.0037850569933652878,
    0.0031095428857952356,
    0.003097277833148837,
    0.0038508030120283365,
    0.003563263453543186,
    0.0034149158746004105,
    0.0035832514986395836,
    0.002984303515404463,
    0.004002279136329889,
    0.00405036099255085,
    0.0034451561514288187,
    0.0036927731707692146,
    0.00405848165974021,
    0.004048842005431652,
    0.003825219813734293,
    0.0036366188433021307,
    0.0033488560002297163,
    0.00401701545342803,
    0.004074079915881157,
    0.004197359550744295,
    0.0033838709350675344,
    0.00424965238198638,
    0.003695325693115592,
