{
  "version": "plots/_T_7_5_y0_0_001_network_architectures_4_50_activations_tanh_learning_rates_0_001_collocations_1024_epochs_50000_regularization_no_reg_reg_epochs_1_reg_coeff_10_reg_decay_1_/run_3",
  "seed": 1,
  "y0": 0.001,
  "T": 7.5,
  "N_col": 1024,
  "N_hidden": 4,
  "N_neurons": 50,
  "activation": "tanh",
  "N_epochs": 50000,
  "learning_rate": 0.001,
  "decay_rate": 1.0,
  "freq_log": 100,
  "freq_print": 1000,
  "keys_print": [
    "loss"
  ],
  "freq_save": 0,
  "regularization": "no_reg",
  "reg_coeff": 10,
  "reg_decay": 1,
  "reg_epochs": 1,
  "loss": [
    0.054417602717876434,
    2.553483227529796e-06,
    3.5810248277812207e-07,
    3.259055176840775e-07,
    2.784114201404009e-07,
    3.136512134460645e-07,
    2.9980873250678997e-07,
    2.9473750373654184e-07,
    2.8729135692628915e-07,
    2.6693351173889823e-07,
    2.3715270458524174e-07,
    7.16831418685615e-05,
    0.00010547201964072883,
    3.2461696264363127e-07,
    2.89384786356095e-07,
    1.975765599127044e-06,
    3.6464925301515905e-07,
    3.207116492376372e-07,
    2.6383747808722546e-07,
    2.7327692464496067e-07,
    2.777719600999262e-07,
    1.2998235433769878e-05,
    3.307019653675525e-07,
    2.957361857625074e-07,
    9.415032400283962e-05,
    9.51487436395837e-06,
    3.347166739331442e-07,
    6.125749223429011e-06,
    0.00012118573067709804,
    3.2418301998404786e-07,
    3.59838338681584e-07,
    3.665219082904514e-06,
    2.9157433800719446e-07,
    2.622118699946441e-07,
    2.4977907742140815e-06,
    3.63536628356087e-07,
    1.1412098501750734e-06,
    7.179246495070402e-07,
    4.0995684003064525e-07,
    2.3450049013717944e-07,
    0.00022285428713075817,
    2.993402574702486e-07,
    5.090922741146642e-07,
    1.0517738928683684e-06,
    2.9365378395596053e-07,
    2.689478151296498e-07,
    3.726064824149944e-05,
    3.132425945295836e-07,
    2.779665919661056e-07,
    2.797350475702842e-07,
    5.261425144453824e-07,
    3.4960146422235994e-07,
    3.064272675601387e-07,
    2.8023208642480313e-07,
    3.294995565283898e-07,
    4.237576547438948e-07,
    3.676121593798598e-07,
    3.640249360614689e-06,
    6.641000709350919e-07,
    2.8273700536374236e-07,
    2.891335952881491e-07,
    2.71662656814442e-07,
    8.532801984983962e-07,
    2.7034434424422216e-07,
    4.367626900148025e-07,
    2.679196029475861e-07,
    3.1915931231196737e-07,
    4.829064437217312e-07,
    7.251792339957319e-07,
    3.225880789159419e-07,
    2.827635796620598e-07,
    4.460646323423134e-07,
    2.604831479402492e-07,
    5.7202851166948676e-05,
    2.671142738108756e-07,
    2.6047004553220177e-07,
    3.1415248713528854e-07,
    4.638939685719379e-07,
    1.1671625088638393e-06,
    2.7024947257814347e-07,
    2.809947545756586e-07,
    6.425647143259994e-07,
    1.4313987776404247e-05,
    2.6378987172392954e-07,
    2.8187213274577516e-07,
    1.1133704447274795e-06,
    2.922137127825408e-07,
    1.47202138123248e-06,
    2.6756163151731016e-07,
    2.9366549370024586e-07,
    0.009450376033782959,
    2.863734493985248e-07,
    2.556360527705692e-07,
    2.2929171450414287e-07,
    2.6435179734107805e-07,
    2.632462496876542e-07,
    2.6375857942184666e-07,
    2.598203820980416e-07,
    2.9267573609104147e-07,
    2.8838599064329173e-07,
    2.2668693588911992e-07,
    2.530096026021056e-07,
    2.766269062703941e-07,
    2.5894826194416964e-07,
    2.518617634450493e-07,
    3.17515940650992e-07,
    2.484413244019379e-07,
    2.6916265483123425e-07,
    2.709900286390621e-07,
    2.694547447390505e-07,
    2.719744998103124e-07,
    2.666105274329311e-07,
    2.7970423843726167e-07,
    2.622988404255011e-07,
    2.4430823941656854e-07,
    2.7890152409781876e-07,
    2.523868261050666e-07,
    2.5318510665783833e-07,
    2.5539537773511256e-07,
    2.868183912596578e-07,
    2.943713184322405e-07,
    2.798225011702016e-07,
    2.6553664156381274e-07,
    2.4648454655107344e-07,
    2.4022261868594796e-07,
    3.004304858222895e-07,
    2.637191869325761e-07,
    2.7746256137106684e-07,
    2.827390233051119e-07,
    2.675795087725419e-07,
    2.582665672434814e-07,
    2.2812271538441564e-07,
    2.2837804181108368e-07,
    2.479636691532505e-07,
    2.3899110601632856e-07,
    2.5817809046202456e-07,
    2.895333182095783e-07,
    2.6319617063563783e-07,
    2.632321525197767e-07,
    2.6857708235183964e-07,
    2.568050945228606e-07,
    2.392210092239111e-07,
    2.730878350121202e-07,
    2.491585178177047e-07,
    3.4234460599691374e-07,
    2.6417660592414904e-07,
    2.540177774790209e-07,
    2.9756097319477703e-07,
    3.042597995772667e-07,
    2.8790179840143537e-07,
    2.8337350954643625e-07,
    3.504096639517229e-07,
    1.8992817274465779e-07,
    2.7498683152771264e-07,
    2.265741727569548e-07,
    2.6769868100018357e-07,
    3.147423228710977e-07,
    4.871054670729791e-07,
    2.6469740532775177e-07,
    3.4116612823709147e-07,
    3.390444476281118e-07,
    2.9121892453076725e-07,
    2.955827937967115e-07,
    3.0903220249456353e-07,
    3.127649392808962e-07,
    3.6221914001544064e-07,
    2.686154800812801e-07,
    3.7412132769532036e-07,
    2.572539017364761e-07,
    4.638390294076089e-07,
    2.8009665697936725e-07,
    3.0108958526398055e-07,
    5.943385303908144e-07,
    4.610353698808467e-07,
    3.93276394561326e-07,
    2.8461369083743193e-07,
    3.028650894520979e-07,
    2.841265427377948e-07,
    4.209991288917081e-07,
    4.0332497519557364e-07,
    4.931590638079797e-07,
    3.4061167752952315e-07,
    2.7336307084624423e-07,
    2.952775162157195e-07,
    3.158493200317025e-07,
    2.8392027161316946e-05,
    2.5540464321238687e-07,
    2.6446423362358473e-07,
    2.858916445802606e-07,
    2.8244787131370686e-07,
    3.2706938668525254e-07,
    2.459824486322759e-07,
    2.3487078237849346e-07,
    2.762280075785384e-07,
    2.936156988653238e-07,
    2.578798330432619e-07,
    2.7843128691529273e-07,
    2.6784385909195407e-07,
    2.7273043201603286e-07,
    2.711019249090896e-07,
    2.5045045504157315e-07,
    2.835411692103662e-07,
    2.7556745862966636e-07,
    2.9811252488798345e-07,
    2.9428758807625854e-07,
    2.81931818335579e-07,
    2.337488638204377e-07,
    2.948385144918575e-07,
    2.858653544990375e-07,
    2.849534723736724e-07,
    2.583622631391336e-07,
    2.967724128666305e-07,
    2.553324236487242e-07,
    2.441804838326789e-07,
    2.6789115281644627e-07,
    2.395598812654498e-07,
    2.618615440042049e-07,
    3.09890026528592e-07,
    2.6895577320829034e-07,
    2.6130098262910906e-07,
    2.8020508580084424e-07,
    2.6634657501745096e-07,
    2.605247857445647e-07,
    2.833251073752763e-07,
    2.8722786282742163e-07,
    2.8060611612090725e-07,
    2.800628635668545e-07,
    2.679093995539006e-07,
    2.989421830079664e-07,
    3.2052906817625626e-07,
    2.614397374145483e-07,
    2.5887564447657496e-07,
    2.6890018034464447e-07,
    3.110781676696206e-07,
    2.513815502425132e-07,
    3.471731702120451e-07,
    2.53926657478587e-07,
    2.7610747110884404e-07,
    3.008667022186273e-07,
    3.0679990459248074e-07,
    2.752005912043387e-07,
    2.4973178369691595e-07,
    2.6586673129713745e-07,
    2.8861353484899155e-07,
    2.581389537681389e-07,
    2.624847752485948e-07,
    2.475519522704417e-07,
    2.884502805500233e-07,
    3.166197757309419e-07,
    3.275501399002678e-07,
    4.180124619779235e-07,
    3.0559175456801313e-07,
    3.3276376143476227e-07,
    2.79516655155021e-07,
    2.7368102450964216e-07,
    2.9923810984655574e-07,
    2.6829815169548965e-07,
    2.885623757720168e-07,
    2.5012974447236047e-07,
    3.3877356031553063e-07,
    2.7806225944004836e-07,
    2.6421363941153686e-07,
    3.714411036526144e-07,
    3.2364511071136803e-07,
    2.7001755142919137e-07,
    3.139361410831043e-07,
    2.95026154617517e-07,
    3.87925581435411e-07,
    7.532348718086723e-07,
    3.2395388416261994e-07,
