{
  "version": "model_weights/_T_10_y0_0_01_network_architectures_4_50_activations_tanh_learning_rates_0_001_collocations_1024_epochs_50000_reg_epochs_0_75_reg_coeff_1_reg_decay_1_/run_12",
  "seed": 1,
  "y0": 0.01,
  "T": 10,
  "N_col": 1024,
  "N_hidden": 4,
  "N_neurons": 50,
  "activation": "tanh",
  "N_epochs": 50000,
  "learning_rate": 0.001,
  "decay_rate": 1.0,
  "freq_log": 100,
  "freq_print": 1000,
  "keys_print": [
    "loss"
  ],
  "freq_save": 0,
  "reg_coeff": 1,
  "reg_decay": 1,
  "reg_epochs": 0.75,
  "loss": [
    0.1633666455745697,
    0.029802897945046425,
    0.02790592983365059,
    0.028210332617163658,
    0.026256021112203598,
    0.03005116991698742,
    0.02912777289748192,
    0.029151469469070435,
    0.029162535443902016,
    0.026804964989423752,
    0.02476242184638977,
    0.03099709004163742,
    0.029363054782152176,
    0.031166765838861465,
    0.03158621862530708,
    0.030423305928707123,
    0.024092692881822586,
    0.030200205743312836,
    0.026050882413983345,
    0.02742363139986992,
    0.02717672660946846,
    0.026095477864146233,
    0.026596520096063614,
    0.02888692170381546,
    0.02796955406665802,
    0.027439475059509277,
    0.026317154988646507,
    0.026377035304903984,
    0.025570757687091827,
    0.03030366450548172,
    0.02767053432762623,
    0.028440585359930992,
    0.025740310549736023,
    0.02601904794573784,
    0.027288487181067467,
    0.025807484984397888,
    0.028499532490968704,
    0.027969079092144966,
    0.029607921838760376,
    0.024190058931708336,
    0.0269230455160141,
    0.029060842469334602,
    0.027783356606960297,
    0.026584606617689133,
    0.02679276093840599,
    0.027286997064948082,
    0.02498731017112732,
    0.026653233915567398,
    0.02755662612617016,
    0.027202920988202095,
    0.027578435838222504,
    0.025697598233819008,
    0.02922835201025009,
    0.028150184080004692,
    0.029426217079162598,
    0.026854103431105614,
    0.028138069435954094,
    0.025266963988542557,
    0.029338039457798004,
    0.027781283482909203,
    0.026914648711681366,
    0.026334678754210472,
    0.029167503118515015,
    0.026895098388195038,
    0.029168469831347466,
    0.026625579223036766,
    0.027028296142816544,
    0.026604820042848587,
    0.028332337737083435,
    0.026529762893915176,
    0.02757195383310318,
    0.027493009343743324,
    0.026655644178390503,
    0.03050624579191208,
    0.02692575752735138,
    0.024783778935670853,
    0.030126679688692093,
    0.02906673029065132,
    0.028640899807214737,
    0.02747184969484806,
    0.028137341141700745,
    0.027922779321670532,
    0.02613365836441517,
    0.02705593965947628,
    0.02778640016913414,
    0.025915339589118958,
    0.028787314891815186,
    0.028486456722021103,
    0.026312362402677536,
    0.02588528022170067,
    0.02772253379225731,
    0.023462364450097084,
    0.026384737342596054,
    0.024703193455934525,
    0.026632502675056458,
    0.027016978710889816,
    0.02673235908150673,
    0.026547685265541077,
    0.029176227748394012,
    0.028778787702322006,
    0.024596108123660088,
    0.02575722336769104,
    0.028018876910209656,
    0.026533350348472595,
    0.02629082277417183,
    0.03136356920003891,
    0.02533211186528206,
    0.02742442674934864,
    0.02780378982424736,
    0.027420924976468086,
    0.02778197079896927,
    0.02655457891523838,
    0.02826618030667305,
    0.026651732623577118,
    0.025758393108844757,
    0.02829764038324356,
    0.02619144134223461,
    0.02625531516969204,
    0.026502225548028946,
    0.028754517436027527,
    0.0293797068297863,
    0.02868831530213356,
    0.027275070548057556,
    0.02573954313993454,
    0.025219528004527092,
    0.029983267188072205,
    0.027121245861053467,
    0.028365978971123695,
    0.02786439284682274,
    0.02765534445643425,
    0.026384808123111725,
    0.02449273318052292,
    0.024769211187958717,
    0.02549104206264019,
    0.02488168701529503,
    0.026771005243062973,
    0.029072230681777,
    0.025894897058606148,
    0.026884369552135468,
    0.02674291282892227,
    0.026051152497529984,
    0.02532866969704628,
    0.02870546281337738,
    0.0261223204433918,
    0.03028571605682373,
    0.026953309774398804,
    0.025515280663967133,
    0.026739241555333138,
    0.02523394674062729,
    0.027927596122026443,
    0.026985768228769302,
    0.02713126130402088,
    0.020763693377375603,
    0.027018578723073006,
    0.023936478421092033,
    0.026624230667948723,
    0.026324711740016937,
    0.0276342760771513,
    0.02685004100203514,
    0.026239708065986633,
    0.027721025049686432,
    0.026381636038422585,
    0.026549924165010452,
    0.027831854298710823,
    0.027690790593624115,
    0.026986878365278244,
    0.02696186490356922,
    0.02503018081188202,
    0.0263826847076416,
    0.026532109826803207,
    0.025880295783281326,
    0.027403200045228004,
    0.02705584466457367,
    0.027699992060661316,
    0.026286210864782333,
    0.026089860126376152,
    0.02614516019821167,
    0.028226979076862335,
    0.025081228464841843,
    0.026853471994400024,
    0.030091170221567154,
    0.025052426382899284,
    0.025990832597017288,
    0.028882458806037903,
    0.028966031968593597,
    0.028103571385145187,
    0.02590787783265114,
    0.027035217732191086,
    0.028205422684550285,
    0.02820022776722908,
    0.0316295400261879,
    0.025045359507203102,
    0.024703046306967735,
    0.027654800564050674,
    0.029096171259880066,
    0.02638709545135498,
    0.028171464800834656,
    0.027082175016403198,
    0.027422845363616943,
    0.027638016268610954,
    0.025919588282704353,
    0.02824852243065834,
    0.02764461562037468,
    0.02944343164563179,
    0.029167594388127327,
    0.028439998626708984,
    0.024588529020547867,
    0.02927451953291893,
    0.028461504727602005,
    0.028597429394721985,
    0.0264165960252285,
    0.029353443533182144,
    0.026299118995666504,
    0.02540651150047779,
    0.02720923162996769,
    0.024969903752207756,
    0.026781771332025528,
    0.02998136729001999,
    0.027248306199908257,
    0.026541896164417267,
    0.028437186032533646,
    0.02697153389453888,
    0.02677914686501026,
    0.028703298419713974,
    0.028839120641350746,
    0.028061846271157265,
    0.027726519852876663,
    0.026476096361875534,
    0.029720284044742584,
    0.031421735882759094,
    0.02690243534743786,
    0.026641104370355606,
    0.02714943327009678,
    0.030757589265704155,
    0.026074422523379326,
    0.03165627270936966,
    0.02619781158864498,
    0.026879146695137024,
    0.029839137569069862,
    0.02950700744986534,
    0.027030907571315765,
    0.02483382634818554,
    0.026550352573394775,
    0.02680923044681549,
    0.025949444621801376,
    0.02664673700928688,
    0.025195755064487457,
    0.028643831610679626,
    0.026005038991570473,
    0.027769368141889572,
    0.02747829630970955,
    0.026585040614008904,
    0.02539566531777382,
    0.027674857527017593,
    0.025800758972764015,
    0.025788333266973495,
    0.027185816317796707,
    0.027910709381103516,
    0.024181686341762543,
    0.02449200674891472,
    0.02756110206246376,
    0.026878120377659798,
    0.025969231501221657,
    0.027291251346468925,
    0.02430610917508602,
    0.028436951339244843,
    0.029140127822756767,
    0.026215091347694397,
    0.027287300676107407,
    0.029752690345048904,
    0.029166143387556076,
    0.028752420097589493,
    0.027336934581398964,
    0.025556696578860283,
    0.029381543397903442,
    0.028667893260717392,
    0.029802482575178146,
    0.025729069486260414,
    0.030606713145971298,
    0.027818996459245682,
    0.027041450142860413,
    0.028860149905085564,
    0.02757279761135578,
    0.029099509119987488,
    0.025663049891591072,
    0.025966892018914223,
    0.02458903379738331,
    0.027516663074493408,
    0.024493498727679253,
    0.02651813253760338,
    0.02717059850692749,
