{
  "version": "model_weights/_T_10_y0_0_1_network_architectures_4_50_activations_tanh_learning_rates_0_001_collocations_1024_epochs_50000_reg_epochs_0_25_reg_coeff_1_reg_decay_1_/run_6",
  "seed": 1,
  "y0": 0.1,
  "T": 10,
  "N_col": 1024,
  "N_hidden": 4,
  "N_neurons": 50,
  "activation": "tanh",
  "N_epochs": 50000,
  "learning_rate": 0.001,
  "decay_rate": 1.0,
  "freq_log": 100,
  "freq_print": 1000,
  "keys_print": [
    "loss"
  ],
  "freq_save": 0,
  "reg_coeff": 1,
  "reg_decay": 1,
  "reg_epochs": 0.25,
  "loss": [
    0.1741207242012024,
    0.1370810866355896,
    0.13699835538864136,
    0.13709872961044312,
    0.13698244094848633,
    0.13718631863594055,
    0.1371650993824005,
    0.13716791570186615,
    0.13716723024845123,
    0.13699333369731903,
    0.1368025541305542,
    0.13690243661403656,
    0.13732920587062836,
    0.1374969780445099,
    0.13722968101501465,
    0.13738469779491425,
    0.13683101534843445,
    0.13732527196407318,
    0.13700824975967407,
    0.1370924711227417,
    0.1371135115623474,
    0.13697411119937897,
    0.13702282309532166,
    0.13721582293510437,
    0.1371229588985443,
    0.1370997130870819,
    0.136983722448349,
    0.13699392974376678,
    0.13691362738609314,
    0.13733722269535065,
    0.13711656630039215,
    0.13716821372509003,
    0.1369429975748062,
    0.1369352489709854,
    0.13706646859645844,
    0.13694420456886292,
    0.13716723024845123,
    0.1371123045682907,
    0.13731665909290314,
    0.1367773562669754,
    0.13703835010528564,
    0.13721680641174316,
    0.13706541061401367,
    0.13699249923229218,
    0.13701051473617554,
    0.1369692087173462,
    0.13677260279655457,
    0.13685569167137146,
    0.1368071734905243,
    0.1361500322818756,
    0.039365753531455994,
    0.034461211413145065,
    0.03914628177881241,
    0.03777468204498291,
    0.03933531045913696,
    0.03567996993660927,
    0.037315480411052704,
    0.03340042382478714,
    0.03931359201669693,
    0.0370151549577713,
    0.03554169833660126,
    0.034906379878520966,
    0.03885016590356827,
    0.0355815663933754,
    0.03880290687084198,
    0.035600367933511734,
    0.03603547811508179,
    0.03541821986436844,
    0.03774164617061615,
    0.03516847640275955,
    0.03685280308127403,
    0.036267515271902084,
    0.035434573888778687,
    0.04055427759885788,
    0.035590849816799164,
    0.0326935313642025,
    0.03988282382488251,
    0.038599297404289246,
    0.0380166620016098,
    0.03679247573018074,
    0.03752041608095169,
    0.037085261195898056,
    0.03461173549294472,
    0.03602776676416397,
    0.03675573319196701,
    0.03427509590983391,
    0.038115862756967545,
    0.037923913449048996,
    0.03511637821793556,
    0.03420087322592735,
    0.03687620162963867,
    0.030835606157779694,
    0.035039372742176056,
    0.03259136527776718,
    0.0355132520198822,
    0.03555135056376457,
    0.03540000692009926,
    0.03509516268968582,
    0.03877213969826698,
    0.03842640668153763,
    0.032610323280096054,
    0.0339907743036747,
    0.03714710474014282,
    0.034966494888067245,
    0.034823812544345856,
    0.04212930426001549,
    0.03317369893193245,
    0.036563217639923096,
    0.03708772361278534,
    0.03642501309514046,
    0.03690259903669357,
    0.03495486453175545,
    0.037599608302116394,
    0.03531942144036293,
    0.034190915524959564,
    0.03760864585638046,
    0.034785255789756775,
    0.03461579233407974,
    0.03506806120276451,
    0.038302335888147354,
    0.039232708513736725,
    0.03835591673851013,
    0.03637443482875824,
    0.034149788320064545,
    0.03354651480913162,
    0.03958333283662796,
    0.00210608821362257,
    0.0021089701913297176,
    0.0022096566390246153,
    0.001980528235435486,
    0.0020696078427135944,
    0.0016723789740353823,
    0.001671511447057128,
    0.0018817520467564464,
    0.0017199162393808365,
    0.0018741465173661709,
    0.002194430213421583,
    0.0019231969490647316,
    0.002050943672657013,
    0.0019314771052449942,
    0.0019488893449306488,
    0.0017484744312241673,
    0.0020232563838362694,
    0.0018543701153248549,
    0.002364120678976178,
    0.0020248694345355034,
    0.0017872084863483906,
    0.0019251680932939053,
    0.00173140037804842,
    0.002156523521989584,
    0.0019405537750571966,
    0.001968811731785536,
    0.0013317567063495517,
    0.0019573187455534935,
    0.001669088494963944,
    0.0019214579369872808,
    0.001869036816060543,
    0.002045217202976346,
    0.0020334089640527964,
    0.001969547476619482,
    0.002041884232312441,
    0.0018501539016142488,
    0.0020156544633209705,
    0.002092440612614155,
    0.002087655710056424,
    0.0020286710932850838,
    0.0018908610800281167,
    0.0017758766189217567,
    0.001880735857412219,
    0.0019648056477308273,
    0.0018710173899307847,
    0.0019737258553504944,
    0.0019437454175204039,
    0.002040713094174862,
    0.0019118213094770908,
    0.0019409419037401676,
    0.00184040074236691,
    0.0021362444385886192,
    0.0017532695783302188,
    0.0018581370823085308,
    0.0023079272359609604,
    0.0017247077776119113,
    0.0018318281508982182,
    0.002144197002053261,
    0.0022455668076872826,
    0.002036341466009617,
    0.0017827106639742851,
    0.0019000886240974069,
    0.0021173933055251837,
    0.002104230225086212,
    0.0025421185418963432,
    0.0017894108314067125,
    0.0016903383657336235,
    0.001999525586143136,
    0.0021663387306034565,
    0.0018781571416184306,
    0.002093622460961342,
    0.0018254057504236698,
    0.0020274484995752573,
    0.0020334203727543354,
    0.0019103230442851782,
    0.002157656941562891,
    0.0019640002865344286,
    0.0022546113468706608,
    0.002270809840410948,
    0.002121720230206847,
    0.0016373354010283947,
    0.002231203019618988,
    0.002182024996727705,
    0.0022046465892344713,
    0.0018481600563973188,
    0.0022334670647978783,
    0.0019191050669178367,
    0.001783810555934906,
    0.002003998961299658,
    0.0017207772471010685,
    0.0018799782264977694,
    0.002383037004619837,
    0.002009553136304021,
    0.00201262254267931,
    0.0020941239781677723,
    0.0019200306851416826,
    0.0018719322979450226,
    0.002037187572568655,
    0.0021726698614656925,
    0.0021103881299495697,
    0.0021964844781905413,
    0.001880926312878728,
    0.002289971336722374,
    0.002449879189953208,
    0.0019497312605381012,
    0.0019409211818128824,
    0.0020313411951065063,
    0.002374863252043724,
    0.0019029915565624833,
    0.002494618995115161,
    0.0019043120555579662,
    0.002052593044936657,
    0.002264301059767604,
    0.0021783187985420227,
    0.00198955275118351,
    0.0017371245194226503,
    0.0018548057414591312,
    0.002013075165450573,
    0.0017974462825804949,
    0.0019223623676225543,
    0.0018224585801362991,
    0.002176874317228794,
    0.0018002011347562075,
    0.0019488225225359201,
    0.0020366553217172623,
    0.0019540153443813324,
    0.0017380097415298223,
    0.002033828292042017,
    0.0018553019035607576,
    0.0018274037865921855,
    0.0019646049477159977,
    0.0020961258560419083,
    0.0016301029827445745,
    0.0016738463891670108,
    0.0020244894549250603,
    0.0019518975168466568,
    0.0017638939898461103,
    0.0019262403948232532,
    0.0015430367784574628,
    0.0020968466997146606,
    0.002313026925548911,
    0.0019205042626708746,
    0.002039990620687604,
    0.0022869380190968513,
    0.0021810950711369514,
    0.002203739481046796,
    0.0020746870432049036,
    0.0018209086265414953,
    0.0021299920044839382,
    0.002183029428124428,
    0.002259473316371441,
    0.0018668120028451085,
    0.002508716657757759,
    0.0020711421966552734,
    0.0019729528576135635,
    0.0021591130644083023,
    0.002054300159215927,
    0.0022557564079761505,
    0.0017723399214446545,
    0.0018423820147290826,
    0.0016485722735524178,
    0.001995490863919258,
