{
  "version": "model_weights/_T_7_5_y0_0_1_network_architectures_4_50_activations_tanh_learning_rates_0_001_collocations_1024_epochs_50000_reg_epochs_0_reg_coeff_1_reg_decay_1_/run_14",
  "seed": 1,
  "y0": 0.1,
  "T": 7.5,
  "N_col": 1024,
  "N_hidden": 4,
  "N_neurons": 50,
  "activation": "tanh",
  "N_epochs": 50000,
  "learning_rate": 0.001,
  "decay_rate": 1.0,
  "freq_log": 100,
  "freq_print": 1000,
  "keys_print": [
    "loss"
  ],
  "freq_save": 0,
  "reg_coeff": 1,
  "reg_decay": 1,
  "reg_epochs": 0,
  "loss": [
    0.13863255083560944,
    0.0026651080697774887,
    0.0025081289932131767,
    0.002629462629556656,
    0.0024060490541160107,
    0.002786798868328333,
    0.002733108587563038,
    0.0027626510709524155,
    0.002747593680396676,
    0.0025119129568338394,
    0.0022517729084938765,
    0.0030661416240036488,
    0.0028827160131186247,
    0.003241658443585038,
    0.002827922347933054,
    0.0030823813285678625,
    0.0022442403715103865,
    0.0030494965612888336,
    0.002530949655920267,
    0.002657460980117321,
    0.002692006528377533,
    0.0024924473837018013,
    0.002568143652752042,
    0.002961844438686967,
    0.0027087489143013954,
    0.002679748460650444,
    0.0025433532427996397,
    0.0025224306154996157,
    0.0024307910352945328,
    0.0030511459335684776,
    0.002731690648943186,
    0.0027860584668815136,
    0.002476511523127556,
    0.0024504554457962513,
    0.002644649473950267,
    0.0025808578357100487,
    0.0028038474265486,
    0.0027342657558619976,
    0.002998045179992914,
    0.0022281971760094166,
    0.002639440819621086,
    0.0029238429851830006,
    0.0026886172126978636,
    0.002588399453088641,
    0.0026485847774893045,
    0.002649975009262562,
    0.0023476819042116404,
    0.0026121274568140507,
    0.0027046864852309227,
    0.002662102458998561,
    0.0027357377111911774,
    0.0024990648962557316,
    0.002907478716224432,
    0.002756768139079213,
    0.002926209010183811,
    0.0026167533360421658,
    0.00281117158010602,
    0.002418205142021179,
    0.0029157078824937344,
    0.0027387710288167,
    0.0026466783601790667,
    0.0025512129068374634,
    0.002894794335588813,
    0.002575203776359558,
    0.0029149549081921577,
    0.002608568873256445,
    0.0025760126300156116,
    0.002585604088380933,
    0.0027511967346072197,
    0.002544678281992674,
    0.0026896814815700054,
    0.002681910526007414,
    0.002559583866968751,
    0.0030686839018017054,
    0.0025934134609997272,
    0.002277855295687914,
    0.00307529978454113,
    0.0028722677379846573,
    0.002818420296534896,
    0.0026414894964545965,
    0.0028042939957231283,
    0.002744759898632765,
    0.0024961114395409822,
    0.0026250253431499004,
    0.0027203343342989683,
    0.0024245644453912973,
    0.002841494046151638,
    0.002789281541481614,
    0.002548408228904009,
    0.002497816691175103,
    0.0027032368816435337,
    0.0022003264166414738,
    0.0025238478556275368,
    0.002283265348523855,
    0.0026344526559114456,
    0.0026249652728438377,
    0.00261989189311862,
    0.002592097967863083,
    0.002927093766629696,
    0.00289920368231833,
    0.0022438867017626762,
    0.0025155958719551563,
    0.0027442402206361294,
    0.002585381967946887,
    0.002505349926650524,
    0.003164449939504266,
    0.0024873800575733185,
    0.0026871678419411182,
    0.002698992844671011,
    0.002688391599804163,
    0.002707337960600853,
    0.0026746736839413643,
    0.002786071039736271,
    0.0026088161394000053,
    0.0024257544428110123,
    0.002761579118669033,
    0.0025234222412109375,
    0.0025239288806915283,
    0.00255310139618814,
    0.0028593207243829966,
    0.002924824832007289,
    0.0027935756370425224,
    0.002636183751747012,
    0.0024947451893240213,
    0.0024016478564590216,
    0.0029584867879748344,
    0.0026341849006712437,
    0.0027624580543488264,
    0.002758616115897894,
    0.002666680607944727,
    0.0025427211076021194,
    0.0022804036270827055,
    0.002291607204824686,
    0.0024642967619001865,
    0.0023494819179177284,
    0.002537697786465287,
    0.002875839825719595,
    0.0025006935466080904,
    0.00260266475379467,
    0.002568645402789116,
    0.0025349839124828577,
    0.0023802942596375942,
    0.002722744597122073,
    0.002492216881364584,
    0.003063524141907692,
    0.0026310039684176445,
    0.0024079210124909878,
    0.0025890704710036516,
    0.0023665186017751694,
    0.002791598904877901,
    0.0025895629078149796,
    0.0025881188921630383,
    0.001819800352677703,
    0.002619722858071327,
    0.0022243899293243885,
    0.002551064593717456,
    0.002513886895030737,
    0.0027154465205967426,
    0.002629308495670557,
    0.0025686011649668217,
    0.0027023586444556713,
    0.0025032623670995235,
    0.0025984777603298426,
    0.0027576645370572805,
    0.002732155378907919,
    0.0026175356470048428,
    0.0025768927298486233,
    0.0023772954009473324,
    0.0025220641400665045,
    0.002520709065720439,
    0.0024844673462212086,
    0.0026342610362917185,
    0.002619083970785141,
    0.0027021158020943403,
    0.0025263079442083836,
    0.002519149798899889,
    0.002476840978488326,
    0.0027814917266368866,
    0.0023608491756021976,
    0.0025411273818463087,
    0.002945986110717058,
    0.002327059395611286,
    0.002484791912138462,
    0.0028526433743536472,
    0.0029007368721067905,
    0.002732069231569767,
    0.002434892812743783,
    0.002585694659501314,
    0.0027807385195046663,
    0.002789799589663744,
    0.0032470235601067543,
    0.00237292074598372,
    0.0022900239564478397,
    0.0026918211951851845,
    0.002877695020288229,
    0.0025295536033809185,
    0.00276199821382761,
    0.002575462684035301,
    0.0026818332262337208,
    0.002709789201617241,
    0.0025069518014788628,
    0.0027997572906315327,
    0.002652660943567753,
    0.0029582446441054344,
    0.002934154123067856,
    0.002799413865432143,
    0.0022573755122721195,
    0.002917442237958312,
    0.0028540873900055885,
    0.0028498757164925337,
    0.0025128289125859737,
    0.0029248674400150776,
    0.0025460177566856146,
    0.002395736053586006,
    0.002622846979647875,
    0.0023468853905797005,
    0.0025613242760300636,
    0.003037417773157358,
    0.0026635939721018076,
    0.0025887521915137768,
    0.002807924523949623,
    0.0026021094527095556,
    0.0025438955053687096,
    0.0027704043313860893,
    0.0028611416928470135,
    0.00277824723161757,
    0.002794090658426285,
    0.0025500920601189137,
    0.002981987316161394,
    0.003203650936484337,
    0.002620548475533724,
    0.0025752854999154806,
    0.002659435383975506,
    0.003105555195361376,
    0.002518424764275551,
    0.0032095382921397686,
    0.0025272520724684,
    0.0026391148567199707,
    0.002976128598675132,
    0.00292131956666708,
    0.002627649111673236,
    0.002339745406061411,
    0.0025246981531381607,
    0.0026361695490777493,
    0.002457595430314541,
    0.0025615403428673744,
    0.0024142335169017315,
    0.0028291302733123302,
    0.0024601020850241184,
    0.0026647881604731083,
    0.0026955576613545418,
    0.0025870930403470993,
    0.002379907760769129,
    0.00271252216771245,
    0.0024748719297349453,
    0.0024561812169849873,
    0.0026135165244340897,
    0.0027459936682134867,
    0.0022377576678991318,
    0.0022687320597469807,
    0.002678647404536605,
    0.0026015157345682383,
    0.002425765385851264,
    0.002622985979542136,
    0.0021983657497912645,
    0.002786334604024887,
    0.0029638505075126886,
    0.0024866838939487934,
    0.0026668536011129618,
    0.002985674887895584,
    0.0028928108513355255,
    0.002888577524572611,
    0.002697882242500782,
    0.0024255486205220222,
    0.0028977487236261368,
    0.002843671478331089,
    0.0029654696118086576,
    0.0024711471050977707,
    0.0031043458729982376,
    0.0027464795857667923,
    0.0026216008700430393,
