{
  "version": "model_weights/_T_7_5_y0_0_001_network_architectures_4_50_activations_tanh_learning_rates_0_001_collocations_1024_epochs_50000_reg_epochs_0_25_reg_coeff_1_reg_decay_1_/run_14",
  "seed": 1,
  "y0": 0.001,
  "T": 7.5,
  "N_col": 1024,
  "N_hidden": 4,
  "N_neurons": 50,
  "activation": "tanh",
  "N_epochs": 50000,
  "learning_rate": 0.001,
  "decay_rate": 1.0,
  "freq_log": 100,
  "freq_print": 1000,
  "keys_print": [
    "loss"
  ],
  "freq_save": 0,
  "reg_coeff": 1,
  "reg_decay": 1,
  "reg_epochs": 0.25,
  "loss": [
    0.1795744001865387,
    0.13527612388134003,
    0.08580869436264038,
    0.035224251449108124,
    0.033112481236457825,
    0.036473941057920456,
    0.03596658259630203,
    0.03525015339255333,
    0.03588851913809776,
    0.03385606035590172,
    0.030978379771113396,
    0.038495928049087524,
    0.03779864311218262,
    0.03946352377533913,
    0.036139581352472305,
    0.03861163929104805,
    0.031434375792741776,
    0.03884298354387283,
    0.03340175747871399,
    0.03528089076280594,
    0.034548304975032806,
    0.03389791399240494,
    0.034651778638362885,
    0.03737817704677582,
    0.03561026602983475,
    0.034920331090688705,
    0.03378938138484955,
    0.03424658626317978,
    0.033110857009887695,
    0.03812987357378006,
    0.03555581718683243,
    0.036752182990312576,
    0.033589571714401245,
    0.03345140442252159,
    0.03464846312999725,
    0.03394791856408119,
    0.03578216955065727,
    0.03606868162751198,
    0.03753969445824623,
    0.031014110893011093,
    0.03438422456383705,
    0.03733716905117035,
    0.03598368167877197,
    0.03434351831674576,
    0.03422236442565918,
    0.03526525944471359,
    0.032025277614593506,
    0.03360277786850929,
    0.035457298159599304,
    0.03477267175912857,
    0.03621889650821686,
    0.03283938392996788,
    0.03722085431218147,
    0.036319706588983536,
    0.03750474750995636,
    0.03393393009901047,
    0.035673364996910095,
    0.031883809715509415,
    0.037621840834617615,
    0.03518344461917877,
    0.03408171981573105,
    0.03386852145195007,
    0.03695118427276611,
    0.03409649431705475,
    0.037010274827480316,
    0.03460768610239029,
    0.035301655530929565,
    0.034483738243579865,
    0.03662226349115372,
    0.034203626215457916,
    0.035810355097055435,
    0.034878332167863846,
    0.03454551473259926,
    0.03874301165342331,
    0.03436090797185898,
    0.03225807473063469,
    0.03757859021425247,
    0.037223268300294876,
    0.03670746088027954,
    0.036015063524246216,
    0.03625711798667908,
    0.03593379259109497,
    0.03373883292078972,
    0.0352042056620121,
    0.03525732085108757,
    0.03356523811817169,
    0.03661729767918587,
    0.03653130680322647,
    0.03412558138370514,
    0.03296935558319092,
    0.035754114389419556,
    0.02996136248111725,
    0.034101732075214386,
    0.032126594334840775,
    0.03421630337834358,
    0.033783793449401855,
    0.03423035889863968,
    0.03371318802237511,
    0.03729280084371567,
    0.03653186187148094,
    0.032324276864528656,
    0.032951612025499344,
    0.03570888936519623,
    0.03369070589542389,
    0.03378915414214134,
    0.04011796414852142,
    0.03204475715756416,
    0.03556854650378227,
    0.03614353388547897,
    0.03530144318938255,
    0.03521505370736122,
    0.03360353410243988,
    0.03611703962087631,
    0.034105025231838226,
    0.033416587859392166,
    0.03597112372517586,
    0.033648889511823654,
    0.033548932522535324,
    0.033795006573200226,
    0.03685906156897545,
    0.03768290579319,
    0.03711891546845436,
    0.035438619554042816,
    0.03322632238268852,
    0.03289466351270676,
    0.03774037957191467,
    2.7244474040344357e-05,
    9.720257367007434e-06,
    5.593309651885647e-06,
    3.3327864912280347e-06,
    2.4968433081085095e-06,
    1.6836078202686622e-06,
    1.4272455928221461e-06,
    1.4115410067461198e-06,
    1.1733068276953418e-06,
    1.2356792922219029e-06,
    1.9110079847450834e-06,
    7.062309919092513e-07,
    2.3575612431159243e-06,
    1.067410948962788e-06,
    9.445118394069141e-07,
    1.5865839486650657e-06,
    1.435087824575021e-06,
    2.853797468560515e-06,
    8.686201908858493e-07,
    8.006253437997657e-07,
    4.772341526404489e-07,
    5.734014507652319e-07,
    5.554900326387724e-07,
    1.0998477364410064e-06,
    5.686122221959522e-07,
    5.182843096918077e-07,
    6.349379759740259e-07,
    4.83341466406273e-07,
    5.592379466179409e-07,
    1.103987597161904e-05,
    2.8426638891687617e-06,
    6.913774086569902e-07,
    8.429322406300344e-06,
    7.260615575432894e-07,
    5.486101599672111e-07,
    3.357766331646417e-07,
    9.613579550205031e-07,
    2.7459723241918255e-06,
    1.5561954569420777e-06,
    3.5490825212036725e-07,
    3.4837084967875853e-06,
    3.932698291464476e-07,
    5.611258529825136e-06,
    5.149630055711896e-07,
    3.6198311136104167e-05,
    1.9267174593551317e-06,
    5.934997716394719e-06,
    9.001896614790894e-06,
    3.68621385860024e-07,
    7.91754609963391e-06,
    2.093064210839657e-07,
    4.513521503213269e-07,
    4.919309503748082e-06,
    6.193828994582873e-06,
    4.5056646058583283e-07,
    2.651678414622438e-07,
    2.0676128542618244e-07,
    2.0885431695205625e-07,
    1.8780835375764582e-07,
    1.7651110795213754e-07,
    1.7099438309742254e-07,
    1.636881279409863e-07,
    1.6218055520766939e-07,
    1.8432103843224468e-07,
    1.8688767511321203e-07,
    1.4200379894191428e-07,
    1.3754358008100098e-07,
    1.9958716279688815e-07,
    4.93879724672297e-07,
    1.7234810911759268e-07,
    1.8184633177042997e-07,
    1.0943660981865833e-06,
    7.381046316368156e-07,
    1.3474432307702955e-06,
    1.659214632354633e-07,
    2.810781438711274e-07,
    2.040577982143077e-07,
    5.394482514020638e-07,
    4.5462630282600003e-07,
    2.0210532625242195e-07,
    9.008492270368151e-06,
    1.8193265987065388e-06,
    2.4465765591230593e-07,
    1.8120553590961208e-07,
    3.0749426514375955e-05,
    4.328072691350826e-07,
    1.7482428802395589e-06,
    2.4838371359692246e-07,
    2.288471478095744e-06,
    7.509085662604775e-06,
    5.4103256843518466e-06,
    2.011221624798054e-07,
    1.8694631762627978e-06,
    2.439076297378051e-06,
    1.705893373582512e-05,
    7.506065594498068e-05,
    1.6516864320692548e-07,
    3.9281573549487803e-07,
    6.073589247534983e-06,
    8.690358299645595e-06,
    6.78589003655361e-07,
    5.387422561398125e-07,
    6.4133819250855595e-06,
    1.986338986625924e-07,
    5.950242211838486e-06,
    1.0599295308111323e-07,
    4.072921456099721e-06,
    1.703927949847639e-07,
    1.8009279756370233e-06,
    1.0831374765984947e-06,
    3.5958707940153545e-06,
    1.722118668112671e-06,
    8.273655112134293e-07,
    1.6900298760447185e-07,
    8.928582246880978e-06,
    9.823698121635971e-08,
    3.7352452864070074e-07,
    2.2762495177630626e-07,
    5.422274398370064e-07,
    1.9579215404519346e-07,
    1.2946910032951564e-07,
    1.8714246152740088e-07,
    0.0018622619099915028,
    3.433479832892772e-06,
    1.507169599790359e-06,
    1.1643996913335286e-06,
    6.738411002515932e-07,
    5.976515922156977e-07,
    4.368885129224509e-07,
    3.512161868002295e-07,
    3.3355888717778726e-07,
    3.2247140779873007e-07,
    2.3762730450016534e-07,
    2.3502987289703015e-07,
    2.6998006319445267e-07,
    2.6900795546680456e-07,
    2.4793192210381676e-07,
    2.6614401349434047e-07,
    2.1555973717113375e-07,
    2.8080287961529393e-07,
    2.9724625960625417e-07,
    2.528290110603848e-07,
    2.719578731102956e-07,
    2.989821439314255e-07,
    2.9742039941993426e-07,
    3.093813916166255e-07,
    1.2131630455769482e-06,
    2.648708345986961e-07,
    5.690894795407075e-07,
    3.1839397252042545e-07,
    4.962815296494227e-07,
    3.9794053918740246e-07,
    3.6867953667751863e-07,
    3.463204620857141e-07,
    5.698457812286506e-07,
