{
  "version": "plots/_T_10_y0_0_001_network_architectures_4_50_activations_tanh_learning_rates_0_001_collocations_1024_epochs_50000_regularization_reg_derivative_reg_epochs_1_reg_coeff_1_reg_decay_1_/run_7",
  "seed": 1,
  "y0": 0.001,
  "T": 10,
  "N_col": 1024,
  "N_hidden": 4,
  "N_neurons": 50,
  "activation": "tanh",
  "N_epochs": 50000,
  "learning_rate": 0.001,
  "decay_rate": 1.0,
  "freq_log": 100,
  "freq_print": 1000,
  "keys_print": [
    "loss"
  ],
  "freq_save": 0,
  "regularization": "reg_derivative",
  "reg_coeff": 1,
  "reg_decay": 1,
  "reg_epochs": 1,
  "loss": [
    0.8357782363891602,
    0.13496942818164825,
    0.13165336847305298,
    0.12209390103816986,
    0.11566619575023651,
    0.10090631246566772,
    0.09497734159231186,
    0.08561193943023682,
    0.09252125024795532,
    0.0916123166680336,
    0.08987464755773544,
    0.07900979369878769,
    0.0760343074798584,
    0.07974603772163391,
    0.08317186683416367,
    0.08032591640949249,
    0.08544895052909851,
    0.0783783495426178,
    0.08254295587539673,
    0.07901269942522049,
    0.08430616557598114,
    0.08546899259090424,
    0.08379751443862915,
    0.0786370187997818,
    0.07417534291744232,
    0.08306640386581421,
    0.07676050812005997,
    0.07746938616037369,
    0.08118714392185211,
    0.07535342872142792,
    0.07822605967521667,
    0.07475817948579788,
    0.08399011194705963,
    0.08159863948822021,
    0.07556971907615662,
    0.0748836100101471,
    0.0763196349143982,
    0.07626278698444366,
    0.07823755592107773,
    0.07392662763595581,
    0.0792810320854187,
    0.08502146601676941,
    0.0798969715833664,
    0.07827623933553696,
    0.07781502604484558,
    0.07353682816028595,
    0.07770471274852753,
    0.07657994329929352,
    0.0787905901670456,
    0.08337728679180145,
    0.07416900992393494,
    0.08025030046701431,
    0.08033093065023422,
    0.07725165039300919,
    0.07137587666511536,
    0.0797729417681694,
    0.07737986743450165,
    0.08182705193758011,
    0.07427637279033661,
    0.0742427408695221,
    0.08049008250236511,
    0.08054114878177643,
    0.0730699673295021,
    0.07709445059299469,
    0.08031382411718369,
    0.08170095086097717,
    0.07585400342941284,
    0.0799819603562355,
    0.08112818747758865,
    0.07520965486764908,
    0.08324417471885681,
    0.07219139486551285,
    0.07386757433414459,
    0.07745550572872162,
    0.08138273656368256,
    0.07193505018949509,
    0.06977389752864838,
    0.07991696894168854,
    0.07267631590366364,
    0.07597808539867401,
    0.07612130790948868,
    0.06822161376476288,
    0.08001437038183212,
    0.07957383990287781,
    0.07729458808898926,
    0.07371541112661362,
    0.07815441489219666,
    0.07075249403715134,
    0.07369771599769592,
    0.07488493621349335,
    0.08145570755004883,
    0.08349922299385071,
    0.07472087442874908,
    0.07434859871864319,
    0.07689886540174484,
    0.074069544672966,
    0.07636918127536774,
    0.07706699520349503,
    0.08155310153961182,
    0.07673363387584686,
    0.07511643320322037,
    0.0752493217587471,
    0.0748903825879097,
    0.07325142621994019,
    0.07631415128707886,
    0.07138833403587341,
    0.07624346017837524,
    0.08702386915683746,
    0.07574619352817535,
    0.07472828030586243,
    0.07216323912143707,
    0.07700051367282867,
    0.07237410545349121,
    0.0798930823802948,
    0.07369180023670197,
    0.07487857341766357,
    0.0774315595626831,
    0.07778112590312958,
    0.07822365313768387,
    0.07583191990852356,
    0.07425433397293091,
    0.07987772673368454,
    0.08030256628990173,
    0.07242430001497269,
    0.07684233039617538,
    0.07865528762340546,
    0.07719746232032776,
    0.07104852795600891,
    0.07694707810878754,
    0.07932148873806,
    0.0747048556804657,
    0.07668180018663406,
    0.07500118762254715,
    0.08667705953121185,
    0.07141256332397461,
    0.07477349787950516,
    0.07415494322776794,
    0.07580853253602982,
    0.0748484656214714,
    0.07502709329128265,
    0.07826358079910278,
    0.07813122123479843,
    0.07157406210899353,
    0.07651913166046143,
    0.07623796910047531,
    0.07321909815073013,
    0.07583752274513245,
    0.06817972660064697,
    0.07909514009952545,
    0.08106505870819092,
    0.07439069449901581,
    0.07225445657968521,
    0.07320548593997955,
    0.07554106414318085,
    0.07161321491003036,
    0.07653830945491791,
    0.07669353485107422,
    0.07774128764867783,
    0.07711896300315857,
    0.0743340477347374,
    0.07164087891578674,
    0.07034318894147873,
    0.08303723484277725,
    0.06944367289543152,
    0.07537555694580078,
    0.07631760835647583,
    0.0734385997056961,
    0.07443760335445404,
    0.07411855459213257,
    0.07092829048633575,
    0.07831939309835434,
    0.06671164929866791,
    0.07415010035037994,
    0.07261806726455688,
    0.07421371340751648,
    0.07500776648521423,
    0.07640968263149261,
    0.0740828663110733,
    0.07396753132343292,
    0.07428015768527985,
    0.07309842109680176,
    0.07701215147972107,
    0.07426095753908157,
    0.07868906855583191,
    0.08245658874511719,
    0.07889224588871002,
    0.07560475915670395,
    0.07345183938741684,
    0.07760480046272278,
    0.07849806547164917,
    0.07386268675327301,
    0.07323973625898361,
    0.07609669119119644,
    0.07806456089019775,
    0.07340666651725769,
    0.07563245296478271,
    0.081308513879776,
    0.07283195108175278,
    0.0756416842341423,
    0.07542254030704498,
    0.07548636198043823,
    0.0745086595416069,
    0.07342434674501419,
    0.07408859580755234,
    0.08084187656641006,
    0.0731382668018341,
    0.07617893815040588,
    0.07295084744691849,
    0.07652614265680313,
    0.0684676319360733,
    0.0770641565322876,
    0.07501047104597092,
    0.08033113926649094,
    0.07448625564575195,
    0.07671226561069489,
    0.07742868363857269,
    0.07775641977787018,
    0.07614436745643616,
    0.07412537932395935,
    0.07881090044975281,
    0.07444585859775543,
    0.07766733318567276,
    0.07496833801269531,
    0.07130154967308044,
    0.07483109086751938,
    0.07628372311592102,
    0.07498960196971893,
    0.07419845461845398,
    0.07080122083425522,
    0.07482435554265976,
    0.07437778264284134,
    0.07438881695270538,
    0.07934947311878204,
    0.07388801872730255,
    0.0729784369468689,
    0.07747236639261246,
    0.07703480869531631,
    0.07733041048049927,
    0.07433934509754181,
    0.07413599640130997,
    0.07010789960622787,
    0.0785771831870079,
    0.07782997190952301,
    0.08253274112939835,
    0.08318750560283661,
    0.08122916519641876,
    0.08078019320964813,
    0.07704053074121475,
    0.07526804506778717,
    0.06950180232524872,
    0.07226520776748657,
    0.07649001479148865,
    0.07637501507997513,
    0.0755651593208313,
    0.07250776886940002,
    0.0752326101064682,
    0.07385586202144623,
    0.08028608560562134,
    0.07398385554552078,
    0.0758868157863617,
    0.07519231736660004,
    0.07833477854728699,
    0.07542221993207932,
    0.07364822924137115,
    0.07507699728012085,
    0.07447031140327454,
    0.07500198483467102,
    0.07891422510147095,
    0.06966147571802139,
    0.07618099451065063,
    0.0740567147731781,
    0.06898181140422821,
    0.07563500106334686,
    0.0738384872674942,
    0.07513274252414703,
    0.07792175561189651,
    0.0774400383234024,
    0.07326941937208176,
    0.0697178989648819,
    0.07745076715946198,
    0.07887621223926544,
    0.07141964882612228,
    0.0738627091050148,
    0.08025553077459335,
    0.07524542510509491,
    0.07256677746772766,
    0.07633082568645477,
    0.07256266474723816,
    0.07775576412677765,
    0.07878245413303375,
    0.07269314676523209,
    0.0729893147945404,
    0.074421226978302,
    0.07435119897127151,
    0.07553796470165253,
    0.07375606894493103,
    0.07551851868629456,
    0.07679819315671921,
