{
  "version": "plots/_T_10_y0_0_01_network_architectures_4_50_activations_tanh_learning_rates_0_001_collocations_1024_epochs_50000_regularization_reg_derivative_unstable_fp_reg_epochs_1_reg_coeff_1_reg_decay_1_/run_7",
  "seed": 1,
  "y0": 0.01,
  "T": 10,
  "N_col": 1024,
  "N_hidden": 4,
  "N_neurons": 50,
  "activation": "tanh",
  "N_epochs": 50000,
  "learning_rate": 0.001,
  "decay_rate": 1.0,
  "freq_log": 100,
  "freq_print": 1000,
  "keys_print": [
    "loss"
  ],
  "freq_save": 0,
  "regularization": "reg_derivative_unstable_fp",
  "reg_coeff": 1,
  "reg_decay": 1,
  "reg_epochs": 1,
  "loss": [
    0.09152320772409439,
    0.00017351240967400372,
    0.0001945773692568764,
    0.0001687626208877191,
    0.00019517098553478718,
    0.0002844711998477578,
    0.00017791931168176234,
    0.00018351268954575062,
    0.00021446144091896713,
    0.0004661613784264773,
    0.00023098467499949038,
    0.00022491523122880608,
    0.00029853321029804647,
    0.00019228026212658733,
    0.001183372107334435,
    0.00020527109154500067,
    0.0021829036995768547,
    0.00017648719949647784,
    0.0002589307841844857,
    0.00020222279999870807,
    0.00019425747450441122,
    0.0001725137117318809,
    0.0002442444674670696,
    0.00022345635807141662,
    0.00020118415704928339,
    0.0005315514863468707,
    0.0001423335779691115,
    0.00022585864644497633,
    0.00025121751241385937,
    0.00019378290744498372,
    0.00020491050963755697,
    0.00019650324247777462,
    0.00046640358050353825,
    0.0002662148035597056,
    0.0001764018670655787,
    0.0001806876389309764,
    0.00018933607498183846,
    0.00019305123714730144,
    0.00023935045464895666,
    0.0001838940952438861,
    0.00020594007219187915,
    0.00017373173614032567,
    0.00019249969045631588,
    0.00016430717369075865,
    0.00018212286522611976,
    0.00018850098422262818,
    0.00017720513278618455,
    0.0002016401558648795,
    0.00020824797684326768,
    0.00015754006744828075,
    0.000169698367244564,
    0.000188638165127486,
    0.00014805604587309062,
    0.00015325997082982212,
    0.00017985573504120111,
    0.00021634284348692745,
    0.00015817221719771624,
    0.00016708757902961224,
    0.00019412129768170416,
    0.0001560656091896817,
    0.00015724150580354035,
    0.00015435315435752273,
    0.00014998465485405177,
    0.000168072700034827,
    0.00016564383986406028,
    0.00015514956612605602,
    0.0001478601770941168,
    0.00015966685896273702,
    0.00016179849626496434,
    0.00015704939141869545,
    0.00016044170479290187,
    0.00015924294712021947,
    0.00014410253788810223,
    0.00015312520554289222,
    0.00015981927572283894,
    0.0001488083798903972,
    0.0001454763114452362,
    0.00016102696827147156,
    0.0001423391222488135,
    0.000157244096044451,
    0.0001509281573817134,
    0.00015513546532019973,
    0.0001611350307939574,
    0.00014345475938171148,
    0.00015238118066918105,
    0.00015543773770332336,
    0.0001484850508859381,
    0.00014626455958932638,
    0.00016369059449061751,
    0.00015863656881265342,
    0.00016775268886703998,
    0.00014296805602498353,
    0.000145801343023777,
    0.00015130278188735247,
    0.0001710541982902214,
    0.0004023269284516573,
    0.00013430164835881442,
    0.0001234808296430856,
    0.00013452288112603128,
    0.00015211297431960702,
    0.00011556516983546317,
    0.0001454987213946879,
    0.00010897892934735864,
    0.00011386451660655439,
    0.00011616963456617668,
    0.00010803345503518358,
    0.00013215572107583284,
    0.00011400574294384569,
    0.00010408221714897081,
    0.00010216158989351243,
    0.00010433428542455658,
    0.00011787308903876692,
    0.00011595893010962754,
    0.0001288043858949095,
    0.0001269129425054416,
    0.00012806756421923637,
    0.00011510838521644473,
    0.00010646321607055143,
    0.00015269126743078232,
    0.00012639524356927723,
    0.00010657250822987407,
    0.0001075958862202242,
    0.00010769687651190907,
    0.00010961600492009893,
    0.00012737409269902855,
    0.00010788186045829207,
    0.00010377927537774667,
    0.00018943495524581522,
    0.0001043265510816127,
    0.00013550743460655212,
    0.00013573264004662633,
    0.00011967160389758646,
    0.00010815841233124956,
    0.00012443163723219186,
    0.00010142022074433044,
    0.00012027969933114946,
    0.000126636034110561,
    0.00017360260244458914,
    0.0001297507551498711,
    0.00010232091881334782,
    0.00010202821431448683,
    0.0001105818955693394,
    0.00011330495908623561,
    0.00010560315422480926,
    0.00011905709106940776,
    0.0001225883315782994,
    0.00011266584624536335,
    0.00010195503273280337,
    0.00011886582797160372,
    0.0001102575843106024,
    0.00010891543934121728,
    0.00011832371819764376,
    0.00010677249520085752,
    0.0001104689872590825,
    0.00012618211621884257,
    0.00010360185115132481,
    0.00010960283543681726,
    0.00010834699787665159,
    0.00011155691754538566,
    0.00012117579171899706,
    0.00010310320067219436,
    0.00010984102846123278,
    0.00010785060294438154,
    0.0001130046002799645,
    0.00010198623931501061,
    0.00013230455806478858,
    0.00010588567238301039,
    0.00010333072714274749,
    0.00010786129860207438,
    0.00011112366337329149,
    0.00011156359687447548,
    0.00010103550448548049,
    0.00010476406168891117,
    0.00010385586938355118,
    0.00012259776121936738,
    0.00010212162305833772,
    0.00011764583905460313,
    0.00010346849740017205,
    0.00010724575258791447,
    0.00012100050662411377,
    0.00010591362661216408,
    0.00011469001037767157,
    0.00010535364708630368,
    0.00010095557081513107,
    0.00011779162741731852,
    0.00010951356671284884,
    0.0001101418019970879,
    0.00011326355888741091,
    0.00010202261910308152,
    0.000106211839010939,
    0.00010513926099520177,
    0.00010929169366136193,
    0.00010656961239874363,
    0.00010524115350563079,
    0.00010409668175270781,
    0.00011345057282596827,
    0.00010168254084419459,
    0.00010114799079019576,
    0.00010619041131576523,
    0.00010421740444144234,
    0.00011121075658593327,
    0.0001009567131404765,
    0.00010080653737531975,
    0.00010801710595842451,
    0.00010388980444986373,
    0.00010262402065563947,
    0.00010252311767544597,
    0.0001013126820907928,
    0.0001209554320666939,
    0.00010684809240046889,
    0.00010466987441759557,
    0.00010240359551971778,
    0.00011898553202627227,
    0.0001071596416295506,
    0.00010099705832544714,
    0.00010620203102007508,
    0.00010726250911829993,
    0.00010089318675454706,
    0.00010351594391977414,
    0.00010550520528340712,
    0.00010146049316972494,
    0.00010377316357335076,
    0.00011215132690267637,
    0.00010079375351779163,
    0.00010154011397389695,
    0.0001030805433401838,
    0.00011591645306907594,
    0.00010298701090505347,
    0.00010067159018944949,
    0.00010996132914442569,
    0.00010123741230927408,
    0.00010052735888166353,
    0.00010165329149458557,
    0.00010418482997920364,
    0.00010076210310216993,
    0.00010207121522398666,
    0.00010024459334090352,
    0.00010069905692944303,
    0.00010119815124198794,
    0.00010078265768243,
    0.00010163019032916054,
    0.00010255428787786514,
    0.0001020496929413639,
    0.00010969678987748921,
    0.00010277010005665943,
    0.00010337129060644656,
    0.00010091985313920304,
    0.00010529725113883615,
    0.00010026073141489178,
    0.00010263980948366225,
    0.00010093059972859919,
    0.00010019579349318519,
    0.00010270600614603609,
    0.00010054690937977284,
    0.0001005484809866175,
    0.00010060778731713071,
    0.00010045922681456432,
    0.00010022381320595741,
    0.00010266352910548449,
    0.00010045171075034887,
    0.00010199350072070956,
    0.00010129982547368854,
    0.00010215547808911651,
    0.0001001766140689142,
    0.00010035389277618378,
    0.00010055056918645278,
