{
  "version": "plots/_T_10_y0_0_001_network_architectures_4_50_activations_tanh_learning_rates_0_001_collocations_1024_epochs_50000_regularization_unstable_fp_reg_epochs_1_reg_coeff_10_reg_decay_1_/run_4",
  "seed": 1,
  "y0": 0.001,
  "T": 10,
  "N_col": 1024,
  "N_hidden": 4,
  "N_neurons": 50,
  "activation": "tanh",
  "N_epochs": 50000,
  "learning_rate": 0.001,
  "decay_rate": 1.0,
  "freq_log": 100,
  "freq_print": 1000,
  "keys_print": [
    "loss"
  ],
  "freq_save": 0,
  "regularization": "unstable_fp",
  "reg_coeff": 10,
  "reg_decay": 1,
  "reg_epochs": 1,
  "loss": [
    0.00010472793655935675,
    1.9511675418470986e-05,
    3.006610495503992e-05,
    6.099910751800053e-05,
    1.5378544048871845e-05,
    4.421166158863343e-05,
    8.807057383819483e-06,
    4.685690510086715e-05,
    2.605610825412441e-05,
    5.815950135001913e-05,
    5.5598920880584046e-05,
    1.2414813681971282e-05,
    0.00021950746304355562,
    0.00011634208931354806,
    1.4196870324667543e-05,
    1.1617633390414994e-05,
    6.544669304275885e-06,
    9.431589205632918e-06,
    9.538953236187808e-06,
    1.7738448150339536e-05,
    0.0001429184922017157,
    1.4118630133452825e-05,
    1.0935214049823117e-05,
    4.571804674924351e-05,
    0.0001157692022388801,
    7.199548417702317e-05,
    1.1205283954041079e-05,
    1.60962463269243e-05,
    9.42926635616459e-05,
    0.0001284004101762548,
    2.242509253846947e-05,
    0.00036558284773491323,
    8.145559149852488e-06,
    0.0002725491067394614,
    1.5579324099235237e-05,
    1.2054306353093125e-05,
    1.312404219788732e-05,
    2.9909491786384024e-05,
    3.2568525057286024e-05,
    1.1986559911747463e-05,
    9.113246051128954e-06,
    1.2903214155812748e-05,
    0.00011836353223770857,
    8.860402886057273e-06,
    1.3193222002882976e-05,
    4.501460807659896e-06,
    9.199324995279312e-05,
    2.1467807528097183e-05,
    8.294033250422217e-06,
    2.3903230612631887e-05,
    1.2200347555335611e-05,
    6.763024430256337e-05,
    7.685086529818363e-06,
    9.262766980100423e-06,
    7.598951015097555e-06,
    1.0443614883115515e-05,
    8.343818080902565e-06,
    8.135019925248343e-06,
    9.145710464508738e-06,
    8.018369953788351e-06,
    1.171079020423349e-05,
    1.1787440598709509e-05,
    8.510784937243443e-06,
    8.415481715928763e-06,
    7.794358680257574e-06,
    7.482843102479819e-06,
    8.22324182081502e-06,
    7.99436111265095e-06,
    7.888897380325943e-05,
    1.0241128620691597e-05,
    7.577296855743043e-06,
    3.944418494938873e-06,
    2.2072643332649022e-05,
    1.90242390090134e-05,
    5.164939466340002e-06,
    1.7511796613689512e-05,
    2.1945157641312107e-05,
    2.9190232453402132e-05,
    7.378613190667238e-06,
    1.0588864824967459e-05,
    8.873676961229648e-06,
    8.425043233728502e-06,
    1.2069099284417462e-05,
    1.3439932445180602e-05,
    1.5746511053293943e-05,
    7.667604222660884e-06,
    1.2567281373776495e-05,
    1.4453979929385241e-05,
    7.017506050033262e-06,
    1.0132202078239061e-05,
    7.291054771485506e-06,
    7.8555203799624e-06,
    4.498573616729118e-05,
    1.487951521994546e-05,
    9.891533409245312e-06,
    5.7608513088780455e-06,
    1.5588630049023777e-05,
    2.527915967220906e-05,
    1.519768193247728e-05,
    1.0411700714030303e-05,
    3.6670353438239545e-05,
    1.685964707576204e-05,
    4.301206445234129e-06,
    1.423103913111845e-05,
    2.0600395146175288e-05,
    3.254064722568728e-05,
    5.741552740801126e-05,
    8.248796802945435e-06,
    5.867091203981545e-06,
    6.391330316546373e-06,
    6.95531525707338e-06,
    6.461525117629208e-06,
    6.022790330462158e-06,
    9.542355837766081e-05,
    8.745077138883062e-06,
    1.0516473594179843e-05,
    8.248235644714441e-06,
    7.624828413099749e-06,
    1.2349608368822373e-05,
    1.8134520360035822e-05,
    3.159273910569027e-05,
    7.752477358735632e-06,
    8.987287401396316e-06,
    8.533730579074472e-06,
    1.1885051208082587e-05,
    5.924927245359868e-05,
    2.279212094435934e-05,
    7.784406079736073e-06,
    7.148796612455044e-06,
    1.0782336175907403e-05,
    6.183920504554408e-06,
    7.971504601300694e-06,
    8.441102181677707e-06,
    8.550397978979163e-06,
    8.497300586896017e-05,
    2.3756232621963136e-05,
    1.1458381777629256e-05,
    2.01041857508244e-05,
    1.6323408999596722e-05,
    1.0363630281062797e-05,
    8.52379798743641e-06,
    4.44695251644589e-05,
    1.674378836469259e-05,
    1.6007848898880184e-05,
    6.670577568002045e-05,
    7.5568882493826095e-06,
    8.36383696878329e-06,
    6.129090706963325e-06,
    6.475639565906022e-06,
    7.091297447914258e-06,
    6.397526703949552e-06,
    1.764425906003453e-05,
    1.2898850400233641e-05,
    1.6566702470299788e-05,
    1.383581638947362e-05,
    2.690598921617493e-05,
    4.892176002613269e-05,
    4.5722654249402694e-06,
    2.0642177332774736e-05,
    4.566613370116102e-06,
    1.2927106581628323e-05,
    1.5805213479325175e-05,
    6.958901394682471e-06,
    6.073793883842882e-06,
    1.1498597814352252e-05,
    4.911009000352351e-06,
    2.8266129447729327e-05,
    2.128677124346723e-06,
    1.3985973964736331e-05,
    6.49194680590881e-06,
    5.770381903857924e-06,
    7.01871067576576e-06,
    7.01581711837207e-06,
    6.623919944104273e-06,
    9.063480320037343e-06,
    1.5911293303361163e-05,
    6.202498752827523e-06,
    6.977235898375511e-06,
    1.2087264622095972e-05,
    6.572648089786526e-06,
    1.426516337232897e-05,
    1.4129493138170801e-05,
    1.2035814506816678e-05,
    1.848830288508907e-05,
    7.071963409543969e-06,
    1.017412341752788e-05,
    4.302656634536106e-06,
    9.788613169803284e-06,
    7.844433639547788e-06,
    8.713735951459967e-06,
    5.317886007105699e-06,
    7.931836080388166e-06,
    6.751910405000672e-06,
    1.5023913874756545e-05,
    4.421505764184985e-06,
    2.226986180176027e-05,
    7.835305950720794e-06,
    5.116998636367498e-06,
    6.3152397160592955e-06,
    5.10897643835051e-06,
    5.539892299566418e-06,
    6.243800271477085e-06,
    4.979177901986986e-06,
    1.0474974260432646e-05,
    5.782720108982176e-06,
    5.451245215226663e-06,
    5.431529643828981e-06,
    6.460855274781352e-06,
    7.755992555757985e-06,
    8.142608749039937e-06,
    6.026362825650722e-06,
    5.730035809392575e-06,
    5.976352440484334e-06,
    5.7986535466625355e-06,
    1.1754176739486866e-05,
    6.295407729339786e-06,
    6.241963546926854e-06,
    5.744228474213742e-06,
    5.3126841521589085e-06,
    7.80990012572147e-06,
    6.834141458966769e-06,
    1.3531532204069663e-05,
    9.824579137784895e-06,
    4.96344136990956e-06,
    8.607190466136672e-06,
    5.092778337711934e-06,
    6.440162906073965e-06,
    5.219282684265636e-06,
    5.1239139793324284e-06,
    5.883228368475102e-06,
    5.149202024767874e-06,
    6.439382559619844e-06,
    4.751898813992739e-06,
    5.957529538136441e-06,
    5.247768967819866e-06,
    5.240097834757762e-06,
    5.294348738971166e-06,
    6.36545337329153e-06,
    6.784311608498683e-06,
    5.201615749683697e-06,
    5.656387202179758e-06,
    6.222711817827076e-06,
    4.967890163243283e-06,
    5.806770786875859e-06,
    5.43644910067087e-06,
    5.329812211130047e-06,
    5.888799933018163e-06,
    5.2570785555872135e-06,
    5.238993253442459e-06,
    7.0144078563316725e-06,
    5.234226136963116e-06,
    5.613840585283469e-06,
    5.559653345699189e-06,
    6.2950166466180235e-06,
    5.616339876723941e-06,
    5.825073458254337e-06,
    5.600352778856177e-06,
    5.1305341912666336e-06,
    5.059754585090559e-06,
    6.682500497845467e-06,
    4.652273673855234e-06,
    5.497096481121844e-06,
    5.8413183978700545e-06,
    7.349771749431966e-06,
    6.821943770773942e-06,
    6.449256488849642e-06,
    6.206024409038946e-06,
    5.125687494000886e-06,
    5.167742074263515e-06,
    6.244505129870959e-06,
    6.436206604121253e-06,
    5.72791441300069e-06,
