{
  "version": "plots/_T_10_y0_0_01_network_architectures_4_50_activations_tanh_learning_rates_0_001_collocations_1024_epochs_50000_regularization_reg_derivative_unstable_fp_reg_epochs_1_reg_coeff_1_reg_decay_1_/run_1",
  "seed": 1,
  "y0": 0.01,
  "T": 10,
  "N_col": 1024,
  "N_hidden": 4,
  "N_neurons": 50,
  "activation": "tanh",
  "N_epochs": 50000,
  "learning_rate": 0.001,
  "decay_rate": 1.0,
  "freq_log": 100,
  "freq_print": 1000,
  "keys_print": [
    "loss"
  ],
  "freq_save": 0,
  "regularization": "reg_derivative_unstable_fp",
  "reg_coeff": 1,
  "reg_decay": 1,
  "reg_epochs": 1,
  "loss": [
    0.013945061713457108,
    0.00017404346726834774,
    0.0004778303555212915,
    0.00025030874530784786,
    0.00014352926518768072,
    0.00020344271615613252,
    0.00021337374346330762,
    0.0005142763839103281,
    0.0002428802545182407,
    0.00027867633616551757,
    0.000259601540165022,
    0.000964501581620425,
    0.00024896039394661784,
    0.00018367450684309006,
    0.0002657268778420985,
    0.0003108190721832216,
    0.00018714406178332865,
    0.00017471006140112877,
    0.0001985316484933719,
    0.0001756777346599847,
    0.00024196623417083174,
    0.0006258809589780867,
    0.0002539180568419397,
    0.00023281820176634938,
    0.0001807024236768484,
    0.0001685807656031102,
    0.00022163787798490375,
    0.000148371618706733,
    0.0003195141616743058,
    0.00023807791876606643,
    0.00018242809164803475,
    0.0001699329586699605,
    0.00019696197705343366,
    0.0001794424606487155,
    0.0002681350742932409,
    0.000273570156423375,
    0.0001800422032829374,
    0.000187870638910681,
    0.0002210964448750019,
    0.00018364845891483128,
    0.00018617424939293414,
    0.0001862225471995771,
    0.0002767617697827518,
    0.00020010751904919744,
    0.00017994138761423528,
    0.00016909879923332483,
    0.00019260059343650937,
    0.00016511701687704772,
    0.00017219706205651164,
    0.00021501506853383034,
    0.00028366612968966365,
    0.000153414934175089,
    0.00017140063573606312,
    0.00015783292474225163,
    0.00019949964189436287,
    0.00011492669000290334,
    0.00011331553105264902,
    0.00012799835531041026,
    0.00013522489462047815,
    0.00011653152614599094,
    0.000102681849966757,
    0.00012317004438955337,
    0.00013548415154218674,
    0.00010518292401684448,
    0.00011539053230080754,
    0.00011041299148928374,
    0.00010785870836116374,
    0.00011005754640791565,
    0.0001275709510082379,
    0.0001200908372993581,
    0.00011073171481257305,
    0.00010352975368732587,
    0.00010284715972375125,
    0.0001409838441759348,
    0.00013286738249007612,
    0.00013243945431895554,
    0.00010552450839895755,
    0.00013643298007082194,
    0.00010880244371946901,
    0.00013224448775872588,
    0.00011814561730716377,
    0.0001335122942691669,
    0.00010801799362525344,
    0.0001370512181892991,
    0.00012049823999404907,
    0.00011398547212593257,
    0.00011239518789807335,
    0.00010231608030153438,
    0.0001134746999014169,
    0.00011911735055036843,
    0.0001230117049999535,
    0.00010800588643178344,
    0.00011075516522396356,
    0.0001084392933989875,
    0.00013341270096134394,
    0.00011126033496111631,
    0.00010477689647814259,
    0.00010727289190981537,
    0.00012669041461776942,
    0.00010935535101452842,
    0.00011213881953153759,
    0.0001155052159447223,
    0.00012163406063336879,
    0.00010602871043374762,
    0.00010957354243146256,
    0.0001229004265042022,
    0.00014545010344590992,
    0.00012741194223053753,
    0.00011255059507675469,
    0.00010842548363143578,
    0.00010198801464866847,
    0.0001420568150933832,
    0.00010361613385612145,
    0.00010327861673431471,
    0.00010392315743956715,
    0.0001236884854733944,
    0.00010386561189079657,
    0.00010320765431970358,
    0.00014986937458161265,
    0.00015389536565635353,
    0.00011661416647257283,
    0.00015928351785987616,
    0.00013767872587777674,
    0.0001309395011048764,
    0.0001076857588486746,
    0.00010561216913629323,
    0.00011987346078967676,
    0.00012884997704531997,
    0.00011178353452123702,
    0.000116768351290375,
    0.0001268315827473998,
    0.00012430670903995633,
    0.00010561993985902518,
    0.00010875023144762963,
    0.00011998123954981565,
    0.00015328408335335553,
    0.00012420144048519433,
    0.00012251222506165504,
    0.00014442835527006537,
    0.00010228611063212156,
    0.00011043631820939481,
    0.00010333346290281042,
    0.0002297791070304811,
    0.0001224677835125476,
    0.00010523668606765568,
    0.00010250101331621408,
    0.00012372646597214043,
    0.00012736706412397325,
    0.00011084149446105585,
    0.00010718427802203223,
    0.00013280351413413882,
    0.00011775074381148443,
    0.0001143062036135234,
    0.00010467672109371051,
    0.0001138594961958006,
    0.00012066952331224456,
    0.00010285162716172636,
    0.0001009400439215824,
    0.00012049175711581483,
    0.00011205660848645493,
    0.00012053125828970224,
    0.00012420176062732935,
    0.00010751645459095016,
    0.00010127019777428359,
    0.00010629640746628866,
    0.00011600600555539131,
    0.00010406099318061024,
    0.00011468403681647032,
    0.00011327657557558268,
    0.00010487512918189168,
    0.00010312145604984835,
    0.00011987352627329528,
    0.00010166173160541803,
    0.00010752224625321105,
    0.00010471265704836696,
    0.00013362559548113495,
    0.00010453227150719613,
    0.00011821109364973381,
    0.00010469579137861729,
    0.0001081915688700974,
    0.00010257502435706556,
    0.00010817862494150177,
    0.00010112464951816946,
    0.00011566418106667697,
    0.00010186020517721772,
    0.00010392512922408059,
    0.00010365783964516595,
    0.00010203162673860788,
    0.00010578354704193771,
    0.00010334088437957689,
    0.0001088856952264905,
    0.00011209520744159818,
    0.00010169378947466612,
    0.00010371531243436038,
    0.0001081252412404865,
    0.00010269937774864957,
    0.0001030810599331744,
    0.00010131275485036895,
    0.0001111143283196725,
    0.00010562922398094088,
    0.0001070466751116328,
    0.00011583993909880519,
    0.00010139915684703737,
    0.00010042247595265508,
    0.00011477802763693035,
    0.00010055235907202587,
    0.00011219647421967238,
    0.00010825453500729054,
    0.00010113690950674936,
    0.00010281478898832574,
    0.00010874943836824968,
    0.00010189462773269042,
    0.00010370814561611041,
    0.00010857777670025826,
    0.00010567592107690871,
    0.00010121159721165895,
    0.00010402897896710783,
    0.00010074905003421009,
    0.00010577778448350728,
    0.00010495987953618169,
    0.00010205404396401718,
    0.00010681799176381901,
    0.00011201629240531474,
    0.00010345061309635639,
    0.00010777053830679506,
    0.0001008149774861522,
    0.00010559783549979329,
    0.00010079165076604113,
    0.00010267084144288674,
    0.00010050077980849892,
    0.00010737759293988347,
    0.0001091194644686766,
    0.0001035159730236046,
    0.00011080183321610093,
    0.00010708338231779635,
    0.00010042301437351853,
    0.00010185211431235075,
    0.00010233653301838785,
    0.0001120159140555188,
    0.00010671334166545421,
    0.00010158056829823181,
    0.0001001207492663525,
    0.00010314346582163125,
    0.00010152685717912391,
    0.00010384898632764816,
    0.00010518332419451326,
    0.00010712354560382664,
    0.00010018756438512355,
    0.00010285479947924614,
    0.00010081334767164662,
    0.00010257187386741862,
    0.00010019291221396998,
    0.00010060438944492489,
    0.00010127051791641861,
    0.000107386069430504,
    0.00010129240399692208,
    0.00010072127042803913,
    0.00010341892630094662,
    0.00010038664186140522,
    0.00010768094944069162,
    0.00010445578664075583,
    0.00010374172416049987,
    0.00010367501090513542,
    0.00010166856372961774,
    0.0001006909878924489,
    0.00010121759260073304,
