{
  "version": "model_weights/_T_7_5_y0_0_01_network_architectures_4_50_activations_tanh_learning_rates_0_001_collocations_1024_epochs_50000_reg_epochs_0_75_reg_coeff_1_reg_decay_1_/run_15",
  "seed": 1,
  "y0": 0.01,
  "T": 7.5,
  "N_col": 1024,
  "N_hidden": 4,
  "N_neurons": 50,
  "activation": "tanh",
  "N_epochs": 50000,
  "learning_rate": 0.001,
  "decay_rate": 1.0,
  "freq_log": 100,
  "freq_print": 1000,
  "keys_print": [
    "loss"
  ],
  "freq_save": 0,
  "reg_coeff": 1,
  "reg_decay": 1,
  "reg_epochs": 0.75,
  "loss": [
    0.1371525228023529,
    0.13535209000110626,
    0.1352417916059494,
    0.13588397204875946,
    0.13537855446338654,
    0.1353524774312973,
    0.13534505665302277,
    0.13533245027065277,
    0.13532447814941406,
    0.13529983162879944,
    0.13526847958564758,
    0.13523241877555847,
    0.1351473182439804,
    0.1349535882472992,
    0.13314767181873322,
    0.039569854736328125,
    0.03139149770140648,
    0.03824979066848755,
    0.032886650413274765,
    0.034669309854507446,
    0.03358607366681099,
    0.03311649709939957,
    0.03377378359436989,
    0.036464013159275055,
    0.03473075106739998,
    0.034094952046871185,
    0.032976094633340836,
    0.03325754776597023,
    0.03231234848499298,
    0.03703135997056961,
    0.03482024371623993,
    0.03569430857896805,
    0.032719653099775314,
    0.03264031559228897,
    0.0337582603096962,
    0.03321751952171326,
    0.034980203956365585,
    0.035971224308013916,
    0.03671654313802719,
    0.030309533700346947,
    0.03349210321903229,
    0.036308035254478455,
    0.03501816838979721,
    0.033435530960559845,
    0.033388927578926086,
    0.03436008468270302,
    0.0313090905547142,
    0.032650720328092575,
    0.03458406776189804,
    0.03386088088154793,
    0.035300057381391525,
    0.0320536307990551,
    0.03616807237267494,
    0.03544186055660248,
    0.03662332892417908,
    0.03309061378240585,
    0.03479975461959839,
    0.03118284046649933,
    0.03662467747926712,
    0.0343567356467247,
    0.03328728303313255,
    0.03297879174351692,
    0.03620726242661476,
    0.03331608325242996,
    0.03623063489794731,
    0.03376752510666847,
    0.03438475728034973,
    0.03361813724040985,
    0.03584394231438637,
    0.03339247778058052,
    0.034944161772727966,
    0.03403292968869209,
    0.03370317444205284,
    0.03789610043168068,
    0.033517636358737946,
    0.03147023916244507,
    0.03669130802154541,
    0.036418456584215164,
    0.03575211390852928,
    0.03515320643782616,
    0.03537727892398834,
    0.035024624317884445,
    0.03290281072258949,
    0.034459203481674194,
    0.03448488935828209,
    0.032761186361312866,
    0.035786326974630356,
    0.0356900617480278,
    0.03341381624341011,
    0.032188691198825836,
    0.03487233817577362,
    0.0292777381837368,
    0.03327123075723648,
    0.031334128230810165,
    0.0333869494497776,
    0.033165305852890015,
    0.033287107944488525,
    0.03282971680164337,
    0.03638983890414238,
    0.035696759819984436,
    0.031419169157743454,
    0.032033521682024,
    0.034841254353523254,
    0.03284383937716484,
    0.03294426202774048,
    0.03923258185386658,
    0.031262628734111786,
    0.03465702012181282,
    0.03523986041545868,
    0.03440575301647186,
    0.0344606414437294,
    0.03263865411281586,
    0.03557932376861572,
    0.03332209214568138,
    0.032723285257816315,
    0.03511226177215576,
    0.032996878027915955,
    0.03272159397602081,
    0.03296492248773575,
    0.035979628562927246,
    0.03677867352962494,
    0.03620066121220589,
    0.034624457359313965,
    0.03239557892084122,
    0.032024409621953964,
    0.036992136389017105,
    0.033880531787872314,
    0.035535842180252075,
    0.03475280478596687,
    0.034880585968494415,
    0.03297329694032669,
    0.03104144148528576,
    0.03113214299082756,
    0.032083429396152496,
    0.03185146674513817,
    0.034424472600221634,
    0.03657428175210953,
    0.032252516597509384,
    0.03391100466251373,
    0.03388431668281555,
    0.032474346458911896,
    0.032062046229839325,
    0.0353245735168457,
    0.0340011864900589,
    0.03745749220252037,
    0.0331164188683033,
    0.03222685679793358,
    0.03339686989784241,
    0.03185040131211281,
    0.034895237535238266,
    0.034103184938430786,
    0.03372357785701752,
    0.02689296193420887,
    0.03414245694875717,
    0.030223943293094635,
    0.03352230042219162,
    0.03327951580286026,
    0.03452269732952118,
    0.033436983823776245,
    0.03277790546417236,
    0.03456268459558487,
    0.033113032579422,
    0.03275615721940994,
    0.03477112576365471,
    0.0344969742000103,
    0.03346819058060646,
    0.03426022455096245,
    0.03147769719362259,
    0.033178236335515976,
    0.03307020291686058,
    0.03264949470758438,
    0.03442221134901047,
    0.03406556323170662,
    0.034547075629234314,
    0.03273054584860802,
    0.032730720937252045,
    0.03334524855017662,
    0.03555789589881897,
    0.03158673271536827,
    0.03409983590245247,
    0.03700360655784607,
    0.03159550577402115,
    0.03279358521103859,
    0.035935938358306885,
    0.035903483629226685,
    0.0350845530629158,
    0.03330833464860916,
    0.03404449298977852,
    0.03503628820180893,
    0.035351935774087906,
    0.038401443511247635,
    0.03115508332848549,
    0.03127950802445412,
    0.03481525555253029,
    0.036411747336387634,
    0.033332619816064835,
    0.03527116775512695,
    0.03513471782207489,
    0.034323371946811676,
    0.03484558314085007,
    0.0325128510594368,
    0.03482859581708908,
    0.03470734506845474,
    0.03635937720537186,
    0.03578299656510353,
    0.03562973812222481,
    0.03131769225001335,
    0.03609192371368408,
    0.03542841225862503,
    0.03496894612908363,
    0.03342780843377113,
    0.03625914454460144,
    0.03309166803956032,
    0.03186212480068207,
    0.03459066152572632,
    0.03149086982011795,
    0.0338902622461319,
    0.03664447367191315,
    0.034113578498363495,
    0.032849594950675964,
    0.036133021116256714,
    0.03427640721201897,
    0.03400111198425293,
    0.03629235923290253,
    0.03613688424229622,
    0.035047393292188644,
    0.03389985114336014,
    0.033363256603479385,
    0.03674350678920746,
    0.03897380828857422,
    0.03429900482296944,
    0.033127181231975555,
    0.03373276814818382,
    0.03793678060173988,
    0.03280620649456978,
    0.0392146036028862,
    0.03270420804619789,
    0.03310439735651016,
    0.036958541721105576,
    0.036918751895427704,
    0.03365936130285263,
    0.03142418712377548,
    0.03338587284088135,
    0.0343557633459568,
    0.03307218477129936,
    0.03343861177563667,
    0.03168264031410217,
    0.035766955465078354,
    0.03301360085606575,
    0.035202912986278534,
    0.03416072949767113,
    0.033264853060245514,
    0.03234231472015381,
    0.0346946083009243,
    0.03254435211420059,
    0.032512787729501724,
    0.03376454859972,
    0.0347563810646534,
    0.030827607959508896,
    0.03092450276017189,
    0.0341653898358345,
    0.03369814530014992,
    0.03274839371442795,
    0.034749291837215424,
    0.031632862985134125,
    0.03531280905008316,
    0.03584492206573486,
    0.03310052677989006,
    0.03397032245993614,
    0.03711266070604324,
    0.036435581743717194,
    0.03595965355634689,
    0.034082330763339996,
    0.03191341087222099,
    0.037411872297525406,
    0.035398416221141815,
    0.037057679146528244,
    0.03241132199764252,
    0.03733908757567406,
    0.03499549627304077,
    0.033720798790454865,
    0.03564330190420151,
    0.0343485102057457,
    0.03556116297841072,
    0.03248314559459686,
    0.032988447695970535,
    0.03134383261203766,
    0.03453243523836136,
    0.031190603971481323,
    0.03396375849843025,
    0.03421119600534439,
    0.033756695687770844,
    0.03290648013353348,
    0.032585762441158295,
    0.034845851361751556,
    0.03364967927336693,
