{
  "version": "plots/_T_10_y0_0_001_network_architectures_4_50_activations_tanh_learning_rates_0_001_collocations_1024_epochs_50000_regularization_reg_derivative_reg_epochs_1_reg_coeff_0_01_reg_decay_1_/run_5",
  "seed": 1,
  "y0": 0.001,
  "T": 10,
  "N_col": 1024,
  "N_hidden": 4,
  "N_neurons": 50,
  "activation": "tanh",
  "N_epochs": 50000,
  "learning_rate": 0.001,
  "decay_rate": 1.0,
  "freq_log": 100,
  "freq_print": 1000,
  "keys_print": [
    "loss"
  ],
  "freq_save": 0,
  "regularization": "reg_derivative",
  "reg_coeff": 0.01,
  "reg_decay": 1,
  "reg_epochs": 1,
  "loss": [
    0.011489087715744972,
    0.010002040304243565,
    0.010000921785831451,
    0.01000087708234787,
    0.010000848211348057,
    0.010000825859606266,
    0.010000689886510372,
    0.010000701993703842,
    0.010000609792768955,
    0.010000530630350113,
    0.01000045146793127,
    0.010000549256801605,
    0.010000430047512054,
    0.010000430978834629,
    0.010000352747738361,
    0.010000324808061123,
    0.01000588946044445,
    0.010000363923609257,
    0.010000327602028847,
    0.010000496171414852,
    0.010000335983932018,
    0.010000822134315968,
    0.010000288486480713,
    0.010000321082770824,
    0.01000289898365736,
    0.010069805197417736,
    0.01000023540109396,
    0.010020598769187927,
    0.010000224225223064,
    0.010000258684158325,
    0.010000630281865597,
    0.010000236332416534,
    0.010000198148190975,
    0.010000370442867279,
    0.010008781217038631,
    0.010000200010836124,
    0.010017888620495796,
    0.010000405833125114,
    0.010000845417380333,
    0.010000282898545265,
    0.010000255890190601,
    0.010000255890190601,
    0.010009994730353355,
    0.01000019907951355,
    0.010000216774642467,
    0.010001759976148605,
    0.010000186040997505,
    0.010000208392739296,
    0.01000097207725048,
    0.010000227019190788,
    0.01000020932406187,
    0.010000200942158699,
    0.010000301524996758,
    0.010000226087868214,
    0.010000254958868027,
    0.010013697668910027,
    0.010000240057706833,
    0.010000204667448997,
    0.010000249370932579,
    0.010000290349125862,
    0.010000268928706646,
    0.010000263340771198,
    0.010004349052906036,
    0.010000664740800858,
    0.010011021047830582,
    0.010000251233577728,
    0.01000024750828743,
    0.010000290349125862,
    0.010011746548116207,
    0.010000200010836124,
    0.010000205598771572,
    0.010004998184740543,
    0.010000220499932766,
    0.01000028382986784,
    0.010000623762607574,
    0.010000325739383698,
    0.010064549744129181,
    0.010000222362577915,
    0.010000234469771385,
    0.01000018697232008,
    0.010000230744481087,
    0.01000023540109396,
    0.010006777942180634,
    0.010000226087868214,
    0.010000324808061123,
    0.01000018510967493,
    0.010018587112426758,
    0.010000328533351421,
    0.010000207461416721,
    0.010009118355810642,
    0.010000307112932205,
    0.010000170208513737,
    0.010013527236878872,
    0.010000190697610378,
    0.010000300593674183,
    0.01006973534822464,
    0.010000216774642467,
    0.010000212118029594,
    0.010000222362577915,
    0.010000239126384258,
    0.010000179521739483,
    0.010000205598771572,
    0.010000212118029594,
    0.010000203736126423,
    0.010012108832597733,
    0.010000285692512989,
    0.010002290830016136,
    0.010000301524996758,
    0.010000240057706833,
    0.010001081973314285,
    0.010000234469771385,
    0.010000253096222878,
    0.010000222362577915,
    0.010000201873481274,
    0.0100001972168684,
    0.010000313632190228,
    0.010000213980674744,
    0.010005629621446133,
    0.01002972200512886,
    0.010000222362577915,
    0.010000335052609444,
    0.010014025494456291,
    0.010000482201576233,
    0.010000206530094147,
    0.01000221073627472,
    0.010000239126384258,
    0.010001701302826405,
    0.010000566020607948,
    0.010000227950513363,
    0.01071995496749878,
    0.010000215843319893,
    0.010000171139836311,
    0.010000167414546013,
    0.010000184178352356,
    0.010000173933804035,
    0.010000186040997505,
    0.010000215843319893,
    0.010000192560255527,
    0.0100001972168684,
    0.010000190697610378,
    0.010000196285545826,
    0.010000178590416908,
    0.010000200010836124,
    0.010000182315707207,
    0.010000237263739109,
    0.010000203736126423,
    0.010000179521739483,
    0.010000193491578102,
    0.010000172071158886,
    0.010000213980674744,
    0.010000191628932953,
    0.010000190697610378,
    0.01000012643635273,
    0.010000198148190975,
    0.010000165551900864,
    0.010000193491578102,
    0.010000187903642654,
    0.010000203736126423,
    0.010000206530094147,
    0.010000198148190975,
    0.010000207461416721,
    0.01000018510967493,
    0.010000203736126423,
    0.010000208392739296,
    0.010000207461416721,
    0.010000198148190975,
    0.010000192560255527,
    0.010000178590416908,
    0.010000190697610378,
    0.010000188834965229,
    0.010000191628932953,
    0.01000020932406187,
    0.010000195354223251,
    0.010015500709414482,
    0.010000193491578102,
    0.010000193491578102,
    0.010000184178352356,
    0.010000215843319893,
    0.01000018697232008,
    0.010000232607126236,
    0.010001282207667828,
    0.01000017300248146,
    0.010000303387641907,
    0.010000694543123245,
    0.010000227950513363,
    0.010000210255384445,
    0.010000177659094334,
    0.010000251233577728,
    0.01000699307769537,
    0.010000213980674744,
    0.010013305582106113,
    0.0100001972168684,
    0.010000172071158886,
    0.010000204667448997,
    0.01000024750828743,
    0.010000207461416721,
    0.010001135058701038,
    0.010001935996115208,
    0.010000473819673061,
    0.010000206530094147,
    0.010001115500926971,
    0.010000340640544891,
    0.010000225156545639,
    0.01000109314918518,
    0.01000024564564228,
    0.010002411901950836,
    0.010000240989029408,
    0.010000244714319706,
    0.01000034436583519,
    0.010000282898545265,
    0.01000029593706131,
    0.01000091340392828,
    0.01000033225864172,
    0.010000444017350674,
    0.010000331327319145,
    0.010000569745898247,
    0.010000191628932953,
    0.010000512935221195,
    0.010000230744481087,
    0.010000216774642467,
    0.010000242851674557,
    0.010000325739383698,
    0.010000191628932953,
    0.010000213980674744,
    0.010000224225223064,
    0.010000749491155148,
    0.010000232607126236,
    0.010000196285545826,
    0.010000282898545265,
    0.010000267997384071,
    0.01000019907951355,
    0.010000203736126423,
    0.010000349953770638,
    0.010000391863286495,
    0.01000023353844881,
    0.010000293143093586,
    0.010000280104577541,
    0.010000219568610191,
    0.010000242851674557,
    0.010000244714319706,
    0.010000762529671192,
    0.01001584343612194,
    0.010000248439610004,
    0.010000198148190975,
    0.01000019907951355,
    0.010000208392739296,
    0.010000188834965229,
    0.010000226087868214,
    0.01000019907951355,
    0.010000214911997318,
    0.010000217705965042,
    0.010000200010836124,
    0.010000188834965229,
    0.010000214911997318,
    0.010000193491578102,
    0.010000193491578102,
    0.010000207461416721,
    0.010000217705965042,
    0.01000017486512661,
    0.010000173933804035,
    0.010000217705965042,
    0.010000200942158699,
    0.010000192560255527,
    0.010000200010836124,
    0.010000165551900864,
    0.010000222362577915,
    0.010000227950513363,
    0.010000190697610378,
    0.010000207461416721,
    0.010000230744481087,
    0.010000225156545639,
    0.010000212118029594,
    0.010000207461416721,
    0.01000018697232008,
    0.01000022329390049,
    0.010000224225223064,
    0.01000023353844881,
    0.010000191628932953,
    0.010000240989029408,
    0.010000210255384445,
    0.010000200010836124,
    0.010000225156545639,
    0.010000204667448997,
    0.010000229813158512,
    0.010000180453062057,
    0.010000186040997505,
