{
  "version": "plots/_T_10_y0_0_001_network_architectures_4_50_activations_tanh_learning_rates_0_001_collocations_1024_epochs_50000_regularization_reg_derivative_reg_epochs_1_reg_coeff_10_reg_decay_1_/run_5",
  "seed": 1,
  "y0": 0.001,
  "T": 10,
  "N_col": 1024,
  "N_hidden": 4,
  "N_neurons": 50,
  "activation": "tanh",
  "N_epochs": 50000,
  "learning_rate": 0.001,
  "decay_rate": 1.0,
  "freq_log": 100,
  "freq_print": 1000,
  "keys_print": [
    "loss"
  ],
  "freq_save": 0,
  "regularization": "reg_derivative",
  "reg_coeff": 10,
  "reg_decay": 1,
  "reg_epochs": 1,
  "loss": [
    8.610422134399414,
    0.4787003993988037,
    0.45611584186553955,
    0.3372223377227783,
    0.3623676896095276,
    0.32788893580436707,
    0.3068291246891022,
    0.28064531087875366,
    0.2636394500732422,
    0.25424689054489136,
    0.22274133563041687,
    0.21358415484428406,
    0.18248313665390015,
    0.1706956923007965,
    0.17907150089740753,
    0.16029146313667297,
    0.1944301724433899,
    0.22512903809547424,
    0.20558279752731323,
    0.18046866357326508,
    0.16297300159931183,
    0.17838634550571442,
    0.15456390380859375,
    0.1591971516609192,
    0.15502911806106567,
    0.16102087497711182,
    0.16198094189167023,
    0.19164374470710754,
    0.1898302286863327,
    0.21354998648166656,
    0.1908453404903412,
    0.16030283272266388,
    0.16712407767772675,
    0.1487812101840973,
    0.15380819141864777,
    0.13630248606204987,
    0.13739871978759766,
    0.13234247267246246,
    0.12668921053409576,
    0.1212443932890892,
    0.134521022439003,
    0.16067209839820862,
    0.14688187837600708,
    0.16614128649234772,
    0.14290718734264374,
    0.12616799771785736,
    0.13412579894065857,
    0.12157142907381058,
    0.11050427705049515,
    0.1411505788564682,
    0.12667344510555267,
    0.14147070050239563,
    0.16472196578979492,
    0.1278800070285797,
    0.14109951257705688,
    0.14622220396995544,
    0.1554122418165207,
    0.14287331700325012,
    0.14696329832077026,
    0.13297754526138306,
    0.12830454111099243,
    0.11476175487041473,
    0.13648954033851624,
    0.151823490858078,
    0.1191110759973526,
    0.13706906139850616,
    0.11754319071769714,
    0.12241998314857483,
    0.13668791949748993,
    0.13209283351898193,
    0.15843290090560913,
    0.1270158588886261,
    0.14400921761989594,
    0.14156672358512878,
    0.1425705999135971,
    0.13279400765895844,
    0.12112455070018768,
    0.11903373152017593,
    0.12299345433712006,
    0.12002255767583847,
    0.11801435798406601,
    0.14875537157058716,
    0.13899488747119904,
    0.12226033955812454,
    0.12395484000444412,
    0.1375514566898346,
    0.1301620602607727,
    0.12261530756950378,
    0.12010898441076279,
    0.13431447744369507,
    0.1419704109430313,
    0.14147338271141052,
    0.13797211647033691,
    0.17392165958881378,
    0.1274062991142273,
    0.13136158883571625,
    0.12499560415744781,
    0.16273149847984314,
    0.1450507640838623,
    0.3105625510215759,
    0.13722163438796997,
    0.1334172487258911,
    0.13525597751140594,
    0.11855609714984894,
    0.13267290592193604,
    0.14446265995502472,
    0.12738989293575287,
    0.1393558382987976,
    0.11579267680644989,
    0.12460705637931824,
    0.12587305903434753,
    0.1444377303123474,
    0.11021532863378525,
    0.14526596665382385,
    0.14430010318756104,
    0.16093596816062927,
    0.14892558753490448,
    0.14437314867973328,
    0.14507515728473663,
    0.1257990002632141,
    0.11533170938491821,
    0.1130506694316864,
    0.12065357714891434,
    0.13432952761650085,
    0.11411493271589279,
    0.12026909738779068,
    0.12452040612697601,
    0.12054117023944855,
    0.13037192821502686,
    0.14670492708683014,
    0.11604766547679901,
    0.11466098576784134,
    0.12312573194503784,
    0.13053297996520996,
    0.1145714521408081,
    0.1131553202867508,
    0.10522769391536713,
    0.12438300997018814,
    0.1402481198310852,
    0.12783975899219513,
    0.12922678887844086,
    0.1253313422203064,
    0.12731043994426727,
    0.12737473845481873,
    0.1255868822336197,
    0.13016678392887115,
    0.13329392671585083,
    0.14460210502147675,
    0.18185172975063324,
    0.15399010479450226,
    0.1577998399734497,
    0.14658057689666748,
    0.162383571267128,
    0.14959335327148438,
    0.16002744436264038,
    0.14781321585178375,
    0.14091405272483826,
    0.16691040992736816,
    0.1567525863647461,
    0.14515133202075958,
    0.10809173434972763,
    0.13299264013767242,
    0.13269752264022827,
    0.13797417283058167,
    0.14445824921131134,
    0.16103878617286682,
    0.1389797329902649,
    0.1291378140449524,
    0.1445590853691101,
    0.13738054037094116,
    0.1908572018146515,
    0.16710415482521057,
    0.1538897007703781,
    0.14746703207492828,
    0.15885992348194122,
    0.14171519875526428,
    0.14656223356723785,
    0.13896162807941437,
    0.12805846333503723,
    0.13394956290721893,
    0.13684606552124023,
    0.15961721539497375,
    0.1371990442276001,
    0.13606767356395721,
    0.14750787615776062,
    0.13457179069519043,
    0.1370360553264618,
    0.12604296207427979,
    0.12335747480392456,
    0.12517066299915314,
    0.10516811907291412,
    0.13224507868289948,
    0.12359140813350677,
    0.13867612183094025,
    0.13724973797798157,
    0.13464471697807312,
    0.14121320843696594,
    0.12444162368774414,
    0.12104791402816772,
    0.12764889001846313,
    0.12235043942928314,
    0.12540555000305176,
    0.11406737565994263,
    0.11628484725952148,
    0.1364113837480545,
    0.12795960903167725,
    0.26166701316833496,
    0.19687122106552124,
    0.22586622834205627,
    0.13544225692749023,
    0.12514951825141907,
    0.12167992442846298,
    0.12931522727012634,
    0.12458108365535736,
    0.15303096175193787,
    0.14149919152259827,
    0.13632650673389435,
    0.12697364389896393,
    0.12717802822589874,
    0.1348934918642044,
    0.12701265513896942,
    0.11549738049507141,
    0.11924410611391068,
    0.12028872966766357,
    0.12150129675865173,
    0.11300316452980042,
    0.12813331186771393,
    0.1109846830368042,
    0.12393049895763397,
    0.11898832023143768,
    0.12065858393907547,
    0.11167287826538086,
    0.13193242251873016,
    0.12996362149715424,
    0.11898868530988693,
    0.12540015578269958,
    0.1754358857870102,
    0.15701882541179657,
    0.16802699863910675,
    0.15547339618206024,
    0.14830006659030914,
    0.1626608967781067,
    0.160938560962677,
    0.15940186381340027,
    0.15606698393821716,
    0.12859027087688446,
    0.11744813621044159,
    0.1184583455324173,
    0.14378108084201813,
    0.14125999808311462,
    0.15379685163497925,
    0.13803210854530334,
    0.15118880569934845,
    0.12641915678977966,
    0.12193343043327332,
    0.12601934373378754,
    0.13098621368408203,
    0.1445896178483963,
    0.17254556715488434,
    0.1647217869758606,
    0.16153748333454132,
    0.13998518884181976,
    0.1545715481042862,
    0.15723906457424164,
    0.16271205246448517,
    0.16525673866271973,
    0.16839203238487244,
    0.15537750720977783,
    0.1563599854707718,
    0.19533203542232513,
    0.15773576498031616,
    0.17329105734825134,
    0.16607558727264404,
    0.1435026228427887,
    0.14902812242507935,
    0.16347812116146088,
    0.16160628199577332,
    0.13481871783733368,
    0.12493377923965454,
    0.1355239301919937,
    0.140400692820549,
    0.14128167927265167,
    0.14451012015342712,
    0.17003728449344635,
    0.16367287933826447,
    0.1641959547996521,
    0.15615853667259216,
    0.14735329151153564,
    0.16493786871433258,
    0.17331084609031677,
    0.17167139053344727,
    0.1710614114999771,
    0.1813100427389145,
    0.19089461863040924,
    0.19229340553283691,
    0.18628942966461182,
    0.18382173776626587,
    0.17292846739292145,
    0.16194316744804382,
