{
  "version": "model_weights/_T_10_y0_0_001_network_architectures_4_50_activations_tanh_learning_rates_0_001_collocations_1024_epochs_50000_reg_epochs_1_0_reg_coeff_1_reg_decay_1_/run_6",
  "seed": 1,
  "y0": 0.001,
  "T": 10,
  "N_col": 1024,
  "N_hidden": 4,
  "N_neurons": 50,
  "activation": "tanh",
  "N_epochs": 50000,
  "learning_rate": 0.001,
  "decay_rate": 1.0,
  "freq_log": 100,
  "freq_print": 1000,
  "keys_print": [
    "loss"
  ],
  "freq_save": 0,
  "reg_coeff": 1,
  "reg_decay": 1,
  "reg_epochs": 1.0,
  "loss": [
    0.08677323162555695,
    0.13535000383853912,
    0.13533607125282288,
    0.1353357434272766,
    0.13533569872379303,
    0.1353357434272766,
    0.13533571362495422,
    0.13533568382263184,
    0.13533568382263184,
    0.13533563911914825,
    0.13533560931682587,
    0.13533571362495422,
    0.13533566892147064,
    0.13533568382263184,
    0.13533562421798706,
    0.13533563911914825,
    0.13533556461334229,
    0.13533562421798706,
    0.13533556461334229,
    0.13533557951450348,
    0.13533557951450348,
    0.13533557951450348,
    0.13533556461334229,
    0.13533562421798706,
    0.1353355497121811,
    0.1353355348110199,
    0.1353355348110199,
    0.1353355050086975,
    0.13533549010753632,
    0.13533546030521393,
    0.13533541560173035,
    0.135335311293602,
    0.13533519208431244,
    0.1353350132703781,
    0.13533475995063782,
    0.1353345662355423,
    0.13533329963684082,
    0.13533195853233337,
    0.13532988727092743,
    0.1353224217891693,
    0.1353149265050888,
    0.1352725625038147,
    0.13503268361091614,
    0.13622350990772247,
    0.1354588270187378,
    0.13539224863052368,
    0.1353800892829895,
    0.13536833226680756,
    0.13536083698272705,
    0.13536064326763153,
    0.1353553980588913,
    0.13535383343696594,
    0.13535377383232117,
    0.13535140454769135,
    0.13534919917583466,
    0.13534745573997498,
    0.13534791767597198,
    0.13534541428089142,
    0.13534723222255707,
    0.1353456676006317,
    0.135345920920372,
    0.13534559309482574,
    0.13534367084503174,
    0.13534292578697205,
    0.13534383475780487,
    0.13534344732761383,
    0.13534270226955414,
    0.13534283638000488,
    0.13534186780452728,
    0.1353420466184616,
    0.1353420615196228,
    0.1353420466184616,
    0.13534113764762878,
    0.13534235954284668,
    0.1353403776884079,
    0.13533897697925568,
    0.13534098863601685,
    0.13534004986286163,
    0.1353401243686676,
    0.1353389471769333,
    0.13534002006053925,
    0.1353396624326706,
    0.1353386491537094,
    0.1353389322757721,
    0.1353379338979721,
    0.13533872365951538,
    0.13533803820610046,
    0.13533802330493927,
    0.13533812761306763,
    0.13533708453178406,
    0.13533805310726166,
    0.1353369802236557,
    0.1353377252817154,
    0.13533717393875122,
    0.13533729314804077,
    0.13533727824687958,
    0.13533703982830048,
    0.13533705472946167,
    0.13533683121204376,
    0.1353372037410736,
    0.1353362649679184,
    0.1353365033864975,
    0.13533656299114227,
    0.13533613085746765,
    0.13533614575862885,
    0.1353367418050766,
    0.13533563911914825,
    0.13533590734004974,
    0.13533595204353333,
    0.1353357881307602,
    0.13533559441566467,
    0.13533541560173035,
    0.13533540070056915,
    0.13533560931682587,
    0.13533532619476318,
    0.135335311293602,
    0.13533532619476318,
    0.1353350132703781,
    0.13533517718315125,
    0.13533495366573334,
    0.1353350132703781,
    0.13533490896224976,
    0.1353348195552826,
    0.1353348046541214,
    0.13533468544483185,
    0.1353348344564438,
    0.13533465564250946,
    0.13533443212509155,
    0.13533465564250946,
    0.13533440232276917,
    0.1353340595960617,
    0.13533399999141693,
    0.13533435761928558,
    0.13533417880535126,
    0.13533368706703186,
    0.13533346354961395,
    0.13533353805541992,
    0.13533377647399902,
    0.13533301651477814,
    0.13533331453800201,
    0.13533298671245575,
    0.1353326290845871,
    0.1353328675031662,
    0.1353328973054886,
    0.13533227145671844,
    0.13533100485801697,
    0.1353301852941513,
    0.135329008102417,
    0.13532887399196625,
    0.135328471660614,
    0.13532766699790955,
    0.13532227277755737,
    0.13531877100467682,
    0.13532476127147675,
    0.13529276847839355,
    0.13526953756809235,
    0.13514801859855652,
    0.03273849934339523,
    0.028050437569618225,
    0.02702900767326355,
    0.02855652943253517,
    0.027052929624915123,
    0.027472874149680138,
    0.028639987111091614,
    0.028439415618777275,
    0.027662308886647224,
    0.02753360942006111,
    0.025689179077744484,
    0.027105221524834633,
    0.027100911363959312,
    0.026500999927520752,
    0.028068531304597855,
    0.027820048853754997,
    0.028312459588050842,
    0.026874437928199768,
    0.026665057986974716,
    0.026814013719558716,
    0.02894481271505356,
    0.025607880204916,
    0.027555078268051147,
    0.030766740441322327,
    0.025540277361869812,
    0.02658935822546482,
    0.02961094118654728,
    0.029660586267709732,
    0.028704436495900154,
    0.026539282873272896,
    0.027670415118336678,
    0.028850914910435677,
    0.028817929327487946,
    0.03236378729343414,
    0.025597678497433662,
    0.02520020306110382,
    0.028316063806414604,
    0.029741518199443817,
    0.026989836245775223,
    0.028824402019381523,
    0.027839714661240578,
    0.028071030974388123,
    0.028303980827331543,
    0.026531361043453217,
    0.028878895565867424,
    0.028295056894421577,
    0.03016664646565914,
    0.02980555221438408,
    0.029102055355906487,
    0.025240369141101837,
    0.029996691271662712,
    0.029141554608941078,
    0.02928098849952221,
    0.02699819765985012,
    0.030043210834264755,
    0.026829611510038376,
    0.025981441140174866,
    0.027893856167793274,
    0.025508448481559753,
    0.027624357491731644,
    0.03066071681678295,
    0.027889668941497803,
    0.027148712426424026,
    0.029207304120063782,
    0.02761588990688324,
    0.02743488922715187,
    0.029393328353762627,
    0.029690159484744072,
    0.028818611055612564,
    0.0282781682908535,
    0.027090758085250854,
    0.030380144715309143,
    0.0321974977850914,
    0.027560913935303688,
    0.02728673815727234,
    0.027826733887195587,
    0.0314975343644619,
    0.026624832302331924,
    0.032389670610427856,
    0.026981936767697334,
    0.027453063055872917,
    0.030524447560310364,
    0.03023042529821396,
    0.027729008346796036,
    0.025470906868577003,
    0.027172323316335678,
    0.027482153847813606,
    0.026541270315647125,
    0.027270160615444183,
    0.025773590430617332,
    0.02938510850071907,
    0.02662751078605652,
    0.028437860310077667,
    0.02810634672641754,
    0.027302799746394157,
    0.02587839588522911,
    0.0283561609685421,
    0.02644629031419754,
    0.026455864310264587,
    0.027838487178087234,
    0.028579531237483025,
    0.024737678468227386,
    0.025123361498117447,
    0.0281936414539814,
    0.02753739058971405,
    0.026674384251236916,
    0.027977898716926575,
    0.024880561977624893,
    0.029016345739364624,
    0.029822930693626404,
    0.026827020570635796,
    0.02801048755645752,
    0.030361244454979897,
    0.0298745259642601,
    0.029476800933480263,
    0.027963094413280487,
    0.02613787353038788,
    0.030139928683638573,
    0.029381895437836647,
    0.030597809702157974,
    0.026303596794605255,
    0.0313115194439888,
    0.028515826910734177,
    0.02763543091714382,
    0.02964482083916664,
    0.02821655571460724,
    0.029757827520370483,
    0.026379812508821487,
    0.0266253724694252,
    0.025189274922013283,
    0.028204098343849182,
    0.024970393627882004,
    0.02716577984392643,
    0.027821175754070282,
    0.02783357724547386,
    0.026150282472372055,
    0.026364905759692192,
    0.028389722108840942,
    0.026956412941217422,
    0.02742469310760498,
