{
  "version": "plots/_T_10_y0_0_001_network_architectures_4_50_activations_tanh_learning_rates_0_001_collocations_1024_epochs_50000_regularization_reg_derivative_reg_epochs_1_reg_coeff_100000_reg_decay_1_/run_9",
  "seed": 1,
  "y0": 0.001,
  "T": 10,
  "N_col": 1024,
  "N_hidden": 4,
  "N_neurons": 50,
  "activation": "tanh",
  "N_epochs": 50000,
  "learning_rate": 0.001,
  "decay_rate": 1.0,
  "freq_log": 100,
  "freq_print": 1000,
  "keys_print": [
    "loss"
  ],
  "freq_save": 0,
  "regularization": "reg_derivative",
  "reg_coeff": 100000,
  "reg_decay": 1,
  "reg_epochs": 1,
  "loss": [
    67435.015625,
    495.1528625488281,
    537.4376220703125,
    197.34397888183594,
    233.10952758789062,
    405.34625244140625,
    185.68374633789062,
    83.0035629272461,
    159.7700958251953,
    112.31534576416016,
    137.8646240234375,
    254.05947875976562,
    262.41094970703125,
    88.71219635009766,
    100.00785827636719,
    69.185302734375,
    116.1928482055664,
    172.6195068359375,
    75.18592834472656,
    132.30796813964844,
    58.824180603027344,
    72.46308898925781,
    84.78268432617188,
    80.10279083251953,
    162.51644897460938,
    75.53025817871094,
    63.05603790283203,
    27.79886817932129,
    93.35470581054688,
    273.91845703125,
    378.7796325683594,
    212.55935668945312,
    137.7083282470703,
    61.38025665283203,
    47.14878845214844,
    113.09474182128906,
    218.23593139648438,
    25.15325164794922,
    10.67790412902832,
    15.840171813964844,
    3.76985502243042,
    5.570880889892578,
    9.475777626037598,
    58.66332244873047,
    14.724678039550781,
    118.95564270019531,
    20.79159927368164,
    17.8444881439209,
    4.8485493659973145,
    87.6172103881836,
    18.0405216217041,
    10.703476905822754,
    63.91594696044922,
    24.202226638793945,
    18.434173583984375,
    99.27838134765625,
    6.127523899078369,
    6.348373889923096,
    11.714468002319336,
    10.313913345336914,
    7.778627395629883,
    6.527332305908203,
    21.443496704101562,
    21.446674346923828,
    18.39706039428711,
    52.220924377441406,
    49.355411529541016,
    74.53987884521484,
    96.80665588378906,
    94.90614318847656,
    90.69691467285156,
    92.90347290039062,
    85.4155502319336,
    78.33882141113281,
    89.50381469726562,
    84.739013671875,
    84.29010009765625,
    83.44237518310547,
    87.64483642578125,
    87.79188537597656,
    76.62134552001953,
    79.90969848632812,
    86.3116455078125,
    85.05812072753906,
    84.08722686767578,
    84.40882110595703,
    79.06388092041016,
    86.85997772216797,
    85.6253662109375,
    89.09169006347656,
    80.44822692871094,
    88.40158081054688,
    85.4390869140625,
    84.2564926147461,
    82.92496490478516,
    86.3048095703125,
    86.75465393066406,
    86.14064025878906,
    80.4220199584961,
    86.10801696777344,
    86.5692138671875,
    88.37577819824219,
    84.11361694335938,
    84.93171691894531,
    89.4648208618164,
    83.5066909790039,
    85.36589050292969,
    83.28865051269531,
    84.95541381835938,
    82.65074920654297,
    84.6107406616211,
    86.56172180175781,
    88.14059448242188,
    82.68435668945312,
    85.37157440185547,
    88.39988708496094,
    82.93424987792969,
    83.8089828491211,
    83.40388488769531,
    82.51423645019531,
    82.58056640625,
    82.59090423583984,
    87.04449462890625,
    84.11502075195312,
    82.818359375,
    82.97901153564453,
    83.81153869628906,
    80.75241088867188,
    85.06788635253906,
    79.4306411743164,
    89.9264144897461,
    84.41443634033203,
    89.02621459960938,
    81.44349670410156,
    82.39298248291016,
    82.55928039550781,
    85.58956909179688,
    87.2978744506836,
    77.074951171875,
    83.72479248046875,
    85.12171936035156,
    79.66798400878906,
    80.60858154296875,
    79.07710266113281,
    84.0517578125,
    80.43116760253906,
    80.25849914550781,
    86.26854705810547,
    87.45956420898438,
    84.152587890625,
    87.90928649902344,
    80.79277801513672,
    87.57296752929688,
    79.3810806274414,
    84.9559097290039,
    83.57968139648438,
    80.59434509277344,
    90.89398956298828,
    84.99988555908203,
    82.51882934570312,
    87.06907653808594,
    86.30390167236328,
    85.839599609375,
    85.73304748535156,
    84.57701110839844,
    84.43646240234375,
    82.9689712524414,
    82.00486755371094,
    81.6357650756836,
    88.83358764648438,
    79.76972961425781,
    89.09770202636719,
    83.6990966796875,
    84.56703186035156,
    82.02059936523438,
    84.63510131835938,
    81.30219268798828,
    82.26004791259766,
    83.22969818115234,
    86.9957046508789,
    88.3368911743164,
    83.74319458007812,
    88.69184875488281,
    82.5491714477539,
    84.29300689697266,
    84.48709106445312,
    88.65936279296875,
    84.43254089355469,
    81.37165832519531,
    79.7626953125,
    88.83207702636719,
    80.13092041015625,
    84.27383422851562,
    86.54957580566406,
    78.74464416503906,
    85.55857849121094,
    87.99362182617188,
    77.60896301269531,
    84.5621109008789,
    80.15631866455078,
    85.7403335571289,
    86.7170639038086,
    82.24085235595703,
    85.8729248046875,
    84.42816162109375,
    78.57687377929688,
    78.5826644897461,
    90.82777404785156,
    86.92137145996094,
    84.52279663085938,
    81.82032775878906,
    86.13247680664062,
    82.65191650390625,
    87.79817199707031,
    78.2801284790039,
    85.75626373291016,
    80.91967010498047,
    83.42951202392578,
    78.00053405761719,
    80.08845520019531,
    78.66752624511719,
    85.4251708984375,
    88.54890441894531,
    80.62379455566406,
    85.15816497802734,
    82.44342803955078,
    84.00297546386719,
    86.07132720947266,
    82.38618469238281,
    78.0845947265625,
    80.63601684570312,
    84.97818756103516,
    83.85322570800781,
    84.56929779052734,
    86.31037902832031,
    84.36260986328125,
    80.66895294189453,
    83.27597045898438,
    79.14766693115234,
    80.20809936523438,
    89.7916259765625,
    87.8685531616211,
    84.89016723632812,
    79.53471374511719,
    76.57589721679688,
    88.38502502441406,
    83.78239440917969,
    81.72015380859375,
    84.16923522949219,
    85.35336303710938,
    84.22940063476562,
    83.51741027832031,
    88.66179656982422,
    89.37248229980469,
    78.3959732055664,
    85.45660400390625,
    87.62751770019531,
    81.45845031738281,
    91.1546630859375,
    86.46665954589844,
    84.61756134033203,
    79.64653778076172,
    88.34845733642578,
    78.21087646484375,
    85.35910034179688,
    80.83988189697266,
    82.37484741210938,
    88.90847778320312,
    79.75375366210938,
    85.80879974365234,
    79.15322875976562,
    84.40409851074219,
    87.61935424804688,
    89.07657623291016,
    80.91333770751953,
    81.46466827392578,
    89.8226318359375,
    83.76104736328125,
    80.82257080078125,
    79.71646118164062,
    88.46343994140625,
    77.75494384765625,
    81.927734375,
    91.07487487792969,
    82.87635040283203,
    81.5137939453125,
    82.9926986694336,
    82.56147003173828,
    82.67607116699219,
    80.4225082397461,
    86.8280029296875,
    84.52743530273438,
    90.81076049804688,
    87.30841827392578,
    87.33567810058594,
    85.61764526367188,
    93.62570190429688,
    80.90887451171875,
    87.68553924560547,
    87.9122314453125,
    79.09232330322266,
    88.78297424316406,
    85.09220886230469,
    80.17324829101562,
    85.16600036621094,
    87.7653579711914,
    85.67711639404297,
    86.21678924560547,
    86.12893676757812,
    87.8863525390625,
    82.99700927734375,
    84.2195053100586,
    83.41923522949219,
    78.77674102783203,
    81.53526306152344,
    84.07975769042969,
    82.8645248413086,
    80.9703598022461,
    86.46183776855469,
    82.26744079589844,
    86.08123016357422,
    85.11712646484375,
    81.10539245605469,
    83.47960662841797,
