{
  "version": "plots/_T_7_5_y0_0_1_network_architectures_4_50_activations_tanh_learning_rates_0_001_collocations_1024_epochs_50000_regularization_reg_derivative_unstable_fp_reg_epochs_1_reg_coeff_100000_reg_decay_1_/run_7",
  "seed": 1,
  "y0": 0.1,
  "T": 7.5,
  "N_col": 1024,
  "N_hidden": 4,
  "N_neurons": 50,
  "activation": "tanh",
  "N_epochs": 50000,
  "learning_rate": 0.001,
  "decay_rate": 1.0,
  "freq_log": 100,
  "freq_print": 1000,
  "keys_print": [
    "loss"
  ],
  "freq_save": 0,
  "regularization": "reg_derivative_unstable_fp",
  "reg_coeff": 100000,
  "reg_decay": 1,
  "reg_epochs": 1,
  "loss": [
    4.945164203643799,
    0.20808179676532745,
    0.03404726833105087,
    0.02846350148320198,
    0.025600599125027657,
    0.03152301907539368,
    0.030977850779891014,
    0.03075817972421646,
    0.03140467777848244,
    0.02739846520125866,
    0.02518535777926445,
    0.03436540439724922,
    0.03230273351073265,
    0.03464922308921814,
    0.0304675605148077,
    0.03329062834382057,
    0.02376938797533512,
    0.03163062408566475,
    0.027605000883340836,
    0.029474424198269844,
    0.028154298663139343,
    0.02584128826856613,
    0.027820097282528877,
    0.02991148643195629,
    0.030094169080257416,
    0.0296638086438179,
    0.025816651061177254,
    0.026818348094820976,
    0.026631919667124748,
    0.030952047556638718,
    0.028279243037104607,
    0.029170844703912735,
    0.02594003826379776,
    0.02634446695446968,
    0.026719562709331512,
    0.024163898080587387,
    0.028484385460615158,
    0.02779613435268402,
    0.027863746508955956,
    0.02177876979112625,
    0.02586386352777481,
    0.027155818417668343,
    0.026176931336522102,
    0.02402357943356037,
    0.023880988359451294,
    0.02377190627157688,
    0.021239912137389183,
    0.022670753300189972,
    0.022720785811543465,
    0.022380193695425987,
    0.023054596036672592,
    0.01982332393527031,
    0.022583099082112312,
    0.021401256322860718,
    0.021983209997415543,
    0.01960616745054722,
    0.019394436851143837,
    0.017257608473300934,
    0.01924797147512436,
    0.01812088117003441,
    0.01685144565999508,
    0.015500576235353947,
    0.017501214519143105,
    0.015566807240247726,
    0.01691298559308052,
    0.014606799930334091,
    0.014184712432324886,
    0.014095647260546684,
    0.014711130410432816,
    0.013458519242703915,
    0.013680627569556236,
    0.013917201198637486,
    0.012863009236752987,
    0.015335154719650745,
    0.012964079156517982,
    0.011021653190255165,
    0.015264628455042839,
    0.013814868405461311,
    0.013281788676977158,
    0.0120239844545722,
    0.012588141486048698,
    0.012088081799447536,
    0.010852651670575142,
    0.011458244174718857,
    0.012940830551087856,
    0.010570948012173176,
    0.013643002137541771,
    0.012411139905452728,
    0.011032710783183575,
    0.010831451043486595,
    0.011900204233825207,
    0.010461212135851383,
    0.010911324992775917,
    0.009792233817279339,
    0.01222845260053873,
    0.01190391555428505,
    0.011902003549039364,
    0.011848263442516327,
    0.013195578008890152,
    0.012875932268798351,
    0.009204525500535965,
    0.011324113234877586,
    0.012283988296985626,
    0.01140003465116024,
    0.01058446615934372,
    0.013506408780813217,
    0.011324779130518436,
    0.011369018815457821,
    0.011350520886480808,
    0.011636159382760525,
    0.011695323511958122,
    0.012383498251438141,
    0.011868874542415142,
    0.011494823731482029,
    0.009625826962292194,
    0.012025421485304832,
    0.01039664726704359,
    0.010723884217441082,
    0.010584956035017967,
    0.012308413162827492,
    0.012546420097351074,
    0.010910852812230587,
    0.010813799686729908,
    0.01019429974257946,
    0.00971149280667305,
    0.012822662480175495,
    0.010737134143710136,
    0.0111537529155612,
    0.011628723703324795,
    0.010694433003664017,
    0.010206172242760658,
    0.008738142438232899,
    0.00934256799519062,
    0.010579226538538933,
    0.009084528312087059,
    0.009959138929843903,
    0.012143577449023724,
    0.01019582711160183,
    0.010560491122305393,
    0.010529635474085808,
    0.010644004680216312,
    0.009462832473218441,
    0.011291607283055782,
    0.00915882270783186,
    0.0137776555493474,
    0.011512918397784233,
    0.009786251001060009,
    0.010657357051968575,
    0.009843496605753899,
    0.012368648312985897,
    0.010778221301734447,
    0.011041158810257912,
    0.006413367576897144,
    0.010744650848209858,
    0.009441487491130829,
    0.010274039581418037,
    0.009983775205910206,
    0.011873755604028702,
    0.01107377652078867,
    0.011131209321320057,
    0.010924901813268661,
    0.010347580537199974,
    0.011442858725786209,
    0.011863581836223602,
    0.012140442617237568,
    0.01165708526968956,
    0.010505558922886848,
    0.009718040935695171,
    0.00995505042374134,
    0.011116244830191135,
    0.43073612451553345,
    0.35812070965766907,
    0.31869474053382874,
    0.27352285385131836,
    0.21232175827026367,
    0.18647941946983337,
    0.15016162395477295,
    0.1312830150127411,
    0.09406622499227524,
    18.810489654541016,
    0.1674998700618744,
    0.11849334090948105,
    0.11025245487689972,
    0.099688820540905,
    0.08680438250303268,
    0.07119396328926086,
    0.06304225325584412,
    0.06342253088951111,
    0.05884567275643349,
    0.05918336659669876,
    0.05697494372725487,
    0.043678320944309235,
    0.5962691307067871,
    0.3575369417667389,
    0.24068337678909302,
    0.15368077158927917,
    0.13556545972824097,
    0.092988982796669,
    0.06716526299715042,
    0.06931731849908829,
    0.06467482447624207,
    0.06325502693653107,
    0.05684690922498703,
    0.06624151021242142,
    0.06300576776266098,
    0.06156665086746216,
    0.04750412702560425,
    0.061067573726177216,
    0.052672576159238815,
    0.05788338929414749,
    0.04553268849849701,
    0.0535070076584816,
    0.04622918739914894,
    0.04495091363787651,
    0.05019485577940941,
    0.0391882061958313,
    0.043184034526348114,
    0.051164090633392334,
    0.04441714286804199,
    0.04334452375769615,
    0.05136023089289665,
    0.04402860999107361,
    0.040536005049943924,
    0.04572310298681259,
    0.04981673136353493,
    0.0428948700428009,
    0.04276447370648384,
    0.040687065571546555,
    0.04533759877085686,
    0.04865604639053345,
    0.0425608865916729,
    0.038279641419649124,
    0.03879941254854202,
    0.042417027056217194,
    0.03769276663661003,
    0.04156659543514252,
    0.03397662937641144,
    0.035601094365119934,
    0.037516117095947266,
    0.036723729223012924,
    0.034333307296037674,
    0.03283901512622833,
    0.033216629177331924,
    0.038091275840997696,
    0.03308849781751633,
    0.03327532857656479,
    0.031596940010786057,
    0.0341496467590332,
    0.03253060579299927,
    0.03456822410225868,
    0.032290082424879074,
    0.03177806735038757,
    0.030693959444761276,
    0.032899562269449234,
    0.031286053359508514,
    0.030081119388341904,
    0.027998045086860657,
    0.03204856440424919,
    0.029199866577982903,
    0.026679450646042824,
    0.02871135249733925,
    0.028906725347042084,
    0.026505539193749428,
    0.029834885150194168,
    0.02788436971604824,
    0.027383796870708466,
    0.029686015099287033,
    0.025349754840135574,
    0.02624356932938099,
    0.029371459037065506,
    0.027363382279872894,
    0.02686382085084915,
    0.026143407449126244,
    0.02171005867421627,
    0.04331140220165253,
    12.298974990844727,
    0.7838096618652344,
    0.29349860548973083,
    0.25014567375183105,
    0.15097904205322266,
    0.11959004402160645,
    0.09696338325738907,
    0.08913876861333847,
    0.07536035031080246,
    0.06031740829348564,
    0.05830840393900871,
    0.05347082391381264,
    0.06273066252470016,
    0.05809255689382553,
