{
  "version": "model_weights/_T_7_5_y0_0_1_network_architectures_4_50_activations_tanh_learning_rates_0_001_collocations_1024_epochs_50000_reg_epochs_0_25_reg_coeff_1_reg_decay_1_/run_1",
  "seed": 1,
  "y0": 0.1,
  "T": 7.5,
  "N_col": 1024,
  "N_hidden": 4,
  "N_neurons": 50,
  "activation": "tanh",
  "N_epochs": 50000,
  "learning_rate": 0.001,
  "decay_rate": 1.0,
  "freq_log": 100,
  "freq_print": 1000,
  "keys_print": [
    "loss"
  ],
  "freq_save": 0,
  "reg_coeff": 1,
  "reg_decay": 1,
  "reg_epochs": 0.25,
  "loss": [
    0.16811136901378632,
    0.1377483606338501,
    0.13758584856987,
    0.13762129843235016,
    0.13746945559978485,
    0.1377808153629303,
    0.13774925470352173,
    0.13772200047969818,
    0.13774707913398743,
    0.1375679224729538,
    0.1373499035835266,
    0.13798359036445618,
    0.13785718381404877,
    0.13805973529815674,
    0.13778793811798096,
    0.13799387216567993,
    0.13736902177333832,
    0.13798512518405914,
    0.1375591903924942,
    0.13769428431987762,
    0.13762737810611725,
    0.13752678036689758,
    0.1373792290687561,
    0.13802875578403473,
    0.13770493865013123,
    0.13768962025642395,
    0.13755746185779572,
    0.13757486641407013,
    0.13749858736991882,
    0.13794222474098206,
    0.13770709931850433,
    0.13777129352092743,
    0.1374838501214981,
    0.13742756843566895,
    0.13718615472316742,
    0.02708263322710991,
    0.029016129672527313,
    0.028860030695796013,
    0.02930906042456627,
    0.024454601109027863,
    0.027153747156262398,
    0.028855344280600548,
    0.028096504509449005,
    0.026548024266958237,
    0.02639063447713852,
    0.02696670964360237,
    0.024700408801436424,
    0.02577296644449234,
    0.027026113122701645,
    0.026608971878886223,
    0.02705083042383194,
    0.02536904811859131,
    0.028446879237890244,
    0.027729077264666557,
    0.028530403971672058,
    0.026161622256040573,
    0.027356283739209175,
    0.024646896868944168,
    0.028705593198537827,
    0.02709043398499489,
    0.026271119713783264,
    0.025753913447260857,
    0.028423085808753967,
    0.026330776512622833,
    0.028275223448872566,
    0.026540759950876236,
    0.026917126029729843,
    0.026307307183742523,
    0.027946919202804565,
    0.026216749101877213,
    0.027338139712810516,
    0.02673741802573204,
    0.02641524374485016,
    0.02957800030708313,
    0.026368528604507446,
    0.024646401405334473,
    0.028931722044944763,
    0.02838093601167202,
    0.02798888459801674,
    0.02738056890666485,
    0.027566609904170036,
    0.027419215068221092,
    0.025830121710896492,
    0.02690913900732994,
    0.027112293988466263,
    0.025703197345137596,
    0.028134796768426895,
    0.027985133230686188,
    0.02594502829015255,
    0.025335049256682396,
    0.02727174013853073,
    0.023230794817209244,
    0.02608264423906803,
    0.024614961817860603,
    0.026239536702632904,
    0.02638515830039978,
    0.02615961618721485,
    0.025918960571289062,
    0.028494741767644882,
    0.028095081448554993,
    0.02464643493294716,
    0.02520061656832695,
    0.02737131156027317,
    0.025880521163344383,
    0.025884630158543587,
    0.030532196164131165,
    0.02466985210776329,
    0.027073977515101433,
    0.027543924748897552,
    0.02700948342680931,
    0.027216484770178795,
    0.025715233758091927,
    0.02758771739900112,
    0.026163121685385704,
    0.025615977123379707,
    0.027715757489204407,
    0.02591746486723423,
    0.025771236047148705,
    0.026036564260721207,
    0.0281558558344841,
    0.028740661218762398,
    0.028299951925873756,
    0.026831530034542084,
    0.025458339601755142,
    0.025128690525889397,
    0.02904370427131653,
    4.7015128075145185e-06,
    2.264758677483769e-06,
    1.1784200069087092e-06,
    7.48399770600372e-07,
    5.308584150043316e-07,
    4.4310883140497026e-07,
    3.2732356203268864e-07,
    3.3623803119553486e-07,
    3.684290561523085e-07,
    1.9572669316403335e-06,
    3.4493941711843945e-06,
    3.169803903801949e-07,
    1.1779407032008749e-06,
    4.828351848118473e-06,
    9.414397936780006e-07,
    3.614003105667507e-07,
    7.547392328888236e-07,
    0.0001084475006791763,
    4.6522416141669964e-07,
    5.453651101561263e-05,
    2.168669084312569e-07,
    6.504834891529754e-05,
    2.2386367959370546e-07,
    2.589067378266918e-07,
    1.2025435353280045e-05,
    2.3313603492169932e-07,
    1.8772699377223034e-06,
    6.149059572635451e-07,
    1.5880834780546138e-07,
    1.1636806220849394e-06,
    1.9520985006238334e-07,
    8.153625094564632e-05,
    1.86710039429272e-07,
    1.7217681147485564e-07,
    3.075749418712803e-06,
    1.1903813401659136e-07,
    7.206696750472474e-07,
    1.1202374707863783e-06,
    1.9773429471570125e-07,
    5.048460479883943e-06,
    1.0433246444563338e-07,
    1.0264164984619129e-07,
    7.059947165544145e-06,
    1.6448262840640382e-07,
    3.1812373890716117e-06,
    2.6467535008123377e-07,
    1.3233905519882683e-05,
    8.793605843493424e-08,
    2.7373796910978854e-05,
    9.709462744922348e-08,
    2.841095920302905e-06,
    6.563789867186642e-08,
    6.044587053111172e-08,
    6.2768685893388465e-06,
    7.190203632490011e-07,
    5.04644397381071e-08,
    1.0457376902195392e-06,
    1.6665486555211828e-06,
    8.807677431832417e-07,
    2.3140975713431544e-07,
    5.598985808319412e-08,
    2.130195468907914e-07,
    1.3151407983968966e-05,
    3.323837560742504e-08,
    1.4771504766031285e-06,
    2.0165018099760346e-07,
    3.190831421306939e-07,
    3.0749987445233273e-08,
    2.4783455288002187e-08,
    3.190606889802439e-08,
    3.7333205682443804e-07,
    5.535792411137663e-07,
    1.3777264484815532e-07,
    8.93829081860531e-08,
    5.295929668136523e-07,
    3.92311776522547e-05,
    2.4894177386158844e-08,
    7.144758001231821e-06,
    3.712462330440758e-06,
    1.8946070667880122e-07,
    2.480761054357572e-07,
    2.9440297311111863e-08,
    2.995113845827291e-06,
    2.805908394520884e-08,
    0.00012492922542151064,
    4.2221802942776776e-08,
    1.5860945268286741e-07,
    8.073621415860543e-08,
    0.004225539043545723,
    0.0023459692019969225,
    0.002545728348195553,
    0.0031673177145421505,
    0.0026559848338365555,
    0.0026298868469893932,
    0.0027819331735372543,
    0.0026385739911347628,
    0.0025137518532574177,
    0.0027665351517498493,
    0.002965343650430441,
    9.06893183127977e-05,
    2.613770902826218e-06,
    1.2196385341667337e-06,
    7.744935146547505e-07,
    6.837816499682958e-07,
    5.653075731970603e-07,
    4.294147970540507e-07,
    4.7677025349912583e-07,
    3.869789907184895e-06,
    2.966950887639541e-06,
    2.8747251690219855e-07,
    1.8080207553339278e-07,
    1.6947426502156304e-06,
    2.5747813197085634e-05,
    1.169523002886308e-07,
    3.105195105490566e-07,
    7.49709343494942e-08,
    1.0932757277259952e-07,
    7.253459557432507e-07,
    3.1133256470639026e-06,
    1.58000418082338e-07,
    1.7825290342443623e-05,
    2.2314922887289868e-07,
    2.415562860846876e-08,
    3.062790347030386e-05,
    5.177883011242557e-08,
    5.071318298632832e-08,
    5.81247077207081e-05,
    4.7293234217704594e-08,
    5.799427782449129e-08,
    6.629180688833003e-07,
    1.2791677363566123e-05,
    2.1202025024535942e-08,
    2.1882262899453053e-06,
    9.409286860773136e-08,
    0.00022657413501292467,
    2.774513241377008e-08,
    2.33959180917509e-08,
    1.781544511914035e-08,
    1.5743116819066927e-05,
    1.841915775457892e-08,
    1.5439557188301478e-08,
    1.8720412526818109e-06,
    6.728713515258278e-07,
    2.240818957943702e-06,
    1.5837338551705216e-08,
    9.847833098319825e-06,
    5.634582578295522e-08,
    1.561279105999347e-07,
    3.38659873477809e-07,
    2.060183703633811e-07,
    2.627203166127856e-08,
    2.4456040748077612e-08,
    7.789170695104985e-07,
    1.2229131698404672e-06,
    1.4617130617011753e-08,
    3.167852469232457e-08,
