{
  "version": "plots/_T_10_y0_0_1_network_architectures_4_50_activations_tanh_learning_rates_0_001_collocations_1024_epochs_50000_regularization_no_reg_reg_epochs_1_reg_coeff_0_01_reg_decay_1_/run_3",
  "seed": 1,
  "y0": 0.1,
  "T": 10,
  "N_col": 1024,
  "N_hidden": 4,
  "N_neurons": 50,
  "activation": "tanh",
  "N_epochs": 50000,
  "learning_rate": 0.001,
  "decay_rate": 1.0,
  "freq_log": 100,
  "freq_print": 1000,
  "keys_print": [
    "loss"
  ],
  "freq_save": 0,
  "regularization": "no_reg",
  "reg_coeff": 0.01,
  "reg_decay": 1,
  "reg_epochs": 1,
  "loss": [
    0.06078445911407471,
    0.0019364147447049618,
    0.0018594192806631327,
    0.002037647645920515,
    0.0018205002415925264,
    0.002102937549352646,
    0.0020630196668207645,
    0.002108725719153881,
    0.0020383354276418686,
    0.0018820989644154906,
    0.0016806104686111212,
    0.0023535536602139473,
    0.0021271230652928352,
    0.0024481709115207195,
    0.0021944972686469555,
    0.002359256613999605,
    0.0016818481963127851,
    0.0023577366955578327,
    0.0020125946030020714,
    0.0019616587087512016,
    0.0022971639409661293,
    0.001862488454207778,
    0.0019492586143314838,
    0.002212067134678364,
    0.002016557613387704,
    0.0020159194245934486,
    0.0019128336571156979,
    0.0018768406007438898,
    0.0018289568834006786,
    0.0023929772432893515,
    0.002057282254099846,
    0.0020879018120467663,
    0.0018661136273294687,
    0.0018062032759189606,
    0.002028347458690405,
    0.0018966582138091326,
    0.0021209893748164177,
    0.002022553700953722,
    0.00231655640527606,
    0.0016515717143192887,
    0.001975327730178833,
    0.002231376711279154,
    0.0020000827498733997,
    0.0019396180287003517,
    0.0020357146859169006,
    0.001949002267792821,
    0.0017658008728176355,
    0.00200945558026433,
    0.00209527974948287,
    0.001992693403735757,
    0.0020050331950187683,
    0.0019288226030766964,
    0.0022479575127363205,
    0.0021713681053370237,
    0.002223422285169363,
    0.002041951287537813,
    0.00217299722135067,
    0.0018379978137090802,
    0.0022222790867090225,
    0.002180603565648198,
    0.002050254959613085,
    0.001980043249204755,
    0.002210418228060007,
    0.0019069258123636246,
    0.0022831910755485296,
    0.0019689686596393585,
    0.0019008222734555602,
    0.0019266675226390362,
    0.002066889777779579,
    0.001894535729661584,
    0.001974590355530381,
    0.0021755292546004057,
    0.0018935359548777342,
    0.0023999582044780254,
    0.001993500394746661,
    0.001674773870036006,
    0.0023915027268230915,
    0.0021805663127452135,
    0.0021186028607189655,
    0.0019277462270110846,
    0.0021512918174266815,
    0.002039739629253745,
    0.0019071170827373862,
    0.0019448504317551851,
    0.0020553460344672203,
    0.0017933160997927189,
    0.002131565473973751,
    0.0020869183354079723,
    0.0019319243729114532,
    0.0018720617517828941,
    0.002028185175731778,
    0.0016615879721939564,
    0.0019262024434283376,
    0.00167584337759763,
    0.002006013412028551,
    0.002005993388593197,
    0.002005894435569644,
    0.0020049659069627523,
    0.0022036200389266014,
    0.002235428197309375,
    0.0016335074324160814,
    0.0019345002947375178,
    0.0020729638636112213,
    0.001959437970072031,
    0.0018725681584328413,
    0.0024214303120970726,
    0.0019300482235848904,
    0.0020497837103903294,
    0.0019968098495155573,
    0.0020185792818665504,
    0.002050800248980522,
    0.0020748181268572807,
    0.0021325391717255116,
    0.0020077687222510576,
    0.0017920194659382105,
    0.0020981919951736927,
    0.0018794785719364882,
    0.0018900897121056914,
    0.001922063180245459,
    0.0021653510630130768,
    0.0022184825502336025,
    0.0020383745431900024,
    0.0019739936105906963,
    0.0018406661693006754,
    0.001769778784364462,
    0.002259629312902689,
    0.001963632181286812,
    0.002061251550912857,
    0.002110495697706938,
    0.0019695917144417763,
    0.0019203919218853116,
    0.001670911442488432,
    0.0016793959075585008,
    0.0018651839345693588,
    0.0017161930445581675,
    0.001853285008110106,
    0.0021914071403443813,
    0.0019036929588764906,
    0.001962982816621661,
    0.0019077002070844173,
    0.0019398701842874289,
    0.0017709899693727493,
    0.0020149012561887503,
    0.0018153861165046692,
    0.002370769390836358,
    0.002016589045524597,
    0.0017761483322829008,
    0.0019311609212309122,
    0.0017365285893902183,
    0.002133628586307168,
    0.0019153631292283535,
    0.0019229386234655976,
    0.001275709830224514,
    0.0019703430589288473,
    0.0016464331420138478,
    0.0018967298092320561,
    0.0018602980999276042,
    0.002046310342848301,
    0.002010086551308632,
    0.0019623765256255865,
    0.002041096333414316,
    0.0018446975154802203,
    0.0020012957975268364,
    0.0020895348861813545,
    0.0020829560235142708,
    0.001990563701838255,
    0.0018900264985859394,
    0.0017695710994303226,
    0.0018755681812763214,
    0.001870711101219058,
    0.001876514172181487,
    0.0019523447845131159,
    0.0019507714314386249,
    0.002033049473538995,
    0.001903434400446713,
    0.0019208372104912996,
    0.0017967862077057362,
    0.0020783129148185253,
    0.0017484775744378567,
    0.0018481272272765636,
    0.0022156937047839165,
    0.0017127208411693573,
    0.0018380091059952974,
    0.002144627273082733,
    0.002230535726994276,
    0.0020369761623442173,
    0.001779226935468614,
    0.001911514438688755,
    0.0021071855444461107,
    0.0021010814234614372,
    0.002554441336542368,
    0.0017578939441591501,
    0.0016755583928897977,
    0.002002793364226818,
    0.0021648197434842587,
    0.0018745620036497712,
    0.0020896214991807938,
    0.0018258735071867704,
    0.002018014434725046,
    0.0020420923829078674,
    0.0018776310607790947,
    0.0021366882137954235,
    0.0019460772164165974,
    0.0022531424183398485,
    0.0022773006930947304,
    0.0021108146756887436,
    0.0016265229787677526,
    0.002243010327219963,
    0.0021607144735753536,
    0.0022004812490195036,
    0.00185188848990947,
    0.0022429923992604017,
    0.0019086197717115283,
    0.0017764531075954437,
    0.0019346748013049364,
    0.0017109219916164875,
    0.0018815645016729832,
    0.0023635616526007652,
    0.0020012627355754375,
    0.001978000160306692,
    0.0020909712184220552,
    0.0019223596900701523,
    0.0018483910243958235,
    0.0020332196727395058,
    0.0021610725671052933,
    0.002114930422976613,
    0.0021791034378111362,
    0.0018833574140444398,
    0.002294115722179413,
    0.002447693608701229,
    0.001947577577084303,
    0.0019434051355347037,
    0.0020252089016139507,
    0.0023687768261879683,
    0.0018913729581981897,
    0.00245048850774765,
    0.0019038685131818056,
    0.0020298021845519543,
    0.002263537608087063,
    0.0021887770853936672,
    0.0019907131791114807,
    0.0017318647587671876,
    0.0018635999877005816,
    0.001965941395610571,
    0.0018007114995270967,
    0.0019141638185828924,
    0.0018207903485745192,
    0.0021375901997089386,
    0.0018000371055677533,
    0.001954128034412861,
    0.002038906794041395,
    0.001948990160599351,
    0.0017223790055140853,
    0.0020343654323369265,
    0.001854761503636837,
    0.0018168945098295808,
    0.0019588624127209187,
    0.002083789324387908,
    0.001631647115573287,
    0.0016597232315689325,
    0.002018932718783617,
    0.0019524706294760108,
    0.0017650648951530457,
    0.0019287061877548695,
    0.0015393220819532871,
    0.002106191124767065,
    0.0023067519068717957,
    0.0018348502926528454,
    0.00201447238214314,
    0.0022742352448403835,
    0.0021722856909036636,
    0.0022119563072919846,
    0.0020621558651328087,
    0.001811303198337555,
    0.0021414279472082853,
    0.002176552079617977,
    0.00225612404756248,
    0.001850378466770053,
