{
  "version": "plots/_T_10_y0_0_1_network_architectures_4_50_activations_tanh_learning_rates_0_001_collocations_1024_epochs_50000_regularization_no_reg_reg_epochs_1_reg_coeff_100000_reg_decay_1_/run_6",
  "seed": 1,
  "y0": 0.1,
  "T": 10,
  "N_col": 1024,
  "N_hidden": 4,
  "N_neurons": 50,
  "activation": "tanh",
  "N_epochs": 50000,
  "learning_rate": 0.001,
  "decay_rate": 1.0,
  "freq_log": 100,
  "freq_print": 1000,
  "keys_print": [
    "loss"
  ],
  "freq_save": 0,
  "regularization": "no_reg",
  "reg_coeff": 100000,
  "reg_decay": 1,
  "reg_epochs": 1,
  "loss": [
    0.09569037705659866,
    0.001961218426004052,
    0.0018596751615405083,
    0.0020242840982973576,
    0.0018212452996522188,
    0.0021102481987327337,
    0.0020591975189745426,
    0.002112217713147402,
    0.0020456083584576845,
    0.0018802620470523834,
    0.0016878022579476237,
    0.002357755322009325,
    0.002116103656589985,
    0.002450597006827593,
    0.0021566227078437805,
    0.002359529957175255,
    0.0016604572301730514,
    0.0023543627467006445,
    0.0018952680984511971,
    0.0019482688512653112,
    0.002074572490528226,
    0.0018465513130649924,
    0.0018782536499202251,
    0.0021516091655939817,
    0.002015854697674513,
    0.002006776398047805,
    0.001872772118076682,
    0.0018596670124679804,
    0.0017644440522417426,
    0.0023478511720895767,
    0.0020227706991136074,
    0.0020873285830020905,
    0.0018066237680613995,
    0.0017952262423932552,
    0.001992437057197094,
    0.0019021149491891265,
    0.0021263977978378534,
    0.0020274475682526827,
    0.0023204023018479347,
    0.0016517381882295012,
    0.001992192817851901,
    0.0022099835332483053,
    0.001974341459572315,
    0.0019407144282013178,
    0.0020217937417328358,
    0.001945607247762382,
    0.0017609475180506706,
    0.0020224929321557283,
    0.002060833852738142,
    0.001993631012737751,
    0.0020394506864249706,
    0.0018991781398653984,
    0.0022051772102713585,
    0.0020572422072291374,
    0.0022149677388370037,
    0.001985703594982624,
    0.0021686661057174206,
    0.001842815661802888,
    0.002219533547759056,
    0.002106941770762205,
    0.002029851544648409,
    0.0019406585488468409,
    0.002207493409514427,
    0.0019212040351703763,
    0.002230290789157152,
    0.001955438405275345,
    0.0018785661086440086,
    0.0019199526868760586,
    0.002036409918218851,
    0.0018908760976046324,
    0.001978971529752016,
    0.0020410423167049885,
    0.0018862937577068806,
    0.0023398653138428926,
    0.001947149052284658,
    0.0016453075222671032,
    0.0024069109931588173,
    0.0021581915207207203,
    0.002117827534675598,
    0.0019257334060966969,
    0.0021326683927327394,
    0.002061084844172001,
    0.0018347655422985554,
    0.001946009579114616,
    0.0020604198798537254,
    0.0017791875870898366,
    0.0021276939660310745,
    0.002099771751090884,
    0.0019049574621021748,
    0.0018672875594347715,
    0.0020277961157262325,
    0.001663673552684486,
    0.001874979818239808,
    0.0016516223549842834,
    0.0020118961110711098,
    0.002022971399128437,
    0.0020047836005687714,
    0.0019896235316991806,
    0.0022045141085982323,
    0.002253547077998519,
    0.0016013364074751735,
    0.001935733249410987,
    0.0020709175150841475,
    0.0019626421853899956,
    0.0018605138175189495,
    0.0024092411622405052,
    0.0019100450444966555,
    0.0020170616917312145,
    0.0019912105053663254,
    0.0020173443481326103,
    0.0020481240935623646,
    0.002077417215332389,
    0.0021110118832439184,
    0.001992645440623164,
    0.0017732831183820963,
    0.0020936166401952505,
    0.001881019794382155,
    0.001907475059852004,
    0.0019276109524071217,
    0.0021628611721098423,
    0.0022124045062810183,
    0.002041639294475317,
    0.001971849473193288,
    0.001845029415562749,
    0.0017710378160700202,
    0.002252789679914713,
    0.001964336493983865,
    0.0020701829344034195,
    0.0021086365450173616,
    0.001966023351997137,
    0.0019146330887451768,
    0.0016708550974726677,
    0.0016775571275502443,
    0.001856781542301178,
    0.0017168042249977589,
    0.0018456863472238183,
    0.0021736733615398407,
    0.0019124392420053482,
    0.001975469756871462,
    0.001905409386381507,
    0.0019317695405334234,
    0.0017745164223015308,
    0.002010038122534752,
    0.0018077966524288058,
    0.0023655116092413664,
    0.0020157750695943832,
    0.0017760824412107468,
    0.001924100797623396,
    0.0017319966573268175,
    0.002134347101673484,
    0.001918163150548935,
    0.0019277890678495169,
    0.0012720802333205938,
    0.0019516539759933949,
    0.001645706593990326,
    0.0019081125501543283,
    0.0018614809960126877,
    0.0020469133742153645,
    0.0020115049555897713,
    0.0019719749689102173,
    0.0020545360166579485,
    0.001844222191721201,
    0.0019912896677851677,
    0.0020870440639555454,
    0.0020785355009138584,
    0.001983816735446453,
    0.0018964526243507862,
    0.0017668455839157104,
    0.0018749404698610306,
    0.001870413077995181,
    0.0018568765372037888,
    0.0019513003062456846,
    0.0019486157689243555,
    0.0020310929976403713,
    0.0019019398605450988,
    0.0019007602240890265,
    0.0017954015638679266,
    0.0020764677319675684,
    0.0017507013399153948,
    0.001850351458415389,
    0.0022158045321702957,
    0.001702497131191194,
    0.001834211521781981,
    0.0021363538689911366,
    0.0022330121137201786,
    0.0020319842733442783,
    0.001782866194844246,
    0.0018978429725393653,
    0.0021169122774153948,
    0.00210026977583766,
    0.0025431460235267878,
    0.0017642637249082327,
    0.0016787570202723145,
    0.0020023160614073277,
    0.0021642164792865515,
    0.0018711534794420004,
    0.002082263585180044,
    0.0018306109122931957,
    0.0020202710293233395,
    0.0020388728007674217,
    0.0018803153652697802,
    0.0021422666031867266,
    0.0019473056308925152,
    0.002271065954118967,
    0.0022812699899077415,
    0.0021093261893838644,
    0.001629999140277505,
    0.0022397455759346485,
    0.002178377704694867,
    0.002216036431491375,
    0.0018463879823684692,
    0.0022334777750074863,
    0.0019090528367087245,
    0.0017843099776655436,
    0.0019724490121006966,
    0.0017153476364910603,
    0.0018872128566727042,
    0.0023689717054367065,
    0.002003689995035529,
    0.0019815023988485336,
    0.002088842447847128,
    0.0019192758481949568,
    0.0018438536208122969,
    0.002028636634349823,
    0.002164182486012578,
    0.0021119406446814537,
    0.0021870573982596397,
    0.0018816418014466763,
    0.002295120619237423,
    0.002458566566929221,
    0.0019494646694511175,
    0.0019480501068755984,
    0.0020251022651791573,
    0.002368867862969637,
    0.0019000894390046597,
    0.002444885205477476,
    0.0019011343829333782,
    0.0020346646197140217,
    0.0022665662690997124,
    0.002183208242058754,
    0.0019886870868504047,
    0.0017308364622294903,
    0.0018583100754767656,
    0.0019699018448591232,
    0.0018005797173827887,
    0.001913729589432478,
    0.0018244690727442503,
    0.0021354248747229576,
    0.001800333266146481,
    0.0019570423755794764,
    0.0020437012426555157,
    0.001955294283106923,
    0.0017147287726402283,
    0.002034879522398114,
    0.001852658111602068,
    0.001820076024159789,
    0.001962251029908657,
    0.0020966571755707264,
    0.0016368497163057327,
    0.0016672622878104448,
    0.0020194973330944777,
    0.0019520674832165241,
    0.0017661054152995348,
    0.0019265370210632682,
    0.0015364247374236584,
    0.002100028796121478,
    0.0023150858469307423,
    0.0018441121792420745,
    0.00201734178699553,
    0.002272913698107004,
    0.002173790242522955,
    0.0022115823812782764,
    0.002062639221549034,
    0.0018119520973414183,
    0.0021377080120146275,
    0.0021724747493863106,
    0.0022555487230420113,
    0.0018543864134699106,
