{
  "version": "plots/_T_7_5_y0_0_1_network_architectures_4_50_activations_tanh_learning_rates_0_001_collocations_1024_epochs_50000_regularization_reg_derivative_unstable_fp_reg_epochs_1_reg_coeff_10_reg_decay_1_/run_4",
  "seed": 1,
  "y0": 0.1,
  "T": 7.5,
  "N_col": 1024,
  "N_hidden": 4,
  "N_neurons": 50,
  "activation": "tanh",
  "N_epochs": 50000,
  "learning_rate": 0.001,
  "decay_rate": 1.0,
  "freq_log": 100,
  "freq_print": 1000,
  "keys_print": [
    "loss"
  ],
  "freq_save": 0,
  "regularization": "reg_derivative_unstable_fp",
  "reg_coeff": 10,
  "reg_decay": 1,
  "reg_epochs": 1,
  "loss": [
    0.10456233471632004,
    0.01380551140755415,
    0.00837645586580038,
    0.007812991738319397,
    0.006578537635505199,
    0.007804189808666706,
    0.0072101932018995285,
    0.007129371631890535,
    0.006879623979330063,
    0.006052926182746887,
    0.005780324339866638,
    0.007519669830799103,
    0.006955992896109819,
    0.007518904283642769,
    0.006659416016191244,
    0.007631564512848854,
    0.005318324081599712,
    0.007078529801219702,
    0.006156432908028364,
    0.00630754791200161,
    0.006975982338190079,
    0.00565950945019722,
    0.006105940323323011,
    0.0066940938122570515,
    0.006625366862863302,
    0.007127287797629833,
    0.005818989127874374,
    0.006079465616494417,
    0.0059887925162911415,
    0.007242302410304546,
    0.0066211330704391,
    0.0066458904184401035,
    0.005811712238937616,
    0.005948892794549465,
    0.006442793644964695,
    0.005693307612091303,
    0.006831651087850332,
    0.006576073355972767,
    0.006858620792627335,
    0.00526038184762001,
    0.00626335060223937,
    0.006692086812108755,
    0.006683670450001955,
    0.006026044487953186,
    0.006095741875469685,
    0.006170198787003756,
    0.005503559019416571,
    0.0062932902947068214,
    0.006255857180804014,
    0.006103965919464827,
    0.006534339860081673,
    0.005692287813872099,
    0.006771918851882219,
    0.006594313308596611,
    0.00701906718313694,
    0.006510342005640268,
    0.006621872074902058,
    0.005755817051976919,
    0.006773947738111019,
    0.006557767279446125,
    0.006101354490965605,
    0.005755035672336817,
    0.007206182461231947,
    0.006516676861792803,
    0.007137036882340908,
    0.006017253268510103,
    0.006299533415585756,
    0.0060394881293177605,
    0.0066827754490077496,
    0.006070571020245552,
    0.006348749157041311,
    0.006338424049317837,
    0.006190202664583921,
    0.007447230163961649,
    0.006343857850879431,
    0.005576061084866524,
    0.007319851778447628,
    0.007079374510794878,
    0.006723732687532902,
    0.006386473774909973,
    0.006408576853573322,
    0.006276875734329224,
    0.005976040381938219,
    0.006134950555860996,
    0.006601938512176275,
    0.005730445962399244,
    0.007090440951287746,
    0.006744823884218931,
    0.00578744150698185,
    0.0057653761468827724,
    0.006325250491499901,
    0.005143151152879,
    0.005940203554928303,
    0.005547289736568928,
    0.006096533965319395,
    0.006321446038782597,
    0.006027116905897856,
    0.00602469127625227,
    0.006917330902069807,
    0.006577551830559969,
    0.005486893933266401,
    0.005604247096925974,
    0.00659395195543766,
    0.006096585188060999,
    0.005975926760584116,
    0.007374236360192299,
    0.005741509143263102,
    0.006117158569395542,
    0.006367680616676807,
    0.0062733846716582775,
    0.006453772075474262,
    0.006273876875638962,
    0.006518233567476273,
    0.005991371814161539,
    0.005704432260245085,
    0.00668084854260087,
    0.005808830261230469,
    0.006079172715544701,
    0.005922285374253988,
    0.0067690289579331875,
    0.006862490903586149,
    0.006609891541302204,
    0.006101807113736868,
    0.0056153032928705215,
    0.005467659793794155,
    0.0070914337411522865,
    0.006171784363687038,
    0.0065046618692576885,
    0.006299678701907396,
    0.006416496820747852,
    0.005724349990487099,
    0.005174307152628899,
    0.005333360284566879,
    0.005569604691118002,
    0.005134747363626957,
    0.005834764335304499,
    0.006703185848891735,
    0.005606177728623152,
    0.006064257584512234,
    0.006013365462422371,
    0.0058354721404612064,
    0.00552031397819519,
    0.0065042367205023766,
    0.005486228037625551,
    0.007258598227053881,
    0.006284464616328478,
    0.005596213508397341,
    0.006171148270368576,
    0.005629910621792078,
    0.006441800855100155,
    0.006130784284323454,
    0.00637916149571538,
    0.0040512969717383385,
    0.0060760993510484695,
    0.005009436048567295,
    0.006004301831126213,
    0.005840380676090717,
    0.006421598605811596,
    0.006071134470403194,
    0.005845470819622278,
    0.00628214655444026,
    0.005998593755066395,
    0.006081294734030962,
    0.006365057080984116,
    0.006365833804011345,
    0.0063047162257134914,
    0.006006771232932806,
    0.0054771071299910545,
    0.00584516953676939,
    0.006031458731740713,
    0.0058094714768230915,
    0.0061904555186629295,
    0.006102998275309801,
    0.006396729964762926,
    0.00600326107814908,
    0.005749658215790987,
    0.005919887684285641,
    0.006516078487038612,
    0.005433971993625164,
    0.00605948967859149,
    0.007421816233545542,
    0.005600914824754,
    0.005817938130348921,
    0.006887088064104319,
    0.006747246719896793,
    0.0065978211350739,
    0.005801828112453222,
    0.006024077069014311,
    0.006539987400174141,
    0.006370184943079948,
    0.007665736600756645,
    0.005643012002110481,
    0.0052619329653680325,
    0.006310340482741594,
    0.006715201772749424,
    0.0059317322447896,
    0.006375064142048359,
    0.005968200042843819,
    0.006249094381928444,
    0.006164233200252056,
    0.005659456364810467,
    0.006573048885911703,
    0.006490936502814293,
    0.007012628950178623,
    0.006881454028189182,
    0.006441260688006878,
    0.005327087827026844,
    0.006850677076727152,
    0.006676537916064262,
    0.006712990812957287,
    0.005954776890575886,
    0.007050283253192902,
    0.0058373017236590385,
    0.005644885823130608,
    0.0060701617039740086,
    0.005602759774774313,
    0.006060534156858921,
    0.00721229100599885,
    0.006174448877573013,
    0.006076590158045292,
    0.006314047146588564,
    0.006001622416079044,
    0.006052348297089338,
    0.006582716479897499,
    0.006519639864563942,
    0.006466126535087824,
    0.006526361685246229,
    0.005865522660315037,
    0.00701830442994833,
    0.007486766204237938,
    0.005865289364010096,
    0.005998313892632723,
    0.0061724260449409485,
    0.007370124105364084,
    0.005721885710954666,
    0.007694463711231947,
    0.0059587289579212666,
    0.006190557964146137,
    0.007129713427275419,
    0.006950214970856905,
    0.006209514103829861,
    0.005327634513378143,
    0.006147207226604223,
    0.005778898485004902,
    0.0056899250485002995,
    0.0060338512994349,
    0.005476584658026695,
    0.006577028427273035,
    0.00580797391012311,
    0.0062825060449540615,
    0.006336391903460026,
    0.005874164868146181,
    0.005586749874055386,
    0.006381310056895018,
    0.00580859649926424,
    0.0057228440418839455,
    0.006303722970187664,
    0.006473023444414139,
    0.005210560746490955,
    0.005277525633573532,
    0.006521113216876984,
    0.00607083085924387,
    0.00592041015625,
    0.00614934042096138,
    0.005125465802848339,
    0.006816465873271227,
    0.006814703345298767,
    0.005927776452153921,
    0.006246549542993307,
    0.0069726621732115746,
    0.0068433852866292,
    0.006370687857270241,
    0.006046132650226355,
    0.005671148654073477,
    0.006807159632444382,
    0.006888790056109428,
    0.007125851232558489,
    0.005731869488954544,
    0.007169635966420174,
    0.006281526759266853,
    0.006048082839697599,
    0.006907794624567032,
    0.006140970624983311,
    0.0068433270789682865,
