{
  "version": "plots/_T_10_y0_0_01_network_architectures_4_50_activations_tanh_learning_rates_0_001_collocations_1024_epochs_50000_regularization_reg_derivative_unstable_fp_reg_epochs_1_reg_coeff_100000_reg_decay_1_/run_7",
  "seed": 1,
  "y0": 0.01,
  "T": 10,
  "N_col": 1024,
  "N_hidden": 4,
  "N_neurons": 50,
  "activation": "tanh",
  "N_epochs": 50000,
  "learning_rate": 0.001,
  "decay_rate": 1.0,
  "freq_log": 100,
  "freq_print": 1000,
  "keys_print": [
    "loss"
  ],
  "freq_save": 0,
  "regularization": "reg_derivative_unstable_fp",
  "reg_coeff": 100000,
  "reg_decay": 1,
  "reg_epochs": 1,
  "loss": [
    0.4822077453136444,
    0.008835994638502598,
    0.007272657938301563,
    0.0060413796454668045,
    0.0037179479841142893,
    0.0033316058106720448,
    0.004096804652363062,
    0.0038841674104332924,
    0.0027543476317077875,
    0.0026481281965970993,
    0.0021215130109339952,
    0.004047989845275879,
    0.002691921778023243,
    0.00297322659753263,
    0.002697843126952648,
    0.0029638076666742563,
    0.002145150676369667,
    0.003423528978601098,
    0.0021674272138625383,
    0.001971181947737932,
    0.003373571904376149,
    0.002012542448937893,
    0.0017236917046830058,
    0.0019229963654652238,
    0.0015321280807256699,
    0.0016479892656207085,
    0.0014268773375079036,
    0.0012051963713020086,
    0.0007320338045246899,
    0.0018215145682916045,
    0.000674624927341938,
    0.0011724233627319336,
    0.0007552079623565078,
    0.0006303320988081396,
    0.001010007574222982,
    0.000990453758276999,
    0.0010668939212337136,
    0.0007800674648024142,
    0.001515488140285015,
    0.0008453911286778748,
    0.0010722522856667638,
    0.0014037800719961524,
    0.000945027160923928,
    0.0009130070684477687,
    0.0012415233068168163,
    0.0007523628300987184,
    0.0009421243448741734,
    0.0007151436293497682,
    0.0011166350450366735,
    0.0011909230379387736,
    0.000794578343629837,
    0.0009093998232856393,
    0.0013369097141548991,
    0.0006970291142351925,
    0.0005937994574196637,
    0.0008686807123012841,
    0.0015513382386416197,
    0.0005727738025598228,
    0.0010787001810967922,
    0.0011648214422166348,
    0.001361867762170732,
    0.0011950479820370674,
    0.0007427220698446035,
    0.0003930300008505583,
    0.0008673039847053587,
    0.0009596970630809665,
    0.0007456365856342018,
    0.00092507858062163,
    0.0006120656616985798,
    0.0007685847231186926,
    0.0010357226710766554,
    0.0012385302688926458,
    0.0007333345129154623,
    0.0016087183030322194,
    0.000668626744300127,
    0.0001935408654389903,
    0.0011860397644340992,
    0.0009622260695323348,
    0.0009599109762348235,
    0.0002289380063302815,
    0.001269026193767786,
    0.001320726121775806,
    0.000583525572437793,
    0.0006301412358880043,
    0.0005271489499136806,
    0.0007306300103664398,
    0.000500648224260658,
    0.0007096900953911245,
    0.0009137331508100033,
    0.0007533446769230068,
    0.000888319977093488,
    0.0005189246730878949,
    0.0005971581558696926,
    0.0003434092504903674,
    0.0006304366397671402,
    0.0007472016732208431,
    0.0007394994609057903,
    0.0010426618391647935,
    0.0006932973628863692,
    0.0013868908863514662,
    0.00043983652722090483,
    0.001447688089683652,
    0.0006306683644652367,
    0.0009459511493332684,
    0.0009518290753476322,
    0.0013033518334850669,
    0.000565101217944175,
    0.04503313824534416,
    0.03438509255647659,
    0.02613244578242302,
    0.025389261543750763,
    0.025811875239014626,
    0.024531351402401924,
    0.02456088550388813,
    0.019255133345723152,
    0.024864094331860542,
    0.019904717803001404,
    0.02202787436544895,
    0.0196443572640419,
    0.024624111130833626,
    0.025826649740338326,
    0.020957261323928833,
    0.020872313529253006,
    0.019183073192834854,
    0.018821191042661667,
    0.024282755330204964,
    0.01956217736005783,
    0.018885035067796707,
    0.020073452964425087,
    0.018658312037587166,
    0.01684947870671749,
    0.014086124487221241,
    0.015996867790818214,
    0.017541591078042984,
    0.01377202570438385,
    0.015026167035102844,
    0.018022293224930763,
    0.013700119219720364,
    0.014346316456794739,
    0.014258929528295994,
    0.013560517691075802,
    0.011909758672118187,
    0.014162321574985981,
    0.010838407091796398,
    0.015068941749632359,
    0.012095053680241108,
    0.010175793431699276,
    0.010663305409252644,
    0.009982925839722157,
    0.011163580231368542,
    0.009697511792182922,
    0.009494275785982609,
    0.005812514573335648,
    0.008275657892227173,
    0.006697153206914663,
    0.007283596321940422,
    0.006805032026022673,
    0.007375373039394617,
    0.006738679017871618,
    0.006251380778849125,
    0.005872027017176151,
    0.0050642178393900394,
    0.005132986232638359,
    0.004937225487083197,
    0.004612958990037441,
    0.003933064639568329,
    0.0034042818006128073,
    0.0030064040329307318,
    0.002886151196435094,
    0.002484902972355485,
    0.0023835173342376947,
    0.0022254427894949913,
    0.002069411100819707,
    0.0021373690105974674,
    0.001813276787288487,
    0.001931286184117198,
    0.0014425987610593438,
    0.0016846195794641972,
    0.0015306576387956738,
    0.0012825067387893796,
    0.0014653695980086923,
    0.0011531338095664978,
    0.001345249474979937,
    0.0013757920823991299,
    0.0019479031907394528,
    0.0011250852840021253,
    0.0009107981459237635,
    0.0011589989298954606,
    0.0014873023610562086,
    0.0014520884724333882,
    0.001880780328065157,
    0.0010074380552396178,
    0.00097763875965029,
    0.0008042791741900146,
    0.0010406689252704382,
    0.0009884544415399432,
    0.0014569758204743266,
    0.0007199645042419434,
    0.00098017742857337,
    0.0008956529200077057,
    0.0012820763513445854,
    0.0014220749726518989,
    0.0006504093180410564,
    0.0011523094726726413,
    0.0013349471846595407,
    0.0010382176842540503,
    0.0005683041526935995,
    0.0010622397530823946,
    0.0009566391236148775,
    0.0014732371782884002,
    0.000730379659216851,
    0.0009021193836815655,
    0.000983565580099821,
    0.0009517748258076608,
    0.0007925208192318678,
    0.0006357764359563589,
    0.0007263482548296452,
    0.0011462346883490682,
    0.0010464458027854562,
    0.0012095255078747869,
    0.0014468258013948798,
    0.0009254749747924507,
    0.0004742341989185661,
    0.0006940456805750728,
    0.0011780522763729095,
    0.0008254010463133454,
    0.0008781435317359865,
    0.0005652005202136934,
    0.0009708252036944032,
    0.0013753389939665794,
    0.0009060169104486704,
    0.0009405782911926508,
    0.000629028188996017,
    0.0009600144112482667,
    0.0010976196499541402,
    0.0008607381605543196,
    0.000869809533469379,
    0.0006768263992853463,
    0.000805417075753212,
    0.0005564920138567686,
    0.0006267464486882091,
    0.0005079496186226606,
    0.0003269188746344298,
    0.0013781872112303972,
    0.00044037806219421327,
    0.00046103811473585665,
    0.0009352483320981264,
    0.0006801379495300353,
    0.0005526397726498544,
    0.0005626793135888875,
    0.0007388237863779068,
    0.0009607659303583205,
    0.0007135722553357482,
    0.0008986924076452851,
    0.0006900923326611519,
    0.0006628568517044187,
    0.000252425204962492,
    0.0006870122742839158,
    0.0005609907675534487,
    0.0014032348990440369,
    0.0005925396690145135,
    0.0007653852226212621,
    0.0009264014661312103,
    0.0006660049548372626,
    0.0003632805310189724,
    0.0007068467675708234,
    0.0013984509278088808,
    0.0006306738359853625,
    0.0009416541433893144,
    0.0010156217031180859,
    0.0006637653568759561,
    0.0011049517197534442,
    0.0010415795259177685,
    0.0006148482207208872,
    0.00022373965475708246,
    0.0007545296102762222,
    0.00043152415310032666,
