{
  "version": "plots/_T_10_y0_0_1_network_architectures_4_50_activations_tanh_learning_rates_0_001_collocations_1024_epochs_50000_regularization_no_reg_reg_epochs_1_reg_coeff_10_reg_decay_1_/run_4",
  "seed": 1,
  "y0": 0.1,
  "T": 10,
  "N_col": 1024,
  "N_hidden": 4,
  "N_neurons": 50,
  "activation": "tanh",
  "N_epochs": 50000,
  "learning_rate": 0.001,
  "decay_rate": 1.0,
  "freq_log": 100,
  "freq_print": 1000,
  "keys_print": [
    "loss"
  ],
  "freq_save": 0,
  "regularization": "no_reg",
  "reg_coeff": 10,
  "reg_decay": 1,
  "reg_epochs": 1,
  "loss": [
    0.10792242735624313,
    0.0019373445538803935,
    0.0018584162462502718,
    0.0020281742326915264,
    0.0018237268086522818,
    0.0021056884434074163,
    0.002057339297607541,
    0.0021188922692090273,
    0.0020357954781502485,
    0.0018791162874549627,
    0.0016787205822765827,
    0.002358311554417014,
    0.002113017253577709,
    0.0024036280810832977,
    0.0021648434922099113,
    0.002352639567106962,
    0.001694055856205523,
    0.002345035085454583,
    0.0019391868263483047,
    0.0019645036663860083,
    0.0022015273571014404,
    0.001868673600256443,
    0.0019410300301387906,
    0.0021957717835903168,
    0.0020181648433208466,
    0.0020085014402866364,
    0.0018957910360768437,
    0.0018619127804413438,
    0.0017785296076908708,
    0.0023642953019589186,
    0.002040381543338299,
    0.0020899921655654907,
    0.0017887451685965061,
    0.0018008181359618902,
    0.0020038518123328686,
    0.0018847694154828787,
    0.0021244075614959,
    0.00202240701764822,
    0.002314500045031309,
    0.0016561306547373533,
    0.001989383017644286,
    0.002206783276051283,
    0.00197700597345829,
    0.001939844572916627,
    0.0020235287956893444,
    0.0019393630791455507,
    0.001763815525919199,
    0.0020292396657168865,
    0.002074659802019596,
    0.001994099235162139,
    0.002010185504332185,
    0.0019071728456765413,
    0.0022004670463502407,
    0.002086855238303542,
    0.0022405399940907955,
    0.001994772581383586,
    0.002175077795982361,
    0.0018485687905922532,
    0.0022239401005208492,
    0.002145654521882534,
    0.002034923294559121,
    0.001972060650587082,
    0.002202035626396537,
    0.0019074095180258155,
    0.0022257952950894833,
    0.0019499055342748761,
    0.0018732515163719654,
    0.0019174471963196993,
    0.002043226733803749,
    0.0018889781786128879,
    0.001979581080377102,
    0.0020391535945236683,
    0.001882081851363182,
    0.0023571946658194065,
    0.0019441006006672978,
    0.001643863506615162,
    0.002386159263551235,
    0.0021532250102609396,
    0.002195861656218767,
    0.0019172545289620757,
    0.002143510617315769,
    0.0020354597363620996,
    0.0018366214353591204,
    0.0019509296398609877,
    0.0020579576957970858,
    0.0017811836441978812,
    0.002124061807990074,
    0.0020884419791400433,
    0.0019125533290207386,
    0.0018704537069424987,
    0.0020253718830645084,
    0.00166504445951432,
    0.0018751618918031454,
    0.001651728875003755,
    0.0020197699777781963,
    0.0020248161163181067,
    0.0020042078103870153,
    0.0019895927980542183,
    0.0022042482160031796,
    0.0022546446416527033,
    0.0016065274830907583,
    0.0019303919980302453,
    0.0020768314134329557,
    0.0019736906979233027,
    0.0018582061165943742,
    0.00242819357663393,
    0.0019089679699391127,
    0.002016426995396614,
    0.0020118672400712967,
    0.0020148539915680885,
    0.0020492002367973328,
    0.002082731109112501,
    0.0021115648560225964,
    0.0019806032069027424,
    0.0017810056451708078,
    0.0020853576716035604,
    0.0018817970994859934,
    0.0018932351376861334,
    0.001925769611261785,
    0.002160706091672182,
    0.002220430178567767,
    0.0020492011681199074,
    0.001967645948752761,
    0.0018486932385712862,
    0.0017847034614533186,
    0.0022551745641976595,
    0.0019634554628282785,
    0.0020688693039119244,
    0.0021078165154904127,
    0.0019687144085764885,
    0.0019204351119697094,
    0.0016696681268513203,
    0.0016656904481351376,
    0.001853362424299121,
    0.001723652589134872,
    0.0018520362209528685,
    0.0021559693850576878,
    0.0018988772062584758,
    0.0019481205381453037,
    0.001896676723845303,
    0.001931086415424943,
    0.0017662018071860075,
    0.002014376688748598,
    0.0018113688565790653,
    0.0023655041586607695,
    0.00201594945974648,
    0.0017746594967320561,
    0.0019136785995215178,
    0.0017317403107881546,
    0.0021372789051383734,
    0.0019137052586302161,
    0.0019228048622608185,
    0.0012741571990773082,
    0.0019431482069194317,
    0.0016496146563440561,
    0.0018984737107530236,
    0.0018596446607261896,
    0.0020387531258165836,
    0.0020124944858253,
    0.0019571890588849783,
    0.0020406192634254694,
    0.0018442997243255377,
    0.001990888500586152,
    0.002089083194732666,
    0.0020765168592333794,
    0.001991047989577055,
    0.00189297238830477,
    0.0017664598999544978,
    0.0018760367529466748,
    0.0018702722154557705,
    0.0018644144292920828,
    0.0019504018127918243,
    0.0019551406148821115,
    0.0020323763601481915,
    0.0019011273980140686,
    0.0019049901748076081,
    0.001799300080165267,
    0.002079309895634651,
    0.0017643978353589773,
    0.0018520125886425376,
    0.0022136541083455086,
    0.0017037132056429982,
    0.0018355747452005744,
    0.0021469159983098507,
    0.0022421537432819605,
    0.002038228092715144,
    0.0017833469901233912,
    0.0019003280904144049,
    0.0021097534336149693,
    0.0021010199561715126,
    0.0025398298166692257,
    0.001767052453942597,
    0.0016735029639676213,
    0.0020038692746311426,
    0.0021658302284777164,
    0.0018746673595160246,
    0.002090675523504615,
    0.0018235077150166035,
    0.0020183685701340437,
    0.002043458167463541,
    0.001881173811852932,
    0.002140977419912815,
    0.0019489985425025225,
    0.0022621892858296633,
    0.0022838162258267403,
    0.0021100835874676704,
    0.0016223866259679198,
    0.0022425653878599405,
    0.002160075819119811,
    0.0022037415765225887,
    0.0018556490540504456,
    0.002237257082015276,
    0.0019064605003222823,
    0.0017811547731980681,
    0.001969559583812952,
    0.0017144561279565096,
    0.0018849853659048676,
    0.0023727333173155785,
    0.002000759355723858,
    0.001978997839614749,
    0.002094593830406666,
    0.001924881711602211,
    0.0018549433443695307,
    0.0020345496013760567,
    0.002165707293897867,
    0.002110141795128584,
    0.0021852063946425915,
    0.0018833817448467016,
    0.0022918046452105045,
    0.0024469494819641113,
    0.0019482908537611365,
    0.0019431242253631353,
    0.002025050576776266,
    0.002369326539337635,
    0.0018961868481710553,
    0.0024420469999313354,
    0.0019029367249459028,
    0.002030388917773962,
    0.002265640301629901,
    0.002182553056627512,
    0.001988515257835388,
    0.0017307681264355779,
    0.001862228848040104,
    0.001973413862287998,
    0.0018028940539807081,
    0.0019199614180251956,
    0.0018210806883871555,
    0.0021371229086071253,
    0.001800341298803687,
    0.0019497403409332037,
    0.002036956138908863,
    0.001953630242496729,
    0.0017166129546239972,
    0.002032321412116289,
    0.0018519333098083735,
    0.0018214179435744882,
    0.0019613003823906183,
    0.002080690348520875,
    0.0016309807542711496,
    0.0016593511682003736,
    0.002018638188019395,
    0.0019525407114997506,
    0.001761813648045063,
    0.001924579730257392,
    0.0015418895054608583,
    0.0021019107662141323,
    0.0023032939061522484,
    0.0018439504783600569,
    0.0020128367468714714,
    0.0022709746845066547,
    0.0021749339066445827,
    0.0022171013988554478,
    0.0020652113016694784,
    0.0018112282268702984,
    0.002138395793735981,
    0.002174230059608817,
    0.002253560349345207,
    0.0018493130337446928,
