{
  "version": "plots/_T_10_y0_0_001_network_architectures_4_50_activations_tanh_learning_rates_0_001_collocations_1024_epochs_50000_regularization_reg_derivative_unstable_fp_reg_epochs_1_reg_coeff_100000_reg_decay_1_/run_1",
  "seed": 1,
  "y0": 0.001,
  "T": 10,
  "N_col": 1024,
  "N_hidden": 4,
  "N_neurons": 50,
  "activation": "tanh",
  "N_epochs": 50000,
  "learning_rate": 0.001,
  "decay_rate": 1.0,
  "freq_log": 100,
  "freq_print": 1000,
  "keys_print": [
    "loss"
  ],
  "freq_save": 0,
  "regularization": "reg_derivative_unstable_fp",
  "reg_coeff": 100000,
  "reg_decay": 1,
  "reg_epochs": 1,
  "loss": [
    0.05981474369764328,
    0.010689033195376396,
    0.007010418921709061,
    0.005918965674936771,
    0.005361255723983049,
    0.005525123327970505,
    0.0042763142846524715,
    0.0024250377900898457,
    0.0017218822613358498,
    0.0014094016514718533,
    0.0012210768181830645,
    0.001210285583510995,
    0.0010052965953946114,
    0.0009979360038414598,
    0.0007732716621831059,
    0.0006600440246984363,
    0.0005100084817968309,
    0.0005278937751427293,
    0.00031874957494437695,
    0.0002252651465823874,
    0.00019166548736393452,
    0.00010185559222009033,
    0.000107777894299943,
    8.295149746118113e-05,
    3.600538184400648e-05,
    3.0342220270540565e-05,
    0.0001237021351698786,
    1.5999532479327172e-05,
    1.1555471246538218e-05,
    9.528207738185301e-05,
    0.03265243023633957,
    0.00527963787317276,
    0.0018247533589601517,
    0.0009658017079345882,
    0.0008070202893577516,
    0.0006950077950023115,
    0.0007074283203110099,
    0.0004789697995875031,
    0.0009032418020069599,
    0.0004992191097699106,
    0.0004645997250918299,
    0.0007742565358057618,
    0.0004634126671589911,
    0.0005712598212994635,
    0.0005663549527525902,
    0.0003554352151695639,
    0.0005979033885523677,
    0.0002368092245887965,
    0.00031600185320712626,
    0.000450257386546582,
    0.0003745959256775677,
    0.00036096153780817986,
    0.00040595937753096223,
    0.0008051772019825876,
    0.00017900310922414064,
    0.00023417637567035854,
    0.0003232448361814022,
    0.0001531395537313074,
    0.0004060129285790026,
    0.0002464993158355355,
    0.00037643936229869723,
    0.0003224603133276105,
    0.00023099534155335277,
    0.00024084372853394598,
    0.00023730765678919852,
    0.00042460934491828084,
    0.0002812064776662737,
    0.0002238559682155028,
    0.0005528978072106838,
    0.00019839967717416584,
    0.00022726377937942743,
    0.00029127264861017466,
    0.00031787005718797445,
    0.0003302859258837998,
    0.0001310609222855419,
    6.506429781438783e-05,
    0.00036052189534530044,
    0.0001700821303529665,
    0.00029317077132873237,
    6.406522152246907e-05,
    0.0006910413503646851,
    0.00023731152759864926,
    0.00010425429354654625,
    0.00012839134433306754,
    9.805896843317896e-05,
    0.00015351403271779418,
    8.392475865548477e-05,
    0.00010846638906514272,
    0.000205583666684106,
    0.00016895998851396143,
    0.00021279635257087648,
    0.00011850025475723669,
    0.00012914420221932232,
    4.490078572416678e-05,
    0.00017731820116750896,
    0.0002423006808385253,
    0.00015635207819286734,
    0.0002713665016926825,
    0.00015219453780446202,
    0.00026247079949826,
    9.378877439303324e-05,
    0.0002576882252469659,
    0.0001618186361156404,
    0.00012007189070573077,
    0.00016695052909199148,
    0.0002869006711989641,
    0.00012874612002633512,
    0.00023102057457435876,
    0.00011997221736237407,
    4.0739170799497515e-05,
    0.00010503538942430168,
    7.276461838046089e-05,
    6.85413833707571e-05,
    8.521727431798354e-05,
    0.00013605848653241992,
    2.4652301362948492e-05,
    0.0001705979957478121,
    6.950969691388309e-05,
    0.00010792155080707744,
    8.54273748700507e-05,
    0.01017236988991499,
    0.002475450513884425,
    0.0012173471041023731,
    0.0007475268212147057,
    0.0004638551617972553,
    0.0003475230769254267,
    0.0002754516899585724,
    0.00033494451781734824,
    0.0002567153424024582,
    0.00017385368118993938,
    0.00016936229076236486,
    0.00014124720473773777,
    6.331080658128485e-05,
    4.917327532893978e-05,
    0.00016375099949073046,
    0.00011250016541453078,
    0.00013609544839709997,
    9.312258043792099e-05,
    0.00010878782632062212,
    8.251162944361567e-05,
    9.379326365888119e-05,
    0.0002095183590427041,
    5.449574382510036e-05,
    7.175464270403609e-05,
    6.437799311242998e-05,
    5.3225550800561905e-05,
    6.565516378032044e-05,
    5.6828033848432824e-05,
    2.4569884772063233e-05,
    0.00010695185483200476,
    9.58185555646196e-05,
    4.788829028257169e-05,
    1.6176391000044532e-05,
    0.00011569422349566594,
    9.258043428417295e-05,
    8.154407260008156e-05,
    7.682498835492879e-05,
    6.265195406740531e-05,
    0.00015318421355914325,
    0.00012251939915586263,
    0.00010371200187364593,
    3.302764889667742e-05,
    0.00023552082711830735,
    4.537236236501485e-05,
    3.4763477742671967e-05,
    0.000120105869427789,
    4.9903344915946946e-05,
    5.8872894442174584e-05,
    0.0001214262520079501,
    4.581568646244705e-05,
    4.5466964365914464e-05,
    7.025218656053767e-05,
    8.50720789458137e-06,
    0.024987559765577316,
    0.0014740440528839827,
    0.0004353730764705688,
    0.0002481114352121949,
    0.00018558443116489798,
    0.00011653148976620287,
    0.00010118781210621819,
    9.264012624043971e-05,
    6.301163375610486e-05,
    5.430169039755128e-05,
    5.587851774180308e-05,
    4.7781017201486975e-05,
    3.676746564451605e-05,
    2.945154301414732e-05,
    2.7743739337893203e-05,
    2.547246367612388e-05,
    2.4274968382087536e-05,
    2.332752410438843e-05,
    1.5798474123585038e-05,
    1.38238019644632e-05,
    1.6189940652111545e-05,
    1.5232150872179773e-05,
    1.216186228703009e-05,
    1.1523398825374898e-05,
    9.498184226686135e-06,
    1.0150490197702311e-05,
    9.628897714719642e-06,
    8.115110176731832e-06,
    8.02385329734534e-06,
    6.986344487813767e-06,
    6.981429578445386e-06,
    7.402053142868681e-06,
    6.013689471728867e-06,
    4.765987796417903e-06,
    5.512251846084837e-06,
    5.279990091366926e-06,
    4.7936673581716605e-06,
    3.925856162823038e-06,
    4.530185833573341e-06,
    3.4609440717758844e-06,
    3.7301490465324605e-06,
    3.4713912100414746e-06,
    2.8160206966276746e-06,
    3.1957431474438636e-06,
    3.400854211577098e-06,
    2.372059725530562e-06,
    7.130486665118951e-06,
    2.5313956939498894e-06,
    8.692625669937115e-06,
    1.7948516415344784e-06,
    2.860756694644806e-06,
    3.923550593754044e-06,
    0.06552745401859283,
    0.03345306217670441,
    0.02141513302922249,
    0.016436930745840073,
    0.0008245576755143702,
    0.00024153398408088833,
    0.00013246427988633513,
    0.0001394913560943678,
    0.00013207539450377226,
    0.00019629349117167294,
    0.00014966787421144545,
    0.00015394471120089293,
    4.0681730752112344e-05,
    0.00011767985415644944,
    1.855347909440752e-05,
    5.890741522307508e-05,
    0.0001621429983060807,
    6.809968908783048e-06,
    0.00038383572245948017,
    8.142230217345059e-05,
    0.00011904112761840224,
    0.00020373216830193996,
    0.0002125403261743486,
    9.426623000763357e-05,
    0.0001002687931759283,
    0.00015821485430933535,
    0.00017946548177860677,
    2.12644663406536e-05,
    0.00010355217818869278,
    7.184044807218015e-05,
    6.440671131713316e-05,
    2.1134899725439027e-05,
    0.0001294682006118819,
    4.6021614252822474e-05,
    9.275107004214078e-05,
    9.65972722042352e-05,
    9.955708810593933e-05,
    4.6164077502908185e-05,
    7.88453544373624e-05,
    5.615188638330437e-05,
    3.2717831345507875e-05,
    8.865763084031641e-05,
    2.6290994355804287e-05,
    9.485302143730223e-05,
    0.00012792667257599533,
