{
  "version": "plots/_T_10_y0_0_01_network_architectures_4_50_activations_tanh_learning_rates_0_001_collocations_1024_epochs_50000_regularization_unstable_fp_reg_epochs_1_reg_coeff_10_reg_decay_1_/run_7",
  "seed": 1,
  "y0": 0.01,
  "T": 10,
  "N_col": 1024,
  "N_hidden": 4,
  "N_neurons": 50,
  "activation": "tanh",
  "N_epochs": 50000,
  "learning_rate": 0.001,
  "decay_rate": 1.0,
  "freq_log": 100,
  "freq_print": 1000,
  "keys_print": [
    "loss"
  ],
  "freq_save": 0,
  "regularization": "unstable_fp",
  "reg_coeff": 10,
  "reg_decay": 1,
  "reg_epochs": 1,
  "loss": [
    0.09406238794326782,
    0.001089702476747334,
    0.0013577290810644627,
    0.0018205773085355759,
    0.0009600498015061021,
    0.0007154130144044757,
    0.0007262274157255888,
    0.0005187797360122204,
    0.0007533371681347489,
    0.0005373397143557668,
    0.0009432873339392245,
    0.0008820879156701267,
    0.0009376646485179663,
    0.0009440137655474246,
    0.0009198164334520698,
    0.000884748063981533,
    0.0009013328235596418,
    0.0009047180647030473,
    0.0008307754760608077,
    0.0009543655905872583,
    0.0008755131275393069,
    0.0008880718378350139,
    0.0008512923959642649,
    0.0008796472102403641,
    0.0008492479100823402,
    0.0008102229330688715,
    0.0009301351965405047,
    0.0008308122050948441,
    0.0009420341812074184,
    0.0008602081798017025,
    0.0009408046025782824,
    0.0008854018524289131,
    0.0013361902674660087,
    0.00030714800232090056,
    0.00048589103971607983,
    0.00011850478767883033,
    0.00064741016831249,
    0.0005947845638729632,
    0.0005236323340795934,
    0.0005811520386487246,
    0.0004886389942839742,
    0.0004857096937485039,
    0.000485504133393988,
    0.0004989901790395379,
    0.0004202146956231445,
    0.0005267022061161697,
    0.00045279337791725993,
    0.0007263704319484532,
    0.00042483245488256216,
    0.0002667968219611794,
    0.0006713243783451617,
    0.0005078951944597065,
    0.0005686763906851411,
    0.0007310817018151283,
    0.0006364807486534119,
    0.0005920816329307854,
    0.00046076177386566997,
    0.00045845776912756264,
    0.00014085389557294548,
    0.00048467342276126146,
    0.0004814105050172657,
    0.00045559488353319466,
    0.0002624664921313524,
    0.000913538970053196,
    0.0005719443433918059,
    0.00043750350596383214,
    0.0004683032166212797,
    0.0005350881838239729,
    0.00044828676618635654,
    0.0008805484976619482,
    0.0005374508909881115,
    0.0006992563721723855,
    0.00044923374662175775,
    0.0004278291598893702,
    0.0004279984859749675,
    0.00037945160875096917,
    0.0006887317867949605,
    0.0006149219698272645,
    0.0017906661378219724,
    0.0001539203367428854,
    0.000673382543027401,
    0.000753184431232512,
    0.0007028536638244987,
    0.000555921986233443,
    0.0005494607612490654,
    0.0006778102833777666,
    0.0005284954095259309,
    0.0005685741198249161,
    0.0005487097078002989,
    0.0005333639564923942,
    0.0001685151073615998,
    0.0002457865048199892,
    0.0003626484249252826,
    0.0006798874237574637,
    0.0003386762400623411,
    0.00012087459617760032,
    0.0005329465493559837,
    0.0005919846007600427,
    0.0005084600416012108,
    0.0006735394708812237,
    0.00047801414621062577,
    0.000485088094137609,
    0.00048707990208640695,
    0.0005528165493160486,
    0.0005151974037289619,
    0.0004768347425851971,
    0.000640410406049341,
    0.00043630224536173046,
    0.0004036538302898407,
    0.00045120014692656696,
    0.0004410759429447353,
    0.0003992781857959926,
    0.00042866365402005613,
    0.0002633162366691977,
    0.0005571204237639904,
    0.00027093617245554924,
    0.00010691324132494628,
    0.00035981263499706984,
    0.00015232115401886404,
    0.00022048040409572423,
    0.00011238980368943885,
    0.00012707446876447648,
    0.0002754059387370944,
    0.00012735172640532255,
    0.0001853017311077565,
    0.0001887460966827348,
    0.00012310002057347447,
    0.00013123353710398078,
    0.00019183228141628206,
    0.00023940132814459503,
    0.00022885497310198843,
    0.00011417476343922317,
    0.0001648452307563275,
    0.00013459910405799747,
    0.00016297388356179,
    0.00010432457202114165,
    0.0001306779740843922,
    0.00016147321730386466,
    0.0001278488925890997,
    0.00014494385686703026,
    0.0001463262306060642,
    0.000220806454308331,
    0.00022106064716354012,
    0.00011801619257312268,
    0.00010907698015216738,
    0.0001609900500625372,
    0.00011793732846854255,
    0.00013915577437728643,
    0.00010795733396662399,
    0.00011220486339880154,
    0.00018176084267906845,
    0.00020019340445287526,
    0.00013040442718192935,
    0.00021995419228915125,
    0.0001662049617152661,
    0.00018683876260183752,
    0.00011267196532571688,
    0.00014632692909799516,
    0.00013929577835369855,
    0.00011924986756639555,
    0.00015846929454710335,
    0.00010622266563586891,
    0.00011987154721282423,
    0.0002176509442506358,
    0.00013636742369271815,
    0.0001751974632497877,
    0.00012586452066898346,
    0.00021365497377701104,
    0.0001417836028849706,
    0.00017111556371673942,
    0.00011594097304623574,
    0.00010215073416475207,
    0.00011027802975149825,
    0.00012465682812035084,
    0.00012228888226673007,
    0.00017717524315230548,
    0.0001735471305437386,
    0.00016461987979710102,
    0.000153179164044559,
    0.00017335056327283382,
    0.0001970925513887778,
    0.00011769816774176434,
    0.00014086882583796978,
    0.00015523626643698663,
    0.000136330520035699,
    0.00017534210928715765,
    0.0001324064505752176,
    0.00013585446868091822,
    0.00014859356451779604,
    0.00015773094492033124,
    0.00012471392983570695,
    0.00013170135207474232,
    0.00010339329310227185,
    0.00011619371798587963,
    0.0001439465268049389,
    0.00010992167517542839,
    0.00013580129598267376,
    0.00015441715368069708,
    0.0001207785535370931,
    0.00013399618910625577,
    0.00015189082478173077,
    0.0001479763595853001,
    0.00010186094732489437,
    0.00011649633233901113,
    0.00010965303226839751,
    0.00013348532957024872,
    0.00010586129792500287,
    0.00013980195217300206,
    0.00010865769581869245,
    0.00015535122656729072,
    0.00010231724445475265,
    0.00015266420086845756,
    0.00010764066246338189,
    0.00012509549560490996,
    0.00011317097232677042,
    0.0001154894707724452,
    0.0001233924413099885,
    0.00013339283759705722,
    0.00010457420285092667,
    0.00011417832865845412,
    0.00011808563431259245,
    0.00011125270975753665,
    0.00010837479203473777,
    0.0001225446176249534,
    0.00010946700786007568,
    0.00013008294627070427,
    0.0001239391858689487,
    0.00011204210750292987,
    0.000132687360746786,
    0.00012297596549615264,
    0.00011219148291274905,
    0.00013794857659377158,
    0.00010125775588676333,
    0.0001200981714646332,
    0.00010678642138373107,
    0.00013004789070691913,
    0.00011556030949577689,
    0.0001451282441848889,
    0.00010172564361710101,
    0.0001206185988849029,
    0.00011577978148125112,
    0.00011016119970008731,
    0.0001201456761918962,
    0.00013479922199621797,
    0.00010286598990205675,
    0.0001406053197570145,
    0.00013675878290086985,
    0.00014853838365525007,
    0.00010403280612081289,
    0.000116406285087578,
    0.00014507122978102416,
    0.00010661281703505665,
    0.00010508534614928067,
    0.00010205144644714892,
    0.00014218695287127048,
    0.00010768655920401216,
    0.00011092604836449027,
    0.00010660916450433433,
    0.00010555631888564676,
    0.00013808204676024616,
    0.0001385896757710725,
    0.00010112556628882885,
    0.00010171272879233584,
    0.00010417266457807273,
    0.00011233853729208931,
    0.00011679924500640482,
    0.0001347021316178143,
    0.0001416059531038627,
    0.00011804008681792766,
    0.00013044956722296774,
