{
  "version": "model_weights/_T_10_y0_0_1_network_architectures_4_50_activations_tanh_learning_rates_0_001_collocations_1024_epochs_50000_reg_epochs_0_reg_coeff_1_reg_decay_1_/run_5",
  "seed": 1,
  "y0": 0.1,
  "T": 10,
  "N_col": 1024,
  "N_hidden": 4,
  "N_neurons": 50,
  "activation": "tanh",
  "N_epochs": 50000,
  "learning_rate": 0.001,
  "decay_rate": 1.0,
  "freq_log": 100,
  "freq_print": 1000,
  "keys_print": [
    "loss"
  ],
  "freq_save": 0,
  "reg_coeff": 1,
  "reg_decay": 1,
  "reg_epochs": 0,
  "loss": [
    0.14115741848945618,
    0.001954373437911272,
    0.0018614346627146006,
    0.0020363824442029,
    0.0018346342258155346,
    0.0021076651755720377,
    0.0020617456175386906,
    0.0021200058981776237,
    0.0020510158501565456,
    0.0018816128140315413,
    0.0016990189906209707,
    0.002356176031753421,
    0.0021210459526628256,
    0.0025692791678011417,
    0.0021526196505874395,
    0.0023536307271569967,
    0.0016628464218229055,
    0.00236363522708416,
    0.0019123258534818888,
    0.0019530034624040127,
    0.0020846864208579063,
    0.001847919775173068,
    0.0018871843349188566,
    0.0021645394153892994,
    0.002015064936131239,
    0.002015091944485903,
    0.0019054948352277279,
    0.001861977158114314,
    0.0017639107536524534,
    0.002369049470871687,
    0.002019554376602173,
    0.002087261760607362,
    0.0018161134794354439,
    0.0017913335468620062,
    0.0020028494764119387,
    0.002003425732254982,
    0.002125643892213702,
    0.0020308909006416798,
    0.002317153848707676,
    0.0016510769492015243,
    0.002001027576625347,
    0.0022296432871371508,
    0.0019791319500654936,
    0.0019430757965892553,
    0.0020303241908550262,
    0.0019639930687844753,
    0.0017672944813966751,
    0.002037910744547844,
    0.0020889625884592533,
    0.001995701342821121,
    0.00204303115606308,
    0.001905025215819478,
    0.0022090133279561996,
    0.0020817131735384464,
    0.002249698154628277,
    0.001979217864573002,
    0.002170899882912636,
    0.0018496731063351035,
    0.0022323811426758766,
    0.002183467848226428,
    0.0020351717248559,
    0.001992971869185567,
    0.0022065225057303905,
    0.00190692488104105,
    0.0022456415463238955,
    0.0019523970549926162,
    0.0019176100613549352,
    0.0019206464057788253,
    0.0020363391377031803,
    0.0018909035716205835,
    0.0019790322985500097,
    0.0021322881802916527,
    0.0019062121864408255,
    0.002393542556092143,
    0.002005608519539237,
    0.0016655821818858385,
    0.0023846090771257877,
    0.002168254926800728,
    0.002187658566981554,
    0.0019377219723537564,
    0.0021557342261075974,
    0.002039380604401231,
    0.0020143347792327404,
    0.001955295680090785,
    0.0020595297683030367,
    0.0017752565909177065,
    0.0021180848125368357,
    0.0020933684427291155,
    0.0019263760186731815,
    0.0018870537169277668,
    0.0020271013490855694,
    0.0016544372774660587,
    0.001878587412647903,
    0.0016641428228467703,
    0.00202273391187191,
    0.002008938230574131,
    0.0020087435841560364,
    0.0020105019211769104,
    0.002198998350650072,
    0.0022514830343425274,
    0.0016218243399634957,
    0.0019348199712112546,
    0.002074078656733036,
    0.0019573033787310123,
    0.0018834038637578487,
    0.0024402691051363945,
    0.0019159644143655896,
    0.002064881380647421,
    0.001997341401875019,
    0.002012004377320409,
    0.0020542368292808533,
    0.002064250875264406,
    0.002139984630048275,
    0.001987398136407137,
    0.001784970285370946,
    0.0020860435906797647,
    0.0018835128284990788,
    0.0018838769756257534,
    0.0019265064038336277,
    0.0021599780302494764,
    0.002235192572697997,
    0.002038052538409829,
    0.001964609371498227,
    0.0018390176119282842,
    0.0017680772580206394,
    0.0022760662250220776,
    0.0019778297282755375,
    0.002069415058940649,
    0.0021506997290998697,
    0.0019711903296411037,
    0.001979575492441654,
    0.001673887250944972,
    0.0016700215637683868,
    0.001857295399531722,
    0.0017307413509115577,
    0.0018549261149019003,
    0.002200506627559662,
    0.0019082376966252923,
    0.001972827361896634,
    0.0019021389307454228,
    0.0019301465945318341,
    0.0017850794829428196,
    0.002028666902333498,
    0.0018226327374577522,
    0.002373133786022663,
    0.0020168418996036053,
    0.0017796359024941921,
    0.0019328601192682981,
    0.0017354290466755629,
    0.002128326566889882,
    0.0019117181655019522,
    0.001931052072905004,
    0.001253077876754105,
    0.0020071601029485464,
    0.0016580130904912949,
    0.0019338263664394617,
    0.0018666086252778769,
    0.0020464907865971327,
    0.0020188745111227036,
    0.0019607478752732277,
    0.002085648011416197,
    0.0018454965902492404,
    0.0019848933443427086,
    0.0020823837257921696,
    0.00207399670034647,
    0.0019870817195624113,
    0.0018904015887528658,
    0.0017736204899847507,
    0.0018852024804800749,
    0.001875641057267785,
    0.0018578016897663474,
    0.001960355555638671,
    0.001962167676538229,
    0.002031917218118906,
    0.001897564623504877,
    0.0018944949842989445,
    0.0018047961639240384,
    0.002078406512737274,
    0.0017502412665635347,
    0.0018472091760486364,
    0.0022201859392225742,
    0.0017039942322298884,
    0.0018322434043511748,
    0.002139126881957054,
    0.002227787859737873,
    0.0020398697815835476,
    0.0017787027172744274,
    0.001907353289425373,
    0.0021195118315517902,
    0.002102600410580635,
    0.002555547282099724,
    0.0017795322928577662,
    0.0016754353418946266,
    0.002003307454288006,
    0.002167885424569249,
    0.0018711005104705691,
    0.002089165151119232,
    0.0018404341535642743,
    0.0020266035571694374,
    0.0020540887489914894,
    0.0018762724939733744,
    0.002144075697287917,
    0.0019448257517069578,
    0.002282851841300726,
    0.0022730608470737934,
    0.0021218860056251287,
    0.0016294209053739905,
    0.00223729619756341,
    0.0021690810099244118,
    0.0022246662992984056,
    0.001844489946961403,
    0.00223184353671968,
    0.0019304514862596989,
    0.0017828450072556734,
    0.001946187112480402,
    0.0017118852119892836,
    0.0018999644089490175,
    0.0023630710784345865,
    0.0020021640229970217,
    0.0019775028340518475,
    0.0020922068506479263,
    0.0019185171695426106,
    0.0018470808863639832,
    0.002028311602771282,
    0.0021735141053795815,
    0.002109340624883771,
    0.0021900120191276073,
    0.0018826678860932589,
    0.0022905212827026844,
    0.0024685044772922993,
    0.0019522143993526697,
    0.0019492021529003978,
    0.0020245215855538845,
    0.0023687437642365694,
    0.0019154885085299611,
    0.002444532699882984,
    0.0019021955085918307,
    0.002030337229371071,
    0.002266645897179842,
    0.0021782959811389446,
    0.001989152282476425,
    0.0017304472858086228,
    0.00185654335655272,
    0.001978095155209303,
    0.0018149660900235176,
    0.0019159745424985886,
    0.0018261974910274148,
    0.002141219563782215,
    0.0018024081364274025,
    0.0019484900403767824,
    0.0020410874858498573,
    0.0019567133858799934,
    0.001725258189253509,
    0.0020378129556775093,
    0.0018630943959578872,
    0.0018219847697764635,
    0.0019597539212554693,
    0.00208189245313406,
    0.0016383732436224818,
    0.0016532768495380878,
    0.0020192929077893496,
    0.0019517152104526758,
    0.0017700407188385725,
    0.0019212489714846015,
    0.0015335448551923037,
    0.0020946403965353966,
    0.00231707445345819,
    0.0018297687638550997,
    0.0020125042647123337,
    0.0022795971017330885,
    0.002178517635911703,
    0.0022259620018303394,
    0.0020724935457110405,
    0.0018114731647074223,
    0.0021349070593714714,
    0.0021746675483882427,
    0.002255655825138092,
    0.0018561260076239705,
    0.002439198549836874,
    0.0020674928091466427,
