{
  "version": "model_weights/_T_10_y0_0_01_network_architectures_4_50_activations_tanh_learning_rates_0_001_collocations_1024_epochs_50000_reg_epochs_0_25_reg_coeff_1_reg_decay_1_/run_2",
  "seed": 1,
  "y0": 0.01,
  "T": 10,
  "N_col": 1024,
  "N_hidden": 4,
  "N_neurons": 50,
  "activation": "tanh",
  "N_epochs": 50000,
  "learning_rate": 0.001,
  "decay_rate": 1.0,
  "freq_log": 100,
  "freq_print": 1000,
  "keys_print": [
    "loss"
  ],
  "freq_save": 0,
  "reg_coeff": 1,
  "reg_decay": 1,
  "reg_epochs": 0.25,
  "loss": [
    0.13560977578163147,
    0.13535325229167938,
    0.13535194098949432,
    0.1353527456521988,
    0.13535109162330627,
    0.13535302877426147,
    0.1353510022163391,
    0.13534606993198395,
    0.1353280246257782,
    0.13464516401290894,
    0.0286678709089756,
    0.03604775667190552,
    0.03296752646565437,
    0.03513088449835777,
    0.03157077729701996,
    0.03361530229449272,
    0.02627096325159073,
    0.03246784582734108,
    0.028908750042319298,
    0.03016139194369316,
    0.029860971495509148,
    0.028097227215766907,
    0.029314301908016205,
    0.0314413458108902,
    0.03069341368973255,
    0.03007371723651886,
    0.027830306440591812,
    0.028200248256325722,
    0.027345869690179825,
    0.03174479305744171,
    0.029210690408945084,
    0.029915090650320053,
    0.027109626680612564,
    0.02722327411174774,
    0.028463153168559074,
    0.02714870125055313,
    0.029816335067152977,
    0.02942822314798832,
    0.031049026176333427,
    0.025181660428643227,
    0.028318168595433235,
    0.030578603968024254,
    0.029282890260219574,
    0.0279669351875782,
    0.028244521468877792,
    0.028720838949084282,
    0.026286065578460693,
    0.027940187603235245,
    0.029052484780550003,
    0.028521224856376648,
    0.028989866375923157,
    0.027052095159888268,
    0.030617322772741318,
    0.029645072296261787,
    0.03094697743654251,
    0.028339985758066177,
    0.029979638755321503,
    0.026551488786935806,
    0.030796343460679054,
    0.029235219582915306,
    0.028181374073028564,
    0.027608394622802734,
    0.0307477880269289,
    0.028325418010354042,
    0.030618224292993546,
    0.02806704491376877,
    0.028463447466492653,
    0.027975130826234818,
    0.029886161908507347,
    0.0279618501663208,
    0.02909618429839611,
    0.02887013927102089,
    0.02808060124516487,
    0.03219655156135559,
    0.02829996682703495,
    0.026068005710840225,
    0.03185730800032616,
    0.030595477670431137,
    0.030177541077136993,
    0.02896866202354431,
    0.02960274927318096,
    0.029348526149988174,
    0.027489090338349342,
    0.028592007234692574,
    0.029219919815659523,
    0.027193155139684677,
    0.030306465923786163,
    0.030056189745664597,
    0.027664875611662865,
    0.02719499170780182,
    0.02913898229598999,
    0.024656478315591812,
    0.027783522382378578,
    0.025917164981365204,
    0.028018206357955933,
    0.028181863948702812,
    0.028086001053452492,
    0.02792876586318016,
    0.030685093253850937,
    0.03034273162484169,
    0.025936877354979515,
    0.026999901980161667,
    0.029480714350938797,
    0.027834877371788025,
    0.02768068015575409,
    0.033089715987443924,
    0.026599660515785217,
    0.028901733458042145,
    0.029335474595427513,
    0.02888074517250061,
    0.02925424464046955,
    0.027827318757772446,
    0.029690179973840714,
    0.028092358261346817,
    0.027150996029376984,
    0.029782511293888092,
    0.02754705213010311,
    0.027620088309049606,
    0.02787434309720993,
    0.030302148312330246,
    0.030994392931461334,
    0.03023921139538288,
    0.028641842305660248,
    0.027076486498117447,
    0.026543211191892624,
    0.03136089816689491,
    0.00013460074842441827,
    9.098202281165868e-05,
    5.838539800606668e-05,
    4.872953286394477e-05,
    3.9123857277445495e-05,
    3.229793219361454e-05,
    3.0170875106705353e-05,
    3.079942689510062e-05,
    2.540806235629134e-05,
    2.6303243430447765e-05,
    3.086321157752536e-05,
    2.574858081061393e-05,
    2.7110858354717493e-05,
    2.508459147065878e-05,
    2.4919918359955773e-05,
    2.648394729476422e-05,
    2.539369961596094e-05,
    2.131513610947877e-05,
    2.7591242542257532e-05,
    2.305665475432761e-05,
    2.026391121034976e-05,
    3.552417183527723e-05,
    2.0041577954543754e-05,
    2.8696395020233467e-05,
    2.435278111079242e-05,
    2.5489656763966195e-05,
    2.715648224693723e-05,
    2.1861462300876155e-05,
    1.8419035768602043e-05,
    2.0969670003978536e-05,
    2.1120788005646318e-05,
    2.3496013454860076e-05,
    2.575494727352634e-05,
    2.2134228856884874e-05,
    2.420857344986871e-05,
    2.0393930753925815e-05,
    2.493323881935794e-05,
    3.0230274205678143e-05,
    4.327264105086215e-05,
    2.1060764993308112e-05,
    2.1181194824748673e-05,
    2.897275408031419e-05,
    1.9780152797466144e-05,
    3.7890669773332775e-05,
    6.573720020242035e-05,
    2.97429123747861e-05,
    2.962573489639908e-05,
    2.4239037884399295e-05,
    3.266309431637637e-05,
    2.1078820282127708e-05,
    5.5467426136601716e-05,
    2.9137951059965417e-05,
    3.112295235041529e-05,
    1.9790339138126e-05,
    2.6054849513457157e-05,
    1.8538641597842798e-05,
    2.2177740902407095e-05,
    2.3062566469889134e-05,
    3.140841727145016e-05,
    3.516443757689558e-05,
    5.359041097108275e-05,
    1.9885501387761906e-05,
    2.513752770028077e-05,
    2.4568096705479547e-05,
    2.5887989977491088e-05,
    2.1456153262988664e-05,
    1.8956146959681064e-05,
    3.076388020417653e-05,
    3.393302904441953e-05,
    2.1063859094283544e-05,
    2.2649777747574262e-05,
    1.8874296074500307e-05,
    3.5593879147199914e-05,
    2.2366921257344075e-05,
    1.9227827579015866e-05,
    2.59218541032169e-05,
    2.5062079657800496e-05,
    3.0123152100713924e-05,
    2.393854083493352e-05,
    2.3286091163754463e-05,
    1.961616362677887e-05,
    2.357629273319617e-05,
    2.2518837795360014e-05,
    2.4867036700015888e-05,
    2.2157750208862126e-05,
    2.308810144313611e-05,
    2.7830050385091454e-05,
    2.0092964405193925e-05,
    2.176239649998024e-05,
    2.295172271260526e-05,
    2.8181038942420855e-05,
    4.069338319823146e-05,
    3.702031244756654e-05,
    3.117113374173641e-05,
    2.162108285119757e-05,
    2.344738823012449e-05,
    1.969844743143767e-05,
    2.202981340815313e-05,
    2.3976157535798848e-05,
    5.704775685444474e-05,
    2.310417767148465e-05,
    2.0560406483127736e-05,
    2.4519868020433933e-05,
    3.369108526385389e-05,
    2.048256283160299e-05,
    3.743097113328986e-05,
    2.154115281882696e-05,
    3.881501470459625e-05,
    1.970262746908702e-05,
    2.6437057385919616e-05,
    2.1412222849903628e-05,
    2.3668750145589e-05,
    2.7057954866904765e-05,
    2.281620618305169e-05,
    2.231940561614465e-05,
    1.8029375496553257e-05,
    1.901824180094991e-05,
    3.636415203800425e-05,
    2.2848198568681255e-05,
    2.1892914446652867e-05,
    2.0413604943314567e-05,
    2.2008423911756836e-05,
    3.2788808312034234e-05,
    2.2507561880047433e-05,
    3.026733611477539e-05,
    2.073571340588387e-05,
    3.228238347219303e-05,
    2.9128437745384872e-05,
    2.3443122699973173e-05,
    1.915824759635143e-05,
    2.0085830328753218e-05,
    2.7556525310501456e-05,
    1.8180020560976118e-05,
    1.7505801224615425e-05,
    2.0674531697295606e-05,
    2.0708203010144643e-05,
    2.3760043404763564e-05,
    1.95835018530488e-05,
    1.6112355297082104e-05,
    2.265598959638737e-05,
    2.3969332687556744e-05,
    2.2936310415389016e-05,
    4.925571920466609e-05,
    2.4100441805785522e-05,
    3.901826130459085e-05,
    2.63627171079861e-05,
    2.5689241738291457e-05,
    0.00014936158549971879,
    2.2252022972679697e-05,
    2.1982037651469e-05,
    2.283353023813106e-05,
    1.8907838239101693e-05,
    2.500154369045049e-05,
    2.112064066750463e-05,
