{
  "version": "plots/_T_10_y0_0_01_network_architectures_4_50_activations_tanh_learning_rates_0_001_collocations_1024_epochs_50000_regularization_unstable_fp_reg_epochs_1_reg_coeff_1_reg_decay_1_/run_8",
  "seed": 1,
  "y0": 0.01,
  "T": 10,
  "N_col": 1024,
  "N_hidden": 4,
  "N_neurons": 50,
  "activation": "tanh",
  "N_epochs": 50000,
  "learning_rate": 0.001,
  "decay_rate": 1.0,
  "freq_log": 100,
  "freq_print": 1000,
  "keys_print": [
    "loss"
  ],
  "freq_save": 0,
  "regularization": "unstable_fp",
  "reg_coeff": 1,
  "reg_decay": 1,
  "reg_epochs": 1,
  "loss": [
    0.004216128960251808,
    0.0002066051383735612,
    0.00020461747772060335,
    0.0006350164767354727,
    0.0005984508898109198,
    0.00018875152454711497,
    0.00016849380335770547,
    0.00020582735305652022,
    0.0002660890168044716,
    0.00026140117552131414,
    0.00039706547977402806,
    0.00035718432627618313,
    0.00022609109873883426,
    0.00024769987794570625,
    0.00018123969493899494,
    0.0001772812393028289,
    0.0001996177452383563,
    0.0002141813893103972,
    0.00023367791436612606,
    0.00025699727120809257,
    0.00020248114014975727,
    0.00024435343220829964,
    0.00016866857185959816,
    0.00018869846826419234,
    0.00017614630633033812,
    0.00016047206008806825,
    0.0002483887074049562,
    0.00026218395214527845,
    0.00017231659148819745,
    0.00015696437912993133,
    0.0002599138533696532,
    0.0001694336096988991,
    0.000173687789356336,
    0.0001774260017555207,
    0.00016679397958796471,
    0.0001984894333872944,
    0.00017868752183858305,
    0.00015983908087946475,
    0.00015496130799874663,
    0.00016132151358760893,
    0.00022625119891017675,
    0.00028775562532246113,
    0.00019047550449613482,
    0.00017141146236099303,
    0.0001744112087180838,
    0.00021063942403998226,
    0.00016816759307403117,
    0.00012153477291576564,
    0.00020217384735587984,
    0.0001491841539973393,
    0.00015713076572865248,
    0.00015014187374617904,
    0.0001424976799171418,
    0.0001693899102974683,
    0.00015443981101270765,
    0.00015369083848781884,
    0.0001516218762844801,
    0.00015943695325404406,
    0.00015199504559859633,
    0.00015369844913948327,
    0.0001936188928084448,
    0.00014850703882984817,
    0.0001864050282165408,
    0.00015815504593774676,
    0.00015901944425422698,
    0.00015636830357834697,
    0.0001719803549349308,
    0.00017106167797464877,
    0.00014714457211084664,
    0.00018337508663535118,
    0.00016956834588199854,
    0.0001472057483624667,
    0.00017212719831150025,
    0.00015782548871356994,
    0.00016896406305022538,
    0.00014112995995674282,
    0.00015630021516699344,
    0.00015256750339176506,
    0.00015168315439950675,
    0.00014638068387284875,
    0.00013781119196210057,
    0.00013948645209893584,
    0.00013885143562220037,
    0.00014056020881980658,
    0.00015241489745676517,
    0.00014533856301568449,
    0.00013596881763078272,
    0.00013655955262947828,
    0.00012983003398403525,
    0.00012998757301829755,
    0.00013336940901353955,
    0.00011985987657681108,
    0.00012413968215696514,
    0.00013310631038621068,
    0.0001367985096294433,
    0.00012773976777680218,
    0.00039749714778736234,
    0.00016129546565935016,
    0.0001638703397475183,
    0.00017296173609793186,
    0.0001554897171445191,
    0.00015627569518983364,
    0.00015200345660559833,
    0.0001494776806794107,
    0.00015204107330646366,
    0.0001773138646967709,
    0.00015230325516313314,
    0.0001516842603450641,
    0.0001688707561697811,
    0.00015632864960934967,
    0.00016317976405844092,
    0.0001497700868640095,
    0.0001539195654913783,
    0.00014481117250397801,
    0.0001515617041150108,
    0.00015363734564743936,
    0.00016732848598621786,
    0.00015755181084387004,
    0.00016014330321922898,
    0.00015978080045897514,
    0.0001575169007992372,
    0.00015243550296872854,
    0.0001432514691259712,
    0.0001389052631566301,
    0.00013718332047574222,
    0.00014615245163440704,
    0.00013118884817231447,
    0.000136401824420318,
    0.00012640836939681321,
    0.00014335650485008955,
    0.0001220953417941928,
    0.00013890600530430675,
    0.00012142672494519502,
    0.00012134642020100728,
    0.00012025117757730186,
    0.00013006491644773632,
    0.0001313103421125561,
    0.00012115725985495374,
    0.00012716703349724412,
    0.00012931262608617544,
    0.00011852008901769295,
    0.0001290099462494254,
    0.00013326125917956233,
    0.00014322891365736723,
    0.00013064686208963394,
    0.000139707830385305,
    0.00012898514978587627,
    0.00012546108337119222,
    0.00013473413127940148,
    0.00022662352421320975,
    0.00016337979468517005,
    0.00015565103967674077,
    0.00014555803500115871,
    0.00015963475743774325,
    0.00017528567695990205,
    0.00015547990915365517,
    0.00017921968537848443,
    0.0001468988339183852,
    0.00017390363791491836,
    0.00014194779214449227,
    0.00014569105405826122,
    0.0001584398269187659,
    0.0001407601812388748,
    0.00014353133155964315,
    0.0001405697694281116,
    0.00013968333951197565,
    0.0001394732971675694,
    0.00012738218356389552,
    0.0001298517017858103,
    0.00014132668729871511,
    0.00012774055358022451,
    0.0001361389149678871,
    0.00014196298434399068,
    0.00012930959928780794,
    0.00012502059689722955,
    0.00012594330473802984,
    0.0001320196024607867,
    0.00013121363008394837,
    0.00013059467892162502,
    0.0001328177604591474,
    0.00013905348896514624,
    0.0001425662194378674,
    0.0001245625753654167,
    0.00013337921700440347,
    0.00014043691044207662,
    0.00012962328037247062,
    0.00012427156616467983,
    0.00013069114356767386,
    0.00013176529319025576,
    0.00013543671229854226,
    0.0001402125199092552,
    0.0001402000052621588,
    0.00012350972974672914,
    0.00012860310380347073,
    0.00013277304242365062,
    0.00012813192734029144,
    0.0001353020779788494,
    0.00013512003351934254,
    0.0001253475493285805,
    0.00012929447984788567,
    0.00014155103417579085,
    0.00013835681602358818,
    0.00013321192818693817,
    0.00012758855882566422,
    0.00012770332978107035,
    0.00012885977048426867,
    0.0001266578328795731,
    0.00013403627963270992,
    0.00012107705697417259,
    0.0001384521892759949,
    0.00015156336303334683,
    0.00013075437163934112,
    0.00011885244748555124,
    0.00013528075942303985,
    0.00012956552382092923,
    0.00012169493857072666,
    0.00013364943151827902,
    0.00013188662705942988,
    0.00013135073822923005,
    0.00012259796494618058,
    0.00034427002537995577,
    0.00015256943879649043,
    0.00015084186452440917,
    0.00016993760073091835,
    0.00015989955863915384,
    0.00014953146455809474,
    0.00014346734678838402,
    0.00015826242452021688,
    0.0001404032955178991,
    0.00015932491805870086,
    0.0001290457439608872,
    0.00012878942652605474,
    0.00012509693624451756,
    0.00013680699339602143,
    0.00012268262798897922,
    0.00013848085654899478,
    0.00012561101175379008,
    0.00012328417506068945,
    0.00013209372991696,
    0.0001389869867125526,
    0.00012220120697747916,
    0.00013350931112654507,
    0.00012470630463212729,
    0.00012214483285788447,
    0.0001381679903715849,
    0.0001224085281137377,
    0.00012213022273499519,
    0.00013293676602188498,
    0.000124791418784298,
    0.00013207804295234382,
    0.0001717211853247136,
    0.00012432754738256335,
    0.00012717663776129484,
    0.00012414218508638442,
    0.00012179926125099882,
    0.00013772865349892527,
    0.0001295514521189034,
    0.00012409844202920794,
    0.00011602434824453667,
    0.00012833411165047437,
    0.00013352793757803738,
    0.00012714439071714878,
    0.00012795304064638913,
    0.00012663481174968183,
    0.00012275167682673782,
    0.00013192082406021655,
    0.00012149466783739626,
