{
  "version": "plots/_T_10_y0_0_001_network_architectures_4_50_activations_tanh_learning_rates_0_001_collocations_1024_epochs_50000_regularization_reg_derivative_reg_epochs_1_reg_coeff_1_reg_decay_1_/run_6",
  "seed": 1,
  "y0": 0.001,
  "T": 10,
  "N_col": 1024,
  "N_hidden": 4,
  "N_neurons": 50,
  "activation": "tanh",
  "N_epochs": 50000,
  "learning_rate": 0.001,
  "decay_rate": 1.0,
  "freq_log": 100,
  "freq_print": 1000,
  "keys_print": [
    "loss"
  ],
  "freq_save": 0,
  "regularization": "reg_derivative",
  "reg_coeff": 1,
  "reg_decay": 1,
  "reg_epochs": 1,
  "loss": [
    0.6254575848579407,
    0.15115877985954285,
    0.13152272999286652,
    0.12344619631767273,
    0.12522321939468384,
    0.11358460038900375,
    0.11233704537153244,
    0.08951912075281143,
    0.08518736809492111,
    0.08605913817882538,
    0.087069071829319,
    0.0811750516295433,
    0.07566075772047043,
    0.07520872354507446,
    0.08449213951826096,
    0.07870932668447495,
    0.07663258910179138,
    0.07447399944067001,
    0.08404537290334702,
    0.07535652071237564,
    0.08065183460712433,
    0.07524954527616501,
    0.07647477835416794,
    0.07799629867076874,
    0.0770755186676979,
    0.08100205659866333,
    0.07528191804885864,
    0.07682967931032181,
    0.08269070833921432,
    0.07490912824869156,
    0.07559309899806976,
    0.07631301879882812,
    0.08310472220182419,
    0.07801380753517151,
    0.07505805790424347,
    0.07573819160461426,
    0.07265125215053558,
    0.0739651769399643,
    0.07802166044712067,
    0.06682763248682022,
    0.07523871958255768,
    0.08244311809539795,
    0.07516919076442719,
    0.07753106951713562,
    0.07966099679470062,
    0.07510508596897125,
    0.07642610371112823,
    0.07458128035068512,
    0.07758526504039764,
    0.07801035046577454,
    0.07423901557922363,
    0.0779508650302887,
    0.07498878240585327,
    0.07954700291156769,
    0.07181285321712494,
    0.07741113007068634,
    0.07257045805454254,
    0.07488086819648743,
    0.07575436681509018,
    0.07370784878730774,
    0.0804615169763565,
    0.07377678155899048,
    0.0745198056101799,
    0.07844334095716476,
    0.07701458036899567,
    0.07264111936092377,
    0.0756392627954483,
    0.07955725491046906,
    0.07957370579242706,
    0.0734713077545166,
    0.07652630656957626,
    0.07330049574375153,
    0.07535246014595032,
    0.0759594589471817,
    0.08012840151786804,
    0.07206928730010986,
    0.07262932509183884,
    0.07632120698690414,
    0.07346852123737335,
    0.07330000400543213,
    0.07657872885465622,
    0.06905481219291687,
    0.08019029349088669,
    0.07724051922559738,
    0.0748206079006195,
    0.07675283402204514,
    0.0730273425579071,
    0.07350299507379532,
    0.08297474682331085,
    0.07576021552085876,
    0.07578941434621811,
    0.07337632775306702,
    0.074954092502594,
    0.07368316501379013,
    0.07761673629283905,
    0.07430008053779602,
    0.07570064067840576,
    0.0745319277048111,
    0.07405105233192444,
    0.07195186614990234,
    0.07766093313694,
    0.07224799692630768,
    0.07683566212654114,
    0.07212036103010178,
    0.07683874666690826,
    0.07010357081890106,
    0.07732894271612167,
    0.07974930107593536,
    0.07096509635448456,
    0.07592291384935379,
    0.07124786078929901,
    0.07353368401527405,
    0.07206332683563232,
    0.07685248553752899,
    0.07513555139303207,
    0.07205332070589066,
    0.07556724548339844,
    0.07458513975143433,
    0.0766097903251648,
    0.0710560530424118,
    0.0722828134894371,
    0.07325712591409683,
    0.07973330467939377,
    0.07148629426956177,
    0.07334738224744797,
    0.07614841312170029,
    0.07618727535009384,
    0.07135951519012451,
    0.07604265213012695,
    0.07650570571422577,
    0.0731658861041069,
    0.07252350449562073,
    0.07339052855968475,
    0.07817788422107697,
    0.07143795490264893,
    0.07455456256866455,
    0.07458729296922684,
    0.07399365305900574,
    0.0738341435790062,
    0.07751365005970001,
    0.07780275493860245,
    0.0760619193315506,
    0.07049843668937683,
    0.07412713766098022,
    0.07725335657596588,
    0.07233317941427231,
    0.07676827907562256,
    0.06922097504138947,
    0.07852239161729813,
    0.07887586206197739,
    0.07463438808917999,
    0.07205069810152054,
    0.07394146919250488,
    0.07693620026111603,
    0.0702546089887619,
    0.07653921097517014,
    0.07469630986452103,
    0.07378833740949631,
    0.07651074230670929,
    0.07487165927886963,
    0.06995109468698502,
    0.07098954916000366,
    0.07660643756389618,
    0.07151943445205688,
    0.07340945303440094,
    0.07694311439990997,
    0.0746137797832489,
    0.07624542713165283,
    0.07313581556081772,
    0.07190479338169098,
    0.08049741387367249,
    0.06643236428499222,
    0.072775699198246,
    0.07158832997083664,
    0.07483021914958954,
    0.0764976218342781,
    0.07550983875989914,
    0.07445767521858215,
    0.07350825518369675,
    0.0685674250125885,
    0.07308369874954224,
    0.07803183794021606,
    0.07141117006540298,
    0.07153449952602386,
    0.08168856799602509,
    0.07963262498378754,
    0.07680179923772812,
    0.07482998073101044,
    0.076175756752491,
    0.07596080750226974,
    0.06976746022701263,
    0.0767073929309845,
    0.07804737240076065,
    0.07521499693393707,
    0.07381249219179153,
    0.07422327250242233,
    0.07402919232845306,
    0.07289964705705643,
    0.07460466772317886,
    0.07745222747325897,
    0.07586769759654999,
    0.07421019673347473,
    0.07056566327810287,
    0.07543157041072845,
    0.07785283029079437,
    0.07467687875032425,
    0.07684014737606049,
    0.07266651093959808,
    0.0772542729973793,
    0.06977805495262146,
    0.07460397481918335,
    0.07341586798429489,
    0.07734258472919464,
    0.07462555915117264,
    0.07063648849725723,
    0.07657036930322647,
    0.0762251764535904,
    0.07605059444904327,
    0.07433304935693741,
    0.07714100182056427,
    0.07178404927253723,
    0.07394719868898392,
    0.07504582405090332,
    0.07183736562728882,
    0.07388950139284134,
    0.07979211211204529,
    0.07314153760671616,
    0.07218357920646667,
    0.07190854847431183,
    0.07354362308979034,
    0.0724823996424675,
    0.07223345339298248,
    0.07325388491153717,
    0.06744495779275894,
    0.07423730194568634,
    0.07413545995950699,
    0.07899656146764755,
    0.07291627675294876,
    0.07418550550937653,
    0.07652495801448822,
    0.06904343515634537,
    0.07542479038238525,
    0.07330816984176636,
    0.07784828543663025,
    0.07876373082399368,
    0.07681772857904434,
    0.07905367016792297,
    0.07503248751163483,
    0.07290756702423096,
    0.06631498038768768,
    0.07396705448627472,
    0.07513104379177094,
    0.0760006308555603,
    0.07855930924415588,
    0.07762400805950165,
    0.0729074478149414,
    0.07332255691289902,
    0.0783463567495346,
    0.07337336242198944,
    0.07558167725801468,
    0.07712532579898834,
    0.07470625638961792,
    0.0759289562702179,
    0.07334195077419281,
    0.07463022321462631,
    0.07485801726579666,
    0.07310410588979721,
    0.07736174017190933,
    0.07040952891111374,
    0.07666607201099396,
    0.07415547966957092,
    0.07182575762271881,
    0.0738542377948761,
    0.0728776752948761,
    0.07618281990289688,
    0.07939539849758148,
    0.07866013050079346,
    0.07427399605512619,
    0.06967554986476898,
    0.07439538836479187,
    0.07953134179115295,
    0.06988279521465302,
    0.07163114845752716,
    0.07681438326835632,
    0.07693088799715042,
    0.07286719977855682,
    0.07524266839027405,
    0.07364190369844437,
    0.07967657595872879,
    0.07291938364505768,
    0.07019548118114471,
    0.07371426373720169,
    0.07532696425914764,
    0.07374313473701477,
    0.0739745944738388,
    0.07328537106513977,
    0.07353916764259338,
    0.07394316792488098,
