{
  "version": "plots/_T_10_y0_0_01_network_architectures_4_50_activations_tanh_learning_rates_0_001_collocations_1024_epochs_50000_regularization_no_reg_reg_epochs_1_reg_coeff_100000_reg_decay_1_/run_2",
  "seed": 1,
  "y0": 0.01,
  "T": 10,
  "N_col": 1024,
  "N_hidden": 4,
  "N_neurons": 50,
  "activation": "tanh",
  "N_epochs": 50000,
  "learning_rate": 0.001,
  "decay_rate": 1.0,
  "freq_log": 100,
  "freq_print": 1000,
  "keys_print": [
    "loss"
  ],
  "freq_save": 0,
  "regularization": "no_reg",
  "reg_coeff": 100000,
  "reg_decay": 1,
  "reg_epochs": 1,
  "loss": [
    0.0740780159831047,
    2.4086899429676123e-05,
    2.0268575099180453e-05,
    2.115306051564403e-05,
    1.8687755073187873e-05,
    2.1899912098888308e-05,
    2.097879769280553e-05,
    2.1409723558463156e-05,
    2.075599695672281e-05,
    1.887841608549934e-05,
    1.6932062862906605e-05,
    2.386556298006326e-05,
    2.1292484234436415e-05,
    2.4099454094539396e-05,
    2.165042496926617e-05,
    2.3587272153235972e-05,
    1.6696791135473177e-05,
    2.3535314539913088e-05,
    1.9022261767531745e-05,
    1.9581817468861118e-05,
    2.2507643734570593e-05,
    1.926137338159606e-05,
    2.957466676889453e-05,
    3.570588887669146e-05,
    2.033700184256304e-05,
    2.0398707420099527e-05,
    1.8610018742037937e-05,
    2.4249246052931994e-05,
    1.8603026546770707e-05,
    2.4821158149279654e-05,
    2.110135756083764e-05,
    2.248259261250496e-05,
    1.8634153093444183e-05,
    1.8942588212667033e-05,
    2.478371243341826e-05,
    1.967530624824576e-05,
    2.1587828086921945e-05,
    2.1463973098434508e-05,
    2.3387139663100243e-05,
    1.789695852494333e-05,
    2.8877819204353727e-05,
    3.8018923078197986e-05,
    2.0155232050456107e-05,
    1.9673148926813155e-05,
    2.1779480448458344e-05,
    7.169081072788686e-05,
    2.2792544768890366e-05,
    2.1424077203846537e-05,
    2.306194801349193e-05,
    1.997879007831216e-05,
    2.621923886181321e-05,
    1.9308561604702845e-05,
    2.5688583264127374e-05,
    2.0931965991621837e-05,
    2.5569779609213583e-05,
    2.7360194508219138e-05,
    2.3714963390375488e-05,
    2.2275675291894004e-05,
    2.289877193106804e-05,
    2.7111829695058987e-05,
    2.4598721211077645e-05,
    2.0180741557851434e-05,
    2.2813339455751702e-05,
    2.2027223167242482e-05,
    2.2609041479881853e-05,
    2.524103911127895e-05,
    1.8974882550537586e-05,
    2.3793520085746422e-05,
    2.1936570192337967e-05,
    1.979035369004123e-05,
    1.9823055481538177e-05,
    2.117861913575325e-05,
    2.0428846255526878e-05,
    2.480557668604888e-05,
    2.307992326677777e-05,
    1.6590056475251913e-05,
    2.449102612445131e-05,
    2.2869302483741194e-05,
    2.1471199943334796e-05,
    1.9385592167964205e-05,
    2.1410070985439233e-05,
    2.0637600755435415e-05,
    1.8408853065920994e-05,
    2.1986299543641508e-05,
    2.093272632919252e-05,
    1.9680930563481525e-05,
    2.17379056266509e-05,
    2.1082985767861828e-05,
    2.0314699213486165e-05,
    1.881028583738953e-05,
    2.0602459699148312e-05,
    1.673255246714689e-05,
    2.2096093744039536e-05,
    1.654402876738459e-05,
    2.157709423045162e-05,
    2.0358565961942077e-05,
    2.03168201551307e-05,
    2.0250565285095945e-05,
    2.2475342120742425e-05,
    2.27797372645e-05,
    1.7130016203736886e-05,
    1.954121034941636e-05,
    2.1058898710180074e-05,
    1.9676652300404385e-05,
    1.904210694192443e-05,
    2.4895054593798704e-05,
    1.9545854229363613e-05,
    2.024600689765066e-05,
    2.122479781974107e-05,
    2.044324173766654e-05,
    2.0908777514705434e-05,
    2.1080828446429223e-05,
    2.142980883945711e-05,
    1.9968450942542404e-05,
    1.7854399629868567e-05,
    2.1215757442405447e-05,
    1.897865513456054e-05,
    1.942872222571168e-05,
    2.004715679504443e-05,
    2.2060157789383084e-05,
    2.290543488925323e-05,
    2.111017602146603e-05,
    1.9864786736434326e-05,
    1.8414131773170084e-05,
    1.7852289602160454e-05,
    2.2838667064206675e-05,
    1.979326771106571e-05,
    2.0704763301182538e-05,
    2.0952304112142883e-05,
    1.9953342416556552e-05,
    1.895530294859782e-05,
    1.6695374142727815e-05,
    1.697660263744183e-05,
    1.8682672816794366e-05,
    1.713298843242228e-05,
    1.861048258433584e-05,
    2.1790365281049162e-05,
    1.866912134573795e-05,
    1.9500352209433913e-05,
    1.9216227883589454e-05,
    1.9318595150252804e-05,
    1.7671178284217604e-05,
    2.0430337826837786e-05,
    1.8050872313324362e-05,
    2.382520688115619e-05,
    2.0314282664912753e-05,
    1.789185989764519e-05,
    1.9426019207458012e-05,
    1.7687778381514363e-05,
    2.1589337848126888e-05,
    1.945501207956113e-05,
    1.976463317987509e-05,
    1.2813873581762891e-05,
    1.9745828467421234e-05,
    1.666291973378975e-05,
    1.9220346075599082e-05,
    1.8733775505097583e-05,
    2.0799223420908675e-05,
    2.0254421542631462e-05,
    1.980994056793861e-05,
    2.0524978026514873e-05,
    1.8672057194635272e-05,
    2.039611354121007e-05,
    2.1232037397567183e-05,
    2.097944525303319e-05,
    2.040776416833978e-05,
    1.9185212295269594e-05,
    1.785025597200729e-05,
    1.8815484509104863e-05,
    1.92823754332494e-05,
    1.8805527361109853e-05,
    1.9687686290126294e-05,
    1.9862509361701086e-05,
    2.080109879898373e-05,
    1.9589861040003598e-05,
    1.892421641969122e-05,
    1.8252536392537877e-05,
    2.1054045646451414e-05,
    1.772910763975233e-05,
    1.9081475329585373e-05,
    2.4041266442509368e-05,
    1.7279835446970537e-05,
    1.8467910194885917e-05,
    2.1657539036823437e-05,
    2.2657164663542062e-05,
    2.06840704777278e-05,
    1.812434675230179e-05,
    1.9026858353754506e-05,
    2.129406129824929e-05,
    2.126172330463305e-05,
    2.5067045498872176e-05,
    1.8032176740234718e-05,
    1.7094756913138554e-05,
    2.036883233813569e-05,
    2.1873980585951358e-05,
    1.8882703443523496e-05,
    2.0757475795107894e-05,
    1.826628067647107e-05,
    2.0538525859592482e-05,
    2.0501029212027788e-05,
    1.8688760974328034e-05,
    2.160432813980151e-05,
    1.9928613255615346e-05,
    2.279884574818425e-05,
    2.2881918994244188e-05,
    2.131147812178824e-05,
    1.681424691923894e-05,
    2.2506137611344457e-05,
    2.2099351554061286e-05,
    2.205416967626661e-05,
    1.881970456452109e-05,
    2.253979619126767e-05,
    1.9441822587396018e-05,
    1.795359276002273e-05,
    2.081204547721427e-05,
    1.7720019968692213e-05,
    1.924537355080247e-05,
    2.3921358661027625e-05,
    2.0207264242344536e-05,
    1.9909544789697975e-05,
    2.074082294711843e-05,
    1.9258222891949117e-05,
    1.8751972675090656e-05,
    2.0939394744345918e-05,
    2.165592013625428e-05,
    2.1292318706400692e-05,
    2.2382162569556385e-05,
    1.9796672859229147e-05,
    2.306109672645107e-05,
    2.4450811906717718e-05,
    1.9491442799335346e-05,
    1.9584898836910725e-05,
    2.0434712496353313e-05,
    2.39072905969806e-05,
    1.879163392004557e-05,
    2.4756793209235184e-05,
    1.9037452148040757e-05,
    2.0457993741729297e-05,
    2.2967626136960462e-05,
    2.2224427084438503e-05,
    2.0128480173298158e-05,
    1.746025554894004e-05,
    1.906061515910551e-05,
    1.9465198420220986e-05,
    1.8244254533783533e-05,
    1.9429056919761933e-05,
    1.8272239685757086e-05,
    2.1471772924996912e-05,
    1.8260327124153264e-05,
    1.973500729945954e-05,
    2.0563807993312366e-05,
    1.945404801517725e-05,
    1.7423470126232132e-05,
    2.0490715542109683e-05,
    1.8691993318498135e-05,
    1.818284363253042e-05,
    1.986462484637741e-05,
    2.099297671520617e-05,
    1.6500893252668902e-05,
    1.6662204870954156e-05,
    2.045551809715107e-05,
    1.9640425307443365e-05,
    1.800342943170108e-05,
    1.9398687072680332e-05,
    1.5467172488570213e-05,
    2.1224714146228507e-05,
    2.3172695364337415e-05,
    1.865527156041935e-05,
