{
  "version": "plots/_T_7_5_y0_0_1_network_architectures_4_50_activations_tanh_learning_rates_0_001_collocations_1024_epochs_50000_regularization_reg_derivative_reg_epochs_1_reg_coeff_1_reg_decay_1_/run_7",
  "seed": 1,
  "y0": 0.1,
  "T": 7.5,
  "N_col": 1024,
  "N_hidden": 4,
  "N_neurons": 50,
  "activation": "tanh",
  "N_epochs": 50000,
  "learning_rate": 0.001,
  "decay_rate": 1.0,
  "freq_log": 100,
  "freq_print": 1000,
  "keys_print": [
    "loss"
  ],
  "freq_save": 0,
  "regularization": "reg_derivative",
  "reg_coeff": 1,
  "reg_decay": 1,
  "reg_epochs": 1,
  "loss": [
    0.7972890138626099,
    0.09499937295913696,
    0.09642235934734344,
    0.10016541182994843,
    0.09867365658283234,
    0.09663856029510498,
    0.09991005063056946,
    0.0984269455075264,
    0.09705770015716553,
    0.09787704050540924,
    0.10213452577590942,
    0.09727755188941956,
    0.09709364920854568,
    0.09663756191730499,
    0.09919126331806183,
    0.09365829080343246,
    0.09402672946453094,
    0.09661105275154114,
    0.09490175545215607,
    0.09879431128501892,
    0.09905990958213806,
    0.1048414409160614,
    0.09512592852115631,
    0.09671724587678909,
    0.0989384576678276,
    0.09719279408454895,
    0.09431586414575577,
    0.10155896842479706,
    0.09779787063598633,
    0.09800185263156891,
    0.09765047580003738,
    0.09857053309679031,
    0.09687285125255585,
    0.09916257858276367,
    0.09801545739173889,
    0.09680017828941345,
    0.09695301204919815,
    0.09483441710472107,
    0.0985177531838417,
    0.09423438459634781,
    0.09760387241840363,
    0.0982469692826271,
    0.09888423979282379,
    0.09544822573661804,
    0.09447111189365387,
    0.09673140197992325,
    0.09830306470394135,
    0.09902160614728928,
    0.09470411390066147,
    0.10120067000389099,
    0.09814634174108505,
    0.10077973455190659,
    0.10315336287021637,
    0.098853200674057,
    0.09618879854679108,
    0.10036894679069519,
    0.09895910322666168,
    0.0977860689163208,
    0.09417460858821869,
    0.09598506987094879,
    0.09895183145999908,
    0.0976085215806961,
    0.10015273839235306,
    0.09848494082689285,
    0.0966130793094635,
    0.09602878987789154,
    0.09842371940612793,
    0.09671889245510101,
    0.09896811842918396,
    0.09755866974592209,
    0.0954657793045044,
    0.09885351359844208,
    0.09640175849199295,
    0.09280909597873688,
    0.09776191413402557,
    0.09396165609359741,
    0.09747114777565002,
    0.09772539138793945,
    0.09779579937458038,
    0.09783793985843658,
    0.09086255729198456,
    0.09326936304569244,
    0.09760729968547821,
    0.09555524587631226,
    0.09629862010478973,
    0.09593432396650314,
    0.09441453218460083,
    0.09687107801437378,
    0.09692685306072235,
    0.09589820355176926,
    0.09554049372673035,
    0.09689447283744812,
    0.0992501825094223,
    0.09758324176073074,
    0.09655017405748367,
    0.09749934077262878,
    0.09817764908075333,
    0.0973043292760849,
    0.0948072075843811,
    0.09852272272109985,
    0.09655048698186874,
    0.09715807437896729,
    0.09647654742002487,
    0.09545436501502991,
    0.09771685302257538,
    0.09899285435676575,
    0.0955478698015213,
    0.09656934440135956,
    0.09687879681587219,
    0.09576280415058136,
    0.09624477475881577,
    0.09720387309789658,
    0.09863760322332382,
    0.09749137610197067,
    0.09671139717102051,
    0.09920397400856018,
    0.09557652473449707,
    0.09573405981063843,
    0.09617353230714798,
    0.09625685214996338,
    0.09821346402168274,
    0.09456150978803635,
    0.09884805232286453,
    0.09659868478775024,
    0.09457841515541077,
    0.0983106940984726,
    0.09684469550848007,
    0.09461899101734161,
    0.09840665757656097,
    0.09387065470218658,
    0.09828724712133408,
    0.09468691796064377,
    0.09922110289335251,
    0.09573893249034882,
    0.0945921540260315,
    0.09407196938991547,
    0.09686993062496185,
    0.09635764360427856,
    0.09073936194181442,
    0.09584671258926392,
    0.09789392352104187,
    0.09338471293449402,
    0.09565165638923645,
    0.09380485862493515,
    0.09767568856477737,
    0.09380413591861725,
    0.09433613717556,
    0.09672336280345917,
    0.0974671021103859,
    0.09666265547275543,
    0.09955284744501114,
    0.09544709324836731,
    0.09760930389165878,
    0.0942738875746727,
    0.09660685062408447,
    0.09581415355205536,
    0.09388241916894913,
    0.09981268644332886,
    0.09653450548648834,
    0.09590461850166321,
    0.0967128649353981,
    0.09694528579711914,
    0.09826502948999405,
    0.09855243563652039,
    0.09560470283031464,
    0.09820922464132309,
    0.09625767916440964,
    0.09480266273021698,
    0.09491004049777985,
    0.0995154082775116,
    0.09452169388532639,
    0.0981425791978836,
    0.09710443764925003,
    0.09664591401815414,
    0.09575673937797546,
    0.0958084985613823,
    0.09571901708841324,
    0.09698818624019623,
    0.0959787666797638,
    0.09924906492233276,
    0.09944742918014526,
    0.09605544805526733,
    0.09781736880540848,
    0.09535050392150879,
    0.09579897671937943,
    0.09750369936227798,
    0.09881551563739777,
    0.09860101342201233,
    0.09624409675598145,
    0.09424425661563873,
    0.10002444684505463,
    0.09458932280540466,
    0.09537899494171143,
    0.09906260669231415,
    0.0943661779165268,
    0.09619766473770142,
    0.09916534274816513,
    0.09470860660076141,
    0.09789788722991943,
    0.09482522308826447,
    0.09667681157588959,
    0.09703622758388519,
    0.09560422599315643,
    0.09801312536001205,
    0.09590707719326019,
    0.09402177482843399,
    0.09228575229644775,
    0.10038936138153076,
    0.0988244041800499,
    0.09563427418470383,
    0.09340881556272507,
    0.09758005291223526,
    0.09679286926984787,
    0.09735828638076782,
    0.09521571546792984,
    0.09756207466125488,
    0.09588287025690079,
    0.0972442477941513,
    0.0936644971370697,
    0.09390749037265778,
    0.09538042545318604,
    0.09926265478134155,
    0.09789791703224182,
    0.09416528046131134,
    0.09930221736431122,
    0.09740069508552551,
    0.09598203748464584,
    0.0983230471611023,
    0.09607712179422379,
    0.09361571818590164,
    0.09552007913589478,
    0.09651318192481995,
    0.09545676410198212,
    0.09819453954696655,
    0.09730131924152374,
    0.09950313717126846,
    0.0943419337272644,
    0.09608479589223862,
    0.0964246615767479,
    0.0957811176776886,
    0.09906979650259018,
    0.09867309033870697,
    0.09633655846118927,
    0.09547126293182373,
    0.09336927533149719,
    0.10030324757099152,
    0.09593718498945236,
    0.0957367867231369,
    0.09602779150009155,
    0.09579005837440491,
    0.09702403098344803,
    0.09674608707427979,
    0.09856239706277847,
    0.0989065021276474,
    0.0921345204114914,
    0.09734266996383667,
    0.0988621637225151,
    0.09449068456888199,
    0.09838367998600006,
    0.09634338319301605,
    0.09806113690137863,
    0.09462273120880127,
    0.0988239049911499,
    0.0925198420882225,
    0.09623146802186966,
    0.09451378881931305,
    0.09593097865581512,
    0.09936533868312836,
    0.09408451616764069,
    0.09806238859891891,
    0.09465727210044861,
    0.09764248132705688,
    0.1018356904387474,
    0.09915463626384735,
    0.09712180495262146,
    0.09600129723548889,
    0.09990669786930084,
    0.09599202126264572,
    0.09685635566711426,
    0.09322459995746613,
    0.09992983937263489,
    0.09227705001831055,
    0.09725809842348099,
    0.10128353536128998,
    0.09493082761764526,
    0.09564812481403351,
    0.09464326500892639,
    0.09546089172363281,
    0.09361603856086731,
    0.0941833108663559,
    0.09857209026813507,
    0.09558840841054916,
    0.09993404895067215,
    0.09874623268842697,
    0.0984540730714798,
    0.09721866995096207,
    0.10560005903244019,
    0.09517908096313477,
