{
  "version": "plots/_T_10_y0_0_001_network_architectures_4_50_activations_tanh_learning_rates_0_001_collocations_1024_epochs_50000_regularization_reg_derivative_reg_epochs_1_reg_coeff_0_01_reg_decay_1_/run_2",
  "seed": 1,
  "y0": 0.001,
  "T": 10,
  "N_col": 1024,
  "N_hidden": 4,
  "N_neurons": 50,
  "activation": "tanh",
  "N_epochs": 50000,
  "learning_rate": 0.001,
  "decay_rate": 1.0,
  "freq_log": 100,
  "freq_print": 1000,
  "keys_print": [
    "loss"
  ],
  "freq_save": 0,
  "regularization": "reg_derivative",
  "reg_coeff": 0.01,
  "reg_decay": 1,
  "reg_epochs": 1,
  "loss": [
    0.012204865925014019,
    0.0100391311571002,
    0.010003197938203812,
    0.0100005017593503,
    0.010000364854931831,
    0.010000397451221943,
    0.010000352747738361,
    0.010000359266996384,
    0.010000343434512615,
    0.01000029593706131,
    0.010000280104577541,
    0.01000035647302866,
    0.010000301524996758,
    0.010000333189964294,
    0.010000297799706459,
    0.010000307112932205,
    0.010000230744481087,
    0.010000280104577541,
    0.010000254958868027,
    0.010000260546803474,
    0.010000274516642094,
    0.010000236332416534,
    0.010000240057706833,
    0.010000277310609818,
    0.010000255890190601,
    0.01000024750828743,
    0.010000224225223064,
    0.010231574065983295,
    0.010000255890190601,
    0.010004530660808086,
    0.010002885945141315,
    0.01000027172267437,
    0.010014587081968784,
    0.010000500828027725,
    0.010081562213599682,
    0.01000035461038351,
    0.010010408237576485,
    0.010000365786254406,
    0.010001996532082558,
    0.010008654557168484,
    0.010000260546803474,
    0.010043041780591011,
    0.01000024750828743,
    0.010000376962125301,
    0.010000258684158325,
    0.010000232607126236,
    0.010222047567367554,
    0.010000238195061684,
    0.010000467300415039,
    0.010008557699620724,
    0.010000406764447689,
    0.010034571401774883,
    0.01000027172267437,
    0.010000292211771011,
    0.010001635178923607,
    0.010010084137320518,
    0.01000029407441616,
    0.010006608441472054,
    0.010003533214330673,
    0.010000407695770264,
    0.010000252164900303,
    0.010000434704124928,
    0.010047542862594128,
    0.010354932397603989,
    0.010000240057706833,
    0.010123482905328274,
    0.010000207461416721,
    0.010000210255384445,
    0.01085340790450573,
    0.01000020932406187,
    0.010000212118029594,
    0.010811698623001575,
    0.010000196285545826,
    0.01000024564564228,
    0.010003863833844662,
    0.010637838393449783,
    0.010000262409448624,
    0.01000034436583519,
    0.010000240057706833,
    0.010002970695495605,
    0.010000480338931084,
    0.01000021118670702,
    0.010000918991863728,
    0.010000248439610004,
    0.010001203045248985,
    0.010000243782997131,
    0.010029020719230175,
    0.010000254958868027,
    0.010004738345742226,
    0.010000194422900677,
    0.01001197099685669,
    0.0100001972168684,
    0.010000201873481274,
    0.010000224225223064,
    0.010001100599765778,
    0.01020870916545391,
    0.010000213980674744,
    0.010291455313563347,
    0.010000236332416534,
    0.010000240989029408,
    0.010000715032219887,
    0.010000239126384258,
    0.010176185518503189,
    0.010000204667448997,
    0.010000266134738922,
    0.01000025775283575,
    0.010009648278355598,
    0.01000020932406187,
    0.010020600631833076,
    0.010000220499932766,
    0.010000240057706833,
    0.010000457987189293,
    0.01000036858022213,
    0.0100133391097188,
    0.010000993497669697,
    0.010000272653996944,
    0.010000208392739296,
    0.010001868940889835,
    0.010006575845181942,
    0.0100002596154809,
    0.01000285241752863,
    0.010000215843319893,
    0.010000400245189667,
    0.01000039093196392,
    0.010000205598771572,
    0.010000251233577728,
    0.010000205598771572,
    0.010419080965220928,
    0.01000023540109396,
    0.010000201873481274,
    0.010000193491578102,
    0.010000166483223438,
    0.01000017486512661,
    0.01000036858022213,
    0.010017050430178642,
    0.010000202804803848,
    0.010000225156545639,
    0.010145018808543682,
    0.010000201873481274,
    0.010000203736126423,
    0.010000444017350674,
    0.010064150206744671,
    0.010000218637287617,
    0.010001485235989094,
    0.010002252645790577,
    0.01000028196722269,
    0.010000251233577728,
    0.010000265203416348,
    0.01000024564564228,
    0.010000255890190601,
    0.01000024564564228,
    0.010000252164900303,
    0.010000161826610565,
    0.010000226087868214,
    0.010000191628932953,
    0.010000218637287617,
    0.010000212118029594,
    0.010000238195061684,
    0.010000222362577915,
    0.010000215843319893,
    0.010000224225223064,
    0.010000214911997318,
    0.010000222362577915,
    0.010000227950513363,
    0.010000227950513363,
    0.01000022329390049,
    0.010000210255384445,
    0.010000195354223251,
    0.010000201873481274,
    0.010000208392739296,
    0.010000201873481274,
    0.010000210255384445,
    0.010000210255384445,
    0.010000214911997318,
    0.010000204667448997,
    0.010000196285545826,
    0.010000191628932953,
    0.010000220499932766,
    0.010000189766287804,
    0.010000195354223251,
    0.010000237263739109,
    0.010000179521739483,
    0.010000194422900677,
    0.01000022143125534,
    0.01000023353844881,
    0.010000742971897125,
    0.010000196285545826,
    0.010000196285545826,
    0.01000028196722269,
    0.010000254027545452,
    0.010000265203416348,
    0.010000978596508503,
    0.010000181384384632,
    0.010005930438637733,
    0.010000224225223064,
    0.010060545988380909,
    0.010000213980674744,
    0.010000191628932953,
    0.01000021118670702,
    0.010000214911997318,
    0.010000204667448997,
    0.010000242851674557,
    0.01000035647302866,
    0.010000240057706833,
    0.01000202912837267,
    0.010000224225223064,
    0.010000297799706459,
    0.010000525042414665,
    0.010000227019190788,
    0.010000230744481087,
    0.010004984214901924,
    0.01000024750828743,
    0.010002240538597107,
    0.01000019907951355,
    0.010000207461416721,
    0.010000701993703842,
    0.010000204667448997,
    0.01000027172267437,
    0.010000867769122124,
    0.010000225156545639,
    0.01000023540109396,
    0.01000019907951355,
    0.010000240989029408,
    0.01000024750828743,
    0.01000057253986597,
    0.010000632144510746,
    0.01166061032563448,
    0.010000498965382576,
    0.010000403970479965,
    0.010000413283705711,
    0.010000335983932018,
    0.010000336915254593,
    0.010000325739383698,
    0.010000375099480152,
    0.010000284761190414,
    0.010000375099480152,
    0.010000284761190414,
    0.010000292211771011,
    0.010000325739383698,
    0.010000317357480526,
    0.010000279173254967,
    0.010000239126384258,
    0.01000027172267437,
    0.010000228881835938,
    0.010000237263739109,
    0.010000243782997131,
    0.010000212118029594,
    0.010000249370932579,
    0.01000022329390049,
    0.010000234469771385,
    0.010000231675803661,
    0.01000021118670702,
    0.01000019907951355,
    0.010000224225223064,
    0.01000019907951355,
    0.010000198148190975,
    0.010000212118029594,
    0.010000219568610191,
    0.010000176727771759,
    0.010000175796449184,
    0.010000216774642467,
    0.010000200010836124,
    0.010000207461416721,
    0.010000204667448997,
    0.010003187693655491,
    0.01000022329390049,
    0.010000459849834442,
    0.010000200942158699,
    0.010000241920351982,
    0.010000290349125862,
    0.010000237263739109,
    0.010000238195061684,
    0.010000239126384258,
    0.01000020932406187,
    0.010000263340771198,
    0.010001388378441334,
    0.010000434704124928,
    0.010000192560255527,
    0.010000343434512615,
    0.010000217705965042,
    0.01000021118670702,
    0.010000228881835938,
    0.010001146234571934,
    0.010000275447964668,
    0.010000236332416534,
    0.010000995360314846,
    0.01000094786286354,
