{
  "version": "plots/_T_7_5_y0_0_1_network_architectures_4_50_activations_tanh_learning_rates_0_001_collocations_1024_epochs_50000_regularization_reg_derivative_reg_epochs_1_reg_coeff_100000_reg_decay_1_/run_7",
  "seed": 1,
  "y0": 0.1,
  "T": 7.5,
  "N_col": 1024,
  "N_hidden": 4,
  "N_neurons": 50,
  "activation": "tanh",
  "N_epochs": 50000,
  "learning_rate": 0.001,
  "decay_rate": 1.0,
  "freq_log": 100,
  "freq_print": 1000,
  "keys_print": [
    "loss"
  ],
  "freq_save": 0,
  "regularization": "reg_derivative",
  "reg_coeff": 100000,
  "reg_decay": 1,
  "reg_epochs": 1,
  "loss": [
    70674.7734375,
    39.212791442871094,
    35.540008544921875,
    35.3759765625,
    34.53891372680664,
    30.51666259765625,
    31.08513832092285,
    32.22277069091797,
    28.94843292236328,
    30.9183406829834,
    30.19495391845703,
    27.845462799072266,
    27.258663177490234,
    24.821992874145508,
    28.03664207458496,
    25.312908172607422,
    25.721853256225586,
    26.447433471679688,
    25.988903045654297,
    26.968297958374023,
    27.48989486694336,
    26.696928024291992,
    26.238983154296875,
    25.951580047607422,
    27.891469955444336,
    26.229280471801758,
    24.18938636779785,
    27.896183013916016,
    26.206281661987305,
    26.83203887939453,
    27.45470428466797,
    27.13493537902832,
    25.70315170288086,
    27.160789489746094,
    27.14629364013672,
    25.565582275390625,
    26.545230865478516,
    25.820539474487305,
    26.32826805114746,
    26.922950744628906,
    25.939830780029297,
    26.93199920654297,
    26.406373977661133,
    25.24671745300293,
    25.07740020751953,
    26.09024429321289,
    26.483701705932617,
    27.48716163635254,
    25.44121551513672,
    27.538833618164062,
    27.213821411132812,
    28.29037857055664,
    27.847970962524414,
    26.622600555419922,
    26.28030014038086,
    28.05278205871582,
    26.435501098632812,
    26.666908264160156,
    24.498275756835938,
    25.529224395751953,
    27.51490020751953,
    27.157596588134766,
    27.299245834350586,
    26.856372833251953,
    25.722436904907227,
    26.313669204711914,
    27.162246704101562,
    25.71233558654785,
    26.672582626342773,
    26.871551513671875,
    25.827301025390625,
    27.56360626220703,
    25.690052032470703,
    23.636518478393555,
    27.48650360107422,
    26.249176025390625,
    26.440235137939453,
    25.983009338378906,
    27.477657318115234,
    27.09080696105957,
    23.999813079833984,
    24.657583236694336,
    26.81675148010254,
    25.55356788635254,
    26.79018783569336,
    25.966001510620117,
    24.08474349975586,
    26.649105072021484,
    27.153688430786133,
    29.10988998413086,
    24.593177795410156,
    27.238088607788086,
    26.40776824951172,
    26.438232421875,
    25.229677200317383,
    26.9366455078125,
    27.152416229248047,
    26.494861602783203,
    25.040067672729492,
    26.98653221130371,
    26.90270233154297,
    27.44829559326172,
    33.06946563720703,
    26.37384605407715,
    28.082124710083008,
    26.976354598999023,
    26.670635223388672,
    25.849533081054688,
    26.52833366394043,
    25.967601776123047,
    26.307029724121094,
    26.892005920410156,
    27.502634048461914,
    25.909446716308594,
    26.5986328125,
    27.534025192260742,
    25.74600601196289,
    26.115863800048828,
    25.708913803100586,
    26.26885986328125,
    25.96491813659668,
    26.193967819213867,
    27.15591049194336,
    26.201339721679688,
    25.795564651489258,
    25.646583557128906,
    26.233970642089844,
    25.122549057006836,
    26.469104766845703,
    24.608657836914062,
    27.886568069458008,
    26.233570098876953,
    27.437639236450195,
    25.226991653442383,
    25.59845733642578,
    25.46334457397461,
    26.3689022064209,
    26.45277214050293,
    24.034000396728516,
    26.00595474243164,
    26.64354133605957,
    24.81402587890625,
    25.006563186645508,
    24.533458709716797,
    26.150354385375977,
    25.0044002532959,
    24.819660186767578,
    26.8563289642334,
    26.707454681396484,
    26.256338119506836,
    27.975082397460938,
    25.383838653564453,
    27.509368896484375,
    24.81647491455078,
    26.50204086303711,
    25.637407302856445,
    24.995502471923828,
    28.447439193725586,
    26.455280303955078,
    25.712039947509766,
    27.35300636291504,
    27.127391815185547,
    26.94965171813965,
    26.540285110473633,
    26.26498031616211,
    26.627649307250977,
    26.029701232910156,
    25.508346557617188,
    25.349653244018555,
    28.08465576171875,
    24.833797454833984,
    27.76319122314453,
    25.839996337890625,
    26.022846221923828,
    25.5163516998291,
    26.321584701538086,
    25.14211654663086,
    25.086002349853516,
    25.7003116607666,
    27.11608123779297,
    28.24371337890625,
    26.139841079711914,
    28.162639617919922,
    25.707590103149414,
    26.303735733032227,
    26.35117530822754,
    27.81787109375,
    26.254480361938477,
    25.21767234802246,
    24.545570373535156,
    27.704496383666992,
    24.88473129272461,
    26.29792022705078,
    26.999370574951172,
    24.470596313476562,
    26.322500228881836,
    27.32754898071289,
    24.1114501953125,
    26.15359115600586,
    24.901012420654297,
    26.640125274658203,
    27.680706024169922,
    25.343664169311523,
    26.566913604736328,
    26.3992919921875,
    24.39078140258789,
    24.384994506835938,
    28.257503509521484,
    27.099061965942383,
    26.318941116333008,
    25.431819915771484,
    26.750530242919922,
    25.843059539794922,
    27.472373962402344,
    24.23447608947754,
    26.417129516601562,
    24.76059913635254,
    25.96300506591797,
    24.416969299316406,
    24.7312068939209,
    24.488710403442383,
    26.720367431640625,
    27.526512145996094,
    24.84951400756836,
    26.528736114501953,
    25.521739959716797,
    26.130096435546875,
    26.849533081054688,
    25.560283660888672,
    24.312278747558594,
    25.093502044677734,
    26.43716049194336,
    26.005035400390625,
    26.409456253051758,
    26.76230239868164,
    26.420066833496094,
    25.04962730407715,
    25.853670120239258,
    24.627277374267578,
    24.787309646606445,
    28.061548233032227,
    27.850662231445312,
    26.463214874267578,
    24.860380172729492,
    23.82506561279297,
    27.387794494628906,
    26.083030700683594,
    25.478574752807617,
    26.16644287109375,
    26.419214248657227,
    26.019927978515625,
    25.919546127319336,
    27.23476791381836,
    27.797073364257812,
    24.257776260375977,
    26.545089721679688,
    27.451366424560547,
    25.111553192138672,
    28.47179412841797,
    26.983386993408203,
    26.267059326171875,
    24.715770721435547,
    27.497356414794922,
    24.243545532226562,
    26.653789520263672,
    24.897294998168945,
    25.51923942565918,
    27.700220108032227,
    24.796138763427734,
    26.729900360107422,
    24.596094131469727,
    26.283796310424805,
    27.096729278564453,
    27.780290603637695,
    25.19241714477539,
    25.404848098754883,
    27.124296188354492,
    25.911724090576172,
    25.163604736328125,
    24.36086654663086,
    27.596166610717773,
    23.954374313354492,
    25.53876495361328,
    28.32595443725586,
    25.776123046875,
    25.441722869873047,
    25.547765731811523,
    25.286518096923828,
    25.768898010253906,
    24.937694549560547,
    27.06601333618164,
    26.321945190429688,
    28.285659790039062,
    27.172643661499023,
    27.264869689941406,
    26.3380126953125,
    29.243715286254883,
    24.967205047607422,
    27.577983856201172,
    27.43899154663086,
    24.525615692138672,
    27.695274353027344,
    26.481708526611328,
    24.86107063293457,
    26.121023178100586,
    27.274368286132812,
    26.27290916442871,
    26.71643829345703,
    26.8570556640625,
    27.370506286621094,
    25.77914810180664,
    26.23133087158203,
    25.936847686767578,
    24.341501235961914,
