{
  "version": "plots/_T_10_y0_0_001_network_architectures_4_50_activations_tanh_learning_rates_0_001_collocations_1024_epochs_50000_regularization_reg_derivative_unstable_fp_reg_epochs_1_reg_coeff_10_reg_decay_1_/run_7",
  "seed": 1,
  "y0": 0.001,
  "T": 10,
  "N_col": 1024,
  "N_hidden": 4,
  "N_neurons": 50,
  "activation": "tanh",
  "N_epochs": 50000,
  "learning_rate": 0.001,
  "decay_rate": 1.0,
  "freq_log": 100,
  "freq_print": 1000,
  "keys_print": [
    "loss"
  ],
  "freq_save": 0,
  "regularization": "reg_derivative_unstable_fp",
  "reg_coeff": 10,
  "reg_decay": 1,
  "reg_epochs": 1,
  "loss": [
    0.0038595302030444145,
    1.7681757526588626e-05,
    1.2775042705470696e-05,
    7.248217571032001e-06,
    8.813327440293506e-06,
    0.00022074072330724448,
    0.0007373901316896081,
    2.2158632418722846e-05,
    3.259210643591359e-05,
    1.723961395327933e-05,
    2.029197094088886e-05,
    0.0001097977947210893,
    1.98478446691297e-05,
    6.784453944419511e-06,
    6.353192293317989e-05,
    0.00012574612628668547,
    6.101741746533662e-05,
    2.72198212769581e-05,
    1.4164083040668629e-05,
    3.231888695154339e-05,
    2.7595000574365258e-05,
    6.488560029538348e-05,
    1.1001464372384362e-05,
    0.0004247064935043454,
    1.1129898666695226e-05,
    1.2674061508732848e-05,
    3.283385740360245e-05,
    2.5896775696310215e-05,
    0.00010168903099838644,
    6.458943244069815e-05,
    0.00011464834096841514,
    0.00011988431651843712,
    4.526503835222684e-05,
    2.514420157240238e-05,
    6.7208338805357926e-06,
    2.2458845705841668e-05,
    6.560133624589071e-05,
    1.4838869901723228e-05,
    2.494551517884247e-05,
    2.0146511815255508e-05,
    1.2052983038302045e-05,
    7.225092122098431e-05,
    1.9372884707991034e-05,
    9.014372153615113e-06,
    2.1916526748100296e-05,
    6.966621185711119e-06,
    1.614540451555513e-05,
    1.238890672539128e-05,
    1.0859906979021616e-05,
    1.5345784049713984e-05,
    7.857522723497823e-05,
    1.3732088518736418e-05,
    2.2874904971104115e-05,
    7.338050636462867e-06,
    1.197987421619473e-05,
    6.866094281576807e-06,
    9.269605470763054e-06,
    9.782452252693474e-06,
    9.01074326975504e-06,
    8.789356797933578e-06,
    9.025434337672777e-06,
    8.02674094302347e-06,
    8.645693924336229e-06,
    8.112341674859636e-06,
    8.108199835987762e-06,
    8.22379115561489e-06,
    8.187673302018084e-06,
    1.366644755762536e-05,
    9.602538739272859e-06,
    8.684239219292067e-06,
    8.260348295152653e-06,
    9.028078238770831e-06,
    8.306604286190122e-06,
    8.32632213132456e-06,
    7.804900633345824e-06,
    8.791022992227226e-06,
    8.028513548197225e-06,
    1.0976668818329927e-05,
    9.003388186101802e-06,
    9.327945008408278e-06,
    8.372224328923039e-06,
    1.0001460395869799e-05,
    8.639725820103195e-06,
    8.476903531118296e-06,
    8.342656656168401e-06,
    1.077867182175396e-05,
    8.263459676527418e-06,
    3.920805738744093e-06,
    1.1727555829565972e-05,
    4.704555976786651e-05,
    0.00010190463217440993,
    8.921602420741692e-05,
    7.75331773184007e-06,
    9.600124030839652e-06,
    2.2193886252352968e-05,
    2.0299483367125504e-05,
    7.099207323335577e-06,
    6.797456535423407e-06,
    6.4702935560490005e-06,
    6.967948593228357e-06,
    7.786047717672773e-06,
    7.223203283501789e-06,
    6.932011274329852e-06,
    6.485631274699699e-06,
    9.601440979167819e-06,
    8.272709237644449e-06,
    3.1009501981316134e-05,
    2.2849852030049078e-05,
    1.426843118679244e-05,
    1.5612497008987702e-05,
    5.957394932920579e-06,
    1.1442565664765425e-05,
    4.084238753421232e-06,
    8.81416053744033e-06,
    8.152092050295323e-06,
    7.962739800859708e-06,
    8.452273505099583e-06,
    8.313139915117063e-06,
    8.418380275543313e-06,
    8.846262062434107e-06,
    8.899798558559269e-06,
    8.40760549181141e-06,
    8.893057383829728e-06,
    8.695688848092686e-06,
    9.124444659391884e-06,
    8.191682354663499e-06,
    9.219542334903963e-06,
    8.191660526790656e-06,
    8.545376658730675e-06,
    9.399776899954304e-06,
    8.774105481279548e-06,
    8.41742439661175e-06,
    8.326574970851652e-06,
    5.791498551843688e-05,
    8.838931535137817e-06,
    7.94629431766225e-06,
    6.41400310996687e-06,
    7.0972178036754485e-06,
    9.14578868105309e-06,
    2.654401214385871e-05,
    3.942147486668546e-06,
    1.3237194252724294e-05,
    1.1986410754616372e-05,
    1.4299279428087175e-05,
    1.1289916074019857e-05,
    7.810693205101416e-06,
    3.84383520213305e-06,
    3.7534757666435326e-06,
    2.7676862373482436e-05,
    8.924722351366654e-06,
    2.6079251256305724e-05,
    9.759759450389538e-06,
    3.739602107089013e-06,
    1.1639560398180038e-05,
    7.295592695300002e-06,
    1.377911030431278e-05,
    5.293664798955433e-06,
    6.455845777963987e-06,
    1.4165106222208124e-05,
    3.889889740094077e-06,
    7.458274922100827e-06,
    8.610631084593479e-06,
    8.834582331473939e-06,
    1.4890228158037644e-05,
    1.2900133697257843e-05,
    1.510803667770233e-05,
    7.889543667261023e-06,
    8.943200555222575e-06,
    9.275798220187426e-06,
    1.9782897652476095e-05,
    1.6173806216102093e-05,
    4.9403579396312125e-06,
    8.701751539774705e-06,
    6.607929663005052e-06,
    3.7201534723863006e-06,
    4.68883763460326e-06,
    8.051237273321021e-06,
    8.760272066865582e-06,
    1.9010190044355113e-06,
    6.356291123665869e-06,
    7.986515811353456e-06,
    6.831071459600935e-06,
    6.2901822275307495e-06,
    1.316121324634878e-05,
    3.6578846902557416e-06,
    7.251464921864681e-06,
    2.9634833481395617e-05,
    7.408143574139103e-06,
    1.3855194083589595e-05,
    1.2784666978404857e-05,
    2.0223187675583176e-05,
    9.963185220840387e-06,
    7.023990292509552e-06,
    6.648175258305855e-06,
    5.42780480827787e-06,
    1.0011388440034352e-05,
    1.1175996405654587e-05,
    5.2047007557121105e-06,
    1.1191933481313754e-05,
    4.4465223254519515e-06,
    1.2417327525326982e-05,
    3.227089473512024e-05,
    1.4273190572566818e-05,
    2.119676719303243e-05,
    1.4361439752974547e-06,
    6.363097782013938e-06,
    6.740026037732605e-06,
    6.054587174730841e-06,
    4.911057658318896e-06,
    5.782177140645217e-06,
    5.384160886023892e-06,
    5.412229256762657e-06,
    5.7339398153999355e-06,
    5.564806087932084e-06,
    5.753039658884518e-06,
    6.2193721532821655e-06,
    5.952287210675422e-06,
    8.71132669999497e-06,
    9.911288543662522e-06,
    1.0799979463627096e-05,
    6.660605777142337e-06,
    7.592588644911302e-06,
    1.1765375347749796e-05,
    5.641330972139258e-06,
    3.918769834854174e-06,
    2.668872639333131e-06,
    1.2906311894766986e-05,
    4.731069566332735e-06,
    3.83762790079345e-06,
    5.929225153522566e-06,
    6.332123120955657e-06,
    7.4075019256270025e-06,
    5.5270170378207695e-06,
    4.759833245771006e-06,
    1.0019412002293393e-05,
    1.1025151252397336e-05,
    8.018701919354498e-06,
    8.83115626493236e-06,
    1.5234733837132808e-05,
    1.1738960893126205e-05,
    1.1596868716878816e-05,
    6.015843609930016e-06,
    2.4047385522862896e-06,
    5.83372911933111e-06,
    1.7991828826779965e-06,
    4.175089088676032e-06,
    6.402778126357589e-06,
    2.9285952223290224e-06,
    5.035019967181142e-06,
    1.299032305723813e-06,
    1.6102460449474165e-06,
    5.161227818462066e-06,
    1.6707388112990884e-06,
    1.2966484064236283e-06,
    1.455166284358711e-06,
    1.637947548260854e-06,
    2.621041630845866e-06,
    3.3618457564443815e-06,
    3.7433899251482217e-06,
    3.346677885929239e-06,
    1.842240408223006e-06,
    1.2172913557151332e-06,
    3.93295704270713e-06,
    3.1496458632318536e-06,
    1.141267148341285e-06,
    2.023109573201509e-06,
    4.357601483206963e-06,
    3.78568506675947e-06,
    1.2885728892797488e-06,
    4.328359864302911e-06,
