{
  "version": "plots/_T_7_5_y0_0_001_network_architectures_4_50_activations_tanh_learning_rates_0_001_collocations_1024_epochs_50000_regularization_reg_derivative_unstable_fp_reg_epochs_1_reg_coeff_1_reg_decay_1_/run_0",
  "seed": 1,
  "y0": 0.001,
  "T": 7.5,
  "N_col": 1024,
  "N_hidden": 4,
  "N_neurons": 50,
  "activation": "tanh",
  "N_epochs": 50000,
  "learning_rate": 0.001,
  "decay_rate": 1.0,
  "freq_log": 100,
  "freq_print": 1000,
  "keys_print": [
    "loss"
  ],
  "freq_save": 0,
  "regularization": "reg_derivative_unstable_fp",
  "reg_coeff": 1,
  "reg_decay": 1,
  "reg_epochs": 1,
  "loss": [
    0.029609713703393936,
    3.2314985674020136e-06,
    2.382793127253535e-06,
    1.908018020913005e-06,
    2.858104608094436e-06,
    2.099500306940172e-06,
    4.726247425423935e-06,
    2.6467271254659863e-06,
    2.428950438115862e-06,
    1.3337602467800025e-05,
    9.395223059982527e-06,
    3.421561268623918e-05,
    2.544386006775312e-06,
    2.318372207810171e-05,
    2.0167244656477123e-05,
    8.443756996712182e-06,
    2.744587982306257e-05,
    1.9993963178421836e-06,
    6.7992305048392154e-06,
    3.037543865502812e-05,
    8.355574209417682e-06,
    6.2057979448582046e-06,
    2.9917089705122635e-05,
    2.067089099000441e-06,
    6.650081922998652e-05,
    1.9739263734663837e-06,
    1.6907204098970396e-06,
    8.179438736988232e-06,
    2.436943213979248e-05,
    2.127568677678937e-06,
    2.964002533190069e-06,
    2.4662642772455e-06,
    8.160666766343638e-06,
    5.087623139843345e-05,
    6.2905464801588096e-06,
    8.22193942440208e-06,
    2.1550122255575843e-06,
    8.651791176816914e-06,
    1.8377977539785206e-05,
    1.7385870023645111e-06,
    1.9608839920692844e-06,
    1.3779035725747235e-06,
    4.447781975613907e-06,
    1.1750748853955884e-05,
    1.0251936146232765e-05,
    2.1494900011020945e-06,
    5.908435196033679e-05,
    2.7114147087559104e-06,
    6.325683443719754e-06,
    2.0270093955332413e-05,
    2.5887904939736472e-06,
    4.891384378424846e-06,
    8.027158401091583e-06,
    2.1133409973117523e-06,
    2.334104010515148e-06,
    1.97239069166244e-06,
    2.335114231755142e-06,
    3.714699005286093e-06,
    3.574318725441117e-06,
    3.2070679480966646e-06,
    3.0832629818178248e-06,
    2.3073828288033837e-06,
    2.7359074010746554e-06,
    3.0530641197401565e-06,
    2.2231070033740252e-06,
    2.1745136109529994e-06,
    2.2147301024233457e-06,
    2.2456920305558015e-06,
    1.7208720919370535e-06,
    2.136672719643684e-06,
    1.6911387774598552e-06,
    1.7282595763390418e-06,
    3.1008203222882003e-06,
    2.0268926164135337e-06,
    2.5177639599860413e-06,
    5.017127023165813e-06,
    2.903482709371019e-06,
    7.459043445123825e-06,
    2.4563478291383944e-06,
    2.757622496574186e-06,
    2.6338316274632234e-06,
    2.6989562229573494e-06,
    2.5636418286012486e-06,
    2.128412461388507e-06,
    5.571748715738067e-06,
    2.242180471512256e-06,
    1.8558291685621953e-06,
    1.6451206192868995e-06,
    2.316011432412779e-06,
    4.302484740037471e-06,
    2.604642304504523e-06,
    2.444053279759828e-06,
    1.8605684317662963e-06,
    1.8032337720796932e-06,
    7.5077950896229595e-06,
    1.8712564724410186e-06,
    2.7904470698558725e-06,
    5.3576118261844385e-06,
    2.219907401013188e-06,
    1.9060166778217535e-06,
    1.8888403019445832e-06,
    1.785084577932139e-06,
    1.7507762777313474e-06,
    1.9898629943782e-06,
    2.2563831407751422e-06,
    2.288766609126469e-06,
    2.0176858015474863e-06,
    2.3134446109907003e-06,
    1.912895186251262e-06,
    2.455923777233693e-06,
    1.7999437886828673e-06,
    2.022589796979446e-06,
    2.1900207229919033e-06,
    1.994841568375705e-06,
    2.7265978133073077e-06,
    1.7681610415820614e-06,
    1.1122464457002934e-05,
    1.263977992493892e-06,
    3.0027217690076213e-06,
    2.4072971882560523e-06,
    1.7261513676203322e-06,
    4.038869974465342e-06,
    2.258588892800617e-06,
    1.9155986592522822e-06,
    1.9841013454424683e-06,
    1.717262989586743e-06,
    2.663188752194401e-06,
    2.3035779577185167e-06,
    9.034151844389271e-06,
    2.4301243684021756e-06,
    2.3225384211400524e-06,
    2.413014726698748e-06,
    2.5424549221497728e-06,
    6.383158506650943e-06,
    1.8842511053662747e-06,
    1.8191583421867108e-06,
    4.569507837004494e-06,
    0.0002220853348262608,
    1.8640696453076089e-06,
    1.427197048542439e-06,
    1.6259992889899877e-06,
    1.7555196336616063e-06,
    2.1254954845062457e-06,
    2.2691147023579106e-06,
    1.55805105350737e-06,
    2.0960542315151542e-06,
    1.6369529021176277e-06,
    2.2848855678603286e-06,
    2.195064325860585e-06,
    2.1655064301739912e-06,
    1.1598152696024044e-06,
    1.4491484989775927e-06,
    2.054384367511375e-06,
    1.944031055245432e-06,
    1.8377900232735556e-06,
    2.004605903493939e-06,
    1.8076152628054842e-06,
    1.7955649127543438e-06,
    1.7331806247966597e-06,
    2.008226601901697e-06,
    1.8457781152392272e-06,
    1.9454646462691016e-06,
    2.12694430956617e-06,
    2.3837669687054586e-06,
    2.2918261493032333e-06,
    2.0125457922404166e-06,
    2.6898619580606464e-06,
    2.5799170089157997e-06,
    2.267209765705047e-06,
    2.006208433158463e-06,
    1.837647687352728e-06,
    2.6074692414113088e-06,
    4.382698989502387e-06,
    1.9059573332924629e-06,
    2.007973762374604e-06,
    2.1785922399431e-06,
    1.6626898968752357e-06,
    1.8055137616102002e-06,
    1.94763629224326e-06,
    2.282622972415993e-06,
    2.2532094590133056e-06,
    1.1831419215013739e-05,
    1.8560879198048497e-06,
    1.6851060991029954e-06,
    1.6186843367904657e-06,
    1.536363129162055e-06,
    1.5594274600516655e-06,
    1.6876940662768902e-06,
    1.8167328335039201e-06,
    1.5219532087940024e-06,
    1.9190547391190194e-06,
    1.733458589114889e-06,
    1.6185920230782358e-06,
    1.5860587154747918e-06,
    1.6006262057999265e-06,
    1.8128938563677366e-06,
    1.7942206795851234e-06,
    1.6110520846268628e-06,
    1.636688921280438e-06,
    1.7664956430962775e-06,
    1.6233329915849026e-06,
    1.6206292912102072e-06,
    1.5935070223349612e-06,
    1.966699983313447e-06,
    1.5648104181309463e-06,
    1.7550719348946586e-06,
    1.831538384067244e-06,
    1.5899361187621253e-06,
    2.041950665443437e-06,
    1.7271963770326693e-06,
    1.8030024193649297e-06,
    1.6685960417817114e-06,
    1.7268193914787844e-06,
    1.9546284875104902e-06,
    1.8443238332110923e-06,
    2.0563177258736687e-06,
    1.939680259965826e-06,
    1.5846526366658509e-06,
    2.1411251509562135e-06,
    2.1535015548579395e-06,
    2.5340996216982603e-06,
    1.8922892195405439e-06,
    2.533473661969765e-06,
    2.60788283412694e-06,
    1.8383544784228434e-06,
    2.0137983938184334e-06,
    2.3460227112082066e-06,
    1.94392737284943e-06,
    2.3862385205575265e-06,
    2.047035877694725e-06,
    2.0028394374094205e-06,
    1.731512270453095e-06,
    2.7210239750274923e-06,
    1.9146903014188865e-06,
    1.866162165242713e-06,
    1.904728833324043e-06,
    1.7764816675480688e-06,
    6.884262802486774e-06,
    2.067770310532069e-06,
    3.0827482078166213e-06,
    1.247424734174274e-06,
    6.006019702908816e-06,
    2.5060776351892855e-06,
    1.8939053916255943e-06,
    1.9532876649464015e-06,
    3.1051829409989296e-06,
    1.9365513708180515e-06,
    1.9073181647399906e-06,
    2.028265953413211e-06,
    2.058012796624098e-06,
    2.7177450192539254e-06,
    2.1125433704582974e-06,
    1.823433990466583e-06,
    1.5191507145573269e-06,
    1.1165924433953478e-06,
    1.4794052276556613e-06,
    8.922110282583162e-06,
    1.2574184893310303e-06,
    2.8954116260138107e-06,
    1.9971269011875847e-06,
    1.8328327087147045e-06,
    1.687729309196584e-06,
    1.9303338376630563e-06,
    2.0003687950520543e-06,
    2.047178440989228e-06,
    1.8765429103950737e-06,
    1.8325109749639523e-06,
