{
  "version": "plots/_T_10_y0_0_01_network_architectures_4_50_activations_tanh_learning_rates_0_001_collocations_1024_epochs_50000_regularization_unstable_fp_reg_epochs_1_reg_coeff_1_reg_decay_1_/run_6",
  "seed": 1,
  "y0": 0.01,
  "T": 10,
  "N_col": 1024,
  "N_hidden": 4,
  "N_neurons": 50,
  "activation": "tanh",
  "N_epochs": 50000,
  "learning_rate": 0.001,
  "decay_rate": 1.0,
  "freq_log": 100,
  "freq_print": 1000,
  "keys_print": [
    "loss"
  ],
  "freq_save": 0,
  "regularization": "unstable_fp",
  "reg_coeff": 1,
  "reg_decay": 1,
  "reg_epochs": 1,
  "loss": [
    0.07897332310676575,
    0.000372834358131513,
    0.0010261645074933767,
    0.00021558524167630821,
    0.0002678477903828025,
    0.00019952126604039222,
    0.0001742042659316212,
    0.00017793512961361557,
    0.00013303371088113636,
    0.00017382069199811667,
    0.00019671993504744023,
    0.0002582773449830711,
    0.00022051380074117333,
    0.00020280340686440468,
    0.0001561261888127774,
    0.0004830662510357797,
    0.0001894157030619681,
    0.0002188454382121563,
    0.0001804881903808564,
    0.00016259102267213166,
    0.00022314052330330014,
    0.00019806197087746114,
    0.0013359615113586187,
    0.00016274445806629956,
    0.00047434488078579307,
    0.00020402470545377582,
    0.00024208113609347492,
    0.00021857809042558074,
    0.00021929366630502045,
    0.000168346130521968,
    0.00039166398346424103,
    0.00018469436326995492,
    0.00016376638086512685,
    0.0002516579697839916,
    0.00019658816745504737,
    0.00021188121172599494,
    0.00023422039521392435,
    0.0002265785587951541,
    0.0001436985476175323,
    0.00018916401313617826,
    0.00016142221284098923,
    0.00016178263467736542,
    0.0002988931373693049,
    0.00016802320897113532,
    0.00018012328655458987,
    0.00015310008893720806,
    0.0002618164289742708,
    0.00016914996376726776,
    0.0001837911840993911,
    0.0002456717484164983,
    0.00018438982078805566,
    0.00021877078688703477,
    0.0001714935788186267,
    0.00015442441508639604,
    0.0001616397057659924,
    0.00016159634105861187,
    0.00015620148042216897,
    0.00015456145047210157,
    0.000165786812431179,
    0.00017008699069265276,
    0.00016186459106393158,
    0.0001506816770415753,
    0.00015275012992788106,
    0.00015143808559514582,
    0.00014855415793135762,
    0.0001571736647747457,
    0.00016225920990109444,
    0.0001479319907957688,
    0.0001761075691320002,
    0.0001503416569903493,
    0.0001525870757177472,
    0.00014914271014276892,
    0.00014608551282435656,
    0.00015027720655780286,
    0.00015419651754200459,
    0.00015863939188420773,
    0.00014336493040900677,
    0.00016310637874994427,
    0.00014322584320325404,
    0.00014270136307459325,
    0.000153129396494478,
    0.00017621737788431346,
    0.00014869158621877432,
    0.00015461171278730035,
    0.00015367375453934073,
    0.00016611392493359745,
    0.00015078209980856627,
    0.00015481672016903758,
    0.00015892001101747155,
    0.00015944085316732526,
    0.000157867485540919,
    0.00014608632773160934,
    0.00014384087990038097,
    0.00015818962128832936,
    0.00015449868806172162,
    0.00014313586871139705,
    0.00014898402150720358,
    0.00017574132652953267,
    0.00014679574815090746,
    0.00018541369354352355,
    0.00017837321502156556,
    0.00017411159933544695,
    0.0001465964742237702,
    0.00017259550804737955,
    0.00014587743498850614,
    0.00014361053763423115,
    0.0001476786273997277,
    0.00014698461745865643,
    0.00015073038230184466,
    0.00015142907795961946,
    0.00015412777429446578,
    0.0001496879558544606,
    0.00014210399240255356,
    0.00014971362543292344,
    0.00015357819211203605,
    0.00014311898848973215,
    0.0001635292574064806,
    0.0001535527699161321,
    0.00015684438403695822,
    0.00014999604900367558,
    0.00014730103430338204,
    0.0001518678036518395,
    0.00015975603309925646,
    0.00014872891188133508,
    0.00016612157924100757,
    0.00015739729860797524,
    0.00015048947534523904,
    0.00014742696657776833,
    0.00013804438640363514,
    0.00014524116704706103,
    0.00014754928997717798,
    0.00015379383694380522,
    0.0001444606896257028,
    0.0001709141070023179,
    0.00016226604930125177,
    0.00015434290980920196,
    0.00012711157614830881,
    0.00011082596029154956,
    0.00010773794929264113,
    0.00011216275015613064,
    0.00013166764983907342,
    0.00010257924441248178,
    0.00011429980804678053,
    0.00011827846174128354,
    0.00011029650340788066,
    0.00014275040302891284,
    0.00014833291061222553,
    0.0001231039350386709,
    0.0001024131488520652,
    0.00010308487253496423,
    0.0001339416776318103,
    0.00011867391731357202,
    0.0001097448548534885,
    0.0001023895965772681,
    0.0001070983853423968,
    0.00010315381223335862,
    0.00012174760195193812,
    0.00010989995644195005,
    0.00011240423191338778,
    0.00010717867553466931,
    0.0001100435183616355,
    0.00010886896052397788,
    0.00010400979226687923,
    0.00012857740512117743,
    0.000144049379741773,
    0.00010369345545768738,
    0.00011571003415156156,
    0.00011469046876300126,
    0.00011716978042386472,
    0.00010955048492178321,
    0.00011382605589460582,
    0.00011551713396329433,
    0.00011579683632589877,
    0.00010694309457903728,
    0.0001533864124212414,
    0.00010084512905450538,
    0.00012133624841226265,
    0.00011312546121189371,
    0.00011242653999943286,
    0.00010366787319071591,
    0.00010330804798286408,
    0.0001054572785506025,
    0.00010343227768316865,
    0.00011028914741473272,
    0.0001021480857161805,
    0.00010282518633175641,
    0.00010482950165169314,
    0.0001013950677588582,
    0.00011334638111293316,
    0.00011430906306486577,
    0.00011168471246492118,
    0.00010754844697657973,
    0.00012026449985569343,
    0.0001051927829394117,
    0.00012720600352622569,
    0.00010430980910314247,
    0.00010805886267917231,
    0.00011320514022372663,
    0.00010359713633079082,
    0.00010326171468477696,
    0.00011435615306254476,
    0.00010572698374744505,
    0.00010383543121861294,
    0.00010188778833253309,
    0.00011098952381871641,
    0.00011604533938225359,
    0.00010048524563899264,
    0.00010166921856580302,
    0.00010112582094734535,
    0.00011136395914945751,
    0.00010079394996864721,
    0.00010099008795805275,
    0.0001206523083965294,
    0.00010523574019316584,
    0.00010328995267627761,
    0.0001022242140606977,
    0.00010709908383432776,
    0.00010493597073946148,
    0.00010558858775766566,
    0.00010123228275915608,
    0.00010066320828627795,
    0.00010809185187099501,
    0.00010322299931431189,
    0.00010390763054601848,
    0.00010247476166114211,
    0.00010828886297531426,
    0.00010251165076624602,
    0.00010877619206439704,
    0.00010816106805577874,
    0.00010281052527716383,
    0.00010599457891657948,
    0.00010510688298381865,
    0.00010670172923710197,
    0.00010494200978428125,
    0.0001009989864542149,
    0.00010117969941347837,
    0.0001018105394905433,
    0.00010328056669095531,
    0.00010573062172625214,
    0.00010094557364936918,
    0.00010125710105057806,
    0.00010074581950902939,
    0.00010060812201118097,
    0.00010609722085064277,
    0.00010195760114584118,
    0.00010254266089759767,
    0.0001030204730341211,
    0.00010071649012388662,
    0.00010090046271216124,
    0.00010012765415012836,
    0.00010497326729819179,
    0.00010128175199497491,
    0.0001009115730994381,
    0.00010167101572733372,
    0.00010019579349318519,
    0.00010414266580482945,
    0.00010025578376371413,
    0.00010510384890949354,
    0.0001031483625411056,
    0.00010141523671336472,
    0.0001030306812026538,
    0.00010220076364930719,
    0.00010028589167632163,
    0.00010044134978670627,
    0.00010098374332301319,
    0.00010214794747298583,
    0.00010441536869620904,
