{
  "version": "plots/_T_7_5_y0_0_1_network_architectures_4_50_activations_tanh_learning_rates_0_001_collocations_1024_epochs_50000_regularization_unstable_fp_reg_epochs_1_reg_coeff_10_reg_decay_1_/run_8",
  "seed": 1,
  "y0": 0.1,
  "T": 7.5,
  "N_col": 1024,
  "N_hidden": 4,
  "N_neurons": 50,
  "activation": "tanh",
  "N_epochs": 50000,
  "learning_rate": 0.001,
  "decay_rate": 1.0,
  "freq_log": 100,
  "freq_print": 1000,
  "keys_print": [
    "loss"
  ],
  "freq_save": 0,
  "regularization": "unstable_fp",
  "reg_coeff": 10,
  "reg_decay": 1,
  "reg_epochs": 1,
  "loss": [
    0.10219680517911911,
    0.03615083172917366,
    0.031117424368858337,
    0.027872247621417046,
    0.024290721863508224,
    0.031517356634140015,
    0.025119708850979805,
    0.027733590453863144,
    0.025174222886562347,
    0.022674793377518654,
    0.021056868135929108,
    0.031982291489839554,
    0.024729374796152115,
    0.029182465746998787,
    0.026172280311584473,
    0.027788056060671806,
    0.01854627951979637,
    0.026082977652549744,
    0.021810466423630714,
    0.023021291941404343,
    0.025459837168455124,
    0.019607122987508774,
    0.022305693477392197,
    0.02776944637298584,
    0.024207448586821556,
    0.02365287020802498,
    0.02264188975095749,
    0.022395526990294456,
    0.022326376289129257,
    0.02544916421175003,
    0.026094140484929085,
    0.02334597334265709,
    0.021219763904809952,
    0.02305310219526291,
    0.025251414626836777,
    0.017597001045942307,
    0.027435172349214554,
    0.02204480767250061,
    0.02604568563401699,
    0.02124261111021042,
    0.023882165551185608,
    0.024712305516004562,
    0.022611510008573532,
    0.023735998198390007,
    0.0237872377038002,
    0.021271903067827225,
    0.01928388699889183,
    0.027660854160785675,
    0.027005257084965706,
    0.02271592803299427,
    0.02413618378341198,
    0.022491460666060448,
    0.025159714743494987,
    0.02219681441783905,
    0.028235070407390594,
    0.025296147912740707,
    0.02422703616321087,
    0.022826509550213814,
    0.02790849283337593,
    0.025593528524041176,
    0.022814441472291946,
    0.020287111401557922,
    0.02743597701191902,
    0.02665693312883377,
    0.027827225625514984,
    0.022069483995437622,
    0.021512562409043312,
    0.02121669054031372,
    0.023535452783107758,
    0.02545987255871296,
    0.02306944690644741,
    0.02436760812997818,
    0.022765064612030983,
    0.02515689842402935,
    0.025462739169597626,
    0.019142355769872665,
    0.028099829331040382,
    0.029547475278377533,
    0.027033992111682892,
    0.02697698585689068,
    0.022807538509368896,
    0.02297397330403328,
    0.02034229412674904,
    0.023353662341833115,
    0.029024198651313782,
    0.021143529564142227,
    0.030370082706212997,
    0.025410939007997513,
    0.022302066907286644,
    0.019842389971017838,
    0.02356138825416565,
    0.02328094094991684,
    0.02329183556139469,
    0.019470594823360443,
    0.026914674788713455,
    0.022877799347043037,
    0.020863838493824005,
    0.023773806169629097,
    0.027989186346530914,
    0.024173691868782043,
    0.020456861704587936,
    0.022826652973890305,
    0.025758277624845505,
    0.023752979934215546,
    0.018495183438062668,
    0.02700493298470974,
    0.02603147178888321,
    0.022036463022232056,
    0.024084076285362244,
    0.027083799242973328,
    0.025335643440485,
    0.027557045221328735,
    0.025561746209859848,
    0.024276573210954666,
    0.01884322799742222,
    0.02401132509112358,
    0.01963265798985958,
    0.023435475304722786,
    0.019390534609556198,
    0.026631904765963554,
    0.028645087033510208,
    0.022335059940814972,
    0.023153051733970642,
    0.020719578489661217,
    0.02185804210603237,
    0.028754819184541702,
    0.023145191371440887,
    0.02116808295249939,
    0.023556265980005264,
    0.022442519664764404,
    0.0205834973603487,
    0.017932280898094177,
    0.023290513083338737,
    0.02417624369263649,
    0.018303634598851204,
    0.019616298377513885,
    0.02613934502005577,
    0.020577874034643173,
    0.02185799740254879,
    0.021535448729991913,
    0.017981654033064842,
    0.021207936108112335,
    0.026831747964024544,
    0.017016876488924026,
    0.03019189089536667,
    0.02311789244413376,
    0.019968602806329727,
    0.021444298326969147,
    0.023530080914497375,
    0.028318651020526886,
    0.02328965626657009,
    0.025245700031518936,
    0.013548729941248894,
    0.02241595834493637,
    0.020795779302716255,
    0.019629668444395065,
    0.02043856680393219,
    0.02728784643113613,
    0.024630364030599594,
    0.02457568794488907,
    0.02143513411283493,
    0.021332668140530586,
    0.027539333328604698,
    0.026731373742222786,
    0.025594212114810944,
    0.024704162031412125,
    0.022761214524507523,
    0.02163081057369709,
    0.02098889648914337,
    0.0205826535820961,
    0.021385127678513527,
    0.021698230877518654,
    0.025112420320510864,
    0.02339569292962551,
    0.02360011264681816,
    0.019888985902071,
    0.021366482600569725,
    0.026090454310178757,
    0.020206302404403687,
    0.0224565789103508,
    0.026627525687217712,
    0.020511310547590256,
    0.021939914673566818,
    0.028098542243242264,
    0.024680564180016518,
    0.024708550423383713,
    0.02139987424015999,
    0.019504006952047348,
    0.024609778076410294,
    0.025956643745303154,
    0.02851528488099575,
    0.02108331024646759,
    0.018158648163080215,
    0.025681711733341217,
    0.02698504738509655,
    0.022690262645483017,
    0.02037956193089485,
    0.019058864563703537,
    0.026396971195936203,
    0.02506835199892521,
    0.01725510135293007,
    0.02594013884663582,
    0.027476493269205093,
    0.025066908448934555,
    0.026714948937296867,
    0.02305566519498825,
    0.019386809319257736,
    0.025237509980797768,
    0.02782355435192585,
    0.02317884936928749,
    0.02629035711288452,
    0.027011029422283173,
    0.02211337722837925,
    0.020287547260522842,
    0.021977068856358528,
    0.02255951054394245,
    0.02226187288761139,
    0.02808782458305359,
    0.025417260825634003,
    0.024708040058612823,
    0.019787058234214783,
    0.020988445729017258,
    0.02283007651567459,
    0.02438373491168022,
    0.024136539548635483,
    0.02442130818963051,
    0.028304077684879303,
    0.02285531535744667,
    0.025730643421411514,
    0.02661737985908985,
    0.018832985311746597,
    0.02301926724612713,
    0.025196116417646408,
    0.02689334750175476,
    0.018914468586444855,
    0.03169649839401245,
    0.022309891879558563,
    0.025594815611839294,
    0.02743968553841114,
    0.02726328745484352,
    0.02682013064622879,
    0.020670030266046524,
    0.02217535674571991,
    0.01954612508416176,
    0.021264761686325073,
    0.02540949173271656,
    0.019768275320529938,
    0.024350836873054504,
    0.02108948491513729,
    0.02411317452788353,
    0.02524736523628235,
    0.021297521889209747,
    0.02040637657046318,
    0.023903053253889084,
    0.02161451429128647,
    0.02320345863699913,
    0.022654403001070023,
    0.023876212537288666,
    0.020036686211824417,
    0.018581554293632507,
    0.027637895196676254,
    0.02442694827914238,
    0.019482465460896492,
    0.02213299460709095,
    0.01769322156906128,
    0.025775277987122536,
    0.027692273259162903,
    0.020760439336299896,
    0.023840148001909256,
    0.02469901368021965,
    0.02801341935992241,
    0.02320335991680622,
    0.023949217051267624,
    0.021505160257220268,
    0.029952755197882652,
    0.02452460490167141,
    0.025477169081568718,
    0.022474460303783417,
    0.02725336328148842,
    0.02579861506819725,
    0.022441774606704712,
    0.028178749606013298,
    0.020859915763139725,
    0.02599675953388214,
    0.018833624199032784,
    0.021220270544290543,
    0.018650546669960022,
    0.022193724289536476,
    0.016206033527851105,
