{
  "version": "plots/_T_7_5_y0_0_1_network_architectures_4_50_activations_tanh_learning_rates_0_001_collocations_1024_epochs_50000_regularization_no_reg_reg_epochs_1_reg_coeff_10_reg_decay_1_/run_1",
  "seed": 1,
  "y0": 0.1,
  "T": 7.5,
  "N_col": 1024,
  "N_hidden": 4,
  "N_neurons": 50,
  "activation": "tanh",
  "N_epochs": 50000,
  "learning_rate": 0.001,
  "decay_rate": 1.0,
  "freq_log": 100,
  "freq_print": 1000,
  "keys_print": [
    "loss"
  ],
  "freq_save": 0,
  "regularization": "no_reg",
  "reg_coeff": 10,
  "reg_decay": 1,
  "reg_epochs": 1,
  "loss": [
    0.02065121941268444,
    0.0026954039931297302,
    0.0025066095404326916,
    0.002639070153236389,
    0.002415019553154707,
    0.0027854382060468197,
    0.0027338697109371424,
    0.0027555490378290415,
    0.002730130683630705,
    0.0025180322118103504,
    0.0022701858542859554,
    0.0030737135093659163,
    0.0028566867113113403,
    0.0033250218257308006,
    0.0028176396153867245,
    0.0030988468788564205,
    0.0022556735202670097,
    0.0030982482712715864,
    0.002563830930739641,
    0.002644043881446123,
    0.002693982794880867,
    0.0025107162073254585,
    0.0025482098571956158,
    0.002899162471294403,
    0.002724158111959696,
    0.002669772831723094,
    0.0025993017479777336,
    0.0025825509801506996,
    0.002434185240417719,
    0.0030763130635023117,
    0.0027714543975889683,
    0.0027922478038817644,
    0.002597462385892868,
    0.0024794493801891804,
    0.002649029716849327,
    0.0025323573499917984,
    0.002788191195577383,
    0.002728123450651765,
    0.002990146866068244,
    0.0022299718111753464,
    0.002625717781484127,
    0.0029113246127963066,
    0.002675470896065235,
    0.0025969739072024822,
    0.0026755728758871555,
    0.0026593636721372604,
    0.002349250949919224,
    0.0026173265650868416,
    0.0027782204560935497,
    0.0027172693517059088,
    0.002736932598054409,
    0.002492072293534875,
    0.0028892173431813717,
    0.0027779447846114635,
    0.002952457405626774,
    0.002692726906388998,
    0.0028063382487744093,
    0.0024262447841465473,
    0.002925289561972022,
    0.002784363692626357,
    0.0026460420340299606,
    0.0025814531836658716,
    0.002913287840783596,
    0.002611483447253704,
    0.0029461588710546494,
    0.0025994698517024517,
    0.0026287250220775604,
    0.0025739925913512707,
    0.0027950340881943703,
    0.0025546676479279995,
    0.00269436277449131,
    0.00276770768687129,
    0.0025630060117691755,
    0.0030859867110848427,
    0.002646369393914938,
    0.0022940351627767086,
    0.003049035556614399,
    0.0028865132480859756,
    0.0028176805935800076,
    0.002666768617928028,
    0.002806208562105894,
    0.0027161501348018646,
    0.0025331478100270033,
    0.0026443609967827797,
    0.002732587046921253,
    0.002457722555845976,
    0.0028502470813691616,
    0.002789679216220975,
    0.0025382128078490496,
    0.002463755663484335,
    0.002704354003071785,
    0.00220981752499938,
    0.0025519649498164654,
    0.0022832322865724564,
    0.0026264148764312267,
    0.002608628710731864,
    0.0026226413901895285,
    0.0026016682386398315,
    0.0029133944772183895,
    0.0028872578404843807,
    0.002264771843329072,
    0.002522176131606102,
    0.0027457589749246836,
    0.002586232265457511,
    0.0025077699683606625,
    0.003158374223858118,
    0.002484553959220648,
    0.0027012252248823643,
    0.002701166085898876,
    0.0026927380822598934,
    0.0027043111622333527,
    0.002660722704604268,
    0.0027875560335814953,
    0.002610023133456707,
    0.0024412772618234158,
    0.0027739773504436016,
    0.002512760227546096,
    0.002520922804251313,
    0.002545309951528907,
    0.00286049279384315,
    0.0029403935186564922,
    0.0027764192782342434,
    0.0026408652774989605,
    0.002456742338836193,
    0.002398592885583639,
    0.0029672416858375072,
    0.0026175682432949543,
    0.00276237353682518,
    0.0027712243609130383,
    0.0026788581162691116,
    0.002528207143768668,
    0.0022827002685517073,
    0.0022947732359170914,
    0.002462846226990223,
    0.0023439559154212475,
    0.002545495517551899,
    0.0028800563886761665,
    0.0025192443281412125,
    0.0026079309172928333,
    0.0026116641238331795,
    0.0025361566804349422,
    0.0023820793721824884,
    0.0027369586750864983,
    0.002481571864336729,
    0.00306380121037364,
    0.0026325653307139874,
    0.002409740351140499,
    0.002578573767095804,
    0.002369718626141548,
    0.0027924859896302223,
    0.0025973240844905376,
    0.0025931496638804674,
    0.0018350292230024934,
    0.002624847460538149,
    0.002226802986115217,
    0.002547687850892544,
    0.0025109308771789074,
    0.0027118376456201077,
    0.0026326493825763464,
    0.002565980888903141,
    0.0027053607627749443,
    0.002503360155969858,
    0.0026002151425927877,
    0.0027496451511979103,
    0.0027287162374705076,
    0.002620550338178873,
    0.002578437328338623,
    0.0023735379800200462,
    0.0025224145501852036,
    0.0025171982124447823,
    0.0024867181200534105,
    0.002631939947605133,
    0.0026220399886369705,
    0.0027026263996958733,
    0.002528443932533264,
    0.002516076434403658,
    0.002476278692483902,
    0.0027795610949397087,
    0.002364462474361062,
    0.002542091067880392,
    0.0029539139941334724,
    0.002337514190003276,
    0.0024827797897160053,
    0.0028399121947586536,
    0.002901763655245304,
    0.0027291090227663517,
    0.002440467942506075,
    0.0025745597667992115,
    0.002787424949929118,
    0.002781006507575512,
    0.0032361336052417755,
    0.0023814914748072624,
    0.002284419257193804,
    0.0026946451980620623,
    0.0028809071518480778,
    0.002527747768908739,
    0.0027608824893832207,
    0.0025719115510582924,
    0.0026843773666769266,
    0.0027112613897770643,
    0.002506360411643982,
    0.002798291854560375,
    0.0026468313299119473,
    0.0029554623179137707,
    0.0029375588055700064,
    0.0028051536064594984,
    0.002259332686662674,
    0.0029272204264998436,
    0.0028511821292340755,
    0.0028812293894588947,
    0.0025130324065685272,
    0.002920965664088726,
    0.002538371132686734,
    0.002398381708189845,
    0.002626504749059677,
    0.002345590852200985,
    0.002565233502537012,
    0.003031728323549032,
    0.0026598707772791386,
    0.002589261857792735,
    0.002799578942358494,
    0.0026016011834144592,
    0.0025434442795813084,
    0.0027694576419889927,
    0.0028926837258040905,
    0.0027772083412855864,
    0.0027960422448813915,
    0.0025356265250593424,
    0.002981543308123946,
    0.003211392555385828,
    0.0026173945516347885,
    0.0025707026943564415,
    0.0026574861258268356,
    0.003103768453001976,
    0.002523689763620496,
    0.0032268138602375984,
    0.0025231344625353813,
    0.0026394426822662354,
    0.0029771013651043177,
    0.002923603169620037,
    0.002632081974297762,
    0.002341674407944083,
    0.0025256392545998096,
    0.0026440629735589027,
    0.002459615468978882,
    0.002571123419329524,
    0.002423400292173028,
    0.00283164344727993,
    0.002460156800225377,
    0.0026680096052587032,
    0.0026955301873385906,
    0.002588661853224039,
    0.0023746183142066,
    0.0027067651972174644,
    0.002475815825164318,
    0.0024784377310425043,
    0.002622616710141301,
    0.0027505666948854923,
    0.0022378680296242237,
    0.0022781991865485907,
    0.0026883534155786037,
    0.0026031932793557644,
    0.002422161167487502,
    0.0026252614334225655,
    0.0021960134617984295,
    0.002785462886095047,
    0.0029682237654924393,
    0.0024876322131603956,
    0.0026677693240344524,
    0.0029929443262517452,
    0.0028885032515972853,
    0.0028864473570138216,
    0.0027110911905765533,
    0.0024270203430205584,
    0.0028955533634871244,
    0.0028431983664631844,
    0.0029674344696104527,
    0.002471859799697995,
    0.003105269744992256,
