{
  "version": "plots/_T_7_5_y0_0_001_network_architectures_4_50_activations_tanh_learning_rates_0_001_collocations_1024_epochs_50000_regularization_unstable_fp_reg_epochs_1_reg_coeff_100000_reg_decay_1_/run_6",
  "seed": 1,
  "y0": 0.001,
  "T": 7.5,
  "N_col": 1024,
  "N_hidden": 4,
  "N_neurons": 50,
  "activation": "tanh",
  "N_epochs": 50000,
  "learning_rate": 0.001,
  "decay_rate": 1.0,
  "freq_log": 100,
  "freq_print": 1000,
  "keys_print": [
    "loss"
  ],
  "freq_save": 0,
  "regularization": "unstable_fp",
  "reg_coeff": 100000,
  "reg_decay": 1,
  "reg_epochs": 1,
  "loss": [
    0.055165182799100876,
    0.011998008005321026,
    0.009416722692549229,
    0.008631663396954536,
    0.007903022691607475,
    0.008186552673578262,
    0.008182159624993801,
    0.00685303658246994,
    0.004269696306437254,
    0.0030139153823256493,
    0.0025476980954408646,
    0.0027523066382855177,
    0.0020276117138564587,
    0.0020558484829962254,
    0.0019576670601963997,
    0.0017940488178282976,
    0.001248219283297658,
    0.002182891359552741,
    0.0010416284203529358,
    0.0011015250347554684,
    0.0005899598472751677,
    0.0007955118780955672,
    0.0003722973633557558,
    0.0006500830641016364,
    0.0005902096745558083,
    0.0011635615956038237,
    0.0006876709521748126,
    0.0008524365839548409,
    0.0007027069805189967,
    0.0005987257463857532,
    0.00019711980712600052,
    0.0008550684433430433,
    0.00028467184165492654,
    0.0007830318063497543,
    0.0003465171321295202,
    0.00040938606252893806,
    0.0009574791183695197,
    0.00016905751544982195,
    0.0007815526332706213,
    0.0006989564280956984,
    0.0005981039721518755,
    0.0012418731348589063,
    0.0006313038757070899,
    0.0006710804300382733,
    0.0010794008849188685,
    0.0005853329785168171,
    0.0009227372356690466,
    0.0001731483789626509,
    0.0004162563127465546,
    0.0009211833821609616,
    0.0007963482639752328,
    0.0007403095369227231,
    0.0008802946540527046,
    0.0001960986410267651,
    0.00020880281226709485,
    0.0003612989967223257,
    0.13999679684638977,
    0.0031372439116239548,
    0.0026373998261988163,
    0.002034071134403348,
    0.0016572887543588877,
    0.0012854688102379441,
    0.001213948242366314,
    0.0010025445371866226,
    0.0008314216393046081,
    0.0006327942246571183,
    0.0005917555536143482,
    0.0005374057218432426,
    0.00047228860785253346,
    0.0004416485608089715,
    0.00042054150253534317,
    0.00038615180528722703,
    0.00033539702417328954,
    0.00033040318521670997,
    0.00026224181056022644,
    0.00022277678363025188,
    0.00022855964198242873,
    0.0001869605330284685,
    0.00016499418416060507,
    0.00014120519335847348,
    0.00012649374548345804,
    0.0001158338418463245,
    0.00010696432582335547,
    9.572443377692252e-05,
    9.422624862054363e-05,
    8.68655915837735e-05,
    8.225590863730758e-05,
    7.829620153643191e-05,
    6.976426084293053e-05,
    6.976415170356631e-05,
    6.453609967138618e-05,
    5.460817919811234e-05,
    5.4083131544757634e-05,
    5.116123065818101e-05,
    4.672889190260321e-05,
    4.4611435441765934e-05,
    3.7846526538487524e-05,
    3.683073373395018e-05,
    3.1601539376424626e-05,
    3.141357592539862e-05,
    2.3493212211178616e-05,
    2.2780259314458817e-05,
    1.872967550298199e-05,
    1.7086407751776278e-05,
    1.5363919374067336e-05,
    1.3841139661963098e-05,
    1.1420603186707012e-05,
    1.0743909115262795e-05,
    9.831121133174747e-06,
    8.118000550894067e-06,
    7.129336154321209e-06,
    6.960866812733002e-06,
    6.171475433802698e-06,
    5.3096282499609515e-06,
    4.647158220905112e-06,
    3.996525265392847e-06,
    3.5621530969365267e-06,
    3.4850741030822974e-06,
    2.8733097678923514e-06,
    3.0129488095553825e-06,
    2.656182914506644e-06,
    2.549666760387481e-06,
    2.2551475922227837e-06,
    1.9852095647365786e-06,
    1.2254611647222191e-05,
    1.7795437088352628e-06,
    0.02557636983692646,
    0.015580305829644203,
    0.009215795435011387,
    0.00603843666613102,
    0.004194066859781742,
    0.0029499500524252653,
    0.001989407930523157,
    0.001954220002517104,
    0.002137767616659403,
    0.001931836362928152,
    0.002161145443096757,
    0.0020328136160969734,
    0.0014057121006771922,
    0.001275998423807323,
    0.001292350236326456,
    0.0014806160470470786,
    0.0007129121222533286,
    0.0009082966134883463,
    0.001100619207136333,
    0.000758045818656683,
    0.0007025385275483131,
    0.0004967928980477154,
    0.0002673919079825282,
    0.0006200601346790791,
    0.0008079310064204037,
    0.00027348086587153375,
    0.00019695624359883368,
    0.0007965078111737967,
    0.0005605128826573491,
    0.00045615434646606445,
    0.0008014265913516283,
    0.0004858042229898274,
    0.001089181867428124,
    0.0005314361187629402,
    0.0007489200797863305,
    0.0003887367493007332,
    0.0004358631558716297,
    0.0004479943308979273,
    0.0005442726542241871,
    0.000663139158859849,
    0.0004097580094821751,
    0.00038387710810638964,
    0.0003405496827326715,
    0.00018357533554080874,
    0.00035772743285633624,
    0.0004583918780554086,
    0.00013069540727883577,
    0.000477684399811551,
    0.00022572523448616266,
    0.0009372495114803314,
    0.00014249744708649814,
    0.00011666580394376069,
    0.0007645441219210625,
    0.0001177530357381329,
    0.0003777583478949964,
    0.00016793864779174328,
    0.0004686277825385332,
    0.0002328630944248289,
    0.0005182391032576561,
    0.0004467703402042389,
    0.00023292834521271288,
    0.00038253224920481443,
    0.0007568849250674248,
    0.0006276487838476896,
    0.0016173203475773335,
    0.0005064074648544192,
    0.00031893543200567365,
    0.0002457195660099387,
    0.00035820668563246727,
    0.0004329209914430976,
    0.0004798065929207951,
    9.208977280650288e-05,
    0.0001779435551725328,
    8.324002556037158e-05,
    0.0029451705049723387,
    0.04249440133571625,
    0.03182905539870262,
    0.012793823145329952,
    0.0008992928196676075,
    0.0004812093684449792,
    0.0003006976912729442,
    0.0002909511676989496,
    0.00021905722678638995,
    0.00017537284293211997,
    0.00013009934627916664,
    0.00012823200086131692,
    9.828995098359883e-05,
    8.232775144279003e-05,
    7.635075598955154e-05,
    6.345023575704545e-05,
    5.7114139053737745e-05,
    5.778930790256709e-05,
    4.179465031484142e-05,
    3.683410614030436e-05,
    3.6580589949153364e-05,
    3.1897401640890166e-05,
    2.8698774258373305e-05,
    2.6063742552651092e-05,
    2.395693263679277e-05,
    2.1691277652280405e-05,
    2.0779631086043082e-05,
    1.7410729924449697e-05,
    1.592695298313629e-05,
    1.3473702892952133e-05,
    1.4272507542045787e-05,
    1.1193389582331292e-05,
    9.824500921240542e-06,
    1.0100216059072409e-05,
    8.37262450659182e-06,
    7.791742064000573e-06,
    5.541089194593951e-06,
    0.5117812156677246,
    0.006786503829061985,
    0.0017408040584996343,
    0.0006187896942719817,
    0.0003326297737658024,
    0.00022030450054444373,
    0.00021040535648353398,
    0.0001365678763249889,
    0.00011485159484436736,
    9.522172331344336e-05,
    8.337877807207406e-05,
    5.902703560423106e-05,
    5.2606916142394766e-05,
    4.921187792206183e-05,
    4.272570367902517e-05,
    3.076691791648045e-05,
    3.31344417645596e-05,
    2.6991589038516395e-05,
    2.2448388335760683e-05,
    2.123485683114268e-05,
    2.1010981072322465e-05,
    1.5546251233899966e-05,
    1.344843167316867e-05,
    1.4908223420206923e-05,
    1.3208364180172794e-05,
    1.1030907444364857e-05,
    1.0920279237325303e-05,
    8.735598385101184e-06,
    1.0282129551342223e-05,
    9.865048923529685e-06,
    7.647749953321181e-06,
    7.678658221266232e-06,
    7.73463943914976e-06,
    7.170692697400227e-06,
    5.9153603615413886e-06,
