{
  "version": "plots/_T_10_y0_0_001_network_architectures_4_50_activations_tanh_learning_rates_0_001_collocations_1024_epochs_50000_regularization_reg_derivative_reg_epochs_1_reg_coeff_10_reg_decay_1_/run_5",
  "seed": 1,
  "y0": 0.001,
  "T": 10,
  "N_col": 1024,
  "N_hidden": 4,
  "N_neurons": 50,
  "activation": "tanh",
  "N_epochs": 50000,
  "learning_rate": 0.001,
  "decay_rate": 1.0,
  "freq_log": 100,
  "freq_print": 1000,
  "keys_print": [
    "loss"
  ],
  "freq_save": 0,
  "regularization": "reg_derivative",
  "reg_coeff": 10,
  "reg_decay": 1,
  "reg_epochs": 1,
  "loss": [
    8.311352729797363,
    0.5260968804359436,
    0.5099124908447266,
    0.36792320013046265,
    0.3802344799041748,
    0.33750975131988525,
    0.340262234210968,
    0.2977485656738281,
    0.30780208110809326,
    0.2494475245475769,
    0.20187994837760925,
    0.24649660289287567,
    0.23584315180778503,
    0.19364801049232483,
    0.17600439488887787,
    0.16303285956382751,
    0.18537622690200806,
    0.19931498169898987,
    0.19946575164794922,
    0.16069425642490387,
    0.20312215387821198,
    0.1612619161605835,
    0.17687389254570007,
    0.15053611993789673,
    0.1660522222518921,
    0.16123659908771515,
    0.16093866527080536,
    0.17124676704406738,
    0.1799735724925995,
    0.18225401639938354,
    0.16277384757995605,
    0.1315401941537857,
    0.1823805570602417,
    0.1549210101366043,
    0.14466626942157745,
    0.15225525200366974,
    0.1464311182498932,
    0.18407341837882996,
    0.1402890980243683,
    0.12168337404727936,
    0.15694579482078552,
    0.14947274327278137,
    0.1367773413658142,
    0.1264924705028534,
    0.44569265842437744,
    0.24989229440689087,
    0.2178318351507187,
    0.20953969657421112,
    0.24393630027770996,
    0.146652489900589,
    0.18527251482009888,
    0.20628923177719116,
    0.24176236987113953,
    0.2054067999124527,
    0.15368694067001343,
    0.22598578035831451,
    0.2313065379858017,
    0.2152683585882187,
    0.17590561509132385,
    0.19752579927444458,
    0.20591825246810913,
    0.19985955953598022,
    0.18630969524383545,
    0.18870331346988678,
    0.22253075242042542,
    0.18100756406784058,
    0.18882820010185242,
    0.2237849086523056,
    0.2152121365070343,
    0.20534655451774597,
    0.1906578689813614,
    0.157683864235878,
    0.1557508409023285,
    0.16101285815238953,
    0.15599794685840607,
    0.15476223826408386,
    0.17241577804088593,
    0.19267570972442627,
    0.22365617752075195,
    0.1944071501493454,
    0.19308273494243622,
    0.19450116157531738,
    0.2064944952726364,
    0.2034963071346283,
    0.17836154997348785,
    0.24476322531700134,
    0.1685798466205597,
    0.15587672591209412,
    0.17713728547096252,
    0.15152713656425476,
    0.17229868471622467,
    0.20102840662002563,
    0.23560774326324463,
    0.22102555632591248,
    0.22209584712982178,
    0.1976276934146881,
    0.20526762306690216,
    0.18611812591552734,
    0.1672775000333786,
    0.15342818200588226,
    0.19260066747665405,
    0.1720721423625946,
    0.19463780522346497,
    0.17673473060131073,
    0.18308068811893463,
    0.1979086697101593,
    0.16854336857795715,
    0.16993148624897003,
    0.178552508354187,
    0.15391547977924347,
    0.1549321562051773,
    0.1483769565820694,
    0.1469690352678299,
    0.13250531256198883,
    0.13478946685791016,
    0.14607787132263184,
    0.13605061173439026,
    0.14209507405757904,
    0.12979482114315033,
    0.13629159331321716,
    0.13026417791843414,
    0.1350337564945221,
    0.12676844000816345,
    0.20202131569385529,
    0.21484938263893127,
    0.1732216775417328,
    0.207026407122612,
    0.12785321474075317,
    0.15445128083229065,
    0.14720523357391357,
    0.15827445685863495,
    0.15223798155784607,
    0.16864073276519775,
    0.33042725920677185,
    0.20138372480869293,
    0.14819256961345673,
    0.1353241503238678,
    0.12474963068962097,
    0.1250782608985901,
    0.13068537414073944,
    0.13205410540103912,
    0.11472570896148682,
    0.14033931493759155,
    0.11548691987991333,
    0.12278585135936737,
    0.1589268445968628,
    0.13044941425323486,
    0.13860033452510834,
    0.1343192607164383,
    0.11840145289897919,
    0.1438736766576767,
    0.2440093606710434,
    0.17134380340576172,
    0.14693796634674072,
    0.1323596090078354,
    0.13782905042171478,
    0.1328185796737671,
    0.1428094506263733,
    0.15485431253910065,
    0.19035756587982178,
    0.15191024541854858,
    0.15601985156536102,
    0.3844872713088989,
    0.18737131357192993,
    0.14772379398345947,
    0.15185974538326263,
    0.1881999671459198,
    0.1501230150461197,
    0.15703734755516052,
    0.12971562147140503,
    0.1299700289964676,
    0.13424177467823029,
    0.12767140567302704,
    0.1385386884212494,
    0.1398012638092041,
    0.1228998526930809,
    0.12308859825134277,
    0.1334872841835022,
    0.12959407269954681,
    0.12923187017440796,
    0.13171471655368805,
    0.13616186380386353,
    0.11523939669132233,
    0.11948207020759583,
    0.13102005422115326,
    0.15913137793540955,
    0.12693317234516144,
    0.12834849953651428,
    0.14863355457782745,
    0.13956166803836823,
    0.1247481107711792,
    0.12963798642158508,
    0.14233170449733734,
    0.12056125700473785,
    0.1247858926653862,
    0.12260231375694275,
    0.1121596023440361,
    0.13022381067276,
    0.1400928646326065,
    0.1417613923549652,
    0.14363455772399902,
    0.1376676857471466,
    0.1344192624092102,
    0.1332263946533203,
    0.14842167496681213,
    0.13661354780197144,
    0.15501368045806885,
    0.16336947679519653,
    0.17330196499824524,
    0.1415071338415146,
    0.15106746554374695,
    0.15399956703186035,
    0.15908238291740417,
    0.13870613276958466,
    0.15182197093963623,
    0.14312615990638733,
    0.15481136739253998,
    0.16050668060779572,
    0.15208254754543304,
    0.1582997441291809,
    0.13756248354911804,
    0.13934625685214996,
    0.14386144280433655,
    0.1371503472328186,
    0.14410348236560822,
    0.15532684326171875,
    0.1554480493068695,
    0.15668149292469025,
    0.16808146238327026,
    0.19281350076198578,
    0.17301613092422485,
    0.17115932703018188,
    0.17338867485523224,
    0.14394372701644897,
    0.1573309302330017,
    0.15124335885047913,
    0.14715707302093506,
    0.15490972995758057,
    0.15594260394573212,
    0.14518095552921295,
    0.12890425324440002,
    0.14236266911029816,
    0.14421327412128448,
    0.15370707213878632,
    0.13095895946025848,
    0.12147805094718933,
    0.14332523941993713,
    0.12844696640968323,
    0.1288047730922699,
    0.10166977345943451,
    0.11657162755727768,
    0.1322748363018036,
    0.13097292184829712,
    0.11087188869714737,
    0.11933121085166931,
    0.12967365980148315,
    0.12037510424852371,
    0.13375703990459442,
    0.13131123781204224,
    0.14082494378089905,
    0.14972876012325287,
    0.15180017054080963,
    0.1592775285243988,
    0.145936518907547,
    0.14783717691898346,
    0.1335277557373047,
    0.12835301458835602,
    0.12091884762048721,
    0.12761405110359192,
    0.14194707572460175,
    0.12194857001304626,
    0.11758668720722198,
    0.1403893232345581,
    0.1437097191810608,
    0.1798344850540161,
    0.15968219935894012,
    0.1541239321231842,
    0.15516728162765503,
    0.14333422482013702,
    0.1533171534538269,
    0.14784429967403412,
    0.1405341476202011,
    0.13840509951114655,
    0.1506975144147873,
    0.14531823992729187,
    0.1598251461982727,
    0.15840566158294678,
    0.14589323103427887,
    0.14223603904247284,
    0.13455969095230103,
    0.12458230555057526,
    0.13604839146137238,
    0.1364041566848755,
    0.13068531453609467,
    0.14109352231025696,
    0.13700884580612183,
    0.11987947672605515,
    0.12288035452365875,
    0.11938850581645966,
    0.1095501109957695,
