{
  "version": "plots/_T_7_5_y0_0_001_network_architectures_4_50_activations_tanh_learning_rates_0_001_collocations_1024_epochs_50000_regularization_reg_derivative_unstable_fp_reg_epochs_1_reg_coeff_0_01_reg_decay_1_/run_7",
  "seed": 1,
  "y0": 0.001,
  "T": 7.5,
  "N_col": 1024,
  "N_hidden": 4,
  "N_neurons": 50,
  "activation": "tanh",
  "N_epochs": 50000,
  "learning_rate": 0.001,
  "decay_rate": 1.0,
  "freq_log": 100,
  "freq_print": 1000,
  "keys_print": [
    "loss"
  ],
  "freq_save": 0,
  "regularization": "reg_derivative_unstable_fp",
  "reg_coeff": 0.01,
  "reg_decay": 1,
  "reg_epochs": 1,
  "loss": [
    0.06052756309509277,
    0.01000234019011259,
    0.010001307353377342,
    0.010001050308346748,
    0.010000779293477535,
    0.0100007439032197,
    0.010000603273510933,
    0.010000494308769703,
    0.010000444948673248,
    0.010000345297157764,
    0.010000291280448437,
    0.01000042911618948,
    0.010000479407608509,
    0.010010141879320145,
    0.010000386275351048,
    0.010012107901275158,
    0.01000030618160963,
    0.010116166435182095,
    0.010000370442867279,
    0.010024686343967915,
    0.010000370442867279,
    0.010000290349125862,
    0.010000400245189667,
    0.01005036011338234,
    0.010000313632190228,
    0.010018951259553432,
    0.010000296868383884,
    0.010000278241932392,
    0.010001088492572308,
    0.010000336915254593,
    0.010000307112932205,
    0.010000490583479404,
    0.010004663839936256,
    0.01000052597373724,
    0.010001285001635551,
    0.010000268928706646,
    0.010000299662351608,
    0.010000459849834442,
    0.010000313632190228,
    0.010000229813158512,
    0.010008558630943298,
    0.010000478476285934,
    0.010000282898545265,
    0.01000080443918705,
    0.010000273585319519,
    0.010000277310609818,
    0.010003366507589817,
    0.01000033225864172,
    0.010000472888350487,
    0.010000771842896938,
    0.010000327602028847,
    0.01000029407441616,
    0.01000030618160963,
    0.010004237294197083,
    0.010000304318964481,
    0.010000258684158325,
    0.01000053808093071,
    0.010000241920351982,
    0.010000316426157951,
    0.010000490583479404,
    0.010000288486480713,
    0.010005502961575985,
    0.010000290349125862,
    0.010045635513961315,
    0.010000295005738735,
    0.010000277310609818,
    0.010000253096222878,
    0.010000279173254967,
    0.010022930800914764,
    0.01000787504017353,
    0.01000027172267437,
    0.010129215195775032,
    0.010000258684158325,
    0.010000347159802914,
    0.010000303387641907,
    0.010012065060436726,
    0.010000308975577354,
    0.010000281035900116,
    0.010000281035900116,
    0.01000113133341074,
    0.010001011192798615,
    0.010000302456319332,
    0.010000248439610004,
    0.010000264272093773,
    0.010000274516642094,
    0.01000024750828743,
    0.01000058650970459,
    0.010000278241932392,
    0.010000837035477161,
    0.01000025775283575,
    0.010009724646806717,
    0.010000222362577915,
    0.01000028196722269,
    0.010000384412705898,
    0.010000276379287243,
    0.010000774636864662,
    0.010000783950090408,
    0.010002263821661472,
    0.010000295005738735,
    0.010000297799706459,
    0.010003197006881237,
    0.010000292211771011,
    0.010004534386098385,
    0.010000258684158325,
    0.010000303387641907,
    0.010000328533351421,
    0.010000263340771198,
    0.010000270791351795,
    0.01000027172267437,
    0.010000292211771011,
    0.010000575333833694,
    0.01000262051820755,
    0.010000286623835564,
    0.010001934133470058,
    0.010000300593674183,
    0.010000278241932392,
    0.010000253096222878,
    0.010002344846725464,
    0.010000462643802166,
    0.010000365786254406,
    0.010000343434512615,
    0.010000307112932205,
    0.010000362060964108,
    0.01000056229531765,
    0.010000262409448624,
    0.010002496652305126,
    0.010000264272093773,
    0.010000691749155521,
    0.010096458718180656,
    0.01000028196722269,
    0.010000273585319519,
    0.01000023540109396,
    0.01000023353844881,
    0.0100002596154809,
    0.010000238195061684,
    0.010000254027545452,
    0.010000289417803288,
    0.010000253096222878,
    0.010000260546803474,
    0.010000255890190601,
    0.01000025775283575,
    0.010000236332416534,
    0.010000268928706646,
    0.010000248439610004,
    0.01000030804425478,
    0.010000265203416348,
    0.010000240057706833,
    0.010000254027545452,
    0.01000023540109396,
    0.01000028196722269,
    0.0100002596154809,
    0.010000258684158325,
    0.010000182315707207,
    0.010000260546803474,
    0.010000222362577915,
    0.010000253096222878,
    0.010000249370932579,
    0.010000272653996944,
    0.010000265203416348,
    0.01000025775283575,
    0.010000268928706646,
    0.010000248439610004,
    0.010000262409448624,
    0.010000275447964668,
    0.010000272653996944,
    0.010000260546803474,
    0.01000025775283575,
    0.01000023540109396,
    0.010000250302255154,
    0.010000251233577728,
    0.010000249370932579,
    0.010000264272093773,
    0.010000264272093773,
    0.01000026986002922,
    0.010000254027545452,
    0.010000250302255154,
    0.010000244714319706,
    0.010000277310609818,
    0.010000244714319706,
    0.010000254958868027,
    0.010000308975577354,
    0.010000237263739109,
    0.010000248439610004,
    0.010000285692512989,
    0.010000302456319332,
    0.010000292211771011,
    0.010000250302255154,
    0.010000252164900303,
    0.010000289417803288,
    0.010000277310609818,
    0.01000032015144825,
    0.010000239126384258,
    0.010000228881835938,
    0.010000270791351795,
    0.010000299662351608,
    0.010000352747738361,
    0.01000047754496336,
    0.010000301524996758,
    0.010000289417803288,
    0.010000267997384071,
    0.010000289417803288,
    0.010000460781157017,
    0.010000277310609818,
    0.010000393725931644,
    0.01000033039599657,
    0.010000279173254967,
    0.010000227950513363,
    0.010000375099480152,
    0.010000512935221195,
    0.010000297799706459,
    0.010000296868383884,
    0.010000355541706085,
    0.010000253096222878,
    0.01000030618160963,
    0.010000348091125488,
    0.01000024564564228,
    0.010000287555158138,
    0.01000045146793127,
    0.010000287555158138,
    0.010000305250287056,
    0.010000282898545265,
    0.010000328533351421,
    0.01000032015144825,
    0.010000292211771011,
    0.010000335983932018,
    0.010000321082770824,
    0.010000273585319519,
    0.0100002596154809,
    0.01000030618160963,
    0.010000570677220821,
    0.01000025775283575,
    0.010000357404351234,
    0.010000273585319519,
    0.010000655427575111,
    0.010000376030802727,
    0.010000316426157951,
    0.010000244714319706,
    0.010000249370932579,
    0.010596543550491333,
    0.010000299662351608,
    0.01000027172267437,
    0.010000240057706833,
    0.010000250302255154,
    0.010000272653996944,
    0.01000024750828743,
    0.010000256821513176,
    0.01000024750828743,
    0.010000284761190414,
    0.010000242851674557,
    0.010000264272093773,
    0.01000027172267437,
    0.010000258684158325,
    0.010000232607126236,
    0.010000270791351795,
    0.010000250302255154,
    0.010000240989029408,
    0.010000260546803474,
    0.010000276379287243,
    0.010000220499932766,
    0.010000222362577915,
    0.010000266134738922,
    0.0100002596154809,
    0.010000241920351982,
    0.010000258684158325,
    0.010000210255384445,
    0.010000277310609818,
    0.01000029407441616,
    0.010000244714319706,
    0.010000263340771198,
    0.010000295005738735,
    0.01000028382986784,
    0.010000282898545265,
    0.010000268928706646,
    0.010000238195061684,
    0.01000028382986784,
    0.010000279173254967,
    0.010000295005738735,
    0.010000241920351982,
    0.010000307112932205,
    0.010000267997384071,
    0.010000252164900303,
    0.010000278241932392,
    0.010000261478126049,
    0.010000282898545265,
    0.010000230744481087,
