{
  "version": "plots/_T_7_5_y0_0_001_network_architectures_4_50_activations_tanh_learning_rates_0_001_collocations_1024_epochs_50000_regularization_reg_derivative_unstable_fp_reg_epochs_1_reg_coeff_1_reg_decay_1_/run_0",
  "seed": 1,
  "y0": 0.001,
  "T": 7.5,
  "N_col": 1024,
  "N_hidden": 4,
  "N_neurons": 50,
  "activation": "tanh",
  "N_epochs": 50000,
  "learning_rate": 0.001,
  "decay_rate": 1.0,
  "freq_log": 100,
  "freq_print": 1000,
  "keys_print": [
    "loss"
  ],
  "freq_save": 0,
  "regularization": "reg_derivative_unstable_fp",
  "reg_coeff": 1,
  "reg_decay": 1,
  "reg_epochs": 1,
  "loss": [
    0.04505102336406708,
    1.4607126104237977e-05,
    3.8475350265798625e-06,
    2.6091429390362464e-06,
    1.9721185253729345e-06,
    1.9739482013392262e-06,
    1.9203516785637476e-06,
    1.8029628563454025e-06,
    1.796356286831724e-06,
    2.0661111648223596e-06,
    1.6819187749206321e-06,
    1.8335950926484657e-06,
    1.6882684121810598e-06,
    1.827420646804967e-06,
    1.7555031490701367e-06,
    2.304412646481069e-06,
    1.7244008176930947e-06,
    5.075666649645427e-06,
    1.4194870345818345e-06,
    2.2624662960879505e-06,
    1.9249516753916396e-06,
    1.5099253687367309e-05,
    1.8140160591428867e-06,
    4.130583874939475e-06,
    1.438248909835238e-05,
    2.5437132080696756e-06,
    1.9133801743009826e-06,
    9.656637848820537e-05,
    2.8655713322223164e-06,
    2.522283239159151e-06,
    8.34273851069156e-06,
    3.162979737680871e-06,
    4.071056082466384e-06,
    3.884748821292305e-06,
    3.1884519557934254e-06,
    6.220506747922627e-06,
    2.5705423922772752e-06,
    5.0841485972341616e-06,
    1.2483865248213988e-05,
    1.0612006917654071e-05,
    1.1703326890710741e-05,
    8.60747168189846e-05,
    1.2437149962352123e-05,
    1.4927322808944155e-05,
    8.926917871576734e-06,
    9.097307156480383e-06,
    3.249755081924377e-06,
    1.7692442270345055e-05,
    4.5832752221031114e-05,
    2.6558086574368645e-06,
    4.4999862438999116e-05,
    1.3588260117103346e-06,
    1.1200561857549474e-05,
    2.8170221412437968e-05,
    3.539703175192699e-05,
    1.344571228401037e-05,
    0.00028436374850571156,
    4.444437217898667e-05,
    4.604915011441335e-05,
    7.101069968484808e-06,
    1.4762929367861943e-06,
    2.6672520107240416e-05,
    1.4721331353939604e-06,
    2.120122644555522e-06,
    2.082576793327462e-05,
    2.841553396137897e-06,
    3.1932002457324415e-05,
    5.009050255466718e-06,
    1.4014582120580599e-05,
    6.716170901199803e-06,
    4.560592788038775e-05,
    5.599451105808839e-05,
    2.1320958694559522e-05,
    3.0628648346464615e-06,
    3.594057488953695e-05,
    2.986879962918465e-06,
    1.6653186321491376e-05,
    2.846113829946262e-06,
    1.4082802408665884e-06,
    6.4274204305547755e-06,
    2.324955494259484e-05,
    3.6336493849375984e-06,
    5.6705357565078884e-06,
    2.0230487280059606e-05,
    3.375621236045845e-05,
    3.313869092380628e-05,
    9.110585779126268e-06,
    2.3738070922263432e-06,
    5.92386140851886e-06,
    3.506401526465197e-06,
    3.071184210057254e-06,
    3.3509877539472654e-06,
    2.006937393161934e-06,
    1.6125081856444012e-06,
    3.837260010186583e-06,
    2.6372902084403904e-06,
    1.9391927708056755e-05,
    1.2404492736095563e-05,
    2.4586002837168053e-05,
    1.474485998187447e-06,
    1.459078885091003e-05,
    1.6182240869966336e-05,
    3.9189899325720035e-06,
    2.702400706766639e-06,
    2.156132950403844e-06,
    1.754999357217457e-05,
    2.243333483420429e-06,
    1.9471657651592977e-05,
    2.3778968625265406e-06,
    2.164153102057753e-06,
    2.674716142792022e-06,
    6.235504770302214e-06,
    4.025812359031988e-06,
    3.3663918657111935e-06,
    1.215246447827667e-05,
    5.81625135964714e-06,
    3.089293841185281e-06,
    2.186990286645596e-06,
    1.0102689884661231e-05,
    1.8264058780914638e-06,
    9.86733994068345e-06,
    5.635029538098024e-06,
    2.7476498871692456e-06,
    3.4316381061216816e-06,
    3.6608680602512322e-06,
    2.1449629912240198e-06,
    1.1799684216384776e-05,
    1.004981004371075e-05,
    7.279154033312807e-06,
    6.901469078002265e-06,
    5.1063369028270245e-05,
    7.834771167836152e-06,
    8.29962664283812e-06,
    1.8729102521319874e-05,
    7.6269411692919675e-06,
    2.1400946934591047e-06,
    2.9044031180092134e-06,
    2.561589099059347e-06,
    2.4549744921387173e-06,
    4.178018571110442e-06,
    2.6155835257668514e-06,
    7.769026524329092e-06,
    9.524876986688469e-06,
    5.312699613568839e-06,
    8.471508408547379e-06,
    7.735156032140367e-06,
    3.3687601899146102e-06,
    2.829691084116348e-06,
    3.199284947186243e-06,
    4.344593435234856e-06,
    1.0013314749812707e-05,
    1.0733938324847259e-05,
    2.1095629563205875e-06,
    1.4933457350707613e-06,
    4.155762781010708e-06,
    7.428874596371315e-06,
    2.4591790861450136e-06,
    2.141893446605536e-06,
    2.377535793129937e-06,
    1.7093402675527614e-06,
    8.392311428906396e-05,
    1.968469405255746e-06,
    1.6833757854328724e-06,
    1.6389782331316383e-06,
    1.6145581867021974e-06,
    1.599396000528941e-06,
    1.6004444205464097e-06,
    2.1931132323516067e-06,
    1.6418534869444557e-06,
    1.6277084569082945e-06,
    1.7368954559060512e-06,
    1.5461241673619952e-06,
    2.3463580873794854e-06,
    2.325133891645237e-06,
    1.6309733155139838e-06,
    1.855240384429635e-06,
    2.0021366253786255e-06,
    2.077614681184059e-06,
    2.334168129891623e-06,
    2.1255862066027476e-06,
    1.971991650862037e-06,
    2.194610260630725e-06,
    1.7322072380920872e-06,
    6.6710999817587435e-06,
    2.2313888621283695e-06,
    1.900615643535275e-06,
    5.6000217227847315e-06,
    1.4749150523130083e-06,
    1.544467068015365e-06,
    2.142370476576616e-06,
    1.7943975763046183e-06,
    2.6151187739742454e-06,
    1.9939825506298803e-06,
    8.361342224816326e-06,
    2.2454828467743937e-06,
    1.5498076209041756e-06,
    2.26797556024394e-06,
    1.532650912849931e-06,
    2.63992933469126e-06,
    1.7957111140276538e-06,
    2.0021575437567662e-06,
    1.748504587339994e-06,
    1.9028316273761448e-06,
    1.5920019222903647e-06,
    2.2257454475038685e-06,
    2.4057681002886966e-06,
    2.0474317352636717e-06,
    3.144050879200222e-06,
    1.7410967529940535e-06,
    1.9081880964222364e-06,
    2.575592134235194e-06,
    1.8028703152594971e-06,
    2.3010600216366583e-06,
    2.9184416234784294e-06,
    1.9874496501870453e-06,
    4.7722105591674335e-06,
    2.0727040919155115e-06,
    2.0441598280740436e-06,
    1.7832464891398558e-06,
    1.711516688374104e-06,
    3.6045591969013913e-06,
    2.0633983695006464e-06,
    1.8499248426451231e-06,
    1.993654677789891e-06,
    2.1229341200523777e-06,
    2.103388851537602e-06,
    1.6856851061675115e-06,
    2.166890908483765e-06,
    1.707323804112093e-06,
    2.0432385099411476e-06,
    1.944644054674427e-06,
    2.329468770767562e-06,
    5.249777586868731e-06,
    3.012964043591637e-06,
    2.082839500872069e-06,
    1.6722190139262239e-06,
    1.7566977703609155e-06,
    1.6504602626810083e-06,
    2.064492491626879e-06,
    2.025697995122755e-06,
    1.9232732029195176e-06,
    1.844592247834953e-06,
    1.7774872276277165e-06,
    2.183539891120745e-06,
    1.7336433302261867e-06,
    2.5353335786348907e-06,
    2.7726318876375444e-06,
    1.9692679416039027e-06,
    1.9352632989466656e-06,
    2.0128554751863703e-06,
    1.7276503285756917e-06,
    1.8035555058304453e-06,
    2.0658642370108282e-06,
    2.9535588055296103e-06,
    2.282727564306697e-06,
    6.002809641358908e-06,
    3.016900109287235e-06,
    2.6147433800360886e-06,
    3.041927811864298e-06,
    1.9475119188427925e-06,
    1.884926859929692e-06,
    2.090992893499788e-06,
    1.8147026139558875e-06,
    2.089698227791814e-06,
    2.0560873963404447e-06,
    2.8305778414505767e-06,
    1.8859147985494928e-06,
    1.6909069699977408e-06,
