{
  "version": "plots/_T_7_5_y0_0_1_network_architectures_4_50_activations_tanh_learning_rates_0_001_collocations_1024_epochs_50000_regularization_unstable_fp_reg_epochs_1_reg_coeff_0_01_reg_decay_1_/run_3",
  "seed": 1,
  "y0": 0.1,
  "T": 7.5,
  "N_col": 1024,
  "N_hidden": 4,
  "N_neurons": 50,
  "activation": "tanh",
  "N_epochs": 50000,
  "learning_rate": 0.001,
  "decay_rate": 1.0,
  "freq_log": 100,
  "freq_print": 1000,
  "keys_print": [
    "loss"
  ],
  "freq_save": 0,
  "regularization": "unstable_fp",
  "reg_coeff": 0.01,
  "reg_decay": 1,
  "reg_epochs": 1,
  "loss": [
    0.08648734539747238,
    0.012677529826760292,
    0.012508002109825611,
    0.012628689408302307,
    0.01240813359618187,
    0.012779791839420795,
    0.012737556360661983,
    0.01274817530065775,
    0.012722477316856384,
    0.012503216043114662,
    0.012247531674802303,
    0.01306082308292389,
    0.012878017500042915,
    0.013161934912204742,
    0.012827560305595398,
    0.013107504695653915,
    0.012242970056831837,
    0.013045504689216614,
    0.012510326690971851,
    0.012660258449614048,
    0.012678707018494606,
    0.01248243823647499,
    0.01255001686513424,
    0.012960996478796005,
    0.01270398497581482,
    0.012670116499066353,
    0.012554209679365158,
    0.012509319931268692,
    0.012425137683749199,
    0.013052526861429214,
    0.012719089165329933,
    0.012782049365341663,
    0.012474802322685719,
    0.012446651235222816,
    0.012635638937354088,
    0.012593371793627739,
    0.012789670377969742,
    0.01273362711071968,
    0.01298292726278305,
    0.012224121019244194,
    0.012648161500692368,
    0.012934069149196148,
    0.012688006274402142,
    0.012581250630319118,
    0.012648558244109154,
    0.01262630708515644,
    0.012341685593128204,
    0.01265263557434082,
    0.012711312621831894,
    0.012651052325963974,
    0.012760397978127003,
    0.012489566579461098,
    0.012880789116024971,
    0.012748675420880318,
    0.012945950031280518,
    0.012604711577296257,
    0.012789390981197357,
    0.012429318390786648,
    0.01291271485388279,
    0.01275859959423542,
    0.012643200345337391,
    0.012570253573358059,
    0.01290859468281269,
    0.012583360075950623,
    0.012903023511171341,
    0.012604757212102413,
    0.012574451044201851,
    0.012566283345222473,
    0.012781733646988869,
    0.012540915049612522,
    0.01266569271683693,
    0.012688934803009033,
    0.012562543153762817,
    0.013066614046692848,
    0.012602067552506924,
    0.012281622737646103,
    0.013032708317041397,
    0.012866554781794548,
    0.012872240506112576,
    0.01265639066696167,
    0.012813786044716835,
    0.01270862016826868,
    0.012501964345574379,
    0.012616565451025963,
    0.012719644233584404,
    0.01242834236472845,
    0.012842274270951748,
    0.0127853499725461,
    0.012533233501017094,
    0.012459676712751389,
    0.012697135098278522,
    0.012203156016767025,
    0.012520409189164639,
    0.012280255556106567,
    0.012619300745427608,
    0.012645888142287731,
    0.012616153806447983,
    0.01258242130279541,
    0.012906832620501518,
    0.012875005602836609,
    0.012260089628398418,
    0.01250175479799509,
    0.012739457190036774,
    0.012568734586238861,
    0.012504475191235542,
    0.013148762285709381,
    0.012466245330870152,
    0.01268119364976883,
    0.012692988850176334,
    0.012683181092143059,
    0.012699320912361145,
    0.012662133201956749,
    0.012770642526447773,
    0.012604804709553719,
    0.012417938560247421,
    0.012762130238115788,
    0.012509580701589584,
    0.012516136281192303,
    0.012537127360701561,
    0.012855876237154007,
    0.012920658104121685,
    0.012779658660292625,
    0.012632837519049644,
    0.012468443252146244,
    0.012400793842971325,
    0.012967873364686966,
    0.012609540484845638,
    0.012750606052577496,
    0.012758351862430573,
    0.012662302702665329,
    0.01255456730723381,
    0.012274728156626225,
    0.012276869267225266,
    0.012455977499485016,
    0.012332594953477383,
    0.01253419928252697,
    0.012870168313384056,
    0.012499205768108368,
    0.012594896368682384,
    0.01257195882499218,
    0.01251615583896637,
    0.012376255355775356,
    0.012711520306766033,
    0.01249701902270317,
    0.013056963682174683,
    0.012620339170098305,
    0.012402568012475967,
    0.01256408728659153,
    0.012366801500320435,
    0.012788672000169754,
    0.012615993618965149,
    0.012587875127792358,
    0.011814153753221035,
    0.01261361688375473,
    0.012222664430737495,
    0.012547187507152557,
    0.012507405132055283,
    0.012703193351626396,
    0.0126280402764678,
    0.012559216469526291,
    0.012698305770754814,
    0.012506678700447083,
    0.012590402737259865,
    0.012738706544041634,
    0.012723013758659363,
    0.012617976404726505,
    0.012572876177728176,
    0.012368425726890564,
    0.01251331064850092,
    0.012519474141299725,
    0.012483794242143631,
    0.01262509636580944,
    0.012609811499714851,
    0.012693325988948345,
    0.01252374704927206,
    0.01252928376197815,
    0.012466729618608952,
    0.012768279761075974,
    0.012355676852166653,
    0.012532075867056847,
    0.012946037575602531,
    0.012325851246714592,
    0.012473070062696934,
    0.01284751482307911,
    0.012890996411442757,
    0.01272954698652029,
    0.012440886348485947,
    0.012570131570100784,
    0.012768845073878765,
    0.012776034884154797,
    0.013220265507698059,
    0.012368295341730118,
    0.012279742397367954,
    0.012688706628978252,
    0.012871302664279938,
    0.012524683028459549,
    0.012752773240208626,
    0.012571562081575394,
    0.0126749062910676,
    0.012707285583019257,
    0.01248879637569189,
    0.012785613536834717,
    0.012642523273825645,
    0.012940541841089725,
    0.012924442067742348,
    0.01279301568865776,
    0.012254210188984871,
    0.012920474633574486,
    0.012830143794417381,
    0.012833603657782078,
    0.012517930939793587,
    0.012922081165015697,
    0.012531016021966934,
    0.01238788478076458,
    0.012616442516446114,
    0.012332404032349586,
    0.012556055560708046,
    0.01303926296532154,
    0.012653863057494164,
    0.012581621296703815,
    0.01279557403177023,
    0.012598931789398193,
    0.012539489194750786,
    0.012774799019098282,
    0.012847831472754478,
    0.012771127745509148,
    0.012779952958226204,
    0.0125342458486557,
    0.012970803305506706,
    0.013181664980947971,
    0.012611033394932747,
    0.012564333155751228,
    0.012654118239879608,
    0.013084238395094872,
    0.01251270156353712,
    0.013204995542764664,
    0.012517704628407955,
    0.012632951140403748,
    0.012968098744750023,
    0.01290804147720337,
    0.0126195028424263,
    0.012332793325185776,
    0.012519940733909607,
    0.012619690969586372,
    0.012456271797418594,
    0.012567581608891487,
    0.012411309406161308,
    0.012824056670069695,
    0.012452361173927784,
    0.012655459344387054,
    0.012691030278801918,
    0.012572167441248894,
    0.01236679032444954,
    0.012699216604232788,
    0.012469406239688396,
    0.012447521090507507,
    0.012607106007635593,
    0.012739203870296478,
    0.012234322726726532,
    0.012260081246495247,
    0.012673292309045792,
    0.012594962492585182,
    0.012413853779435158,
    0.012615537270903587,
    0.012210389599204063,
    0.012782026082277298,
    0.012953508645296097,
    0.012484933249652386,
    0.012654606252908707,
    0.012975042685866356,
    0.01287955604493618,
    0.012869633734226227,
    0.012696805410087109,
    0.012419791892170906,
    0.01288948580622673,
    0.012838457711040974,
    0.012961499392986298,
    0.012464839033782482,
    0.013086549937725067,
    0.01273865345865488,
    0.012614421546459198,
    0.012841460295021534,
    0.01269452553242445,
    0.012907732278108597,
    0.012404350563883781,
    0.012478143908083439,
    0.012274482287466526,
