{
  "version": "plots/_T_10_y0_0_1_network_architectures_4_50_activations_tanh_learning_rates_0_001_collocations_1024_epochs_50000_regularization_reg_derivative_reg_epochs_1_reg_coeff_100000_reg_decay_1_/run_7",
  "seed": 1,
  "y0": 0.1,
  "T": 10,
  "N_col": 1024,
  "N_hidden": 4,
  "N_neurons": 50,
  "activation": "tanh",
  "N_epochs": 50000,
  "learning_rate": 0.001,
  "decay_rate": 1.0,
  "freq_log": 100,
  "freq_print": 1000,
  "keys_print": [
    "loss"
  ],
  "freq_save": 0,
  "regularization": "reg_derivative",
  "reg_coeff": 100000,
  "reg_decay": 1,
  "reg_epochs": 1,
  "loss": [
    90660.609375,
    1182.2333984375,
    633.0284423828125,
    146.89239501953125,
    326.0787353515625,
    285.7608337402344,
    195.6548309326172,
    204.35781860351562,
    312.2251892089844,
    211.45529174804688,
    132.3835906982422,
    157.97789001464844,
    21.20107650756836,
    103.72108459472656,
    280.83941650390625,
    75.90239715576172,
    10.75604248046875,
    20.64639663696289,
    16.36726951599121,
    27.118614196777344,
    35.056373596191406,
    128.16966247558594,
    19.896484375,
    13.350821495056152,
    33.9718017578125,
    54.12181854248047,
    45.441253662109375,
    65.40034484863281,
    67.24532318115234,
    68.22100830078125,
    58.13916015625,
    25.900367736816406,
    22.352418899536133,
    22.131595611572266,
    140.24183654785156,
    34.489349365234375,
    38.88557815551758,
    46.4547233581543,
    129.73294067382812,
    48.76738739013672,
    44.122314453125,
    157.9915313720703,
    34.61379623413086,
    13.265735626220703,
    34.84584045410156,
    24.685657501220703,
    33.11579132080078,
    25.625537872314453,
    61.668418884277344,
    82.84622955322266,
    33.26740264892578,
    13.018404006958008,
    36.75250244140625,
    60.38896942138672,
    47.539424896240234,
    64.45093536376953,
    49.808021545410156,
    30.910568237304688,
    28.081214904785156,
    77.07377624511719,
    29.158546447753906,
    25.824281692504883,
    17.71807289123535,
    83.30757141113281,
    5.179427146911621,
    4.107059955596924,
    30.611160278320312,
    389.4098205566406,
    156.7789306640625,
    110.11235046386719,
    100.60226440429688,
    106.07137298583984,
    99.31686401367188,
    92.52787780761719,
    105.97418975830078,
    100.4551773071289,
    99.97911834716797,
    98.94973754882812,
    104.0621109008789,
    103.52104187011719,
    91.3145980834961,
    95.86627197265625,
    102.97406005859375,
    98.53593444824219,
    100.73072814941406,
    100.47434997558594,
    93.51407623291016,
    102.73298645019531,
    102.87528991699219,
    107.36968231201172,
    95.52996826171875,
    105.25775146484375,
    101.57917785644531,
    101.00189971923828,
    97.37788391113281,
    103.50723266601562,
    103.88787841796875,
    102.59376525878906,
    96.50736236572266,
    103.22843933105469,
    103.919921875,
    105.94888305664062,
    100.18595886230469,
    101.93501281738281,
    107.6306381225586,
    98.78521728515625,
    102.34007263183594,
    99.39179992675781,
    101.90092468261719,
    99.09282684326172,
    101.7061767578125,
    103.84273529052734,
    105.89424896240234,
    99.19403839111328,
    102.57588958740234,
    106.12870788574219,
    99.64398193359375,
    100.6610336303711,
    100.24044799804688,
    99.24266815185547,
    99.51248168945312,
    96.74505615234375,
    104.13717651367188,
    101.04856872558594,
    99.5499038696289,
    99.13832092285156,
    100.83120727539062,
    97.27680969238281,
    102.2862777709961,
    95.26134490966797,
    107.82820129394531,
    101.15362548828125,
    104.77350616455078,
    97.7074203491211,
    98.5681381225586,
    99.2380599975586,
    102.3118667602539,
    101.03427124023438,
    92.79443359375,
    99.85096740722656,
    103.03800201416016,
    96.06809997558594,
    96.85053253173828,
    95.35435485839844,
    101.34611511230469,
    96.97294616699219,
    96.47489929199219,
    103.60855102539062,
    102.47555541992188,
    101.69917297363281,
    104.83484649658203,
    97.24430084228516,
    107.2518081665039,
    95.47953033447266,
    102.4767074584961,
    100.65776824951172,
    96.93562316894531,
    109.48763275146484,
    102.67200469970703,
    99.20039367675781,
    105.10092163085938,
    104.13677978515625,
    102.89326477050781,
    102.72222900390625,
    101.8692626953125,
    101.92669677734375,
    100.32379913330078,
    98.77102661132812,
    98.05961608886719,
    106.3280258178711,
    95.91679382324219,
    107.17330932617188,
    100.51014709472656,
    101.35991668701172,
    99.18675994873047,
    101.8609619140625,
    97.4699478149414,
    97.86933898925781,
    100.18421936035156,
    104.29084777832031,
    105.56141662597656,
    100.65487670898438,
    105.35023498535156,
    99.6338119506836,
    101.26158142089844,
    101.54340362548828,
    106.37018585205078,
    101.37378692626953,
    97.59224700927734,
    96.68649291992188,
    106.7293472290039,
    97.20547485351562,
    101.59114837646484,
    104.27154541015625,
    94.83784484863281,
    102.17866516113281,
    106.36697387695312,
    93.35839080810547,
    101.24224853515625,
    96.75827026367188,
    103.40747833251953,
    103.58904266357422,
    98.0752182006836,
    104.27232360839844,
    100.89704895019531,
    95.69097900390625,
    94.66565704345703,
    108.52255249023438,
    104.44947052001953,
    102.05536651611328,
    98.14124298095703,
    103.50907897949219,
    99.37977600097656,
    105.57041931152344,
    93.82482147216797,
    102.8369140625,
    98.08895874023438,
    100.53601837158203,
    93.65486907958984,
    96.42536926269531,
    95.10342407226562,
    102.89151000976562,
    107.13050079345703,
    96.17720794677734,
    103.00540161132812,
    99.10645294189453,
    101.25166320800781,
    103.54832458496094,
    98.86531066894531,
    92.60842895507812,
    98.4106216430664,
    102.54629516601562,
    100.75336456298828,
    101.66434478759766,
    103.63395690917969,
    101.01908874511719,
    97.00626373291016,
    100.3290023803711,
    95.62381744384766,
    96.31196594238281,
    108.17377471923828,
    105.72435760498047,
    103.05036163330078,
    95.94859313964844,
    92.51828002929688,
    105.87466430664062,
    101.82826232910156,
    98.06522369384766,
    101.29901885986328,
    102.38312530517578,
    101.20939636230469,
    100.35531616210938,
    105.6983642578125,
    107.38360595703125,
    94.5615463256836,
    103.21426391601562,
    106.06047058105469,
    97.13763427734375,
    109.29383850097656,
    103.59086608886719,
    101.73385620117188,
    96.23975372314453,
    106.05512237548828,
    94.46183013916016,
    102.66314697265625,
    97.1434555053711,
    99.42536926269531,
    106.64299011230469,
    95.99226379394531,
    102.66200256347656,
    95.09445190429688,
    101.41677856445312,
    105.18568420410156,
    106.96585083007812,
    97.56059265136719,
    98.09895324707031,
    106.30172729492188,
    100.54444885253906,
    97.76628112792969,
    94.97191619873047,
    106.5002212524414,
    92.79618835449219,
    98.59249877929688,
    109.26542663574219,
    99.44615173339844,
    97.9839096069336,
    99.37252807617188,
    98.6072998046875,
    99.9836654663086,
    96.75521850585938,
    104.3710708618164,
    101.85835266113281,
    109.89320373535156,
    104.979248046875,
    104.9393081665039,
    101.79205322265625,
    114.40410614013672,
    96.94393920898438,
    104.8028793334961,
    105.68428039550781,
    95.30760192871094,
    107.10177612304688,
    102.21126556396484,
    96.52691650390625,
    102.14452362060547,
    104.96235656738281,
    102.31924438476562,
    103.35847473144531,
    103.15226745605469,
    106.13623046875,
    99.82752990722656,
    101.13202667236328,
    100.16157531738281,
    95.09207153320312,
    98.21090698242188,
    101.0759506225586,
    99.05492401123047,
