{
  "version": "model_weights/_T_7_5_y0_0_01_network_architectures_4_50_activations_tanh_learning_rates_0_001_collocations_1024_epochs_50000_reg_epochs_0_reg_coeff_1_reg_decay_1_/run_3",
  "seed": 1,
  "y0": 0.01,
  "T": 7.5,
  "N_col": 1024,
  "N_hidden": 4,
  "N_neurons": 50,
  "activation": "tanh",
  "N_epochs": 50000,
  "learning_rate": 0.001,
  "decay_rate": 1.0,
  "freq_log": 100,
  "freq_print": 1000,
  "keys_print": [
    "loss"
  ],
  "freq_save": 0,
  "reg_coeff": 1,
  "reg_decay": 1,
  "reg_epochs": 0,
  "loss": [
    0.06636577844619751,
    0.00013283979205880314,
    3.7314453948056325e-05,
    3.0832474294584244e-05,
    2.6874586183112115e-05,
    3.1071471312316135e-05,
    2.978190423164051e-05,
    2.853932892321609e-05,
    2.8787178962375037e-05,
    2.5415176423848607e-05,
    2.3083937776391394e-05,
    3.12104748445563e-05,
    2.907745511038229e-05,
    3.17225931212306e-05,
    2.8290181944612414e-05,
    3.0898634577170014e-05,
    2.2665080905426294e-05,
    3.03268989227945e-05,
    2.540201967349276e-05,
    2.6847357730730437e-05,
    2.6955593057209626e-05,
    2.4985314666992053e-05,
    2.5855890271486714e-05,
    2.8656708309426904e-05,
    2.75550082733389e-05,
    2.7156889700563625e-05,
    2.5062197892111726e-05,
    2.5461140467086807e-05,
    2.449090243317187e-05,
    3.0431085178861395e-05,
    2.7350968593964353e-05,
    2.822647729772143e-05,
    2.4675067834323272e-05,
    2.4840817786753178e-05,
    2.6511257601669058e-05,
    2.477048838045448e-05,
    2.815091283991933e-05,
    2.7444661100162193e-05,
    2.9922433895990252e-05,
    2.242304981336929e-05,
    2.6396994144306518e-05,
    2.9189006454544142e-05,
    2.69388565357076e-05,
    2.6135494408663362e-05,
    2.643447442096658e-05,
    2.6480891392566264e-05,
    2.3549891920993105e-05,
    2.6361303753219545e-05,
    2.753759872575756e-05,
    2.6974019419867545e-05,
    3.0023027647985145e-05,
    2.5334251404274255e-05,
    3.116586594842374e-05,
    3.7640413211192936e-05,
    2.9638275009347126e-05,
    2.6366356905782595e-05,
    3.4946409869007766e-05,
    2.6787569368025288e-05,
    8.182466262951493e-05,
    4.9873673560796306e-05,
    3.9178958104457706e-05,
    3.5049284633714706e-05,
    3.075012136832811e-05,
    2.6407811674289405e-05,
    5.8659199567046016e-05,
    2.599876097519882e-05,
    2.659258279891219e-05,
    2.5967936380766332e-05,
    2.8829310394939966e-05,
    2.561668588896282e-05,
    0.00010251603089272976,
    2.714064612518996e-05,
    2.615953235363122e-05,
    4.1213061194866896e-05,
    2.6363457436673343e-05,
    2.5651577743701637e-05,
    5.2769508329220116e-05,
    2.938457328127697e-05,
    3.440062573645264e-05,
    2.857462277461309e-05,
    2.8079168259864673e-05,
    2.754098932200577e-05,
    2.6884445105679333e-05,
    3.210765135008842e-05,
    3.580606426112354e-05,
    2.4647697500768118e-05,
    2.968985791085288e-05,
    5.2986666560173035e-05,
    2.7174290153197944e-05,
    2.498196772648953e-05,
    2.7165087885805406e-05,
    2.26915035455022e-05,
    2.719091935432516e-05,
    2.4010265406104736e-05,
    5.2039322326891124e-05,
    4.3935837311437353e-05,
    4.545119372778572e-05,
    2.8932165150763467e-05,
    4.2909559851977974e-05,
    2.9069640731904656e-05,
    2.581830631243065e-05,
    2.514999869163148e-05,
    2.8266284061828628e-05,
    3.511349859763868e-05,
    3.3062693546526134e-05,
    3.1818795832805336e-05,
    2.522296563256532e-05,
    2.7252866857452318e-05,
    2.773846426862292e-05,
    3.1139370548771694e-05,
    3.76562456949614e-05,
    2.7764439437305555e-05,
    2.8341106371954083e-05,
    4.1826642700470984e-05,
    2.7794001653091982e-05,
    2.9108130547683686e-05,
    2.561710607551504e-05,
    3.366446981090121e-05,
    3.4876135032391176e-05,
    2.8732596547342837e-05,
    3.3019099646480754e-05,
    3.371339334989898e-05,
    3.467590067884885e-05,
    2.5398467187187634e-05,
    2.427518666081596e-05,
    3.4231183235533535e-05,
    2.703978680074215e-05,
    3.151689452352002e-05,
    3.244791878387332e-05,
    2.7754842449212447e-05,
    3.968059900216758e-05,
    2.304248118889518e-05,
    3.0467665055766702e-05,
    2.6397177862236276e-05,
    2.4995566491270438e-05,
    3.1247684091795236e-05,
    2.9333616112126037e-05,
    2.5034474674612284e-05,
    2.6371506464784034e-05,
    2.592474629636854e-05,
    2.6567638997221366e-05,
    2.5803929020185024e-05,
    2.7975100238109007e-05,
    2.4998576918733306e-05,
    3.097734952461906e-05,
    2.725910053413827e-05,
    2.604764813440852e-05,
    2.6317331503378227e-05,
    2.4277313059428707e-05,
    2.959328230645042e-05,
    2.6302412152290344e-05,
    2.7230606065131724e-05,
    1.859951407823246e-05,
    2.8012578695779666e-05,
    2.3259217414306477e-05,
    2.6028254069387913e-05,
    2.805230724334251e-05,
    2.8370441214065067e-05,
    2.655379648786038e-05,
    2.7217531169299036e-05,
    3.0620332836406305e-05,
    2.5207649741787463e-05,
    2.6500001695239916e-05,
    2.7711668735719286e-05,
    3.441465014475398e-05,
    2.6502213586354628e-05,
    2.7059324565925635e-05,
    2.5417572032893077e-05,
    2.539410525059793e-05,
    2.799211688397918e-05,
    2.526281969039701e-05,
    2.705268343561329e-05,
    2.6582529244478792e-05,
    2.7272251827525906e-05,
    2.6833018637262285e-05,
    2.5456061848672107e-05,
    2.4770906748017296e-05,
    4.378948869998567e-05,
    2.3928709197207354e-05,
    2.6147070457227528e-05,
    3.0295672331703827e-05,
    2.375943586230278e-05,
    2.4992401449708268e-05,
    2.875552308978513e-05,
    2.8904432838317007e-05,
    2.7852944185724482e-05,
    2.487645178916864e-05,
    2.594077704998199e-05,
    2.799642606987618e-05,
    2.7874095394508913e-05,
    3.248772554798052e-05,
    2.4039094569161534e-05,
    2.316630707355216e-05,
    2.7217351089348085e-05,
    2.8974784072488546e-05,
    2.545763891248498e-05,
    2.7619236789178103e-05,
    2.6077999791596085e-05,
    2.7029196644434705e-05,
    2.702729034353979e-05,
    2.5002773327287287e-05,
    2.8092003049096093e-05,
    2.7112366296933033e-05,
    2.9721457394771278e-05,
    2.935964221251197e-05,
    2.813433820847422e-05,
    2.3011098164715804e-05,
    2.939016485470347e-05,
    2.8709204343613237e-05,
    2.844160007953178e-05,
    2.5584282411728054e-05,
    2.9465878469636664e-05,
    2.5558139896020293e-05,
    2.4350290914298967e-05,
    2.6482928660698235e-05,
    2.3894755941000767e-05,
    2.6143770810449496e-05,
    3.073822517762892e-05,
    2.6822686777450144e-05,
    2.601240157673601e-05,
    2.8037708034389652e-05,
    2.6228219212498516e-05,
    2.5820914743235335e-05,
    2.8380973162711598e-05,
    2.8821348678320646e-05,
    2.802072231133934e-05,
    2.774541462713387e-05,
    2.55613231274765e-05,
    2.9896200430812314e-05,
    3.216675395378843e-05,
    2.6218907805741765e-05,
    2.5934183213394135e-05,
    2.6676494599087164e-05,
    3.1068157113622874e-05,
    2.51467772613978e-05,
    3.275809285696596e-05,
    2.5301455025328323e-05,
    2.645647691679187e-05,
    3.04411933029769e-05,
    2.9627921321662143e-05,
    2.6903795514954254e-05,
    2.364195097470656e-05,
    2.6117053494090214e-05,
    2.6775205697049387e-05,
    2.6164740120293573e-05,
    2.5949284463422373e-05,
    2.425825186946895e-05,
    2.8770238714059815e-05,
    2.508042598492466e-05,
    2.7197873350814916e-05,
    2.723358375078533e-05,
    2.600949301267974e-05,
    2.3986222004168667e-05,
    2.773367305053398e-05,
    2.5339017156511545e-05,
    2.488871177774854e-05,
    2.6786987291416153e-05,
    2.7729467547032982e-05,
    2.2730604541720822e-05,
    2.2973650629865006e-05,
    2.7315620172885247e-05,
    2.626277637318708e-05,
    2.539556589908898e-05,
    2.6546120352577418e-05,
    2.245806172140874e-05,
    2.8315651434240863e-05,
    2.9539394745370373e-05,
    2.549143391661346e-05,
    2.7518875867826864e-05,
    2.9878676286898553e-05,
