{
  "version": "plots/_T_10_y0_0_01_network_architectures_4_50_activations_tanh_learning_rates_0_001_collocations_1024_epochs_50000_regularization_no_reg_reg_epochs_1_reg_coeff_1_reg_decay_1_/run_3",
  "seed": 1,
  "y0": 0.01,
  "T": 10,
  "N_col": 1024,
  "N_hidden": 4,
  "N_neurons": 50,
  "activation": "tanh",
  "N_epochs": 50000,
  "learning_rate": 0.001,
  "decay_rate": 1.0,
  "freq_log": 100,
  "freq_print": 1000,
  "keys_print": [
    "loss"
  ],
  "freq_save": 0,
  "regularization": "no_reg",
  "reg_coeff": 1,
  "reg_decay": 1,
  "reg_epochs": 1,
  "loss": [
    0.09011845290660858,
    2.5521845600451343e-05,
    2.194537955801934e-05,
    2.307977956661489e-05,
    2.0680672605521977e-05,
    2.3464308469556272e-05,
    2.1947429559077136e-05,
    2.2656720830127597e-05,
    2.1780819224659353e-05,
    1.970894845726434e-05,
    1.7894986740429886e-05,
    2.4815293727442622e-05,
    2.1537620341405272e-05,
    2.594467696326319e-05,
    2.3839398636482656e-05,
    4.618268212652765e-05,
    2.213842344644945e-05,
    2.40328699874226e-05,
    1.930078724399209e-05,
    0.00010825568460859358,
    2.2363834432326257e-05,
    1.9921790226362646e-05,
    1.9565763068385422e-05,
    6.336996011668816e-05,
    2.9062997782602906e-05,
    2.0528579625533894e-05,
    1.9571785742300563e-05,
    1.9259827240603045e-05,
    1.825026083679404e-05,
    2.3709406377747655e-05,
    2.071491144306492e-05,
    2.3182543372968212e-05,
    1.8877017282648012e-05,
    2.5086768800974824e-05,
    2.9493263355107047e-05,
    2.0137940737186e-05,
    2.3620996216777712e-05,
    0.00010736625699792057,
    2.5058956452994607e-05,
    2.5060118787223473e-05,
    3.953937266487628e-05,
    2.4771035896264948e-05,
    2.02353585336823e-05,
    2.0179342755000107e-05,
    2.778213456622325e-05,
    3.748642120626755e-05,
    1.969970435311552e-05,
    2.0069293896085583e-05,
    2.374760151724331e-05,
    2.0138037143624388e-05,
    2.0448354916879907e-05,
    1.9288519979454577e-05,
    2.607252827147022e-05,
    2.3112977942219004e-05,
    2.872466211556457e-05,
    2.9528913728427142e-05,
    2.237522494397126e-05,
    9.245245018973947e-05,
    2.4119050067383796e-05,
    2.2516749595524743e-05,
    2.0473546101129614e-05,
    1.9517390683176927e-05,
    2.2577100025955588e-05,
    1.946685733855702e-05,
    2.367525485169608e-05,
    3.6513942177407444e-05,
    2.2055794033803977e-05,
    3.608861516113393e-05,
    2.2682857888867147e-05,
    1.9017445083591156e-05,
    2.021241743932478e-05,
    2.1961575839668512e-05,
    2.3708602384431288e-05,
    2.490302358637564e-05,
    2.0650877559091896e-05,
    1.7162918084068224e-05,
    2.491316627128981e-05,
    2.193261207139585e-05,
    2.158429015253205e-05,
    1.9407183572184294e-05,
    2.1965948690194637e-05,
    2.2087830075179227e-05,
    1.859333860920742e-05,
    2.3199354473035783e-05,
    2.1972538888803683e-05,
    2.1549061784753576e-05,
    2.2500349587062374e-05,
    2.164338729926385e-05,
    1.984201298910193e-05,
    1.9975555915152654e-05,
    4.0313087083632126e-05,
    1.6752117517171428e-05,
    1.9050066839554347e-05,
    1.6598927686573006e-05,
    2.0292547560529783e-05,
    2.0244147890480235e-05,
    2.015798418142367e-05,
    2.0027542632305995e-05,
    2.218118606833741e-05,
    2.2385806005331688e-05,
    1.7430396837880835e-05,
    1.9445084035396576e-05,
    2.2726810129825026e-05,
    2.2571921363123693e-05,
    2.3258164219441824e-05,
    2.642798426677473e-05,
    2.081891034322325e-05,
    2.050431248790119e-05,
    2.0907884390908293e-05,
    2.1337669750209898e-05,
    2.6073033950524405e-05,
    2.1916732293902896e-05,
    2.2138585336506367e-05,
    2.0646752091124654e-05,
    2.3005672119325027e-05,
    2.1473062588484026e-05,
    1.909881757455878e-05,
    1.9617407815530896e-05,
    1.943391907843761e-05,
    2.1804786229040474e-05,
    2.3592343495693058e-05,
    2.0522988052107394e-05,
    2.4713364837225527e-05,
    1.9767201592912897e-05,
    1.9097844415227883e-05,
    2.3918048100313172e-05,
    2.0080584363313392e-05,
    2.0910443708999082e-05,
    2.2251853806665167e-05,
    2.019758539972827e-05,
    2.0302319171605632e-05,
    1.7982016288442537e-05,
    1.7015207049553283e-05,
    1.866297679953277e-05,
    1.7121034034062177e-05,
    1.868760409706738e-05,
    2.179694638471119e-05,
    1.8618626199895516e-05,
    1.95017819351051e-05,
    1.919969690789003e-05,
    1.9253629943705164e-05,
    1.7642323655309156e-05,
    2.053471325780265e-05,
    1.8043854652205482e-05,
    2.3810556740500033e-05,
    2.034064891631715e-05,
    1.7910242604557425e-05,
    1.9410277673159726e-05,
    1.7764450603863224e-05,
    2.1522297174669802e-05,
    1.9547809642972425e-05,
    1.9779425201704726e-05,
    1.265211722056847e-05,
    1.95663160411641e-05,
    1.6599989976384677e-05,
    1.9023374989046715e-05,
    1.869162224465981e-05,
    2.0760522602358833e-05,
    2.015368409047369e-05,
    1.9656108634080738e-05,
    2.0433937606867403e-05,
    1.8764007108984515e-05,
    2.0110344848944806e-05,
    2.10717371373903e-05,
    2.1035746613051742e-05,
    2.0153041987214237e-05,
    1.91048820852302e-05,
    1.789244379324373e-05,
    1.878905459307134e-05,
    1.907003388623707e-05,
    1.8940443624160253e-05,
    1.9701685232575983e-05,
    1.990036435017828e-05,
    2.0443767425604165e-05,
    1.9254021026426926e-05,
    1.8875562091125175e-05,
    1.8274418835062534e-05,
    2.1103918697917834e-05,
    1.7618120182305574e-05,
    1.8831171473721042e-05,
    2.2852986148791388e-05,
    1.729884388623759e-05,
    1.8478642232366838e-05,
    2.1704157916246913e-05,
    2.224798299721442e-05,
    2.072884853987489e-05,
    1.8098315194947645e-05,
    1.9047958630835637e-05,
    2.1251300495350733e-05,
    2.121736361004878e-05,
    2.5259369067498483e-05,
    1.7975780792767182e-05,
    1.7118907635449432e-05,
    2.036776641034521e-05,
    2.1840454792254604e-05,
    1.9257389794802293e-05,
    2.080261765513569e-05,
    1.828815948101692e-05,
    2.0646271877922118e-05,
    2.0345720258774236e-05,
    1.8671424186322838e-05,
    2.162841883546207e-05,
    2.0383393348311074e-05,
    2.287915958731901e-05,
    2.3350257833953947e-05,
    2.1236166503513232e-05,
    1.6995687474263832e-05,
    2.2574564354727045e-05,
    2.1995947463437915e-05,
    2.199523623858113e-05,
    1.888165934360586e-05,
    2.3014370526652783e-05,
    1.9427719962550327e-05,
    1.7929634850588627e-05,
    2.0496658180491067e-05,
    1.749907823977992e-05,
    1.9560444343369454e-05,
    2.4123923139995895e-05,
    2.0236673663021065e-05,
    2.015135032706894e-05,
    2.0726405637105927e-05,
    1.98966808966361e-05,
    1.8903891032096e-05,
    2.058066093013622e-05,
    2.2601843738812022e-05,
    2.126018443959765e-05,
    2.248144483019132e-05,
    1.905164754134603e-05,
    2.299868720001541e-05,
    2.441056858515367e-05,
    1.9769981008721516e-05,
    1.956233063538093e-05,
    2.0407162082847208e-05,
    2.3920891180750914e-05,
    1.8938879293273203e-05,
    2.4677250621607527e-05,
    1.9209846868761815e-05,
    2.050007606158033e-05,
    2.291314558533486e-05,
    2.2158539650263265e-05,
    2.020438842009753e-05,
    1.75208188011311e-05,
    1.9087843611487187e-05,
    1.9768584024859592e-05,
    1.8838565665646456e-05,
    1.97603294509463e-05,
    1.8324235497857444e-05,
    2.1646448658430018e-05,
    1.8291486412636004e-05,
    0.0035691531375050545,
    2.1557818399742246e-05,
    1.9682469428516924e-05,
    1.8091719539370388e-05,
    2.069634138024412e-05,
    1.8791415641317144e-05,
    1.849215550464578e-05,
    1.9991775843664072e-05,
    2.1106054191477597e-05,
    1.6660009350744076e-05,
    1.671811332926154e-05,
    2.07693283300614e-05,
    1.968101059901528e-05,
    1.8193310097558424e-05,
    1.9450459149084054e-05,
    1.5705471014371142e-05,
    2.1527055650949478e-05,
    2.305584348505363e-05,
    1.8565860955277458e-05,
    2.0350664271973073e-05,
