{
  "version": "plots/_T_7_5_y0_0_001_network_architectures_4_50_activations_tanh_learning_rates_0_001_collocations_1024_epochs_50000_regularization_reg_derivative_reg_epochs_1_reg_coeff_10_reg_decay_1_/run_6",
  "seed": 1,
  "y0": 0.001,
  "T": 7.5,
  "N_col": 1024,
  "N_hidden": 4,
  "N_neurons": 50,
  "activation": "tanh",
  "N_epochs": 50000,
  "learning_rate": 0.001,
  "decay_rate": 1.0,
  "freq_log": 100,
  "freq_print": 1000,
  "keys_print": [
    "loss"
  ],
  "freq_save": 0,
  "regularization": "reg_derivative",
  "reg_coeff": 10,
  "reg_decay": 1,
  "reg_epochs": 1,
  "loss": [
    8.043990135192871,
    0.4513925313949585,
    0.3682411015033722,
    0.2940180003643036,
    0.24472886323928833,
    0.22993899881839752,
    0.23582445085048676,
    0.16611143946647644,
    0.16858692467212677,
    0.2075543850660324,
    0.13034647703170776,
    0.1663096398115158,
    0.13636240363121033,
    0.1396823525428772,
    0.13552719354629517,
    0.13278867304325104,
    0.1376623511314392,
    0.17440274357795715,
    0.16586992144584656,
    0.1846599131822586,
    0.20067137479782104,
    0.17306794226169586,
    0.16233311593532562,
    0.14413416385650635,
    0.11123879253864288,
    0.1337883174419403,
    0.16148200631141663,
    0.14964792132377625,
    0.16585929691791534,
    0.13693800568580627,
    0.13170920312404633,
    0.09472484886646271,
    0.1412038505077362,
    0.11554724723100662,
    0.11259917914867401,
    0.11446063220500946,
    0.09645839780569077,
    0.11082135885953903,
    0.10923562943935394,
    0.10080677270889282,
    0.09432373195886612,
    0.10132236778736115,
    0.08916190266609192,
    0.10845888406038284,
    0.09946730732917786,
    0.09544531255960464,
    0.11004182696342468,
    0.12805436551570892,
    0.12139926850795746,
    0.09618068486452103,
    0.09463122487068176,
    0.09848389029502869,
    0.10271158814430237,
    0.11069473624229431,
    0.10088164359331131,
    0.09948408603668213,
    0.09975558519363403,
    0.09293806552886963,
    0.09562012553215027,
    0.10460473597049713,
    0.11832000315189362,
    0.10285193473100662,
    0.10185424238443375,
    0.09272545576095581,
    0.09361287206411362,
    0.12484347820281982,
    0.12203173339366913,
    0.09999623894691467,
    0.09380089491605759,
    0.09766273945569992,
    0.07853502780199051,
    0.11052152514457703,
    0.12613442540168762,
    0.08821699023246765,
    0.09126682579517365,
    0.09820911288261414,
    0.11308341473340988,
    0.10093604773283005,
    0.1143837496638298,
    0.13343454897403717,
    0.10158514231443405,
    0.08463585376739502,
    0.09376293420791626,
    0.12468554079532623,
    0.10550858080387115,
    0.1125888004899025,
    0.09839003533124924,
    0.09995043277740479,
    0.10352261364459991,
    0.09443436563014984,
    0.11529356241226196,
    0.1102132499217987,
    0.1306195706129074,
    0.10807538032531738,
    0.11134802550077438,
    0.100635826587677,
    0.12945173680782318,
    0.1022050678730011,
    0.10672371089458466,
    0.1221930980682373,
    0.09868322312831879,
    0.08335012942552567,
    0.09608270972967148,
    0.09417843818664551,
    0.1179889589548111,
    0.10732496529817581,
    0.10119999945163727,
    0.09048882126808167,
    0.11168434470891953,
    0.09257211536169052,
    0.07908359915018082,
    0.09884251654148102,
    0.10596489161252975,
    0.11595551669597626,
    0.09696830064058304,
    0.09460341930389404,
    0.09212704747915268,
    0.10080356895923615,
    0.08727562427520752,
    0.07729696482419968,
    0.09821528196334839,
    0.09415122121572495,
    0.08936520665884018,
    0.08293929696083069,
    0.09045952558517456,
    0.09528398513793945,
    0.08207091689109802,
    0.07708228379487991,
    0.08445073664188385,
    0.09817807376384735,
    0.10559071600437164,
    0.09897792339324951,
    0.11876709759235382,
    0.1103418618440628,
    0.09247936308383942,
    0.09240330755710602,
    0.09771478921175003,
    0.09404284507036209,
    0.12281981110572815,
    0.12692488729953766,
    0.1285717785358429,
    0.09199494868516922,
    0.07457852363586426,
    0.08902086317539215,
    0.08422129601240158,
    0.09792134165763855,
    0.08407144248485565,
    0.11337778717279434,
    0.11161850392818451,
    0.09191039204597473,
    0.1158551573753357,
    0.10789652168750763,
    0.11605139821767807,
    0.11860828101634979,
    0.11216680705547333,
    0.12076124548912048,
    0.1252882182598114,
    0.13414235413074493,
    0.13027384877204895,
    0.11567693203687668,
    0.10507488250732422,
    0.09978687763214111,
    0.10621703416109085,
    0.1025235503911972,
    0.09994755685329437,
    0.1154523715376854,
    0.10104736685752869,
    0.09713976085186005,
    0.10081320255994797,
    0.1538602113723755,
    0.11761488020420074,
    0.10233137011528015,
    0.10045099258422852,
    0.10503469407558441,
    0.10477867722511292,
    0.09367676824331284,
    0.11217080056667328,
    0.10801327228546143,
    0.0944368988275528,
    0.10551313310861588,
    0.08912736922502518,
    0.11584438383579254,
    0.09368682652711868,
    0.08977119624614716,
    0.08877167105674744,
    0.10779422521591187,
    0.12255854904651642,
    0.09044314175844193,
    0.09147293865680695,
    0.09183211624622345,
    0.09902553260326385,
    0.08407983183860779,
    0.0979812741279602,
    0.10392344743013382,
    0.09868479520082474,
    0.08773750066757202,
    0.085781529545784,
    0.10778874158859253,
    0.11165793240070343,
    0.1357439160346985,
    0.12532486021518707,
    0.09429281949996948,
    0.08612048625946045,
    0.09895360469818115,
    0.11596805602312088,
    0.11914613097906113,
    0.10553231835365295,
    0.0965738445520401,
    0.09421705454587936,
    0.0790446549654007,
    0.08896656334400177,
    0.08085398375988007,
    0.10361099243164062,
    0.08282081037759781,
    0.08643492311239243,
    0.09417363256216049,
    0.11671668291091919,
    0.10291855782270432,
    0.09072989970445633,
    0.09428581595420837,
    0.10246460139751434,
    0.10800644010305405,
    0.09475615620613098,
    0.0974806547164917,
    0.09996554255485535,
    0.09234404563903809,
    0.0798570066690445,
    0.08164507150650024,
    0.09558196365833282,
    0.09096459299325943,
    0.07967185974121094,
    0.093803770840168,
    0.10304784774780273,
    0.1220809668302536,
    0.08881235122680664,
    0.10239309072494507,
    0.11701594293117523,
    0.08714316040277481,
    0.08712421357631683,
    0.08410056680440903,
    0.07616119831800461,
    0.09784803539514542,
    0.0928441509604454,
    0.12266412377357483,
    0.11824919283390045,
    0.0913931131362915,
    0.08683896064758301,
    0.1232045441865921,
    0.09231554716825485,
    0.08705765008926392,
    0.08317574858665466,
    0.10434707999229431,
    0.09393410384654999,
    0.10491512715816498,
    0.11756230145692825,
    0.0939188301563263,
    0.08445312082767487,
    0.11173976957798004,
    0.1139131635427475,
    0.12344776093959808,
    0.10940238833427429,
    0.100553497672081,
    0.09921576082706451,
    0.09082384407520294,
    0.10273905098438263,
    0.09952324628829956,
    0.11067919433116913,
    0.10958053171634674,
    0.09451212733983994,
    0.10664429515600204,
    0.09846977889537811,
    0.10789141803979874,
    0.14003264904022217,
    0.09951383620500565,
    0.09217324107885361,
    0.08894455432891846,
    0.0932115763425827,
    0.0904248058795929,
    0.09996028244495392,
    0.08955395221710205,
    0.09789428114891052,
    0.10792924463748932,
    0.09640663862228394,
    0.1028149276971817,
    0.08928777277469635,
    0.07948384433984756,
    0.08689987659454346,
    0.09187380224466324,
    0.0988461971282959,
    0.09318146109580994,
    0.09495513141155243,
    0.09221519529819489,
    0.09975231438875198,
    0.10781029611825943,
    0.09238995611667633,
    0.09145669639110565,
    0.08815005421638489,
    0.08823053538799286,
