{
  "version": "plots/_T_7_5_y0_0_001_network_architectures_4_50_activations_tanh_learning_rates_0_001_collocations_1024_epochs_50000_regularization_unstable_fp_reg_epochs_1_reg_coeff_10_reg_decay_1_/run_9",
  "seed": 1,
  "y0": 0.001,
  "T": 7.5,
  "N_col": 1024,
  "N_hidden": 4,
  "N_neurons": 50,
  "activation": "tanh",
  "N_epochs": 50000,
  "learning_rate": 0.001,
  "decay_rate": 1.0,
  "freq_log": 100,
  "freq_print": 1000,
  "keys_print": [
    "loss"
  ],
  "freq_save": 0,
  "regularization": "unstable_fp",
  "reg_coeff": 10,
  "reg_decay": 1,
  "reg_epochs": 1,
  "loss": [
    0.050805848091840744,
    0.00010571289021754637,
    3.793733048951253e-05,
    1.837774834712036e-05,
    1.2231329492351506e-05,
    1.1922556041099597e-05,
    1.910700484586414e-05,
    1.187985617434606e-05,
    1.2231823347974569e-05,
    2.086579115712084e-05,
    9.067696737474762e-06,
    2.4434708393528126e-05,
    1.5719337170594372e-05,
    1.033255466609262e-05,
    4.718680429505184e-05,
    5.938232789048925e-06,
    0.0003447791386861354,
    1.0684238077374175e-05,
    3.7225916003080783e-06,
    1.129388328990899e-05,
    4.206163794151507e-05,
    2.365511863899883e-05,
    1.4220668163034134e-05,
    1.9195524146198295e-05,
    4.522904418990947e-05,
    0.00015396082017105073,
    1.2932618119521067e-05,
    5.7636593737697694e-06,
    4.421109679242363e-06,
    9.641604265198112e-06,
    2.126948857039679e-05,
    1.915301982080564e-05,
    6.40122425465961e-06,
    2.0052042600582354e-05,
    7.168800038925838e-06,
    8.84988548932597e-06,
    2.4340697564184666e-05,
    0.000426631944719702,
    9.42469614528818e-06,
    4.0586659451946616e-05,
    5.986498581478372e-05,
    1.0901640052907169e-05,
    0.00015159632312133908,
    7.906180690042675e-05,
    7.771834134473465e-06,
    0.00011339296179357916,
    1.4620622096117586e-05,
    7.206830923678353e-05,
    8.150615030899644e-05,
    1.7078309610951692e-05,
    4.177941445959732e-05,
    6.793269858462736e-05,
    6.147255135147134e-06,
    1.1530185474839527e-05,
    0.0001235397212440148,
    4.3447282223496586e-05,
    2.778922498691827e-05,
    1.0526462574489415e-05,
    1.4390392607310787e-05,
    4.033257573610172e-05,
    1.626699486223515e-05,
    7.164273847592995e-05,
    5.069203325547278e-06,
    1.2601359230757225e-05,
    1.0092411685036495e-05,
    3.382574504939839e-05,
    9.437848348170519e-06,
    4.538744542514905e-05,
    1.3607131222670432e-05,
    9.6288758868468e-06,
    8.726388841751032e-06,
    7.158256721595535e-06,
    8.788107152213342e-06,
    9.900570148602128e-06,
    1.2866056749771815e-05,
    8.342137152794749e-05,
    8.294382496387698e-06,
    1.591379077581223e-05,
    3.494839256745763e-05,
    3.459954677964561e-05,
    7.3029032137128524e-06,
    4.7204215661622584e-05,
    1.3670809494215064e-05,
    9.499734005657956e-06,
    8.96396886673756e-06,
    9.389254046254791e-06,
    8.739054464967921e-06,
    9.306424544774927e-06,
    1.3886457054468337e-05,
    1.0084827408718411e-05,
    4.152780456934124e-05,
    6.398456207534764e-06,
    3.489232040010393e-05,
    8.81339110492263e-06,
    9.189726370095741e-06,
    1.3373604815569706e-05,
    9.170962584903464e-06,
    8.916438673622906e-06,
    9.088928891287651e-06,
    9.778494131751359e-06,
    1.2639309716178104e-05,
    1.2432214134605601e-05,
    8.616835657448974e-06,
    9.14313113753451e-06,
    9.919781405187678e-06,
    1.3029920410190243e-05,
    8.309924851346295e-06,
    9.808765753405169e-06,
    9.351386324851774e-06,
    8.775159585638903e-06,
    8.20478453533724e-06,
    8.89422790351091e-06,
    8.718495337234344e-06,
    8.71142947289627e-06,
    8.554545274819247e-06,
    8.29214695841074e-06,
    1.6292980944854207e-05,
    2.9619321139762178e-05,
    1.072941995516885e-05,
    8.365996109205298e-06,
    7.695110980421305e-06,
    6.850780664535705e-06,
    5.805600267194677e-06,
    1.2314734703977592e-05,
    2.0908875740133226e-05,
    1.0159830708289519e-05,
    1.0157909855479375e-05,
    3.3957338018808514e-05,
    1.2425330169207882e-05,
    2.6908524887403473e-05,
    8.018658263608813e-06,
    7.274746167240664e-06,
    5.6642111303517595e-06,
    8.866825737641193e-06,
    1.3314861462276895e-05,
    3.619625658757286e-06,
    3.9923372241901234e-05,
    9.266464985557832e-06,
    6.173276688059559e-06,
    6.672313247690909e-06,
    5.450347998703364e-06,
    6.038585070200497e-06,
    7.96326912677614e-06,
    8.919035280996468e-06,
    8.426659405813552e-06,
    1.0900515917455778e-05,
    2.2151782104629092e-05,
    8.341752618434839e-06,
    6.090728675189894e-06,
    0.00012067568604834378,
    1.3477585525834002e-05,
    6.822140221629525e-06,
    2.028323433478363e-05,
    1.7980095435632393e-05,
    5.776293619419448e-06,
    0.00015287441783584654,
    9.347624654765241e-06,
    9.211622455040924e-06,
    8.43004363559885e-06,
    8.313216312672012e-06,
    8.374631761398632e-06,
    1.8922202798421495e-05,
    8.701827027834952e-06,
    6.878234671603423e-06,
    7.865781299187802e-06,
    6.447954092436703e-06,
    6.761006261513103e-06,
    6.138639037089888e-06,
    5.614366273221094e-06,
    9.649376806919463e-06,
    8.351969881914556e-06,
    8.240409442805685e-06,
    2.402331847406458e-05,
    9.125873475568369e-06,
    6.266435775614809e-06,
    5.01816703035729e-06,
    9.267850145988632e-06,
    6.375078555720393e-06,
    1.1939253454329446e-05,
    9.979508831747808e-06,
    9.626284736441448e-06,
    8.878314474713989e-06,
    1.0389634553575888e-05,
    9.696246706880629e-06,
    9.1617475845851e-06,
    7.793883924023248e-06,
    7.981703674886376e-06,
    6.296537776506739e-06,
    7.404125881294021e-06,
    8.01178794063162e-06,
    3.8343870983226225e-05,
    1.575517899254919e-06,
    6.91743625793606e-05,
    5.095702363178134e-06,
    6.0138272601761855e-06,
    5.619604962703306e-06,
    6.485834546765545e-06,
    1.2008081284875516e-05,
    6.5671101765474305e-06,
    5.1119577619829215e-06,
    5.31290561411879e-06,
    5.6241697166115046e-06,
    8.39746371639194e-06,
    5.981443337077508e-06,
    5.6179819694079924e-06,
    7.10830954631092e-06,
    5.722691184928408e-06,
    1.118253385357093e-05,
    9.297459655499551e-06,
    1.4862312127661426e-05,
    7.882325007813051e-06,
    8.981603059510235e-06,
    6.674389624095056e-06,
    5.54942971575656e-06,
    5.568136657529976e-06,
    6.65060952087515e-06,
    7.66915673011681e-06,
    9.166222298517823e-06,
    5.741230779676698e-06,
    6.745796781615354e-06,
    9.946364116331097e-06,
    9.042551027960144e-06,
    9.297134056396317e-06,
    8.755124326853547e-06,
    8.764365702518262e-06,
    9.18942805583356e-06,
    1.0369769370299764e-05,
    5.680137292074505e-06,
    8.637177415948827e-06,
    2.186968686146429e-06,
    9.493107427260838e-06,
    6.870931883895537e-06,
    4.961350896337535e-06,
    4.81982942801551e-06,
    5.375817636377178e-06,
    1.3585104170488194e-05,
    6.359096914820839e-06,
    7.1105077950051054e-06,
    5.246209184406325e-06,
    5.663704996550223e-06,
    5.908673301746603e-06,
    6.597705578315072e-06,
    1.3165229574951809e-05,
    1.432373119314434e-05,
    5.0802036639652215e-06,
    5.704557679564459e-06,
    6.449662578233983e-06,
    8.397357305511832e-06,
    6.310142453003209e-06,
    6.806008059356827e-06,
    6.426370418921579e-06,
    3.358777348694275e-06,
    5.111134669277817e-06,
    7.949435712362174e-06,
    6.372862571879523e-06,
    5.90869240113534e-06,
    5.526080713025294e-06,
    5.819470970891416e-06,
    5.580437573371455e-06,
    7.792305950715672e-06,
    4.019974767288659e-06,
    2.252163085358916e-06,
    2.4516657504136674e-06,
    3.76315210814937e-06,
    4.486882062337827e-06,
    2.7281653274258133e-06,
    1.91803928828449e-06,
    3.280067176092416e-06,
    1.2158762956460123e-06,
    3.1815616239327937e-06,
    2.4231762836279813e-06,
    2.2240910766413435e-06,
