{
  "version": "plots/_T_7_5_y0_0_01_network_architectures_4_50_activations_tanh_learning_rates_0_001_collocations_1024_epochs_50000_regularization_no_reg_reg_epochs_1_reg_coeff_0_01_reg_decay_1_/run_0",
  "seed": 1,
  "y0": 0.01,
  "T": 7.5,
  "N_col": 1024,
  "N_hidden": 4,
  "N_neurons": 50,
  "activation": "tanh",
  "N_epochs": 50000,
  "learning_rate": 0.001,
  "decay_rate": 1.0,
  "freq_log": 100,
  "freq_print": 1000,
  "keys_print": [
    "loss"
  ],
  "freq_save": 0,
  "regularization": "no_reg",
  "reg_coeff": 0.01,
  "reg_decay": 1,
  "reg_epochs": 1,
  "loss": [
    0.029223674908280373,
    3.0985145713202655e-05,
    2.601801315904595e-05,
    2.679762474144809e-05,
    2.4340486561413854e-05,
    2.8305688829277642e-05,
    2.790814141917508e-05,
    2.784811658784747e-05,
    2.7568139557843097e-05,
    2.5265804652008228e-05,
    2.2783802705816925e-05,
    3.074565756833181e-05,
    2.9028389690211043e-05,
    6.863658200018108e-05,
    0.00012516550486907363,
    3.245047992095351e-05,
    2.406585008429829e-05,
    3.2054915209300816e-05,
    8.676433935761452e-05,
    2.6942063414026052e-05,
    2.751957072177902e-05,
    3.182263026246801e-05,
    2.5716792151797563e-05,
    2.864448106265627e-05,
    2.7061218133894727e-05,
    7.016354356892407e-05,
    2.6189241907559335e-05,
    2.8131757062510587e-05,
    2.6629568310454488e-05,
    3.112609556410462e-05,
    2.8186052077217028e-05,
    2.900023537222296e-05,
    7.218000246211886e-05,
    4.589749369188212e-05,
    3.860848300973885e-05,
    2.4884535378078e-05,
    2.8324320737738162e-05,
    6.752660556230694e-05,
    3.0777409847360104e-05,
    2.941684579127468e-05,
    3.5049259167863056e-05,
    0.0001029637351166457,
    2.8637490686378442e-05,
    2.8440210371627472e-05,
    2.813507671817206e-05,
    2.667185071913991e-05,
    3.15843426506035e-05,
    2.737916656769812e-05,
    3.971409751102328e-05,
    2.812561797327362e-05,
    2.7752659661928192e-05,
    2.702399797271937e-05,
    3.064917473238893e-05,
    3.512773400871083e-05,
    3.41618615493644e-05,
    2.9415487006190233e-05,
    3.410996578168124e-05,
    2.4258204575744458e-05,
    2.987307743751444e-05,
    2.74900121439714e-05,
    3.068134537898004e-05,
    4.534865729510784e-05,
    3.0370167223736644e-05,
    2.6708628865890205e-05,
    2.9345814255066216e-05,
    2.6211018848698586e-05,
    2.6366409656475298e-05,
    4.21887198172044e-05,
    3.8296850107144564e-05,
    2.565062095527537e-05,
    3.223292878828943e-05,
    3.742619446711615e-05,
    3.260813537053764e-05,
    3.204109088983387e-05,
    2.6774747311719693e-05,
    2.375953408773057e-05,
    3.078434383496642e-05,
    2.8952708817087114e-05,
    2.8490570912254043e-05,
    2.9371936761890538e-05,
    2.8276332159293815e-05,
    2.7899444830836728e-05,
    2.8315715098869987e-05,
    2.7079193387180567e-05,
    3.121598274447024e-05,
    2.4800428946036845e-05,
    3.0582017643610016e-05,
    2.9267239369801246e-05,
    2.6203506422461942e-05,
    2.526166099414695e-05,
    2.9993489079060964e-05,
    2.2060194169171154e-05,
    3.26291992678307e-05,
    2.3379690901492722e-05,
    2.6985619115293957e-05,
    3.2864925742615014e-05,
    4.2819920054171234e-05,
    2.6324767532059923e-05,
    3.858796117128804e-05,
    3.12955780827906e-05,
    2.2451953554991633e-05,
    2.6846422770177014e-05,
    2.7861049602506682e-05,
    3.338351962156594e-05,
    5.8047298807650805e-05,
    3.2029023714130744e-05,
    2.5368262868141755e-05,
    2.752068030531518e-05,
    3.2445284887216985e-05,
    2.9447868655552156e-05,
    3.005759572261013e-05,
    2.840165325324051e-05,
    2.8604574254131876e-05,
    2.6737659936770797e-05,
    2.4790570023469627e-05,
    2.8748298063874245e-05,
    2.7570718884817325e-05,
    2.7862204660777934e-05,
    2.7109746952191927e-05,
    2.8945014491910115e-05,
    2.9488825020962395e-05,
    3.0370219974429347e-05,
    2.704560392885469e-05,
    2.6323941710870713e-05,
    2.5923820430762134e-05,
    3.15130346280057e-05,
    2.671569018275477e-05,
    2.8697480956907384e-05,
    2.8314958399278112e-05,
    2.6913769033853896e-05,
    2.55027407547459e-05,
    2.2961441572988406e-05,
    2.9265385819599032e-05,
    2.5712515707709827e-05,
    2.440607568132691e-05,
    2.6177349354838952e-05,
    2.9035069019300863e-05,
    2.4801163817755878e-05,
    2.618079088279046e-05,
    2.6100788090843707e-05,
    2.550023782532662e-05,
    2.4133652914315462e-05,
    0.0014737383462488651,
    2.493739884812385e-05,
    3.090524114668369e-05,
    2.657650657056365e-05,
    2.429373489576392e-05,
    2.5901952540152706e-05,
    2.4089938960969448e-05,
    2.804280666168779e-05,
    2.6367561076767743e-05,
    2.648240842972882e-05,
    1.803550730983261e-05,
    2.6293189876014367e-05,
    2.2438875021180138e-05,
    2.5701512640807778e-05,
    2.5291221390943974e-05,
    2.74233752861619e-05,
    2.6360759875387885e-05,
    2.572843550296966e-05,
    2.718727228057105e-05,
    2.5365239707753062e-05,
    2.6300360332243145e-05,
    2.7681002393364906e-05,
    2.743128061410971e-05,
    2.648971349117346e-05,
    2.6056735805468634e-05,
    2.382896673225332e-05,
    2.5378172722412273e-05,
    2.557437983341515e-05,
    2.513192521291785e-05,
    2.6784377041622065e-05,
    2.666485852387268e-05,
    2.7133999537909403e-05,
    2.5600396838854067e-05,
    2.5364497560076416e-05,
    2.5085180823225528e-05,
    2.8003918487229384e-05,
    2.3821452487027273e-05,
    2.6255534976371564e-05,
    3.053128602914512e-05,
    2.362685336265713e-05,
    2.5138644559774548e-05,
    2.891448821173981e-05,
    2.91497926809825e-05,
    2.7932665034313686e-05,
    2.474839857313782e-05,
    2.5946432288037613e-05,
    2.8070571715943515e-05,
    2.810377554851584e-05,
    3.294228372396901e-05,
    2.4414024665020406e-05,
    2.309395495103672e-05,
    2.7342755856807344e-05,
    2.9124792490620166e-05,
    2.5600580556783825e-05,
    2.7617190426099114e-05,
    2.612205207697116e-05,
    2.701496850932017e-05,
    2.7021018468076363e-05,
    2.5247325538657606e-05,
    2.8138318157289177e-05,
    2.727564424276352e-05,
    2.9723702027695253e-05,
    3.020269468834158e-05,
    2.8147585908300243e-05,
    2.3922995751490816e-05,
    2.935812335636001e-05,
    2.8610780645976774e-05,
    2.8515140002127737e-05,
    2.56028761214111e-05,
    2.957941615022719e-05,
    2.575223334133625e-05,
    2.4264163585030474e-05,
    2.7053629310103133e-05,
    2.376302654738538e-05,
    2.609716830193065e-05,
    3.118445602012798e-05,
    2.6941355827148072e-05,
    2.664127532625571e-05,
    2.8278045647311956e-05,
    2.6281204554834403e-05,
    2.5936205929610878e-05,
    2.8578411729540676e-05,
    2.9065731723676436e-05,
    2.803818460961338e-05,
    2.760289680736605e-05,
    2.5633315090090036e-05,
    2.9851335057173856e-05,
    3.222007944714278e-05,
    2.6158597393077798e-05,
    2.588962706795428e-05,
    2.6683537726057693e-05,
    3.134928556391969e-05,
    2.5068306058528833e-05,
    3.285489583504386e-05,
    2.530839992687106e-05,
    2.6790137781063095e-05,
    3.0155420972732827e-05,
    2.9543565688072704e-05,
    2.6548146706772968e-05,
    2.3511269318987615e-05,
    2.578069324954413e-05,
    2.684570790734142e-05,
    2.491330997145269e-05,
    2.591876000224147e-05,
    2.416154893580824e-05,
    2.8839203878305852e-05,
    2.51916117122164e-05,
    4.3521686166059226e-05,
    2.724654223129619e-05,
    2.5822484531090595e-05,
    2.4230790586443618e-05,
    2.7313117243465967e-05,
    2.491968552931212e-05,
    2.4877854229998775e-05,
    2.6625653845258057e-05,
    2.7701393264578655e-05,
    2.274077633046545e-05,
    2.29050092457328e-05,
    2.7324140319251455e-05,
    2.6209454517811537e-05,
    2.4895576643757522e-05,
    2.6483867259230465e-05,
    2.2456393708125688e-05,
    2.8483591449912637e-05,
    2.9506732971640304e-05,
    2.5227456717402674e-05,
    2.690200744837057e-05,
