{
  "version": "model_weights/_T_7_5_y0_0_1_network_architectures_4_50_activations_tanh_learning_rates_0_001_collocations_1024_epochs_50000_reg_epochs_0_25_reg_coeff_1_reg_decay_1_/run_8",
  "seed": 1,
  "y0": 0.1,
  "T": 7.5,
  "N_col": 1024,
  "N_hidden": 4,
  "N_neurons": 50,
  "activation": "tanh",
  "N_epochs": 50000,
  "learning_rate": 0.001,
  "decay_rate": 1.0,
  "freq_log": 100,
  "freq_print": 1000,
  "keys_print": [
    "loss"
  ],
  "freq_save": 0,
  "reg_coeff": 1,
  "reg_decay": 1,
  "reg_epochs": 0.25,
  "loss": [
    0.1165599599480629,
    0.052673593163490295,
    0.0475459098815918,
    0.045850351452827454,
    0.04375839605927467,
    0.048041798174381256,
    0.04760614037513733,
    0.04658009111881256,
    0.047355834394693375,
    0.04476594924926758,
    0.04060009866952896,
    0.050743717700242996,
    0.04990161210298538,
    0.052238620817661285,
    0.047550879418849945,
    0.05087895691394806,
    0.04146311432123184,
    0.05144409090280533,
    0.044102758169174194,
    0.04637376219034195,
    0.04532666504383087,
    0.044968605041503906,
    0.04594004154205322,
    0.0496675968170166,
    0.046801578253507614,
    0.04602908715605736,
    0.04452505707740784,
    0.044831275939941406,
    0.04373697191476822,
    0.05004538223147392,
    0.04686376824975014,
    0.048335764557123184,
    0.04391070082783699,
    0.04415278881788254,
    0.045643653720617294,
    0.045771799981594086,
    0.046957384794950485,
    0.04769419506192207,
    0.04979406297206879,
    0.04075523838400841,
    0.045224759727716446,
    0.04914136976003647,
    0.04737868905067444,
    0.045136917382478714,
    0.04496564343571663,
    0.04635188728570938,
    0.042087897658348083,
    0.04394493252038956,
    0.04670761525630951,
    0.04578733071684837,
    0.046756260097026825,
    0.04324587807059288,
    0.04899949952960014,
    0.04791799932718277,
    0.049987878650426865,
    0.04442301020026207,
    0.047038353979587555,
    0.04168142378330231,
    0.04967493563890457,
    0.04613858461380005,
    0.04474356770515442,
    0.045112788677215576,
    0.048775359988212585,
    0.04457912594079971,
    0.04868559539318085,
    0.04590705409646034,
    0.04660293459892273,
    0.04578394442796707,
    0.04860173538327217,
    0.045069657266139984,
    0.04738270863890648,
    0.04583534598350525,
    0.045482005923986435,
    0.0509483702480793,
    0.0451253280043602,
    0.04213745892047882,
    0.049181755632162094,
    0.048725053668022156,
    0.04848219454288483,
    0.04765136539936066,
    0.047908805310726166,
    0.04730970412492752,
    0.04443396255373955,
    0.04652893543243408,
    0.046354301273822784,
    0.044062525033950806,
    0.04810521379113197,
    0.04844437539577484,
    0.04518581181764603,
    0.043419577181339264,
    0.04747393727302551,
    0.039258867502212524,
    0.044877804815769196,
    0.04215921461582184,
    0.04553033411502838,
    0.04426276311278343,
    0.04523599147796631,
    0.0441875159740448,
    0.049114905297756195,
    0.048214614391326904,
    0.04250898212194443,
    0.043286487460136414,
    0.04689924046397209,
    0.044104691594839096,
    0.04443500190973282,
    0.05298811197280884,
    0.041997238993644714,
    0.046944454312324524,
    0.047742605209350586,
    0.046559080481529236,
    0.046183373779058456,
    0.04385887086391449,
    0.047558464109897614,
    0.04502350464463234,
    0.04398730397224426,
    0.04721050709486008,
    0.04434528201818466,
    0.04402594268321991,
    0.04431619122624397,
    0.04858642816543579,
    0.049634210765361786,
    0.04886642098426819,
    0.04655510187149048,
    0.04373963549733162,
    0.043317265808582306,
    0.04964820295572281,
    0.002768842503428459,
    0.0028660171665251255,
    0.0028299507685005665,
    0.0026947264559566975,
    0.002653710078448057,
    0.0022982521913945675,
    0.0023103528656065464,
    0.0025443180929869413,
    0.002397041767835617,
    0.002601065207272768,
    0.002886204281821847,
    0.0024983910843729973,
    0.0027102939784526825,
    0.002578107174485922,
    0.0025620386004447937,
    0.002399855526164174,
    0.0027481704019010067,
    0.002562357345595956,
    0.0030646170489490032,
    0.002649267902597785,
    0.002425074577331543,
    0.0025839945301413536,
    0.0023679123260080814,
    0.0027982285246253014,
    0.0026037744246423244,
    0.002602946013212204,
    0.001830256194807589,
    0.002630962524563074,
    0.002260034903883934,
    0.002566725481301546,
    0.0025284630246460438,
    0.0027241043280810118,
    0.0026538297533988953,
    0.002599986270070076,
    0.0027192956767976284,
    0.002533722436055541,
    0.0026078601367771626,
    0.0027500935830175877,
    0.0027297756168991327,
    0.0026422718074172735,
    0.0025882748886942863,
    0.0023835450410842896,
    0.0025407520588487387,
    0.0026256367564201355,
    0.00248607131652534,
    0.0026584474835544825,
    0.002615715377032757,
    0.0027385721914470196,
    0.0025461867917329073,
    0.0025566639378666878,
    0.002478252165019512,
    0.002786815632134676,
    0.002367301844060421,
    0.0025427122600376606,
    0.003090830286964774,
    0.0023249592632055283,
    0.002500198781490326,
    0.0028548394329845905,
    0.002912473399192095,
    0.0027389072347432375,
    0.0024385214783251286,
    0.0025931098498404026,
    0.0027984636835753918,
    0.0027930696960538626,
    0.0032178955152630806,
    0.0023927141446620226,
    0.002305467613041401,
    0.002707364270463586,
    0.00288718962110579,
    0.002528826240450144,
    0.0027876689564436674,
    0.0025664386339485645,
    0.0026829163543879986,
    0.0027062646113336086,
    0.0025054230354726315,
    0.0028094672597944736,
    0.002651942428201437,
    0.002952353563159704,
    0.0029413802549242973,
    0.0028029456734657288,
    0.0022674365900456905,
    0.0029465793631970882,
    0.002846613060683012,
    0.002837824635207653,
    0.0025122766382992268,
    0.0029316728468984365,
    0.0025499011389911175,
    0.0024075000546872616,
    0.0026702675968408585,
    0.0023413929156959057,
    0.0025752694346010685,
    0.003074117936193943,
    0.002663266146555543,
    0.0025920961052179337,
    0.0028146859258413315,
    0.002647325862199068,
    0.0025401210878044367,
    0.002795842010527849,
    0.002921389415860176,
    0.002777618356049061,
    0.0027967614587396383,
    0.002536652609705925,
    0.002995661925524473,
    0.0032285796478390694,
    0.0026204376481473446,
    0.002595909871160984,
    0.0026660910807549953,
    0.0031167156994342804,
    0.002552029211074114,
    0.003202347084879875,
    0.0025284597650170326,
    0.002641117898747325,
    0.0029808059334754944,
    0.002930804155766964,
    0.00266351830214262,
    0.002343658125028014,
    0.002531631849706173,
    0.002645623404532671,
    0.002480215858668089,
    0.0025820459704846144,
    0.0024119766894727945,
    0.0028326869942247868,
    0.0024628834798932076,
    0.0026720105670392513,
    0.0026916556525975466,
    0.0026047290302813053,
    0.002399047836661339,
    0.0027103102765977383,
    0.002475434448570013,
    0.0024902918376028538,
    0.002615915145725012,
    0.002758652437478304,
    0.0022450722754001617,
    0.0022646989673376083,
    0.002702544443309307,
    0.002601572312414646,
    0.002435753121972084,
    0.0026247240602970123,
    0.0021959017030894756,
    0.002791352104395628,
    0.00296708638779819,
    0.0024886508472263813,
    0.0026636829134076834,
    0.0029960619285702705,
    0.002887208014726639,
    0.002913667820394039,
    0.0027152742259204388,
    0.0024263232480734587,
    0.002897253492847085,
    0.0028603090904653072,
    0.0029779947362840176,
    0.0024725054390728474,
    0.003107021562755108,
    0.0027537099085748196,
    0.0026333769783377647,
    0.0028490398544818163,
    0.002700993325561285,
    0.0029152121860533953,
    0.0024155518040060997,
    0.002479103161022067,
    0.002279748674482107,
