{
  "version": "plots/_T_7_5_y0_0_001_network_architectures_4_50_activations_tanh_learning_rates_0_001_collocations_1024_epochs_50000_regularization_unstable_fp_reg_epochs_1_reg_coeff_10_reg_decay_1_/run_1",
  "seed": 1,
  "y0": 0.001,
  "T": 7.5,
  "N_col": 1024,
  "N_hidden": 4,
  "N_neurons": 50,
  "activation": "tanh",
  "N_epochs": 50000,
  "learning_rate": 0.001,
  "decay_rate": 1.0,
  "freq_log": 100,
  "freq_print": 1000,
  "keys_print": [
    "loss"
  ],
  "freq_save": 0,
  "regularization": "unstable_fp",
  "reg_coeff": 10,
  "reg_decay": 1,
  "reg_epochs": 1,
  "loss": [
    0.02348574623465538,
    1.3882114217267372e-05,
    1.4256294889491983e-05,
    8.626276212453377e-06,
    4.630579496733844e-06,
    2.9062612156849355e-05,
    0.0003895284899044782,
    1.4948755051591434e-05,
    5.8839556004386395e-05,
    6.5869782702066e-05,
    5.6883447541622445e-05,
    1.4559236660716124e-05,
    1.1693130545609165e-05,
    9.669552127888892e-06,
    4.751195774588268e-06,
    3.031251617358066e-05,
    5.817283454234712e-05,
    7.79490528657334e-06,
    4.19876778323669e-05,
    3.0310666261357255e-05,
    2.6294343115296215e-05,
    2.83669178315904e-05,
    6.372757343342528e-05,
    0.00011595379328355193,
    8.347711627720855e-06,
    5.229856105870567e-05,
    2.062099883914925e-05,
    1.461464762542164e-05,
    4.200647890684195e-05,
    3.645850301836617e-05,
    9.44315797823947e-06,
    2.7471269277157262e-05,
    1.2595463886100333e-05,
    2.9434868338285014e-05,
    9.654842142481357e-05,
    0.00011503261339385062,
    1.5098170479177497e-05,
    3.8772217521909624e-05,
    1.1544988410605583e-05,
    2.910997409344418e-06,
    2.798346758936532e-05,
    6.35930264252238e-05,
    9.327342013421003e-06,
    2.1083636966068298e-05,
    0.00022229274327401072,
    1.2732843970297836e-05,
    7.510313480452169e-06,
    5.595022230409086e-06,
    9.97154347714968e-06,
    3.679559085867368e-05,
    9.038029020302929e-06,
    8.45862268761266e-06,
    1.0353286597819533e-05,
    9.200934073305689e-06,
    1.7448299331590533e-05,
    9.750876415637322e-06,
    1.5269308278220706e-05,
    8.73759199748747e-06,
    5.721232446376234e-05,
    2.0761912310263142e-05,
    6.486497113655787e-06,
    1.0723436389525887e-05,
    1.4957891835365444e-05,
    1.15244256448932e-05,
    6.6506972871138714e-06,
    5.480503659782698e-06,
    9.98806171992328e-06,
    8.563501069147605e-06,
    8.532088941137772e-06,
    9.415096428710967e-06,
    8.806966434349306e-06,
    9.012090231408365e-06,
    8.449826054857112e-06,
    8.8761653387337e-06,
    8.315864761243574e-06,
    9.228213457390666e-06,
    9.420311471330933e-06,
    9.741585927258711e-06,
    9.066980055649765e-06,
    9.4412243925035e-06,
    1.4870869563310407e-05,
    7.694943633396178e-06,
    8.084029104793444e-06,
    3.0755243642488495e-05,
    2.0255196432117373e-05,
    1.0296105756424367e-05,
    6.320656666503055e-06,
    8.009620614757296e-06,
    9.332279660156928e-06,
    8.808999155007768e-06,
    9.362061973661184e-06,
    8.325812814291567e-06,
    8.778293704381213e-06,
    9.42187398322858e-06,
    9.119366040977184e-06,
    8.626022463431582e-06,
    8.927958333515562e-06,
    9.311810572398826e-06,
    9.958463124348782e-06,
    1.0015052794187795e-05,
    6.152453352115117e-06,
    6.970406502659898e-06,
    7.14235648047179e-06,
    7.155198090913473e-06,
    1.3255430530989543e-05,
    5.220368620939553e-05,
    8.104241715045646e-06,
    1.2602653441717848e-05,
    5.059831437392859e-06,
    9.395249435328878e-06,
    6.316592043731362e-05,
    1.9251239791628905e-05,
    4.577001163852401e-06,
    8.14960731077008e-06,
    7.149562406993937e-06,
    7.829203241271898e-06,
    8.188306310330518e-06,
    4.78447418572614e-06,
    9.259616490453482e-06,
    6.923359705979237e-06,
    2.8102260330342688e-05,
    9.327256520919036e-06,
    7.159887900343165e-06,
    8.193320536520332e-05,
    6.655503966612741e-06,
    1.0965166438836604e-05,
    7.654572982573882e-06,
    8.371608601009939e-06,
    5.176977538212668e-06,
    7.477796771127032e-06,
    5.589767624769593e-06,
    5.489023351401556e-06,
    4.88369187223725e-06,
    1.8206185359304072e-06,
    2.856693754438311e-05,
    1.1140313290525228e-05,
    8.444128980045207e-06,
    7.2824796006898396e-06,
    0.00017345603555440903,
    5.817917553940788e-06,
    5.956752829661127e-06,
    3.990856384916697e-06,
    9.045872502611019e-06,
    8.981507562566549e-06,
    5.78933486394817e-06,
    7.039683623588644e-06,
    9.964564924302977e-06,
    4.440854354470503e-06,
    5.2632349252235144e-06,
    1.6531264918739907e-05,
    5.136160325491801e-06,
    6.080510047468124e-06,
    7.682405339437537e-06,
    6.575832685484784e-06,
    7.068771537888097e-06,
    1.1207318493688945e-05,
    6.5636695580906235e-06,
    3.020310941792559e-06,
    6.704643965349533e-06,
    9.305977982876357e-06,
    5.367424455471337e-05,
    9.046834748005494e-06,
    2.5991719667217694e-05,
    8.304986295115668e-06,
    6.16761872151983e-06,
    6.021828994562384e-06,
    4.941156021232018e-06,
    5.596572009380907e-06,
    4.698486009147018e-06,
    5.8877045375993475e-05,
    5.8255491239833646e-06,
    2.382226739428006e-06,
    1.9453280401648954e-05,
    5.740133474319009e-06,
    5.26289932167856e-06,
    5.577489446295658e-06,
    5.897402388654882e-06,
    5.663476258632727e-06,
    5.7281599765701685e-06,
    7.6192472988623194e-06,
    5.511918061529286e-06,
    6.328253675746964e-06,
    6.04089473199565e-06,
    5.36935476702638e-06,
    5.52932078790036e-06,
    7.2616962825122755e-06,
    5.413484359451104e-06,
    5.50162440049462e-06,
    5.32945978193311e-06,
    8.05832132755313e-06,
    1.1179216926393565e-05,
    6.712222329952056e-06,
    7.049863597785588e-06,
    5.698686891264515e-06,
    8.242546755354851e-06,
    4.142880061408505e-05,
    7.530001312261447e-06,
    6.104412932472769e-06,
    5.811662049381994e-06,
    5.445441274787299e-06,
    5.273773240332957e-06,
    5.615387181023834e-06,
    4.757734586746665e-06,
    6.755232334398897e-06,
    6.950844635866815e-06,
    6.56028214507387e-06,
    5.549247362068854e-06,
    5.417630291049136e-06,
    6.191346074047033e-06,
    5.924479410168715e-06,
    5.297713869367726e-06,
    4.994296432414558e-06,
    6.568027856701519e-06,
    1.0136248420167249e-05,
    5.644559678330552e-06,
    1.0672767530195415e-05,
    5.4632164392387494e-06,
    5.247689387033461e-06,
    5.109615813125856e-06,
    6.805821612942964e-06,
    5.73619945498649e-06,
    7.597146577609237e-06,
    5.497768142959103e-06,
    4.675603577197762e-06,
    8.478329618810676e-06,
    1.1897579497599509e-05,
    5.174697434995323e-06,
    5.532770501304185e-06,
    6.2631825130665675e-06,
    6.146339728729799e-06,
    5.233064712228952e-06,
    7.592882866447326e-06,
    4.952959898218978e-06,
    4.771401108882856e-06,
    5.136528670846019e-06,
    5.0106350499845576e-06,
    5.182340373721672e-06,
    5.490166586241685e-06,
    6.44586998532759e-06,
    6.2408607846009545e-06,
    6.046939688530983e-06,
    5.765712103311671e-06,
    4.7961584641598165e-06,
    7.174274287535809e-06,
    4.918525974062504e-06,
    5.24585266248323e-06,
    5.0717203521344345e-06,
    5.266894731903449e-06,
    5.8128603086515795e-06,
    6.988058885326609e-06,
    6.669167305517476e-06,
    5.845298801432364e-06,
    4.728331532533048e-06,
    5.7655179261928424e-06,
    5.9184085330343805e-06,
    5.1181136768718716e-06,
    5.369543487176998e-06,
    5.9915778365393635e-06,
    5.358686394174583e-06,
    5.785893790744012e-06,
    5.281099220155738e-06,
    5.806307399325306e-06,
    5.672194674843922e-06,
    6.487479367933702e-06,
    5.299601980368607e-06,
    5.21161064170883e-06,
    5.553010851144791e-06,
    5.610536391031928e-06,
    5.407942353485851e-06,
    4.956800694344565e-06,
    5.711355697712861e-06,
    5.284668986860197e-06,
    6.98407347954344e-06,
