{
  "version": "plots/_T_10_y0_25_network_architectures_4_50_activations_tanh_learning_rates_0_001_collocations_1024_epochs_500_reg_epochs_1_reg_coeff_1_reg_decay_1_regularization_reg_derivative_/run_6",
  "seed": 1,
  "g": 9.81,
  "l": 1,
  "theta0": 100,
  "omega0": 0,
  "T": 10,
  "N_col": 1024,
  "N_hidden": 4,
  "N_neurons": 50,
  "activation": "tanh",
  "N_epochs": 500,
  "learning_rate": 0.001,
  "decay_rate": 1.0,
  "freq_log": 100,
  "freq_print": 1000,
  "keys_print": [
    "loss_P",
    "loss_IC"
  ],
  "freq_save": 0,
  "regularizer": "unstable_fp",
  "reg_coeff": 1,
  "reg_decay": 1,
  "reg_epochs": 1,
  "regularization": "reg_derivative",
  "y0": 25,
  "loss_train": [
    68.43991088867188,
    11.946794509887695,
    11.728879928588867,
    11.752171516418457,
    11.695352554321289
  ],
  "loss_P": [
    64.94986724853516,
    9.620416641235352,
    9.639588356018066,
    9.73885726928711,
    9.684962272644043
  ],
  "loss_IC": [
    3.4900457859039307,
    2.3263778686523438,
    2.0892910957336426,
    2.0133144855499268,
    2.010390043258667
  ]
}