{
  "version": "plots/_T_7_5_y0_0_1_network_architectures_4_50_activations_tanh_learning_rates_0_001_collocations_1024_epochs_50000_regularization_reg_derivative_unstable_fp_reg_epochs_1_reg_coeff_1_reg_decay_1_/run_9",
  "seed": 1,
  "y0": 0.1,
  "T": 7.5,
  "N_col": 1024,
  "N_hidden": 4,
  "N_neurons": 50,
  "activation": "tanh",
  "N_epochs": 50000,
  "learning_rate": 0.001,
  "decay_rate": 1.0,
  "freq_log": 100,
  "freq_print": 1000,
  "keys_print": [
    "loss"
  ],
  "freq_save": 0,
  "regularization": "reg_derivative_unstable_fp",
  "reg_coeff": 1,
  "reg_decay": 1,
  "reg_epochs": 1,
  "loss": [
    0.014266185462474823,
    0.01780443824827671,
    0.014374337159097195,
    0.013136690482497215,
    0.012931781820952892,
    0.01496075838804245,
    0.01492631621658802,
    0.01301778107881546,
    0.01374128833413124,
    0.013576469384133816,
    0.015488703735172749,
    0.01350110862404108,
    0.01334395818412304,
    0.013149387203156948,
    0.013419276103377342,
    0.01330738328397274,
    0.01231975108385086,
    0.013987663201987743,
    0.013412447646260262,
    0.013690581545233727,
    0.012293483130633831,
    0.01372284721583128,
    0.012674596160650253,
    0.012452582828700542,
    0.010868152603507042,
    0.00499718775972724,
    0.004620770458132029,
    0.004722723737359047,
    0.004509483464062214,
    0.005498810671269894,
    0.005011174827814102,
    0.005168169736862183,
    0.004563807975500822,
    0.004638086538761854,
    0.004839847330003977,
    0.0045142932794988155,
    0.005112802144140005,
    0.005074492655694485,
    0.005205320660024881,
    0.004179573152214289,
    0.004767639096826315,
    0.00533272372558713,
    0.005069941282272339,
    0.004648412577807903,
    0.004687224514782429,
    0.004847994539886713,
    0.004329040180891752,
    0.004677380435168743,
    0.004847390577197075,
    0.0047708675265312195,
    0.005018469411879778,
    0.004438694566488266,
    0.00529442448168993,
    0.0050831688567996025,
    0.005347806960344315,
    0.00473881745710969,
    0.004942947067320347,
    0.004474974703043699,
    0.005281457677483559,
    0.004934845492243767,
    0.004636403173208237,
    0.004484033212065697,
    0.005387416575103998,
    0.004890024196356535,
    0.005229351110756397,
    0.004610356874763966,
    0.004866953007876873,
    0.0046730926260352135,
    0.0052354661747813225,
    0.004660498816519976,
    0.0049727908335626125,
    0.00485606212168932,
    0.004792553372681141,
    0.005694551393389702,
    0.004830628167837858,
    0.004431438632309437,
    0.005471827462315559,
    0.00546614546328783,
    0.005192972254008055,
    0.0050619784742593765,
    0.0049563380889594555,
    0.004980507772415876,
    0.004633380100131035,
    0.004811786115169525,
    0.005014941096305847,
    0.004571323283016682,
    0.005271351430565119,
    0.005186376161873341,
    0.0045760683715343475,
    0.004513241350650787,
    0.004978499840945005,
    0.004002677742391825,
    0.004709773231297731,
    0.0043388428166508675,
    0.004651384893804789,
    0.004751264583319426,
    0.004654987249523401,
    0.00461973249912262,
    0.0053108264692127705,
    0.005055578891187906,
    0.004340684041380882,
    0.004491906613111496,
    0.005089727230370045,
    0.004623813554644585,
    0.00470272172242403,
    0.005817428696900606,
    0.004317667335271835,
    0.004855095408856869,
    0.00500569399446249,
    0.004918558523058891,
    0.00499911792576313,
    0.004560545086860657,
    0.005011021625250578,
    0.004681288730353117,
    0.0045918868854641914,
    0.005180716514587402,
    0.0045710476115345955,
    0.004638484213501215,
    0.00466204434633255,
    0.005224103573709726,
    0.005392903927713633,
    0.005319803953170776,
    0.004809864796698093,
    0.004467165097594261,
    0.004385901149362326,
    0.0054555293172597885,
    0.004854409955441952,
    0.0051602027378976345,
    0.004975887946784496,
    0.0050049819983541965,
    0.004574952647089958,
    0.004304277710616589,
    0.004329293500632048,
    0.004357988480478525,
    0.004280549939721823,
    0.004825941286981106,
    0.005289540626108646,
    0.0044214921072125435,
    0.004818765912204981,
    0.004748011939227581,
    0.004472373053431511,
    0.004491182044148445,
    0.00515621155500412,
    0.004633104894310236,
    0.005521603859961033,
    0.004737326875329018,
    0.004522467963397503,
    0.004799501039087772,
    0.004476282279938459,
    0.004867582116276026,
    0.00487624341621995,
    0.004950282163918018,
    0.003398801200091839,
    0.0048041874542832375,
    0.0040803588926792145,
    0.004778677131980658,
    0.004665574058890343,
    0.005372285842895508,
    0.004677096847444773,
    0.004504577722400427,
    0.004951530136168003,
    0.004738776013255119,
    0.004649695474654436,
    0.004955035634338856,
    0.004954456817358732,
    0.004796667490154505,
    0.0048750764690339565,
    0.00431774603202939,
    0.004679569974541664,
    0.004776803310960531,
    0.0045023346319794655,
    0.004932751879096031,
    0.004844779148697853,
    0.004931973293423653,
    0.004608395043760538,
    0.004551357124000788,
    0.004752192180603743,
    0.005089341662824154,
    0.004400945268571377,
    0.004872760269790888,
    0.005661557894200087,
    0.004387795925140381,
    0.004606130998581648,
    0.005328336264938116,
    0.005236802157014608,
    0.005142548121511936,
    0.004591645207256079,
    0.004896020516753197,
    0.005089926533401012,
    0.005031024105846882,
    0.0058597056195139885,
    0.0043577468022704124,
    0.00425542751327157,
    0.0049773468635976315,
    0.005284443497657776,
    0.004654316231608391,
    0.005055634304881096,
    0.005057597998529673,
    0.0048936461098492146,
    0.004930719267576933,
    0.0044967131689190865,
    0.005045881029218435,
    0.005048991646617651,
    0.005361128598451614,
    0.005182879976928234,
    0.0050851721316576,
    0.00433436781167984,
    0.005245980806648731,
    0.005080969072878361,
    0.005111501086503267,
    0.004762325901538134,
    0.0053358422592282295,
    0.004534463863819838,
    0.004472179338335991,
    0.0048876856453716755,
    0.004365555476397276,
    0.004786518402397633,
    0.005356076173484325,
    0.004842090420424938,
    0.0046075573191046715,
    0.005113065242767334,
    0.004856953397393227,
    0.0048236241564154625,
    0.005320629104971886,
    0.005227707792073488,
    0.005001951940357685,
    0.004852034151554108,
    0.004742731805890799,
    0.005366693250834942,
    0.005817548371851444,
    0.004741066135466099,
    0.004708371125161648,
    0.004796063061803579,
    0.005753589328378439,
    0.004478557966649532,
    0.005935849621891975,
    0.0045893266797065735,
    0.0046754684299230576,
    0.005463640205562115,
    0.005464037414640188,
    0.0048425761051476,
    0.004285069182515144,
    0.004771927371621132,
    0.004641913343220949,
    0.004591424949467182,
    0.004720781929790974,
    0.004289625212550163,
    0.005199340172111988,
    0.004621849860996008,
    0.005084481090307236,
    0.004899538122117519,
    0.004647331312298775,
    0.004516663029789925,
    0.004935759119689465,
    0.004479745868593454,
    0.0045730480924248695,
    0.004919176455587149,
    0.004956299439072609,
    0.004161788150668144,
    0.0043241167441010475,
    0.00496540917083621,
    0.004768581595271826,
    0.004688010551035404,
    0.0049177780747413635,
    0.004272066988050938,
    0.005212500691413879,
    0.005172582343220711,
    0.004656607285141945,
    0.004842256661504507,
    0.00535036763176322,
    0.005337377078831196,
    0.005101012531667948,
    0.004776674322783947,
    0.0044907997362315655,
    0.005455268546938896,
    0.005162371788173914,
    0.005465445574373007,
    0.004435845650732517,
    0.005477283149957657,
    0.004924990236759186,
    0.004803414922207594,
    0.0052440292201936245,
    0.004887687973678112,
