{
  "version": "plots/_T_7_5_y0_0_001_network_architectures_4_50_activations_tanh_learning_rates_0_001_collocations_1024_epochs_50000_regularization_no_reg_reg_epochs_1_reg_coeff_100000_reg_decay_1_/run_6",
  "seed": 1,
  "y0": 0.001,
  "T": 7.5,
  "N_col": 1024,
  "N_hidden": 4,
  "N_neurons": 50,
  "activation": "tanh",
  "N_epochs": 50000,
  "learning_rate": 0.001,
  "decay_rate": 1.0,
  "freq_log": 100,
  "freq_print": 1000,
  "keys_print": [
    "loss"
  ],
  "freq_save": 0,
  "regularization": "no_reg",
  "reg_coeff": 100000,
  "reg_decay": 1,
  "reg_epochs": 1,
  "loss": [
    0.0690702348947525,
    1.9279223124613054e-06,
    8.370196837859112e-07,
    7.43527380109299e-07,
    5.928715154368547e-07,
    5.478543698700378e-07,
    5.019477384848869e-07,
    4.7103424094530055e-07,
    4.430268916166824e-07,
    4.129988155909814e-07,
    3.8800470747446525e-07,
    4.278703045201837e-07,
    3.968988266933593e-07,
    4.503087325247179e-07,
    5.673362579727836e-07,
    1.434962723578792e-05,
    3.3278232081102033e-07,
    3.634579854860931e-07,
    3.207526333426358e-07,
    0.0001591359468875453,
    8.814437251203344e-07,
    6.364838895933644e-07,
    1.1084950529038906e-05,
    3.113102593488293e-07,
    4.412463567859959e-07,
    2.9292323233676143e-05,
    3.0066809131312766e-07,
    2.618536996124021e-07,
    2.6480995529709617e-07,
    5.449268064694479e-05,
    2.8618615033337846e-07,
    3.628815079537162e-07,
    2.8221325010235887e-07,
    2.514548498311342e-07,
    2.874670599339879e-07,
    1.305745627178112e-06,
    3.11270156316823e-07,
    2.424247213639319e-06,
    6.88644649926573e-06,
    2.2610676353451709e-07,
    9.64038772508502e-05,
    2.9490354336303426e-07,
    5.393242190621095e-07,
    4.1378439163963776e-07,
    2.670763024070766e-07,
    2.6745777859105146e-07,
    3.2131961233972106e-06,
    2.697478009849874e-07,
    1.4849272247374756e-06,
    2.8582090294548834e-07,
    2.857929928268277e-07,
    2.549861619627336e-07,
    2.967746581816755e-07,
    6.043642861186527e-05,
    3.015207425960398e-07,
    3.4404780535624013e-07,
    3.305915186047059e-07,
    2.4795519948384026e-07,
    1.3563826541940216e-06,
    4.3802424443128984e-07,
    8.141198122757487e-06,
    2.089527333737351e-05,
    3.1453026849703747e-07,
    1.7844486137619242e-05,
    3.5320113056513947e-07,
    2.0241166112100473e-06,
    3.0621407631770126e-07,
    2.618203780002659e-06,
    1.405615057592513e-05,
    2.6529545493758633e-07,
    7.454351589331054e-07,
    0.00020706676878035069,
    2.804375185405661e-07,
    3.2869559163373196e-07,
    5.121171852806583e-06,
    2.946551944660314e-07,
    5.278361641103402e-07,
    6.172390385472681e-07,
    3.4189284292551747e-07,
    5.984883841847477e-07,
    2.8830197607021546e-07,
    1.5070878362166695e-05,
    2.5707277018227614e-07,
    3.0409552209675894e-07,
    1.7716592992655933e-06,
    3.730221465048089e-07,
    3.1053471616360184e-07,
    3.083723072450084e-07,
    3.8895240095371264e-07,
    5.883168796572136e-07,
    2.873842959161266e-07,
    1.5549654790447676e-06,
    5.908301545787253e-07,
    1.6483218132634647e-06,
    1.8934213585453108e-05,
    1.6869129467522725e-05,
    2.7493615561979823e-07,
    2.6765650318338885e-07,
    3.904228833562229e-07,
    5.274348495731829e-07,
    2.527341109725967e-07,
    6.785612640669569e-06,
    2.9222559305708273e-07,
    2.820481768139871e-07,
    1.3271478565002326e-06,
    3.3951795330722234e-07,
    4.961567356076557e-06,
    2.9878202667532605e-07,
    2.8774454108315695e-07,
    2.891345616262697e-07,
    2.800653078338655e-07,
    3.1825834412302356e-07,
    1.7585435898581636e-06,
    6.489253792096861e-07,
    3.0177480425663816e-07,
    2.971111143779126e-07,
    2.2482390704681166e-06,
    3.070365437451983e-07,
    5.415226951299701e-07,
    3.420038297008432e-07,
    4.152438577875728e-06,
    6.5714716583897825e-06,
    3.4205575616397255e-07,
    2.558057076385012e-06,
    2.456675929352059e-07,
    1.2993986274523195e-05,
    2.717754910008807e-07,
    2.8004512842016993e-07,
    1.0827011465153191e-06,
    2.855665002243768e-07,
    9.456935003981926e-07,
    2.478961391716439e-07,
    3.0993924156064168e-06,
    2.6899721206063987e-07,
    2.516144377295859e-07,
    2.699920514714904e-05,
    3.940119313483592e-06,
    2.5345013909827685e-07,
    2.6350681991971214e-07,
    2.618835139855946e-07,
    2.5925169211404864e-07,
    2.411579202998837e-07,
    2.7372010436010896e-07,
    2.5227174660358287e-07,
    3.1203776984511933e-07,
    2.672322239050118e-07,
    2.429474079690408e-07,
    2.5798954084166326e-07,
    2.402696566150553e-07,
    2.857229048913723e-07,
    2.628283937156084e-07,
    2.6318795676161244e-07,
    1.8625672737471177e-07,
    2.6333387381782813e-07,
    2.260525491237786e-07,
    2.5772123990464024e-07,
    2.5282383830926847e-07,
    2.752774435066385e-07,
    2.685788160761149e-07,
    2.589967493804579e-07,
    2.718117571021139e-07,
    2.528717288896587e-07,
    2.7189125262339076e-07,
    2.793608189222141e-07,
    2.7676531999532017e-07,
    2.662651183982234e-07,
    2.619638905798638e-07,
    2.427097740564932e-07,
    2.532415237510577e-07,
    2.5634409439589945e-07,
    2.5552466809131147e-07,
    2.666091916125879e-07,
    2.6369397687631135e-07,
    2.733600297233352e-07,
    2.6143194986616436e-07,
    2.611894842630136e-07,
    2.520863802146778e-07,
    2.853496994248417e-07,
    2.422192153517244e-07,
    2.568604315911216e-07,
    3.2178610354094417e-07,
    2.4541765242247493e-07,
    2.528200298002048e-07,
    2.866048589567072e-07,
    3.0369702130883525e-07,
    2.911384058279509e-07,
    5.458811642711225e-07,
    2.7793097956418933e-07,
    2.9160312919884745e-07,
    2.7995707796435454e-07,
    5.749333240601118e-07,
    3.924937743704504e-07,
    3.0270427942014067e-07,
    2.876714688682114e-07,
    2.984637035297055e-07,
    4.49255679768612e-07,
    3.7814322695339797e-07,
    2.705659198909416e-07,
    5.21904098604864e-07,
    2.9778888688269944e-07,
    4.3732444510169444e-07,
    4.4906192897542496e-07,
    3.0633614755970484e-07,
    3.4582171792862937e-07,
    3.3387411235707987e-07,
    4.684372925112257e-07,
    3.3897688922479574e-07,
    2.9636404974553443e-07,
    5.183492248761468e-07,
    2.89442567691367e-07,
    7.959922641020967e-07,
    3.0240448722906876e-07,
    2.9963632641738513e-07,
    5.723770755139412e-07,
    2.80392214335734e-07,
    2.4787647134871804e-07,
    3.472574121587968e-07,
    3.107956842995918e-07,
    5.11846451445308e-07,
    3.562924746347562e-07,
    2.8410488539520884e-07,
    3.047647965104261e-07,
    2.850286193734064e-07,
    2.829184779784555e-07,
    3.037453097931575e-07,
    2.896242676797556e-07,
    4.2127271626668517e-07,
    2.573800088612188e-07,
    3.380419570930826e-07,
    5.409071377471264e-07,
    2.7210234065933037e-07,
    4.3146044959030405e-07,
    4.082164934970933e-07,
    5.10044287693745e-07,
    2.541398771427339e-07,
    3.550971143795323e-07,
    2.625846207138238e-07,
    2.851885483323713e-07,
    3.244927597734204e-07,
    3.5896388794753875e-07,
    2.767101818790252e-07,
    2.3823064054795395e-07,
    2.7926540724365623e-07,
    5.971201062493492e-07,
    2.588530492175778e-07,
    2.702122117170802e-07,
    2.4937224907262134e-07,
    2.929318156930094e-07,
    4.084228635292675e-07,
    1.4113289580564015e-05,
    3.8394813373088255e-07,
    3.5458762681628286e-07,
    3.4962025097229343e-07,
    3.495168527933856e-07,
    3.085833668592386e-07,
    3.144496361073834e-07,
    3.2359736223952495e-07,
    3.125794592051534e-07,
    2.6915370199276367e-07,
    2.702026620227116e-07,
    3.0554409136129834e-07,
    2.864896941900952e-07,
    2.8553353104143753e-07,
    2.9378148269643134e-07,
    2.602349695735029e-07,
    3.062135363052221e-07,
    2.9586703931272496e-07,
    2.7218635523240664e-07,
    2.811154331539001e-07,
    3.092019369432819e-07,
