{
  "version": "plots/_T_7_5_y0_0_01_network_architectures_4_50_activations_tanh_learning_rates_0_001_collocations_1024_epochs_50000_regularization_reg_derivative_unstable_fp_reg_epochs_1_reg_coeff_1_reg_decay_1_/run_7",
  "seed": 1,
  "y0": 0.01,
  "T": 7.5,
  "N_col": 1024,
  "N_hidden": 4,
  "N_neurons": 50,
  "activation": "tanh",
  "N_epochs": 50000,
  "learning_rate": 0.001,
  "decay_rate": 1.0,
  "freq_log": 100,
  "freq_print": 1000,
  "keys_print": [
    "loss"
  ],
  "freq_save": 0,
  "regularization": "reg_derivative_unstable_fp",
  "reg_coeff": 1,
  "reg_decay": 1,
  "reg_epochs": 1,
  "loss": [
    0.01760265603661537,
    0.00017228169599547982,
    0.0001986790739465505,
    0.000890520284883678,
    0.00019466847879812121,
    0.00018649727280717343,
    0.00020807443070225418,
    0.0001902775256894529,
    0.00019475238514132798,
    0.0002062780986307189,
    0.0002018139639403671,
    0.00018181363702751696,
    0.00018075358821079135,
    0.00016944154049269855,
    0.00021014499361626804,
    0.00017329075490124524,
    0.0002735347952693701,
    0.00017671743989922106,
    0.00020059366943314672,
    0.0002421738172415644,
    0.00017681340978015214,
    0.000163300457643345,
    0.00017408200073987246,
    0.00030821040854789317,
    0.0001628503086976707,
    0.00022214435739442706,
    0.00018235784955322742,
    0.0017479774542152882,
    0.0002874766942113638,
    0.00016733819211367518,
    0.0001780712918844074,
    0.00016195182979572564,
    0.0001652255014050752,
    0.00018480804283171892,
    0.00019179748778697103,
    0.00022410566452890635,
    0.0001843776844907552,
    0.00016197445802390575,
    0.00015709857689216733,
    0.00016494133160449564,
    0.0001607061713002622,
    0.0001589879102539271,
    0.0001603812852408737,
    0.00018028393969871104,
    0.00019857156439684331,
    0.00018489276408217847,
    0.00017062383994925767,
    0.0001941142400028184,
    0.0001821113983169198,
    0.00018278442439623177,
    0.00016147413407452404,
    0.00017783451767172664,
    0.000163846998475492,
    0.00016022854833863676,
    0.00018050552171189338,
    0.00018027378246188164,
    0.0001880132913356647,
    0.00018989095406141132,
    0.0001679995039012283,
    0.00017125635349657387,
    0.00017474339983891696,
    0.00016160818631760776,
    0.00015696993796154857,
    0.00016563155804760754,
    0.00015662339865230024,
    0.0001590606407262385,
    0.0001586702564964071,
    0.0001551945460960269,
    0.00014817250485066324,
    0.0001581654214533046,
    0.00015289751172531396,
    0.00016401056200265884,
    0.0001746264606481418,
    0.00016835148562677205,
    0.00015763395640533417,
    0.000168279540957883,
    0.00016908963152673095,
    0.00015480037836823612,
    0.00014955602819100022,
    0.00017080859106499702,
    0.00017054750060196966,
    0.00016710165073163807,
    0.0001757005084073171,
    0.00015614490257576108,
    0.00016209142631851137,
    0.0001742901367833838,
    0.00016884822980500758,
    0.0001688722550170496,
    0.00017781573114916682,
    0.0001831968838814646,
    0.0001578842638991773,
    0.00017766570090316236,
    0.0001671657373663038,
    0.00016528497508261353,
    0.0001601934782229364,
    0.00016523772501386702,
    0.00015893657109700143,
    0.00016485752712469548,
    0.0001718589337542653,
    0.00015911381342448294,
    0.000167539605172351,
    0.00015671722940169275,
    0.0001582502736710012,
    0.0001772898540366441,
    0.00015906918270047754,
    0.00015210291894618422,
    0.0001594330824445933,
    0.00016013302956707776,
    0.00016562370001338422,
    0.00015951189561747015,
    0.00016142913955263793,
    0.00015624583465978503,
    0.00015566522779408842,
    0.00015430129133164883,
    0.00016436769510619342,
    0.00015994039131328464,
    0.00015486576012335718,
    0.0001602412958163768,
    0.00016602275718469173,
    0.00015628185064997524,
    0.0001578435767441988,
    0.00015946687199175358,
    0.00015589217946399003,
    0.0001613100030226633,
    0.00016490896814502776,
    0.00015713373431935906,
    0.00015212802099995315,
    0.00015564609202556312,
    0.000165215038578026,
    0.0001616275403648615,
    0.0001557406212668866,
    0.0001585780701134354,
    0.00015276059275493026,
    0.00015759639791212976,
    0.00015717593487352133,
    0.00015236205945257097,
    0.0001638503308640793,
    0.0001577853981871158,
    0.00016994566249195486,
    0.0001563840196467936,
    0.0001510258298367262,
    0.00015776959480717778,
    0.00016227035666815937,
    0.00015669567801523954,
    0.00015029552741907537,
    0.0001619932590983808,
    0.00015817841631360352,
    0.0001429493131581694,
    0.0001382094924338162,
    0.00013841595500707626,
    0.00014039715460967273,
    0.00014071326586417854,
    0.00013966383994556963,
    0.00013477628817781806,
    0.00014111617929302156,
    0.0001345853670500219,
    0.00013529836724046618,
    0.00012840123963542283,
    0.00013840635074302554,
    0.00014246060163713992,
    0.00012610573321580887,
    0.00013123886310495436,
    0.00013284673332236707,
    0.00013469564146362245,
    0.00012486842751968652,
    0.00013616218348033726,
    0.00013365705672185868,
    0.000137411174364388,
    0.0001394600694766268,
    0.00012916390551254153,
    0.00014046554861124605,
    0.0037463053595274687,
    0.0001400873006787151,
    0.0001346229255432263,
    0.00014128547627478838,
    0.0001333768741460517,
    0.00013773294631391764,
    0.00013302662409842014,
    0.0001368378143524751,
    0.00013158291403669864,
    0.0001300006842939183,
    0.0001343161566182971,
    0.0001302024320466444,
    0.00013190903700888157,
    0.00012288188736420125,
    0.00013437529560178518,
    0.0001259698619833216,
    0.0001390930701745674,
    0.00014200940495356917,
    0.00015317928045988083,
    0.000129657331854105,
    0.00013553618919104338,
    0.00013088768173474818,
    0.00013672810746356845,
    0.0001323504257015884,
    0.00014281400945037603,
    0.00012345578579697758,
    0.00012924367911182344,
    0.00013597153883893043,
    0.00014174554962664843,
    0.00012889053323306143,
    0.00012955328566022217,
    0.00013421374023891985,
    0.00013372766261454672,
    0.00012705710832960904,
    0.00013460929039865732,
    0.00013753770326729864,
    0.00012817529204767197,
    0.0001295180118177086,
    0.00012173911090940237,
    0.00013461228809319437,
    0.00011337034811731428,
    0.00012047898781020194,
    0.00011229855590499938,
    0.00011399561481084675,
    0.00010366084461566061,
    0.00010631201439537108,
    0.00010993201431119815,
    0.00010182673577219248,
    0.00010052273864857852,
    0.00010813747212523594,
    0.00010577852663118392,
    0.0001089600773411803,
    0.00010281050344929099,
    0.00011559515405679122,
    0.00012755644274875522,
    9.915324335452169e-05,
    9.619005868444219e-05,
    0.00010412957635708153,
    0.00010388721420895308,
    0.00010694049706216902,
    9.243277600035071e-05,
    9.553683048579842e-05,
    0.0001001673808787018,
    0.00010097923222929239,
    0.00010393762204330415,
    0.00011067769810324535,
    9.520213643554598e-05,
    0.00010451237176312134,
    0.00011272256233496591,
    9.518035221844912e-05,
    9.942397446138784e-05,
    9.977129229810089e-05,
    0.00011489381722640246,
    9.979963215300813e-05,
    0.00010742015729192644,
    9.490812954027206e-05,
    0.00010345153714297339,
    9.816166129894555e-05,
    0.00010523089440539479,
    9.958838199963793e-05,
    9.303681872552261e-05,
    9.65059080044739e-05,
    9.911091183312237e-05,
    9.071618114830926e-05,
    9.661670628702268e-05,
    9.529740054858848e-05,
    0.00010258230031467974,
    9.813314682105556e-05,
    0.0001316660491283983,
    0.00010656753147486597,
    0.00020293676061555743,
    0.00018878444097936153,
    0.0002995987015310675,
    0.00018179239123128355,
    0.00017061812104657292,
    0.00013332825619727373,
