{
  "version": "plots/_T_10_y0_0_01_network_architectures_4_50_activations_tanh_learning_rates_0_001_collocations_1024_epochs_50000_regularization_reg_derivative_reg_epochs_1_reg_coeff_0_01_reg_decay_1_/run_3",
  "seed": 1,
  "y0": 0.01,
  "T": 10,
  "N_col": 1024,
  "N_hidden": 4,
  "N_neurons": 50,
  "activation": "tanh",
  "N_epochs": 50000,
  "learning_rate": 0.001,
  "decay_rate": 1.0,
  "freq_log": 100,
  "freq_print": 1000,
  "keys_print": [
    "loss"
  ],
  "freq_save": 0,
  "regularization": "reg_derivative",
  "reg_coeff": 0.01,
  "reg_decay": 1,
  "reg_epochs": 1,
  "loss": [
    0.058117881417274475,
    0.010028598830103874,
    0.010023949667811394,
    0.010022660717368126,
    0.010019403882324696,
    0.010022151283919811,
    0.010020907036960125,
    0.010021461173892021,
    0.010020468384027481,
    0.010018914006650448,
    0.010016826912760735,
    0.010023897513747215,
    0.010060367174446583,
    0.010024186223745346,
    0.010080977343022823,
    0.010023542679846287,
    0.01001749001443386,
    0.010023864917457104,
    0.010020967572927475,
    0.010021375492215157,
    0.010022655129432678,
    0.010019355453550816,
    0.010021707974374294,
    0.010024910792708397,
    0.010020799934864044,
    0.010028277523815632,
    0.010019957087934017,
    0.010018647648394108,
    0.010024402290582657,
    0.010037994012236595,
    0.010020526126027107,
    0.010022060945630074,
    0.010020413435995579,
    0.01001827698200941,
    0.01002446562051773,
    0.01001877710223198,
    0.010023408569395542,
    0.010060626082122326,
    0.010023222304880619,
    0.010018587112426758,
    0.010019823908805847,
    0.010023215785622597,
    0.010024000890552998,
    0.010022549889981747,
    0.010031526908278465,
    0.010020467452704906,
    0.010018398985266685,
    0.010023580864071846,
    0.010023782961070538,
    0.010019964538514614,
    0.010021711699664593,
    0.010019298642873764,
    0.010022072121500969,
    0.010020642541348934,
    0.01003224216401577,
    0.010027345269918442,
    0.010022520087659359,
    0.010052468627691269,
    0.010027469135820866,
    0.010021250694990158,
    0.01002366654574871,
    0.010019480250775814,
    0.010022041387856007,
    0.010026125237345695,
    0.01004685927182436,
    0.010028686374425888,
    0.010022228583693504,
    0.010020558722317219,
    0.010020548477768898,
    0.0100241145119071,
    0.010019905865192413,
    0.010020861402153969,
    0.010027345269918442,
    0.010023916140198708,
    0.01004419568926096,
    0.010017035529017448,
    0.010026075877249241,
    0.010022311471402645,
    0.01002214103937149,
    0.010019236244261265,
    0.010021780617535114,
    0.010029859840869904,
    0.010024003684520721,
    0.010021728463470936,
    0.010021364316344261,
    0.010021300986409187,
    0.010021701455116272,
    0.010020921006798744,
    0.010019898414611816,
    0.010021028108894825,
    0.01002050656825304,
    0.010017583146691322,
    0.010020146146416664,
    0.010017461143434048,
    0.010022932663559914,
    0.010022665373980999,
    0.010026593692600727,
    0.010019945912063122,
    0.010022582486271858,
    0.010023290291428566,
    0.010016366839408875,
    0.010019590146839619,
    0.010021299123764038,
    0.010021904483437538,
    0.01001912634819746,
    0.01002506073564291,
    0.010024200193583965,
    0.010020251385867596,
    0.010020733810961246,
    0.010021376423537731,
    0.010024708695709705,
    0.010023114271461964,
    0.010022083297371864,
    0.010020249523222446,
    0.010020380839705467,
    0.0100213922560215,
    0.010018873028457165,
    0.010019727051258087,
    0.010020296089351177,
    0.010022138245403767,
    0.010023703798651695,
    0.010020678862929344,
    0.010019735433161259,
    0.010018358938395977,
    0.010017800144851208,
    0.010022701695561409,
    0.010019669309258461,
    0.010020560584962368,
    0.010020961984992027,
    0.01001974381506443,
    0.01001899316906929,
    0.010016635991632938,
    0.01001684833317995,
    0.010018674656748772,
    0.010017124935984612,
    0.010018480941653252,
    0.01002171728760004,
    0.0100187286734581,
    0.010019462555646896,
    0.010019083507359028,
    0.010019316338002682,
    0.010017551481723785,
    0.010020305402576923,
    0.010017930530011654,
    0.010023828595876694,
    0.010020243935286999,
    0.010017866268754005,
    0.010019256733357906,
    0.010017587803304195,
    0.010021552443504333,
    0.010019388981163502,
    0.010019646026194096,
    0.010012793354690075,
    0.010019516572356224,
    0.010016604326665401,
    0.010019044391810894,
    0.010018634609878063,
    0.01002073846757412,
    0.01002029050141573,
    0.010019756853580475,
    0.010020467452704906,
    0.010018632747232914,
    0.010020255111157894,
    0.010021159425377846,
    0.010020937770605087,
    0.01002001017332077,
    0.010019298642873764,
    0.010017849504947662,
    0.010018912144005299,
    0.010018968023359776,
    0.010018757544457912,
    0.010019799694418907,
    0.01001976989209652,
    0.010020915418863297,
    0.0100192716345191,
    0.01001888420432806,
    0.010018080472946167,
    0.010021238587796688,
    0.010017755441367626,
    0.010018561966717243,
    0.010022916831076145,
    0.01001773402094841,
    0.010018500499427319,
    0.010022895410656929,
    0.010022656992077827,
    0.010020734742283821,
    0.010020414367318153,
    0.010018790140748024,
    0.010022122412919998,
    0.010021056979894638,
    0.010025393217802048,
    0.010017829947173595,
    0.01001732237637043,
    0.010020377114415169,
    0.010021893307566643,
    0.010018844157457352,
    0.010020652785897255,
    0.010018670931458473,
    0.010020416229963303,
    0.010020430199801922,
    0.010018683038651943,
    0.010021485388278961,
    0.010019880719482899,
    0.010022958740592003,
    0.010023280046880245,
    0.010021176189184189,
    0.010016816668212414,
    0.010022438131272793,
    0.01002200972288847,
    0.010022114962339401,
    0.010018788278102875,
    0.010022525675594807,
    0.010020011104643345,
    0.01001803483814001,
    0.010020253248512745,
    0.010017480701208115,
    0.010019565932452679,
    0.010023929178714752,
    0.010020207613706589,
    0.01001993753015995,
    0.010020611807703972,
    0.010019579902291298,
    0.010018805041909218,
    0.010020504705607891,
    0.0100221773609519,
    0.010021237656474113,
    0.010022834874689579,
    0.010018949396908283,
    0.010022907517850399,
    0.010024277493357658,
    0.010019529610872269,
    0.010019474662840366,
    0.010020353831350803,
    0.010023856535553932,
    0.010019051842391491,
    0.010024559684097767,
    0.010019058361649513,
    0.010020586661994457,
    0.010022926144301891,
    0.010022188536822796,
    0.010020161047577858,
    0.010017454624176025,
    0.01001881342381239,
    0.010019712150096893,
    0.010019403882324696,
    0.010019398294389248,
    0.010018193162977695,
    0.010021437890827656,
    0.01001824252307415,
    0.010019700042903423,
    0.010020616464316845,
    0.010019398294389248,
    0.010017386637628078,
    0.010020445100963116,
    0.01001864392310381,
    0.010018214583396912,
    0.010019798763096333,
    0.010020938701927662,
    0.010016480460762978,
    0.010016628541052341,
    0.010020466521382332,
    0.010019605979323387,
    0.010017970576882362,
    0.010019345209002495,
    0.010015571489930153,
    0.010021264664828777,
    0.010023007169365883,
    0.010018466040492058,
    0.010020272806286812,
    0.010022769682109356,
    0.010021917521953583,
    0.010021897032856941,
    0.010020475834608078,
    0.010018227621912956,
    0.010021676309406757,
    0.010021945461630821,
    0.010022700764238834,
    0.010018865577876568,
    0.01002457831054926,
    0.010020888410508633,
    0.010019832290709019,
    0.01002189889550209,
    0.01002051867544651,
    0.010022916831076145,
    0.01001772377640009,
    0.010018360801041126,
