{
  "version": "plots/_T_10_y0_0_1_network_architectures_4_50_activations_tanh_learning_rates_0_001_collocations_1024_epochs_50000_regularization_no_reg_reg_epochs_1_reg_coeff_10_reg_decay_1_/run_6",
  "seed": 1,
  "y0": 0.1,
  "T": 10,
  "N_col": 1024,
  "N_hidden": 4,
  "N_neurons": 50,
  "activation": "tanh",
  "N_epochs": 50000,
  "learning_rate": 0.001,
  "decay_rate": 1.0,
  "freq_log": 100,
  "freq_print": 1000,
  "keys_print": [
    "loss"
  ],
  "freq_save": 0,
  "regularization": "no_reg",
  "reg_coeff": 10,
  "reg_decay": 1,
  "reg_epochs": 1,
  "loss": [
    0.00281788082793355,
    0.0019633264746516943,
    0.0018623978830873966,
    0.0020377638284116983,
    0.001822781516239047,
    0.0021074158139526844,
    0.002057932084426284,
    0.002117654774338007,
    0.0020400157663971186,
    0.0018805261934176087,
    0.0016771499067544937,
    0.002355126431211829,
    0.0021350348833948374,
    0.002399687422439456,
    0.00214594230055809,
    0.002357372548431158,
    0.0016764962347224355,
    0.002348652109503746,
    0.001888661296106875,
    0.0019508192781358957,
    0.0020919381640851498,
    0.0018482853192836046,
    0.0018736353376880288,
    0.0021848678588867188,
    0.0020143804140388966,
    0.002011009259149432,
    0.001876351423561573,
    0.0018614177824929357,
    0.0017601134022697806,
    0.0023627649061381817,
    0.002026843838393688,
    0.002085592597723007,
    0.0018134230049327016,
    0.0017995004309341311,
    0.0020026941783726215,
    0.001979104708880186,
    0.0021205211523920298,
    0.0020236889831721783,
    0.0023269422817975283,
    0.0016485288506373763,
    0.001981800887733698,
    0.0022221156395971775,
    0.001976184081286192,
    0.0019445004872977734,
    0.002032045740634203,
    0.0019510224228724837,
    0.0017716162838041782,
    0.0020319942850619555,
    0.0020637856796383858,
    0.0020001044031232595,
    0.0020316257141530514,
    0.0019080748315900564,
    0.002219993155449629,
    0.0020600417628884315,
    0.0022118650376796722,
    0.0019799740985035896,
    0.0021778179798275232,
    0.0018361550755798817,
    0.002223232528194785,
    0.002123428974300623,
    0.0020412812009453773,
    0.001962099689990282,
    0.002201408613473177,
    0.00190636795014143,
    0.002226356416940689,
    0.0019618854857981205,
    0.0018847631290555,
    0.0019239576067775488,
    0.002043189015239477,
    0.0018868765328079462,
    0.0019780369475483894,
    0.002039562910795212,
    0.0018775180215016007,
    0.002346703317016363,
    0.0019455705769360065,
    0.0016432171687483788,
    0.0023893285542726517,
    0.0021525041665881872,
    0.002178553957492113,
    0.0019151719752699137,
    0.002142028883099556,
    0.002036459743976593,
    0.0018354898784309626,
    0.0019460305338725448,
    0.0020542358979582787,
    0.0017786856042221189,
    0.0021124621853232384,
    0.002088127424940467,
    0.0019143997924402356,
    0.0018723971443250775,
    0.0020258587319403887,
    0.0016648255987092853,
    0.0018741479143500328,
    0.0016514062881469727,
    0.0020210822112858295,
    0.002028341870754957,
    0.002005900489166379,
    0.001997292973101139,
    0.002201670780777931,
    0.002255659084767103,
    0.001601710100658238,
    0.001927968580275774,
    0.0020771953277289867,
    0.0019627115689218044,
    0.001860041287727654,
    0.0024240275379270315,
    0.001914891880005598,
    0.002022669417783618,
    0.0020028329454362392,
    0.0020109936594963074,
    0.002049864735454321,
    0.002080595586448908,
    0.0021109706722199917,
    0.0019805519841611385,
    0.001783022191375494,
    0.002084893872961402,
    0.0018807488959282637,
    0.0018880830612033606,
    0.0019272341160103679,
    0.002161238109692931,
    0.0022181030362844467,
    0.0020439785439521074,
    0.0019677826203405857,
    0.0018481644801795483,
    0.0017699217423796654,
    0.0022525936365127563,
    0.0019631010945886374,
    0.0020650913938879967,
    0.0021051906514912844,
    0.001963681308552623,
    0.001920746173709631,
    0.0016696525271981955,
    0.0016683266730979085,
    0.0018550630193203688,
    0.0017139781266450882,
    0.0018480889266356826,
    0.002158654388040304,
    0.0019054722506552935,
    0.001945208990946412,
    0.0019025992369279265,
    0.001930325641296804,
    0.0017560531850904226,
    0.0020125433802604675,
    0.001808474538847804,
    0.0023665272165089846,
    0.002015226986259222,
    0.001776072196662426,
    0.001920405076816678,
    0.0017394802998751402,
    0.0021331124007701874,
    0.0019136324990540743,
    0.0019210840109735727,
    0.0012759577948600054,
    0.0019521994981914759,
    0.0016449315007776022,
    0.0018979471642524004,
    0.001859550829976797,
    0.00204026373103261,
    0.0020193695090711117,
    0.0019594968762248755,
    0.0020415710750967264,
    0.0018469637725502253,
    0.0019994424656033516,
    0.0020870789885520935,
    0.002074780408293009,
    0.0019885108340531588,
    0.0018950938247144222,
    0.0017688712105154991,
    0.0018751414027065039,
    0.0018725252011790872,
    0.0018648963887244463,
    0.0019529208075255156,
    0.0019498065812513232,
    0.0020329998806118965,
    0.0019021822372451425,
    0.0018995172576978803,
    0.0017983762081712484,
    0.0020764518994838,
    0.0017492647748440504,
    0.001848357729613781,
    0.0022146436385810375,
    0.001705197966657579,
    0.001833494519814849,
    0.0021422896534204483,
    0.0022293911315500736,
    0.002041469793766737,
    0.0017811567522585392,
    0.0019071457209065557,
    0.002105654450133443,
    0.0021010739728808403,
    0.002550133503973484,
    0.001764858840033412,
    0.0016717348480597138,
    0.002005702117457986,
    0.002164239529520273,
    0.001873720670118928,
    0.002079961821436882,
    0.001828942447900772,
    0.0020177122205495834,
    0.0020430837757885456,
    0.0018774740165099502,
    0.002139016753062606,
    0.0019452963024377823,
    0.00225690845400095,
    0.002273550722748041,
    0.002110118046402931,
    0.0016256317030638456,
    0.002239716239273548,
    0.0021654278971254826,
    0.0021979529410600662,
    0.001854797126725316,
    0.0022336174733936787,
    0.001906617428176105,
    0.001775988144800067,
    0.0019354973919689655,
    0.0017140202689915895,
    0.001879941439256072,
    0.0023642289452254772,
    0.0020013093017041683,
    0.0019767540507018566,
    0.002089953050017357,
    0.0019222409464418888,
    0.0018491744995117188,
    0.002032312098890543,
    0.002162170596420765,
    0.0021108295768499374,
    0.0021815295331180096,
    0.0018828692846000195,
    0.002286092843860388,
    0.0024462873116135597,
    0.001947507495060563,
    0.0019424078054726124,
    0.002024824731051922,
    0.002367366338148713,
    0.0018971465760841966,
    0.0024415384978055954,
    0.0019022006308659911,
    0.0020303649362176657,
    0.0022615876514464617,
    0.0021820180118083954,
    0.0019844023045152426,
    0.0017319066682830453,
    0.001855185255408287,
    0.00196247361600399,
    0.001799313467927277,
    0.0019156413618475199,
    0.0018222847720608115,
    0.002136502880603075,
    0.001799116376787424,
    0.0019466117955744267,
    0.00203723250888288,
    0.001950592384673655,
    0.001717961160466075,
    0.0020321118645370007,
    0.0018491509836167097,
    0.001806164626032114,
    0.0019654412753880024,
    0.002079496392980218,
    0.0016307305777445436,
    0.0016527397092431784,
    0.0020135503727942705,
    0.00195098586846143,
    0.0017593810334801674,
    0.0019248116295784712,
    0.001542130601592362,
    0.002095273230224848,
    0.0023091756738722324,
    0.001832135603763163,
    0.0020111356861889362,
    0.002271246397867799,
    0.00217365100979805,
    0.0022060656920075417,
    0.002062286715954542,
    0.0018107788637280464,
    0.0021383895073086023,
    0.0021690637804567814,
    0.002255781553685665,
    0.0018484867177903652,
    0.0024221877101808786,
