{
  "version": "model_weights/_T_7_5_y0_0_01_network_architectures_4_50_activations_tanh_learning_rates_0_001_collocations_1024_epochs_50000_reg_epochs_1_0_reg_coeff_1_reg_decay_1_/run_5",
  "seed": 1,
  "y0": 0.01,
  "T": 7.5,
  "N_col": 1024,
  "N_hidden": 4,
  "N_neurons": 50,
  "activation": "tanh",
  "N_epochs": 50000,
  "learning_rate": 0.001,
  "decay_rate": 1.0,
  "freq_log": 100,
  "freq_print": 1000,
  "keys_print": [
    "loss"
  ],
  "freq_save": 0,
  "reg_coeff": 1,
  "reg_decay": 1,
  "reg_epochs": 1.0,
  "loss": [
    0.15222063660621643,
    0.1353261023759842,
    0.04611334204673767,
    0.03500407189130783,
    0.0332002192735672,
    0.03736073523759842,
    0.03689049929380417,
    0.03581925481557846,
    0.03639386594295502,
    0.03333311900496483,
    0.030381999909877777,
    0.037426531314849854,
    0.036856409162282944,
    0.03856577351689339,
    0.0352599173784256,
    0.037740010768175125,
    0.030689552426338196,
    0.03796719014644623,
    0.032605916261672974,
    0.03444362059235573,
    0.03375313803553581,
    0.033075276762247086,
    0.033776529133319855,
    0.03640611842274666,
    0.034727878868579865,
    0.034062642604112625,
    0.033007990568876266,
    0.03324571251869202,
    0.03227068483829498,
    0.037126004695892334,
    0.03470207750797272,
    0.035739198327064514,
    0.032527364790439606,
    0.03265321999788284,
    0.033849555999040604,
    0.03312334045767784,
    0.03495239466428757,
    0.03516153618693352,
    0.03662336245179176,
    0.030286017805337906,
    0.03348080441355705,
    0.036294952034950256,
    0.035049304366111755,
    0.03341337665915489,
    0.0333181656897068,
    0.0343218557536602,
    0.031228113919496536,
    0.032847605645656586,
    0.034502968192100525,
    0.03388039022684097,
    0.035082437098026276,
    0.03201056644320488,
    0.03628440946340561,
    0.03541937470436096,
    0.03660021722316742,
    0.03312405198812485,
    0.03480760008096695,
    0.031119797378778458,
    0.03664272278547287,
    0.03433141112327576,
    0.03328827768564224,
    0.03285256028175354,
    0.03614160418510437,
    0.03331972286105156,
    0.03618825227022171,
    0.0337849035859108,
    0.034418441355228424,
    0.03367305546998978,
    0.03574332967400551,
    0.03336747735738754,
    0.03492103889584541,
    0.03404705971479416,
    0.0336797870695591,
    0.03780096024274826,
    0.033511627465486526,
    0.03132396191358566,
    0.03664691001176834,
    0.03621728718280792,
    0.03578745201230049,
    0.03513145446777344,
    0.035302214324474335,
    0.03504500165581703,
    0.032924678176641464,
    0.03436131030321121,
    0.034407563507556915,
    0.03290792182087898,
    0.03575165942311287,
    0.03564128279685974,
    0.033185042440891266,
    0.03217887505888939,
    0.0348755419254303,
    0.029259221628308296,
    0.03324257954955101,
    0.03134990110993385,
    0.03326065093278885,
    0.03300223872065544,
    0.03330003470182419,
    0.032883528620004654,
    0.03637842833995819,
    0.035655152052640915,
    0.031398918479681015,
    0.03204653784632683,
    0.034819141030311584,
    0.03284984081983566,
    0.03297596052289009,
    0.0392204225063324,
    0.03119562193751335,
    0.034672364592552185,
    0.035220496356487274,
    0.034420523792505264,
    0.03437123820185661,
    0.03267385810613632,
    0.0352059006690979,
    0.03328375145792961,
    0.03264140337705612,
    0.035103607922792435,
    0.03283083811402321,
    0.03273159638047218,
    0.03293789178133011,
    0.03595087304711342,
    0.036715034395456314,
    0.03622915595769882,
    0.0344410240650177,
    0.03236965090036392,
    0.032028038054704666,
    0.03679577633738518,
    0.03385278955101967,
    0.03553008660674095,
    0.03481985256075859,
    0.03488173708319664,
    0.03295743837952614,
    0.031044455245137215,
    0.031057104468345642,
    0.03204043209552765,
    0.03188091143965721,
    0.034302208572626114,
    0.0365770123898983,
    0.03227512538433075,
    0.033906616270542145,
    0.03389862924814224,
    0.032451242208480835,
    0.03204664587974548,
    0.03527841344475746,
    0.03384086489677429,
    0.03743167221546173,
    0.033132996410131454,
    0.03224172815680504,
    0.033331431448459625,
    0.03187794238328934,
    0.034916967153549194,
    0.03405015915632248,
    0.033731408417224884,
    0.026987940073013306,
    0.03420315682888031,
    0.030269000679254532,
    0.033501580357551575,
    0.03325604647397995,
    0.034530095756053925,
    0.033491138368844986,
    0.03279631584882736,
    0.034564826637506485,
    0.033151447772979736,
    0.032671041786670685,
    0.034753262996673584,
    0.034461162984371185,
    0.03338637948036194,
    0.034227319061756134,
    0.03145982325077057,
    0.033195674419403076,
    0.03302367031574249,
    0.032613158226013184,
    0.03441764414310455,
    0.03403180465102196,
    0.0345662422478199,
    0.03272000327706337,
    0.032724302262067795,
    0.033363521099090576,
    0.03552728891372681,
    0.03158212825655937,
    0.03411511331796646,
    0.03703247755765915,
    0.03153728321194649,
    0.03278372809290886,
    0.03594997897744179,
    0.03593563660979271,
    0.03509293869137764,
    0.03313492238521576,
    0.034016720950603485,
    0.034941792488098145,
    0.03531496226787567,
    0.038340210914611816,
    0.03115369938313961,
    0.031180471181869507,
    0.034806348383426666,
    0.03638435900211334,
    0.03330323100090027,
    0.0352807492017746,
    0.0351279117166996,
    0.03431275859475136,
    0.03472546860575676,
    0.03252267464995384,
    0.03477496653795242,
    0.03467363864183426,
    0.036370087414979935,
    0.035812802612781525,
    0.03560128062963486,
    0.031339146196842194,
    0.03611508011817932,
    0.03535173833370209,
    0.034977998584508896,
    0.033387452363967896,
    0.03631359338760376,
    0.03305927291512489,
    0.031838253140449524,
    0.03458789736032486,
    0.03146320581436157,
    0.03391403332352638,
    0.036701396107673645,
    0.03410624340176582,
    0.03289321810007095,
    0.036158688366413116,
    0.034258902072906494,
    0.034016359597444534,
    0.0362589955329895,
    0.03613683581352234,
    0.0350613109767437,
    0.03386751189827919,
    0.03334162384271622,
    0.03672712668776512,
    0.03900286182761192,
    0.03421151638031006,
    0.03314109519124031,
    0.03370669111609459,
    0.03793620318174362,
    0.03276149928569794,
    0.03920074924826622,
    0.032729312777519226,
    0.03308261185884476,
    0.036871954798698425,
    0.03688821196556091,
    0.033665843307971954,
    0.03143744915723801,
    0.033392783254384995,
    0.0343339629471302,
    0.03298981487751007,
    0.03341614454984665,
    0.031597502529621124,
    0.03578347712755203,
    0.03295768052339554,
    0.03520584851503372,
    0.03413400053977966,
    0.033255912363529205,
    0.03230780363082886,
    0.03469591587781906,
    0.032551396638154984,
    0.03246995806694031,
    0.03375200182199478,
    0.034777358174324036,
    0.030785173177719116,
    0.03100944496691227,
    0.03414562717080116,
    0.033694371581077576,
    0.032737817615270615,
    0.034747812896966934,
    0.03158765286207199,
    0.03524938225746155,
    0.03583347052335739,
    0.03309216722846031,
    0.03396226838231087,
    0.037086956202983856,
    0.03643065318465233,
    0.035951413214206696,
    0.03409241884946823,
    0.03191535174846649,
    0.037370458245277405,
    0.03548850864171982,
    0.03714403510093689,
    0.03242234140634537,
    0.03733590990304947,
    0.03498376905918121,
    0.033723823726177216,
    0.03565291687846184,
    0.03433579206466675,
    0.0356072373688221,
    0.03247061371803284,
    0.03298734873533249,
    0.03137051686644554,
    0.034543637186288834,
    0.03112509287893772,
    0.033961161971092224,
    0.03424428775906563,
    0.033765699714422226,
    0.03284522891044617,
    0.03257046267390251,
    0.03486400842666626,
