{
  "version": "plots/_T_7_5_y0_0_001_network_architectures_4_50_activations_tanh_learning_rates_0_001_collocations_1024_epochs_50000_regularization_unstable_fp_reg_epochs_1_reg_coeff_0_01_reg_decay_1_/run_0",
  "seed": 1,
  "y0": 0.001,
  "T": 7.5,
  "N_col": 1024,
  "N_hidden": 4,
  "N_neurons": 50,
  "activation": "tanh",
  "N_epochs": 50000,
  "learning_rate": 0.001,
  "decay_rate": 1.0,
  "freq_log": 100,
  "freq_print": 1000,
  "keys_print": [
    "loss"
  ],
  "freq_save": 0,
  "regularization": "unstable_fp",
  "reg_coeff": 0.01,
  "reg_decay": 1,
  "reg_epochs": 1,
  "loss": [
    0.08006776124238968,
    0.010001362301409245,
    0.010000462643802166,
    0.01000040490180254,
    0.010000331327319145,
    0.01000034436583519,
    0.010000328533351421,
    0.010000308975577354,
    0.010000298731029034,
    0.010000272653996944,
    0.010000236332416534,
    0.010000310838222504,
    0.010000304318964481,
    0.01000036858022213,
    0.010000297799706459,
    0.010000335983932018,
    0.010000241920351982,
    0.010000606067478657,
    0.010000335052609444,
    0.010000284761190414,
    0.010001099668443203,
    0.010000274516642094,
    0.010290958918631077,
    0.010000456124544144,
    0.010003040544688702,
    0.010000420734286308,
    0.010000284761190414,
    0.010000325739383698,
    0.010000539012253284,
    0.010000323876738548,
    0.0100045595318079,
    0.010012200102210045,
    0.010000252164900303,
    0.010000249370932579,
    0.01000271551311016,
    0.010000274516642094,
    0.010000291280448437,
    0.010000315494835377,
    0.010000346228480339,
    0.010001113638281822,
    0.010000275447964668,
    0.010000316426157951,
    0.010002329014241695,
    0.010000299662351608,
    0.010001493617892265,
    0.010028833523392677,
    0.010000264272093773,
    0.010188206098973751,
    0.010000314563512802,
    0.010000296868383884,
    0.010000432841479778,
    0.010000324808061123,
    0.010000308975577354,
    0.010000279173254967,
    0.010000309906899929,
    0.010019080713391304,
    0.010000295005738735,
    0.010000287555158138,
    0.010014418512582779,
    0.010000287555158138,
    0.010000287555158138,
    0.010000353679060936,
    0.01000029407441616,
    0.010001111775636673,
    0.010107391513884068,
    0.01000026986002922,
    0.010001623071730137,
    0.010000370442867279,
    0.010000895708799362,
    0.010000255890190601,
    0.010000567883253098,
    0.01000067126005888,
    0.010019462555646896,
    0.01000033225864172,
    0.010000769980251789,
    0.010000230744481087,
    0.010000422596931458,
    0.010000328533351421,
    0.010015442967414856,
    0.010000275447964668,
    0.010000291280448437,
    0.01000028382986784,
    0.010000253096222878,
    0.010000267997384071,
    0.010000272653996944,
    0.010000248439610004,
    0.010000280104577541,
    0.01000028382986784,
    0.010000263340771198,
    0.010000254958868027,
    0.010000276379287243,
    0.010000222362577915,
    0.01000025775283575,
    0.010000226087868214,
    0.010000267066061497,
    0.010000267997384071,
    0.010000268928706646,
    0.010000267997384071,
    0.010000293143093586,
    0.010000302456319332,
    0.010000225156545639,
    0.010000261478126049,
    0.010000276379287243,
    0.010000263340771198,
    0.010000253096222878,
    0.010000327602028847,
    0.010000254958868027,
    0.010000276379287243,
    0.010000272653996944,
    0.01000026986002922,
    0.010000277310609818,
    0.010000277310609818,
    0.010000288486480713,
    0.010000281035900116,
    0.010000262409448624,
    0.010002785362303257,
    0.010000260546803474,
    0.010000295005738735,
    0.010001646354794502,
    0.010000296868383884,
    0.010000944137573242,
    0.010012066923081875,
    0.010000346228480339,
    0.010000394657254219,
    0.010000280104577541,
    0.01000056229531765,
    0.010000324808061123,
    0.010000448673963547,
    0.010001863352954388,
    0.010000266134738922,
    0.010000261478126049,
    0.010000228881835938,
    0.010000227950513363,
    0.010000253096222878,
    0.010000236332416534,
    0.010000268928706646,
    0.010000376030802727,
    0.010000262409448624,
    0.010000278241932392,
    0.010000285692512989,
    0.010001172311604023,
    0.010000251233577728,
    0.010000275447964668,
    0.010000457055866718,
    0.010002939030528069,
    0.010000783950090408,
    0.010000254958868027,
    0.010000738315284252,
    0.01000025775283575,
    0.010000309906899929,
    0.010001933202147484,
    0.010000268928706646,
    0.010000184178352356,
    0.010000290349125862,
    0.010000262409448624,
    0.010000319220125675,
    0.010000293143093586,
    0.010000295005738735,
    0.010000273585319519,
    0.01000028382986784,
    0.010000408627092838,
    0.010000359266996384,
    0.010008305311203003,
    0.010000495240092278,
    0.010000360198318958,
    0.010000371374189854,
    0.010000372305512428,
    0.010000321082770824,
    0.010000347159802914,
    0.010000362992286682,
    0.010000333189964294,
    0.010000358335673809,
    0.010000343434512615,
    0.010000347159802914,
    0.010000331327319145,
    0.010000308975577354,
    0.010000333189964294,
    0.010000347159802914,
    0.010000301524996758,
    0.010000339709222317,
    0.01000039093196392,
    0.010000303387641907,
    0.010000309906899929,
    0.010000345297157764,
    0.010000321082770824,
    0.010000340640544891,
    0.010000304318964481,
    0.01000030804425478,
    0.010000322945415974,
    0.010000308975577354,
    0.010000349022448063,
    0.010000282898545265,
    0.010000262409448624,
    0.010000301524996758,
    0.010000315494835377,
    0.010000280104577541,
    0.010000296868383884,
    0.010000298731029034,
    0.010000295005738735,
    0.010000280104577541,
    0.0100002596154809,
    0.010000298731029034,
    0.0100003182888031,
    0.010000310838222504,
    0.010000433772802353,
    0.010000322014093399,
    0.010000255890190601,
    0.010000349022448063,
    0.010000343434512615,
    0.010004453361034393,
    0.010000301524996758,
    0.010000321082770824,
    0.010000264272093773,
    0.010000282898545265,
    0.010000360198318958,
    0.010000290349125862,
    0.01000236812978983,
    0.010000351816415787,
    0.01000254601240158,
    0.010000623762607574,
    0.010000311769545078,
    0.010000279173254967,
    0.010000300593674183,
    0.010000314563512802,
    0.010000311769545078,
    0.010000324808061123,
    0.01000034436583519,
    0.010000260546803474,
    0.010000349953770638,
    0.010000384412705898,
    0.010000274516642094,
    0.010001404210925102,
    0.010000438429415226,
    0.010000480338931084,
    0.010000254027545452,
    0.010000333189964294,
    0.010000262409448624,
    0.010000265203416348,
    0.010000444948673248,
    0.010000302456319332,
    0.010000298731029034,
    0.010000253096222878,
    0.010000268928706646,
    0.010000417940318584,
    0.010000251233577728,
    0.010000279173254967,
    0.010000264272093773,
    0.010000428184866905,
    0.010000334121286869,
    0.010000290349125862,
    0.010000372305512428,
    0.010000258684158325,
    0.010000243782997131,
    0.010000296868383884,
    0.01000034250319004,
    0.010000282898545265,
    0.010000268928706646,
    0.01000029593706131,
    0.010000241920351982,
    0.010000309906899929,
    0.010000281035900116,
    0.010000267066061497,
    0.010000312700867653,
    0.010000278241932392,
    0.010000262409448624,
    0.010000292211771011,
    0.010000296868383884,
    0.010000360198318958,
    0.010000556707382202,
    0.010000298731029034,
    0.01000029593706131,
    0.010000291280448437,
    0.010000358335673809,
    0.010000360198318958,
    0.010000305250287056,
    0.010000288486480713,
    0.010000424459576607,
    0.010000249370932579,
    0.010000308975577354,
    0.010000297799706459,
    0.010000361129641533,
    0.01000032015144825,
    0.010000280104577541,
    0.010000303387641907,
    0.010000243782997131,
    0.010000436566770077,
