{
  "version": "plots/_T_10_y0_0_01_network_architectures_4_50_activations_tanh_learning_rates_0_001_collocations_1024_epochs_50000_regularization_unstable_fp_reg_epochs_1_reg_coeff_100000_reg_decay_1_/run_5",
  "seed": 1,
  "y0": 0.01,
  "T": 10,
  "N_col": 1024,
  "N_hidden": 4,
  "N_neurons": 50,
  "activation": "tanh",
  "N_epochs": 50000,
  "learning_rate": 0.001,
  "decay_rate": 1.0,
  "freq_log": 100,
  "freq_print": 1000,
  "keys_print": [
    "loss"
  ],
  "freq_save": 0,
  "regularization": "unstable_fp",
  "reg_coeff": 100000,
  "reg_decay": 1,
  "reg_epochs": 1,
  "loss": [
    0.7140380144119263,
    0.09176133573055267,
    0.1518661230802536,
    0.14465785026550293,
    0.1083323210477829,
    0.1476278007030487,
    0.1325417309999466,
    0.1548096239566803,
    0.1264079213142395,
    0.1307026445865631,
    0.07813949882984161,
    0.11314500868320465,
    0.14945369958877563,
    0.10893915593624115,
    0.0951513946056366,
    0.10304626077413559,
    0.0571148544549942,
    0.10316231101751328,
    0.0950399786233902,
    0.06108419597148895,
    0.039537206292152405,
    0.10147194564342499,
    0.06814570724964142,
    0.08864936232566833,
    0.1471438705921173,
    0.05288812518119812,
    0.0857548788189888,
    0.06362329423427582,
    0.051316842436790466,
    0.08826969563961029,
    0.22235697507858276,
    0.04944443702697754,
    0.08373251557350159,
    0.024609394371509552,
    0.12648269534111023,
    0.02200997993350029,
    0.03743502125144005,
    0.05833263322710991,
    0.06430074572563171,
    0.2437889128923416,
    0.12487566471099854,
    0.29311931133270264,
    0.32481735944747925,
    0.1048225611448288,
    0.2231195718050003,
    0.39005929231643677,
    0.21415583789348602,
    0.033097006380558014,
    0.11303704977035522,
    0.12637962400913239,
    0.11867810785770416,
    0.09480726718902588,
    0.10752573609352112,
    0.03501497954130173,
    0.03985058516263962,
    0.06307226419448853,
    0.09503407776355743,
    0.021373698487877846,
    0.07517426460981369,
    0.05523061007261276,
    0.11605272442102432,
    0.08120325952768326,
    0.049911316484212875,
    0.037181880325078964,
    0.04075442627072334,
    0.13730895519256592,
    0.07275829464197159,
    0.04688730835914612,
    0.04413045197725296,
    0.043681707233190536,
    0.02417093515396118,
    0.063111312687397,
    0.09866251796483994,
    0.07433673739433289,
    0.012906866148114204,
    0.009530345909297466,
    0.06700590252876282,
    0.02457362413406372,
    0.10621494799852371,
    0.008764826692640781,
    0.10701294988393784,
    0.05788448080420494,
    0.013234896585345268,
    0.031338490545749664,
    0.015819519758224487,
    0.030932653695344925,
    0.01259301882237196,
    0.015233108773827553,
    0.055196329951286316,
    0.053858257830142975,
    0.07371039688587189,
    0.03955932706594467,
    0.03714168816804886,
    0.021221576258540154,
    0.05662713944911957,
    0.07216596603393555,
    0.04180719330906868,
    0.11555765569210052,
    0.04960639774799347,
    0.07714080810546875,
    0.007703831885010004,
    0.08716241270303726,
    0.0406033918261528,
    0.020887361839413643,
    0.02632826939225197,
    0.07166986167430878,
    0.045938704162836075,
    0.08454523980617523,
    0.041023172438144684,
    0.005300851538777351,
    0.03574526309967041,
    0.01472424902021885,
    0.017623651772737503,
    0.03558754920959473,
    0.06558915972709656,
    0.004137500189244747,
    0.08574602752923965,
    0.027350857853889465,
    0.03714888542890549,
    0.024625467136502266,
    0.003762298496440053,
    0.05582311749458313,
    0.004240759648382664,
    0.039958007633686066,
    0.02865101769566536,
    0.029165243729948997,
    0.0393175445497036,
    0.052113886922597885,
    0.05303695797920227,
    0.02751350775361061,
    0.022906959056854248,
    0.03960053250193596,
    0.0017941230908036232,
    0.0006566977826878428,
    0.03972511366009712,
    0.033850088715553284,
    0.03369883820414543,
    0.00658442871645093,
    0.039184752851724625,
    0.0035277176648378372,
    0.022999951615929604,
    0.11182921379804611,
    0.010959339328110218,
    0.004873390309512615,
    0.0035858512856066227,
    0.0018159919418394566,
    0.02247527241706848,
    0.0012681871885433793,
    0.0010979018406942487,
    0.05930085480213165,
    0.020928509533405304,
    0.021466534584760666,
    6.3235784182325e-05,
    0.04812946170568466,
    0.029831092804670334,
    0.03693610429763794,
    0.013368761166930199,
    0.002563292160630226,
    0.08098581433296204,
    0.03820173069834709,
    0.012243853881955147,
    0.0052894530817866325,
    0.02977096661925316,
    0.0007843352505005896,
    0.0013621761463582516,
    0.04075412452220917,
    0.002350395079702139,
    0.00024611243861727417,
    0.02814505435526371,
    0.02768714725971222,
    0.022656811401247978,
    0.02334202080965042,
    0.017171934247016907,
    0.06374779343605042,
    0.0510663203895092,
    0.01972711831331253,
    0.012431791052222252,
    0.011654883623123169,
    0.012449607253074646,
    0.008180500008165836,
    0.03889038786292076,
    0.005367366597056389,
    0.019319618120789528,
    0.005059828981757164,
    0.01120813935995102,
    0.03583947569131851,
    0.004121261648833752,
    0.006705466192215681,
    0.02328028529882431,
    0.044551774859428406,
    0.1486118733882904,
    0.017522985115647316,
    0.034201059490442276,
    0.002567930845543742,
    0.031201064586639404,
    0.005182397086173296,
    0.0243014357984066,
    0.00134144420735538,
    0.0012174262665212154,
    0.0012759532546624541,
    0.001285565085709095,
    0.02543053962290287,
    0.050474315881729126,
    0.05780770629644394,
    0.005963955074548721,
    0.04306551441550255,
    0.0028937344904989004,
    0.04397843778133392,
    0.041477181017398834,
    0.04999919235706329,
    0.017992636188864708,
    0.0006541887996718287,
    0.05196458101272583,
    0.031668905168771744,
    0.056344568729400635,
    0.003836403600871563,
    0.012770322151482105,
    0.041380688548088074,
    0.11743706464767456,
    0.020332325249910355,
    0.0030545454937964678,
    0.0007098920177668333,
    0.0001292484812438488,
    0.0001521114318165928,
    0.0012429766356945038,
    0.03267621621489525,
    0.0016351917292922735,
    0.0004727961786556989,
    0.10322807729244232,
    0.026324879378080368,
    0.0065043652430176735,
    0.00047480128705501556,
    0.006260254420340061,
    0.03833099454641342,
    0.051838621497154236,
    0.06124826520681381,
    0.02935163676738739,
    0.0004291847872082144,
    0.004090920090675354,
    0.0001359354064334184,
    0.006693327333778143,
    0.0866578221321106,
    7.573695620521903e-05,
    0.055585458874702454,
    0.00015479038120247424,
    0.02239835262298584,
    0.05190008878707886,
    0.05775287002325058,
    0.00021629662660416216,
    0.018545223399996758,
    0.03465374931693077,
    0.04638376832008362,
    0.0004680653219111264,
    0.03506951406598091,
    0.0047576273791491985,
    8.710549445822835e-05,
    2.4376184228458442e-05,
    0.09545108675956726,
    0.00020241278980392963,
    0.007715512067079544,
    0.0013515586033463478,
    0.0015363396378234029,
    0.0406692810356617,
    0.04093487560749054,
    0.0003935227287001908,
    0.00022475820151157677,
    0.00022727137547917664,
    0.00012085935304639861,
    0.03274354711174965,
    0.04192429780960083,
    0.0003839482960756868,
    0.01724838651716709,
    0.042472101747989655,
    0.04358828067779541,
    4.583901318255812e-05,
    0.0018218338955193758,
    2.303652945556678e-05,
    0.023657772690057755,
    2.975937422888819e-05,
    0.047237005084753036,
    0.0015832363860681653,
    0.001390968100167811,
    0.000181101931957528,
    0.043169137090444565,
    0.0003568749234545976,
    0.09503935277462006,
    0.037581756711006165,
    2.9956199796288274e-05,
    4.6599390771007165e-05,
