{
  "version": "plots/_T_7_5_y0_0_001_network_architectures_4_50_activations_tanh_learning_rates_0_001_collocations_1024_epochs_50000_regularization_no_reg_reg_epochs_1_reg_coeff_100000_reg_decay_1_/run_5",
  "seed": 1,
  "y0": 0.001,
  "T": 7.5,
  "N_col": 1024,
  "N_hidden": 4,
  "N_neurons": 50,
  "activation": "tanh",
  "N_epochs": 50000,
  "learning_rate": 0.001,
  "decay_rate": 1.0,
  "freq_log": 100,
  "freq_print": 1000,
  "keys_print": [
    "loss"
  ],
  "freq_save": 0,
  "regularization": "no_reg",
  "reg_coeff": 100000,
  "reg_decay": 1,
  "reg_epochs": 1,
  "loss": [
    0.0767744779586792,
    5.720911758544389e-06,
    5.963554485788336e-07,
    5.445600663733785e-07,
    4.5800692305419943e-07,
    4.3291171891723934e-07,
    4.0005213008953433e-07,
    3.77616004243464e-07,
    3.516775279877038e-07,
    3.417475795686187e-07,
    2.934219196504273e-07,
    3.8166075455592363e-07,
    3.517953075515834e-07,
    3.765055680560181e-07,
    3.349976793742826e-07,
    3.601735443226062e-07,
    2.8373557370287017e-07,
    3.618197581545246e-07,
    3.101438323938055e-07,
    0.00037338113179430366,
    4.1110700976787484e-07,
    5.531356350729766e-07,
    4.182157681498211e-06,
    3.5119529684379813e-07,
    3.466004159236036e-07,
    3.0380377324945584e-07,
    6.977064003876876e-06,
    3.3014060818459257e-07,
    3.387326046322414e-07,
    6.708050932502374e-07,
    3.0933583730075043e-06,
    2.2806389097240753e-06,
    2.8266705953683413e-07,
    2.7433040372670803e-07,
    2.9546274049607746e-07,
    3.085192474827636e-07,
    5.290077069730614e-07,
    7.388131280094967e-07,
    3.3268361221416853e-07,
    3.097647720551322e-07,
    8.47540093218413e-07,
    3.1346905871032504e-07,
    1.431032706022961e-05,
    2.8021648290632584e-07,
    3.189576887052681e-07,
    2.9638081855409837e-07,
    2.437816988276609e-07,
    6.631350970565109e-07,
    3.6747974263562355e-07,
    9.915693226503208e-06,
    2.850701150691748e-07,
    2.8026107656842214e-07,
    7.293045928236097e-05,
    2.9842186677342397e-07,
    3.145757148104167e-07,
    2.2719996195519343e-06,
    2.9407095780698e-07,
    2.6589054868964013e-07,
    3.437291979935253e-07,
    0.00019258770043961704,
    2.8301622023718664e-07,
    3.514360003009642e-07,
    3.154073340283503e-07,
    6.275992745941039e-06,
    3.937014128041483e-07,
    7.961016308399849e-07,
    3.26733299971238e-07,
    1.3336875781533308e-06,
    7.82847564551048e-07,
    2.7654749601424555e-07,
    2.717737856983149e-07,
    2.786757136163942e-07,
    5.230689566815272e-06,
    3.312451894998958e-07,
    5.256412123344489e-07,
    2.3726630615783506e-07,
    3.6476461673373706e-07,
    4.0436026438328554e-07,
    3.5736968584387796e-07,
    2.7313706141285365e-07,
    4.194808411739359e-07,
    5.872085466762655e-07,
    2.493426904948137e-07,
    4.2342909978287935e-07,
    3.2967113838822115e-07,
    6.6423858697817195e-06,
    3.464244286988105e-07,
    1.0216056125500472e-06,
    2.6775316541716165e-07,
    2.922089379353565e-07,
    3.035916051885579e-07,
    2.3660082604237687e-07,
    3.0567574071938e-07,
    2.4346255145246687e-07,
    2.7291179094390827e-07,
    3.728924866663874e-07,
    6.576167947969225e-07,
    1.6197079730773112e-06,
    2.947504640360421e-07,
    2.9464700901371543e-07,
    2.3701969098510745e-07,
    2.7337662800164253e-07,
    3.5899734029953834e-07,
    2.6670256829675054e-06,
    2.846226152541931e-07,
    3.3332386806250724e-07,
    7.865419320296496e-07,
    2.947970642708242e-06,
    2.7850515493810235e-07,
    1.5556206562905572e-06,
    3.467617943897494e-07,
    3.5553712223190814e-06,
    3.0524120120389853e-07,
    3.067404179546429e-07,
    2.626221657919814e-07,
    2.998860963998595e-07,
    5.509210723175784e-07,
    1.1641427590802778e-06,
    2.809432544381707e-07,
    3.495579790069314e-07,
    2.71825774689205e-06,
    2.789072652831237e-07,
    2.678699502212112e-07,
    2.481619105765276e-07,
    2.4191825787056587e-07,
    3.003567314863176e-07,
    2.6435935751578654e-07,
    2.77713240848243e-07,
    2.7735319463317865e-07,
    2.695287832921167e-07,
    2.53273242378782e-07,
    2.2921963704902737e-07,
    2.3091008927167422e-07,
    2.4815849997139594e-07,
    2.3488622957756888e-07,
    2.5578856366337277e-07,
    2.9032105430815136e-07,
    2.482046284058015e-07,
    2.615459209209803e-07,
    2.594139232314774e-07,
    2.5587718255337677e-07,
    2.4034844159359636e-07,
    2.7585042516875546e-07,
    2.4745310156504274e-07,
    3.098518277511175e-07,
    2.661913356405421e-07,
    2.439589650293783e-07,
    2.588303402717429e-07,
    2.4193533931793354e-07,
    2.8323211154202e-07,
    2.651746342507977e-07,
    2.649416899203061e-07,
    1.809613934256049e-07,
    2.6484360660106177e-07,
    2.2355921203143225e-07,
    2.57431793215801e-07,
    2.5261397240683436e-07,
    2.7494104415382026e-07,
    2.6725032853391895e-07,
    2.5871437969726685e-07,
    2.738306363880838e-07,
    2.543192465509492e-07,
    2.71266117124469e-07,
    2.779773069505609e-07,
    2.750360579284461e-07,
    2.665287865966093e-07,
    2.634929501255101e-07,
    2.38574784816592e-07,
    2.5792061819629453e-07,
    2.574204529537383e-07,
    2.5179843987643835e-07,
    2.734761324063584e-07,
    2.649944974564278e-07,
    2.743864797594142e-07,
    2.680979491742619e-07,
    2.591742713775602e-07,
    2.5151842919513e-07,
    2.846334723471955e-07,
    2.6739158442978805e-07,
    3.0867812483847956e-07,
    3.148213068016048e-07,
    3.273301558692765e-07,
    2.93452671940031e-07,
    3.2294440188707085e-07,
    3.196018951712176e-07,
    2.7894907361769583e-07,
    2.5203195264111855e-07,
    2.8940962693013716e-07,
    2.958356617455138e-07,
    2.8280712172090716e-07,
    3.377774930868327e-07,
    4.019439643343503e-07,
    2.6537622943578754e-07,
    3.482397801235493e-07,
    3.681547013911768e-07,
    5.52940264242352e-07,
    3.5740040971177223e-07,
    6.068281663829111e-07,
    2.9956126468277944e-07,
    2.710442004172364e-07,
    2.503974769751949e-07,
    3.9230013726410107e-07,
    4.398955866236065e-07,
    3.9744696778143407e-07,
    3.9136551777119166e-07,
    3.0537631801053067e-07,
    2.43517632725343e-07,
    3.609140151183965e-07,
    3.0502584991154436e-07,
    2.9192844408498786e-07,
    3.5628650607577583e-07,
    2.985236733366037e-07,
    2.609922375995666e-07,
    3.538891633070307e-07,
    3.1850373716224567e-07,
    2.9890074415561685e-07,
    5.074217597211828e-07,
    3.7519492934734444e-07,
    4.1753042978598387e-07,
    4.564089408631844e-07,
    2.859783592157328e-07,
    3.1440498560186825e-07,
    3.017578080743988e-07,
    2.8605637680811924e-07,
    2.9592024475277867e-07,
    3.655346745290444e-07,
    2.855744583030173e-07,
    2.776253609226842e-07,
    3.0968993769420194e-07,
    3.831596018244454e-07,
    2.6213575665678945e-07,
    3.292414305633429e-07,
    2.9093632747390075e-07,
    5.170726353753707e-07,
    2.5078810494960635e-07,
    3.3218105954802013e-07,
    2.644408141350141e-07,
    3.62516802852042e-05,
    3.0452468990915804e-07,
    3.011423359566834e-07,
    2.6760994842334185e-07,
    2.3782159530583158e-07,
    2.638769842633337e-07,
    2.6045620415970916e-07,
    2.533298584239674e-07,
    2.620022883093043e-07,
    2.4210680749092717e-07,
    2.870830542178737e-07,
    2.540920149840531e-07,
    2.750442718024715e-07,
    2.7372325916985574e-07,
    2.589503935723769e-07,
    2.450558724831353e-07,
    2.7492018261909834e-07,
    2.5070210085686995e-07,
    2.5169842388095276e-07,
    2.6882005954576016e-07,
    2.779899546112574e-07,
    2.2972824353928445e-07,
    2.3278064986698155e-07,
    2.762791382338037e-07,
    2.6370676664555504e-07,
    2.532393068577221e-07,
    2.682851061308611e-07,
    2.283455273754953e-07,
    2.8817277097914484e-07,
    2.937683802883839e-07,
    2.550558804159664e-07,
    2.7008070446754573e-07,
    3.020197425485094e-07,
    2.946779318335757e-07,
