{
  "version": "plots/_T_10_y0_0_1_network_architectures_4_50_activations_tanh_learning_rates_0_001_collocations_1024_epochs_50000_regularization_reg_derivative_reg_epochs_1_reg_coeff_10_reg_decay_1_/run_3",
  "seed": 1,
  "y0": 0.1,
  "T": 10,
  "N_col": 1024,
  "N_hidden": 4,
  "N_neurons": 50,
  "activation": "tanh",
  "N_epochs": 50000,
  "learning_rate": 0.001,
  "decay_rate": 1.0,
  "freq_log": 100,
  "freq_print": 1000,
  "keys_print": [
    "loss"
  ],
  "freq_save": 0,
  "regularization": "reg_derivative",
  "reg_coeff": 10,
  "reg_decay": 1,
  "reg_epochs": 1,
  "loss": [
    8.564386367797852,
    0.5088651180267334,
    0.37392687797546387,
    0.30368953943252563,
    0.2810128331184387,
    0.3089582622051239,
    0.28281545639038086,
    0.2348230481147766,
    0.207902193069458,
    0.14796806871891022,
    0.1620798408985138,
    0.1754104346036911,
    0.1766948252916336,
    0.16799363493919373,
    0.14952044188976288,
    0.166555255651474,
    0.20233911275863647,
    0.2933482527732849,
    0.15805533528327942,
    0.143002450466156,
    0.1510971188545227,
    0.18854443728923798,
    0.17819106578826904,
    0.17081186175346375,
    0.1626567393541336,
    0.1645689159631729,
    0.15982961654663086,
    0.18119873106479645,
    0.1534072607755661,
    0.12942257523536682,
    0.15140968561172485,
    0.13466019928455353,
    0.17440107464790344,
    0.158136785030365,
    0.15241603553295135,
    0.14779195189476013,
    0.15325556695461273,
    0.1426774561405182,
    0.13492721319198608,
    0.14625214040279388,
    0.14087043702602386,
    0.1314271092414856,
    0.15382824838161469,
    0.13540655374526978,
    0.14195503294467926,
    0.14756342768669128,
    0.13428594172000885,
    0.14350686967372894,
    0.1819850653409958,
    0.14559349417686462,
    0.12166760861873627,
    0.13753396272659302,
    0.12787571549415588,
    0.12247201055288315,
    0.144424170255661,
    0.1322765052318573,
    0.12095310539007187,
    0.15592727065086365,
    0.12053713202476501,
    0.13784292340278625,
    0.28123733401298523,
    0.11933038383722305,
    0.12033643573522568,
    0.1585901975631714,
    0.15354110300540924,
    0.1588154435157776,
    0.12008927017450333,
    0.13360722362995148,
    0.13394419848918915,
    0.1384362429380417,
    0.1456368863582611,
    0.1489357054233551,
    0.13359618186950684,
    0.1292584091424942,
    0.14054322242736816,
    0.12276551127433777,
    0.12089468538761139,
    0.1299232840538025,
    0.11524628847837448,
    0.14014890789985657,
    0.14939475059509277,
    0.12197993695735931,
    0.15384681522846222,
    0.15992972254753113,
    0.14971598982810974,
    0.17935115098953247,
    0.16183581948280334,
    0.16236017644405365,
    0.19498108327388763,
    0.1401309221982956,
    0.16258947551250458,
    0.15668874979019165,
    0.15319974720478058,
    0.14029382169246674,
    0.1368265151977539,
    0.13142460584640503,
    0.13533392548561096,
    0.13290287554264069,
    0.15589922666549683,
    0.12005425989627838,
    0.13116803765296936,
    0.12823894619941711,
    0.144865483045578,
    0.11924494057893753,
    0.11724293231964111,
    0.12476290762424469,
    0.13150185346603394,
    0.12057046592235565,
    0.1472601294517517,
    0.13161376118659973,
    0.12804992496967316,
    0.13160440325737,
    0.12237992137670517,
    0.14543050527572632,
    0.12525205314159393,
    0.13727279007434845,
    0.14994625747203827,
    0.22301751375198364,
    0.14533987641334534,
    0.13362765312194824,
    0.12483350187540054,
    0.12438911199569702,
    0.145006000995636,
    0.13337096571922302,
    0.12772563099861145,
    0.13910594582557678,
    0.1245410293340683,
    0.11809483170509338,
    0.12159350514411926,
    0.12981823086738586,
    0.11912138760089874,
    0.12334877252578735,
    0.14270605146884918,
    0.14147169888019562,
    0.15645718574523926,
    0.14829957485198975,
    0.16786333918571472,
    0.152128204703331,
    0.1458801031112671,
    0.14325150847434998,
    0.15351706743240356,
    0.15684978663921356,
    0.16402077674865723,
    0.17828232049942017,
    0.15335264801979065,
    0.1479579359292984,
    0.15072493255138397,
    0.15080875158309937,
    0.1497870683670044,
    0.16122138500213623,
    0.16420572996139526,
    0.1645706295967102,
    0.16825687885284424,
    0.17243729531764984,
    0.15923859179019928,
    0.16197814047336578,
    0.16254711151123047,
    0.16247570514678955,
    0.18019843101501465,
    0.1764187216758728,
    0.14925545454025269,
    0.1590171605348587,
    0.16151227056980133,
    0.17415699362754822,
    0.1547585427761078,
    0.1717815101146698,
    0.13770557940006256,
    0.15902991592884064,
    0.16663390398025513,
    0.1476040929555893,
    0.1775294989347458,
    0.19265316426753998,
    0.17859898507595062,
    0.15990498661994934,
    0.1618526726961136,
    0.1765851080417633,
    0.18568195402622223,
    0.16933007538318634,
    0.1658208966255188,
    0.1582454890012741,
    0.17617961764335632,
    0.17045272886753082,
    0.17333364486694336,
    0.17468640208244324,
    0.17904117703437805,
    0.1759568601846695,
    0.19002984464168549,
    0.18728598952293396,
    0.179844468832016,
    0.15985047817230225,
    0.13511507213115692,
    0.15480472147464752,
    0.16213858127593994,
    0.1665118783712387,
    0.1451035588979721,
    0.15385715663433075,
    0.15105389058589935,
    0.16446247696876526,
    0.1282641589641571,
    0.1385548710823059,
    0.13623209297657013,
    0.145244762301445,
    0.12992946803569794,
    0.12096551060676575,
    0.12048996984958649,
    0.11838255822658539,
    0.1396317183971405,
    0.11502036452293396,
    0.12159445136785507,
    0.16348940134048462,
    1.054931402206421,
    0.2972615957260132,
    0.14372089505195618,
    0.12180369347333908,
    0.1294889748096466,
    0.12459995597600937,
    0.1373390108346939,
    0.12600164115428925,
    0.12902522087097168,
    0.12951494753360748,
    0.1265992522239685,
    0.1315029114484787,
    0.11947415769100189,
    0.12619365751743317,
    0.12165819853544235,
    0.11761543899774551,
    0.13033026456832886,
    0.1216086894273758,
    0.1246442198753357,
    0.12821976840496063,
    0.1351238340139389,
    0.12268022447824478,
    0.1708323359489441,
    0.14264288544654846,
    0.15107320249080658,
    0.153808131814003,
    0.15295687317848206,
    0.1332760900259018,
    0.130919948220253,
    0.1427714079618454,
    0.1191364973783493,
    0.13996121287345886,
    0.1318102777004242,
    0.1576460748910904,
    0.14677724242210388,
    0.14115236699581146,
    0.14525310695171356,
    0.12655645608901978,
    0.12926948070526123,
    0.12610037624835968,
    0.1299467384815216,
    0.1515892595052719,
    0.1602807343006134,
    0.14726975560188293,
    0.14436596632003784,
    0.14641804993152618,
    0.13221101462841034,
    0.1355697065591812,
    0.11687638610601425,
    0.13190259039402008,
    0.12777957320213318,
    0.12518656253814697,
    0.11902094632387161,
    0.13400086760520935,
    0.11709070950746536,
    0.11790446192026138,
    0.12075073271989822,
    0.1280377209186554,
    0.14944574236869812,
    0.12945565581321716,
    0.12810668349266052,
    0.11877173185348511,
    0.1337047815322876,
    0.14775946736335754,
    0.20050111413002014,
    0.1407681107521057,
    0.1377881020307541,
    0.14064019918441772,
    0.12811703979969025,
    0.16817203164100647,
    0.1476680338382721,
    0.15304505825042725,
    0.14362405240535736,
    0.14526742696762085,
    0.15868689119815826,
    0.12585219740867615,
    0.13276541233062744,
    0.12507185339927673,
    0.12708893418312073,
    0.11629236489534378,
    0.11629173159599304,
    0.11881466209888458,
    0.11949142813682556,
    0.1253497153520584,
    0.11188866198062897,
    0.12956427037715912,
    0.12865154445171356,
    0.27383002638816833,
    0.1323007196187973,
    0.12584123015403748,
