{
  "version": "plots/_T_10_y0_0_001_network_architectures_4_50_activations_tanh_learning_rates_0_001_collocations_1024_epochs_50000_regularization_reg_derivative_reg_epochs_1_reg_coeff_10_reg_decay_1_/run_2",
  "seed": 1,
  "y0": 0.001,
  "T": 10,
  "N_col": 1024,
  "N_hidden": 4,
  "N_neurons": 50,
  "activation": "tanh",
  "N_epochs": 50000,
  "learning_rate": 0.001,
  "decay_rate": 1.0,
  "freq_log": 100,
  "freq_print": 1000,
  "keys_print": [
    "loss"
  ],
  "freq_save": 0,
  "regularization": "reg_derivative",
  "reg_coeff": 10,
  "reg_decay": 1,
  "reg_epochs": 1,
  "loss": [
    6.953154563903809,
    0.4777103364467621,
    0.4039947986602783,
    0.3435065448284149,
    0.3774458169937134,
    0.32661405205726624,
    0.3310909867286682,
    0.34618908166885376,
    0.2690354287624359,
    0.2365865707397461,
    0.23482823371887207,
    0.1925058662891388,
    0.17478099465370178,
    0.21980968117713928,
    0.1765677034854889,
    0.16963855922222137,
    0.18023213744163513,
    0.14920224249362946,
    0.1927843689918518,
    0.18287993967533112,
    0.16817910969257355,
    0.1663949340581894,
    0.19007733464241028,
    0.23170417547225952,
    0.21395687758922577,
    0.19352328777313232,
    0.20672720670700073,
    0.1862604320049286,
    0.1843101531267166,
    0.18186324834823608,
    0.1849016398191452,
    0.13700401782989502,
    0.1685413420200348,
    0.1576993763446808,
    0.16744911670684814,
    0.16379433870315552,
    0.14732791483402252,
    0.1725047081708908,
    0.17870812118053436,
    0.18542452156543732,
    0.17648638784885406,
    0.1716589480638504,
    0.13187633454799652,
    0.1463043987751007,
    0.1681203544139862,
    0.14661704003810883,
    0.14758606255054474,
    0.13749757409095764,
    0.1458667516708374,
    0.16552767157554626,
    0.14844582974910736,
    0.14310863614082336,
    0.1619204431772232,
    0.2068261206150055,
    0.16523636877536774,
    0.18748094141483307,
    0.2135315239429474,
    0.18971291184425354,
    0.1786527931690216,
    0.17117980122566223,
    0.155316561460495,
    0.15409529209136963,
    0.13456915318965912,
    0.15557172894477844,
    0.17300376296043396,
    0.15529155731201172,
    0.149412602186203,
    0.12642265856266022,
    0.1457565426826477,
    0.14045900106430054,
    0.14801903069019318,
    0.13788272440433502,
    0.13281315565109253,
    0.12601454555988312,
    0.1351545751094818,
    0.13022109866142273,
    0.13437628746032715,
    0.1300063282251358,
    0.1328015923500061,
    0.11131202429533005,
    0.11897885054349899,
    0.11790673434734344,
    0.12151144444942474,
    0.12012121826410294,
    0.1327250599861145,
    0.12898412346839905,
    0.15352210402488708,
    0.16778327524662018,
    0.1345035582780838,
    0.11205646395683289,
    0.11688130348920822,
    0.17495828866958618,
    0.1559051126241684,
    0.1487538367509842,
    0.14078311622142792,
    0.13235348463058472,
    0.13935774564743042,
    0.1338191032409668,
    0.1300516128540039,
    0.116679348051548,
    0.1269531100988388,
    0.15501944720745087,
    0.12064270675182343,
    0.11828996986150742,
    0.14008910953998566,
    0.12085538357496262,
    0.12242595106363297,
    0.11662397533655167,
    0.13427619636058807,
    0.1359577178955078,
    0.12963101267814636,
    0.18094751238822937,
    0.12145353108644485,
    0.1397533416748047,
    0.12916073203086853,
    0.14354577660560608,
    0.12733907997608185,
    0.1368326097726822,
    0.15580041706562042,
    0.13833929598331451,
    0.11629287898540497,
    0.1551080048084259,
    0.1426974982023239,
    0.13324369490146637,
    0.11495792865753174,
    0.13796666264533997,
    0.12507686018943787,
    0.15507851541042328,
    0.14867368340492249,
    0.15775516629219055,
    0.13676777482032776,
    0.13253836333751678,
    0.13843877613544464,
    0.13692963123321533,
    0.11476010084152222,
    0.12634485960006714,
    0.09980160742998123,
    0.15497656166553497,
    0.12761132419109344,
    0.12143103033304214,
    0.12660858035087585,
    0.15791311860084534,
    0.13017359375953674,
    0.12685760855674744,
    0.133545383810997,
    0.12631717324256897,
    0.1168949156999588,
    0.1172545924782753,
    0.1410851776599884,
    0.14167994260787964,
    0.12411588430404663,
    0.1250622421503067,
    0.127523273229599,
    0.1222073882818222,
    0.1140044555068016,
    0.11966004967689514,
    0.125629261136055,
    0.15248580276966095,
    0.13440380990505219,
    0.1433611810207367,
    0.1177743673324585,
    0.12158381193876266,
    0.13504530489444733,
    0.11797720193862915,
    0.11508163809776306,
    0.12169788777828217,
    0.13003689050674438,
    0.1553644984960556,
    0.13582532107830048,
    0.1462610960006714,
    0.16170820593833923,
    0.11864656955003738,
    0.1227995902299881,
    0.1255882829427719,
    0.14415311813354492,
    0.14140626788139343,
    0.15364448726177216,
    0.14933085441589355,
    0.14080148935317993,
    0.12305331230163574,
    0.12840153276920319,
    0.12234741449356079,
    0.11896342039108276,
    0.12678441405296326,
    0.11824458837509155,
    0.12167903035879135,
    0.12111617624759674,
    0.11341414600610733,
    0.13983818888664246,
    0.1251426488161087,
    0.12254003435373306,
    0.1296624094247818,
    0.13862310349941254,
    0.1343345046043396,
    0.13215388357639313,
    0.14345046877861023,
    0.11450959742069244,
    0.12470737099647522,
    0.13925160467624664,
    0.14375917613506317,
    0.13980421423912048,
    0.1461210697889328,
    0.14882293343544006,
    0.14521004259586334,
    0.15704256296157837,
    0.17180557548999786,
    0.16562460362911224,
    0.1534215211868286,
    0.1709468513727188,
    0.18097057938575745,
    0.18773582577705383,
    0.16129308938980103,
    0.18388822674751282,
    0.1504175215959549,
    0.19712042808532715,
    0.13953953981399536,
    0.12336248904466629,
    0.1234767735004425,
    0.14389944076538086,
    0.1445736438035965,
    0.14551950991153717,
    0.15546612441539764,
    0.1433412879705429,
    0.13011643290519714,
    0.12252852320671082,
    0.11970490962266922,
    0.13388845324516296,
    0.13956983387470245,
    0.1390460580587387,
    0.14131754636764526,
    0.15235839784145355,
    0.15040521323680878,
    0.15222758054733276,
    0.14242702722549438,
    0.1415540874004364,
    0.15126144886016846,
    0.14136402308940887,
    0.14263060688972473,
    0.13324591517448425,
    0.1306963860988617,
    0.13267190754413605,
    0.16688312590122223,
    0.20538067817687988,
    0.21237069368362427,
    0.1648777425289154,
    0.1560262143611908,
    0.17294108867645264,
    0.16212259232997894,
    0.16341142356395721,
    0.15272566676139832,
    0.18050473928451538,
    0.18337863683700562,
    0.20238016545772552,
    0.1609775274991989,
    0.16907989978790283,
    0.17551949620246887,
    0.1889118254184723,
    0.1818876564502716,
    0.17940086126327515,
    0.17504112422466278,
    0.15433891117572784,
    0.16544081270694733,
    0.17163431644439697,
    0.18007847666740417,
    0.1571824848651886,
    0.1632547378540039,
    0.14880111813545227,
    0.13921937346458435,
    0.1671072393655777,
    0.15141314268112183,
    0.15830135345458984,
    0.1423874944448471,
    0.16912652552127838,
    0.14132457971572876,
    0.16262005269527435,
    0.16392847895622253,
    0.1628231406211853,
    0.15843158960342407,
    0.1311497837305069,
    0.1411852389574051,
    0.13828732073307037,
    0.1464499980211258,
    0.12697069346904755,
    0.13004828989505768,
    0.13751044869422913,
    0.14573785662651062,
    0.16362261772155762,
    0.14242549240589142,
    0.13639552891254425,
    0.161143958568573,
    0.14723752439022064,
    0.15339146554470062,
    0.14465373754501343,
    0.1484125554561615,
    0.12794533371925354,
    0.12858137488365173,
    0.13603025674819946,
    0.12508760392665863,
    0.13648469746112823,
    0.11500782519578934,
