{
  "version": "plots/_T_10_y0_0_1_network_architectures_4_50_activations_tanh_learning_rates_0_001_collocations_1024_epochs_50000_regularization_reg_derivative_reg_epochs_1_reg_coeff_0_01_reg_decay_1_/run_1",
  "seed": 1,
  "y0": 0.1,
  "T": 10,
  "N_col": 1024,
  "N_hidden": 4,
  "N_neurons": 50,
  "activation": "tanh",
  "N_epochs": 50000,
  "learning_rate": 0.001,
  "decay_rate": 1.0,
  "freq_log": 100,
  "freq_print": 1000,
  "keys_print": [
    "loss"
  ],
  "freq_save": 0,
  "regularization": "reg_derivative",
  "reg_coeff": 0.01,
  "reg_decay": 1,
  "reg_epochs": 1,
  "loss": [
    0.22586271166801453,
    0.02139088325202465,
    0.017722755670547485,
    0.01635902002453804,
    0.015188709832727909,
    0.015045521780848503,
    0.014153247699141502,
    0.013653467409312725,
    0.013130519539117813,
    0.012457149103283882,
    0.011999402195215225,
    0.012548661790788174,
    0.012183088809251785,
    0.012402942404150963,
    0.012098759412765503,
    0.012271881103515625,
    0.011525324545800686,
    0.01220910158008337,
    0.011713444255292416,
    0.011799382045865059,
    0.011902310885488987,
    0.011686821468174458,
    0.011670163832604885,
    0.0119486628100276,
    0.011817088350653648,
    0.011830944567918777,
    0.011642398312687874,
    0.01163714099675417,
    0.011565384455025196,
    0.012165136635303497,
    0.011777020990848541,
    0.011883927509188652,
    0.011564400047063828,
    0.01157380174845457,
    0.01184457540512085,
    0.011853490024805069,
    0.011891698464751244,
    0.011812260374426842,
    0.012075020000338554,
    0.011383306235074997,
    0.011791620403528214,
    0.012007767334580421,
    0.011773433536291122,
    0.011729707010090351,
    0.011829391121864319,
    0.011716521345078945,
    0.011567219160497189,
    0.01180157158523798,
    0.011916102841496468,
    0.01176714152097702,
    0.011769707314670086,
    0.011653471738100052,
    0.012067064642906189,
    0.012309180572628975,
    0.0119642224162817,
    0.01186329685151577,
    0.012046082876622677,
    0.011634920723736286,
    0.012021467089653015,
    0.012024587951600552,
    0.01185497734695673,
    0.011712273582816124,
    0.012028155848383904,
    0.011657586321234703,
    0.012038202956318855,
    0.01178562268614769,
    0.011660542339086533,
    0.011719074100255966,
    0.011934180743992329,
    0.011661513708531857,
    0.01174087356775999,
    0.011979776434600353,
    0.011690842919051647,
    0.012230242602527142,
    0.011783481575548649,
    0.011457554996013641,
    0.01226644404232502,
    0.012046344578266144,
    0.011963032186031342,
    0.01167572196573019,
    0.011900456622242928,
    0.011898637749254704,
    0.011840522289276123,
    0.011772669851779938,
    0.011840824037790298,
    0.011575691401958466,
    0.011955061927437782,
    0.011889680288732052,
    0.011683489196002483,
    0.011623458936810493,
    0.01183655858039856,
    0.011426163837313652,
    0.011658137664198875,
    0.011395356617867947,
    0.011804547160863876,
    0.011813231743872166,
    0.011776765808463097,
    0.011761268600821495,
    0.011973396874964237,
    0.012037735432386398,
    0.011438000947237015,
    0.01169584970921278,
    0.011850845068693161,
    0.011700478382408619,
    0.011609744280576706,
    0.012196699157357216,
    0.011674060486257076,
    0.01185881718993187,
    0.011765827424824238,
    0.011796374805271626,
    0.01184304803609848,
    0.011885343119502068,
    0.011910557746887207,
    0.011780132539570332,
    0.011554375290870667,
    0.011846767738461494,
    0.011653856374323368,
    0.011648662388324738,
    0.011689983308315277,
    0.011921891011297703,
    0.011990267783403397,
    0.011816514655947685,
    0.011732812970876694,
    0.011630075983703136,
    0.011556912213563919,
    0.012075894512236118,
    0.011729815043509007,
    0.011827938258647919,
    0.011918981559574604,
    0.011743229813873768,
    0.01179618388414383,
    0.011410131119191647,
    0.011440255679190159,
    0.011650708504021168,
    0.01148485578596592,
    0.011595530435442924,
    0.011996297165751457,
    0.011686996556818485,
    0.011751636862754822,
    0.011673820205032825,
    0.011717511340975761,
    0.011680519208312035,
    0.011812343262135983,
    0.011596335098147392,
    0.012147454544901848,
    0.011781553737819195,
    0.011540459468960762,
    0.011687998659908772,
    0.011521648615598679,
    0.011887175031006336,
    0.011707717552781105,
    0.011707667261362076,
    0.011034375987946987,
    0.011761551722884178,
    0.011457393877208233,
    0.011710786260664463,
    0.011644359678030014,
    0.011844780296087265,
    0.011773153208196163,
    0.011729669757187366,
    0.011798105202615261,
    0.011617045849561691,
    0.011798352003097534,
    0.01188057940453291,
    0.01186090987175703,
    0.011766217648983002,
    0.011659185402095318,
    0.011558016762137413,
    0.011638224124908447,
    0.01165292039513588,
    0.01166057214140892,
    0.011720862239599228,
    0.01174105703830719,
    0.01179992314428091,
    0.011671231128275394,
    0.011663773097097874,
    0.01158175803720951,
    0.0118841752409935,
    0.011530190706253052,
    0.01163465902209282,
    0.012021388858556747,
    0.01148031186312437,
    0.011583286337554455,
    0.011897196993231773,
    0.011996098794043064,
    0.011807331815361977,
    0.011551499366760254,
    0.01172405295073986,
    0.011905109509825706,
    0.011883364990353584,
    0.012303498573601246,
    0.011533740907907486,
    0.011428894475102425,
    0.01179964654147625,
    0.011942722834646702,
    0.011641653254628181,
    0.011866380460560322,
    0.011620908975601196,
    0.011803780682384968,
    0.011810027062892914,
    0.011652100831270218,
    0.011893380433321,
    0.0117174182087183,
    0.012047146447002888,
    0.012028701603412628,
    0.011878013610839844,
    0.011408177204430103,
    0.012067142874002457,
    0.011946424841880798,
    0.011965467594563961,
    0.011623241938650608,
    0.01199223380535841,
    0.01168313343077898,
    0.011537794023752213,
    0.011784572154283524,
    0.011490480974316597,
    0.01168865617364645,
    0.01214507594704628,
    0.011790087446570396,
    0.011768519878387451,
    0.011872838251292706,
    0.011716908775269985,
    0.011603042483329773,
    0.011818522587418556,
    0.01197201106697321,
    0.011890946887433529,
    0.011952490545809269,
    0.0116494782269001,
    0.012056834995746613,
    0.012235965579748154,
    0.011734669096767902,
    0.011709138751029968,
    0.01177656278014183,
    0.012130176648497581,
    0.01169307716190815,
    0.01223229244351387,
    0.011679587885737419,
    0.011816684156656265,
    0.01203679759055376,
    0.011998513713479042,
    0.011761974543333054,
    0.011500338092446327,
    0.011609443463385105,
    0.011777356266975403,
    0.011586331762373447,
    0.011676177382469177,
    0.011601130478084087,
    0.011922275647521019,
    0.011572122573852539,
    0.011689871549606323,
    0.011815512552857399,
    0.011752111837267876,
    0.011514140293002129,
    0.011788036674261093,
    0.011641254648566246,
    0.011607646942138672,
    0.011727351695299149,
    0.01186533272266388,
    0.011407215148210526,
    0.01140693947672844,
    0.011805076152086258,
    0.011730706319212914,
    0.011529617011547089,
    0.011695295572280884,
    0.011315570212900639,
    0.01187162846326828,
    0.01210689079016447,
    0.01161796972155571,
    0.01180117204785347,
    0.012053824961185455,
    0.011968285776674747,
    0.011983298696577549,
    0.01185176707804203,
    0.011575546115636826,
    0.011911341920495033,
    0.011957060545682907,
    0.012037737295031548,
    0.01162325032055378,
    0.012228533625602722,
    0.011838015168905258,
    0.01174217276275158,
    0.011930551379919052,
    0.011840000748634338,
    0.012029789388179779,
    0.01158664096146822,
    0.011616230010986328,
    0.011402541771531105,
