{
  "version": "plots/_T_10_y0_0_1_network_architectures_4_50_activations_tanh_learning_rates_0_001_collocations_1024_epochs_50000_regularization_no_reg_reg_epochs_1_reg_coeff_10_reg_decay_1_/run_7",
  "seed": 1,
  "y0": 0.1,
  "T": 10,
  "N_col": 1024,
  "N_hidden": 4,
  "N_neurons": 50,
  "activation": "tanh",
  "N_epochs": 50000,
  "learning_rate": 0.001,
  "decay_rate": 1.0,
  "freq_log": 100,
  "freq_print": 1000,
  "keys_print": [
    "loss"
  ],
  "freq_save": 0,
  "regularization": "no_reg",
  "reg_coeff": 10,
  "reg_decay": 1,
  "reg_epochs": 1,
  "loss": [
    0.026406394317746162,
    0.0030827836599200964,
    0.0025577573105692863,
    0.002212227089330554,
    0.0019660992547869682,
    0.0018737642094492912,
    0.0015496353153139353,
    0.0010896656895056367,
    0.000897941819857806,
    0.0006402021972462535,
    0.00047500833170488477,
    0.00041394203435629606,
    0.0003615175373852253,
    0.0003155092417728156,
    0.00028701554401777685,
    0.0002735527232289314,
    0.00022249265748541802,
    0.0002442011027596891,
    0.0002144165337085724,
    0.0001936691114678979,
    0.00019983435049653053,
    0.0001829725079005584,
    0.00016657587548252195,
    0.00017438744544051588,
    0.00013667013263329864,
    0.00013770160148851573,
    0.00012103865446988493,
    0.0001477364858146757,
    0.0001116112107411027,
    9.037108975462615e-05,
    8.543308649677783e-05,
    0.00034153301385231316,
    0.0006583629874512553,
    0.00012964550114702433,
    9.144865907728672e-05,
    8.11724312370643e-05,
    7.760251901345327e-05,
    0.0002155020774807781,
    0.0001548412546981126,
    4.2649520764825866e-05,
    0.00021972981630824506,
    0.00027796506765298545,
    0.0002690918045118451,
    0.000106572981167119,
    1.9506638636812568e-05,
    0.00023681503080297261,
    7.15049245627597e-05,
    0.00045715723535977304,
    9.720437810756266e-05,
    4.833842103835195e-05,
    4.513034218689427e-05,
    6.581138586625457e-05,
    0.00013152700557839125,
    0.00028695358196273446,
    5.755788151873276e-06,
    1.8412807548884302e-05,
    2.550788485677913e-05,
    1.869485276984051e-05,
    6.670688890153542e-05,
    3.047682184842415e-05,
    1.0679933438950684e-05,
    1.2226991202624049e-05,
    2.1924529391981196e-06,
    2.318390670552617e-06,
    7.781098247505724e-05,
    4.468353290576488e-05,
    8.90952578629367e-05,
    0.00021667587861884385,
    1.631601480767131e-05,
    3.718132575158961e-06,
    9.932739430951187e-07,
    1.3263574146549217e-05,
    9.45319243328413e-07,
    0.00010205739818047732,
    1.8657706277735997e-06,
    0.00017063732957467437,
    2.022475428020698e-06,
    4.342273314250633e-06,
    1.6871217667357996e-05,
    9.653629604144953e-06,
    0.00012382850400172174,
    0.0016969909192994237,
    4.616046851424471e-07,
    9.767203300725669e-05,
    1.0871551239688415e-05,
    8.1484075053595e-05,
    3.770035846173414e-06,
    0.00014800089411437511,
    0.0009126655058935285,
    1.0351664968766272e-05,
    0.00030687073012813926,
    4.3334631527613965e-07,
    1.6940604837145656e-05,
    1.4931497389625292e-06,
    4.0833683101482166e-07,
    0.00033386528957635164,
    4.1874145040310395e-07,
    1.1724010619218461e-05,
    6.475142072304152e-06,
    0.0008923921268433332,
    3.794655185629381e-07,
    4.473470653465483e-06,
    5.904586259930511e-07,
    5.262665217742324e-05,
    0.0006081834435462952,
    1.8702909301282489e-06,
    0.00012868293561041355,
    4.026541091661784e-07,
    7.187525739027478e-07,
    3.0460489597317064e-07,
    5.2438572311075404e-05,
    5.676657110598171e-06,
    1.1874467418238055e-06,
    4.4374382923706435e-06,
    2.5707333406899124e-05,
    0.0002751478459686041,
    1.4747869499842636e-05,
    4.142063517065253e-06,
    2.3673142095503863e-06,
    5.8056671150552575e-06,
    1.2678415259870235e-06,
    7.197153536253609e-06,
    2.983849117299542e-05,
    5.234460695646703e-05,
    1.3559773037741252e-07,
    0.00047725075273774564,
    1.6658081847253925e-07,
    5.396668257162673e-06,
    3.173638469888829e-05,
    1.3595138170785503e-07,
    2.0864149519184139e-07,
    5.616316229861695e-07,
    1.4849723584120511e-06,
    1.2075366839781054e-07,
    0.00013251122436486185,
    0.00010591979662422091,
    2.4032664214246324e-07,
    0.0011143009178340435,
    3.053420414289576e-07,
    1.0027758889918914e-07,
    1.1271382049926615e-07,
    1.6330002949871414e-07,
    5.856629286427051e-05,
    0.0001787428482202813,
    4.0222948882728815e-06,
    3.866249244310893e-06,
    1.0307421689503826e-06,
    2.185882840421982e-05,
    5.394965410232544e-05,
    3.152342173962097e-07,
    1.061329930962529e-05,
    5.983328037473257e-07,
    3.4226981370011345e-05,
    3.5102912079310045e-05,
    4.152185738348635e-06,
    1.2745458377594332e-07,
    0.00015451163926627487,
    1.9950518037603615e-07,
    7.995853593456559e-06,
    4.53298866887053e-07,
    7.696825150560471e-07,
    1.7547824882058194e-07,
    2.7771704935730668e-06,
    0.00011062195699196309,
    1.056418568623485e-06,
    4.995767994842026e-07,
    2.0859047253907192e-06,
    0.0017977202078327537,
    0.0018808548338711262,
    0.0019236084772273898,
    0.001876655500382185,
    0.0019831378012895584,
    0.001944594201631844,
    0.0020578023977577686,
    0.001931764418259263,
    0.0019158024806529284,
    0.0017971114721149206,
    0.002081535058096051,
    0.0017599875573068857,
    0.0018389683682471514,
    0.0022944242227822542,
    0.001714071724563837,
    0.0018420019187033176,
    0.0021461639553308487,
    0.0022585424594581127,
    0.002010027412325144,
    0.0017717197770252824,
    0.0018963690381497145,
    0.0021005719900131226,
    0.0021215593442320824,
    0.0025181956589221954,
    0.0017687676008790731,
    0.0017215496627613902,
    0.0020047707948833704,
    0.0021875635720789433,
    0.0018791137263178825,
    0.0021315133199095726,
    0.0017407655250281096,
    0.002023077802732587,
    0.0020615605171769857,
    0.0019081893842667341,
    0.0021414360962808132,
    0.001955488696694374,
    0.0022683022543787956,
    0.0023664645850658417,
    0.002129798987880349,
    0.0016594731714576483,
    0.0022357997950166464,
    0.002170020714402199,
    0.002201700583100319,
    0.0018777616787701845,
    0.0023751233238726854,
    0.001914964523166418,
    0.0018223398365080357,
    0.002070444170385599,
    0.0017461971146985888,
    0.0019106687977910042,
    0.002425678540021181,
    0.0020026543643325567,
    0.0020075631327927113,
    0.00208126287907362,
    0.001963040791451931,
    0.001859486335888505,
    0.002012944780290127,
    0.0021873125806450844,
    0.002113081980496645,
    0.002225762465968728,
    0.0018804380670189857,
    0.002293662168085575,
    0.0024457797408103943,
    0.001955857966095209,
    0.00194977642968297,
    0.002024063840508461,
    0.0023600938729941845,
    0.0019299564883112907,
    0.0024550720117986202,
    0.0019076319877058268,
    0.0020658832509070635,
    0.0022648656740784645,
    0.0021767583675682545,
    0.001990108983591199,
    0.0017316793091595173,
    0.0018582934280857444,
    0.0019651465117931366,
    0.0018140925094485283,
    0.0019121179357171059,
    0.0018213633447885513,
    0.0021861845161765814,
    0.0018032442312687635,
    0.0019525443203747272,
    0.0020469871815294027,
    0.001956573687493801,
    0.0017432430759072304,
    0.002055501565337181,
    0.001882667071186006,
    0.0018047327175736427,
    0.0019627236761152744,
    0.002085377462208271,
    0.0016349544748663902,
    0.0016554396133869886,
    0.0020108986645936966,
    0.0019524774979799986,
    0.0017778212204575539,
    0.0019263316644355655,
    0.001533277565613389,
    0.0020938385277986526,
    0.0023418006021529436,
    0.001838059863075614,
    0.0020339409820735455,
    0.0022731127683073282,
    0.0021999268792569637,
    0.0022192164324223995,
    0.0020650895312428474,
