{
  "version": "plots/_T_10_y0_0_1_network_architectures_4_50_activations_tanh_learning_rates_0_001_collocations_1024_epochs_50000_regularization_no_reg_reg_epochs_1_reg_coeff_0_01_reg_decay_1_/run_8",
  "seed": 1,
  "y0": 0.1,
  "T": 10,
  "N_col": 1024,
  "N_hidden": 4,
  "N_neurons": 50,
  "activation": "tanh",
  "N_epochs": 50000,
  "learning_rate": 0.001,
  "decay_rate": 1.0,
  "freq_log": 100,
  "freq_print": 1000,
  "keys_print": [
    "loss"
  ],
  "freq_save": 0,
  "regularization": "no_reg",
  "reg_coeff": 0.01,
  "reg_decay": 1,
  "reg_epochs": 1,
  "loss": [
    0.033138927072286606,
    0.0019498749170452356,
    0.001859811833128333,
    0.0020260100718587637,
    0.0018253743182867765,
    0.0021045352332293987,
    0.002057447098195553,
    0.0021195444278419018,
    0.0020368273835629225,
    0.001879449817351997,
    0.0016781111480668187,
    0.0023582633584737778,
    0.002115283627063036,
    0.00240502436645329,
    0.00216655689291656,
    0.0023543802089989185,
    0.0016791876405477524,
    0.0023411745205521584,
    0.0019561252556741238,
    0.0019685649313032627,
    0.002159439492970705,
    0.001856538699939847,
    0.0019373492104932666,
    0.0022059432230889797,
    0.002018171362578869,
    0.0020099133253097534,
    0.001909390208311379,
    0.0018612159183248878,
    0.0018031677464023232,
    0.00237270281650126,
    0.0020566207822412252,
    0.0021019899286329746,
    0.0018301084637641907,
    0.0018008097540587187,
    0.0020136756356805563,
    0.0019057091558352113,
    0.0021229491103440523,
    0.0020215532276779413,
    0.0023163389414548874,
    0.0016524877864867449,
    0.00198726961389184,
    0.0022156958002597094,
    0.0019827475771307945,
    0.0019398999866098166,
    0.002026014029979706,
    0.0019559382926672697,
    0.0017661547753959894,
    0.0020352639257907867,
    0.00209586089476943,
    0.001990887336432934,
    0.0020155536476522684,
    0.0019214563071727753,
    0.00221606926061213,
    0.002134032314643264,
    0.0022226476576179266,
    0.0020287816878408194,
    0.0021693361923098564,
    0.0018422844586893916,
    0.002225056290626526,
    0.0021716817282140255,
    0.0020378497429192066,
    0.001994078978896141,
    0.0021997280418872833,
    0.0019139216747134924,
    0.002263312693685293,
    0.0019598661456257105,
    0.0019045784138143063,
    0.0019213719060644507,
    0.0020556049421429634,
    0.0018966166535392404,
    0.0019784006290137768,
    0.0021309019066393375,
    0.0018981765024363995,
    0.0023777016904205084,
    0.002005593851208687,
    0.0016655066283419728,
    0.0023885711561888456,
    0.002173155313357711,
    0.0021322444081306458,
    0.0019368085777387023,
    0.0021528296638280153,
    0.0020377561450004578,
    0.001942774630151689,
    0.0019504179945215583,
    0.0020587421022355556,
    0.0017780591733753681,
    0.0021205279044806957,
    0.0020869416184723377,
    0.0019492870196700096,
    0.001871429500170052,
    0.00202948902733624,
    0.0016594339394941926,
    0.0018860310083255172,
    0.0016740746796131134,
    0.002013332676142454,
    0.00200997618958354,
    0.002028421266004443,
    0.0020085610449314117,
    0.002202969044446945,
    0.0022470634430646896,
    0.0016341924201697111,
    0.0019298731349408627,
    0.002072344534099102,
    0.001967993099242449,
    0.0018590936670079827,
    0.0024364576674997807,
    0.0019072039285674691,
    0.0020676404237747192,
    0.0019951993599534035,
    0.0020156390964984894,
    0.0020580426789820194,
    0.0020843311212956905,
    0.002132315654307604,
    0.0019794958643615246,
    0.001774323871359229,
    0.002083675703033805,
    0.0018804261926561594,
    0.0018834959482774138,
    0.0019235843792557716,
    0.0021749334409832954,
    0.002233743667602539,
    0.0020408006384968758,
    0.0019662086851894855,
    0.001839182572439313,
    0.0017797499895095825,
    0.00227372907102108,
    0.0019939434714615345,
    0.002064561238512397,
    0.002105831168591976,
    0.001965670380741358,
    0.001976447645574808,
    0.0016726781614124775,
    0.001680422225035727,
    0.0018631701823323965,
    0.001728793140500784,
    0.0018537344876676798,
    0.0021984248887747526,
    0.0019021921325474977,
    0.0019805189222097397,
    0.0019051333656534553,
    0.0019382358295843005,
    0.001791310729458928,
    0.0020118376705795527,
    0.001823395024985075,
    0.0023774951696395874,
    0.0020129955373704433,
    0.0017785187810659409,
    0.0019244987051934004,
    0.0017411711160093546,
    0.002137045841664076,
    0.001921190181747079,
    0.0019183885306119919,
    0.0012525117490440607,
    0.00194584671407938,
    0.0016607525758445263,
    0.0019012689590454102,
    0.0018604102078825235,
    0.002041200175881386,
    0.002013456542044878,
    0.0019594132900238037,
    0.002041491214185953,
    0.001847600331529975,
    0.0019933090079575777,
    0.002097971737384796,
    0.0020800274796783924,
    0.001987759955227375,
    0.001889010425657034,
    0.0017692518886178732,
    0.0018775435164570808,
    0.0018732009921222925,
    0.0018575144931674004,
    0.0019637737423181534,
    0.0019658382516354322,
    0.0020317044109106064,
    0.00190362345892936,
    0.001893322914838791,
    0.0018020038260146976,
    0.002080568578094244,
    0.0017498417291790247,
    0.001846270402893424,
    0.0022144224494695663,
    0.0017045746790245175,
    0.0018397225067019463,
    0.002168067265301943,
    0.0022327271290123463,
    0.0020376997999846935,
    0.0017749135149642825,
    0.0019093400333076715,
    0.002122294157743454,
    0.0021005612798035145,
    0.0025494599249213934,
    0.0017658696742728353,
    0.0016712758224457502,
    0.002007127273827791,
    0.002166674705222249,
    0.0018729150760918856,
    0.0020825795363634825,
    0.0018322676187381148,
    0.0020201054867357016,
    0.002042503096163273,
    0.0018774117343127728,
    0.0021393790375441313,
    0.0019471743144094944,
    0.0022711551282554865,
    0.002269739517942071,
    0.002111435402184725,
    0.00162383948918432,
    0.00224506389349699,
    0.00216461019590497,
    0.00219382019713521,
    0.001860576681792736,
    0.002237205160781741,
    0.0019076059106737375,
    0.0017767411191016436,
    0.0019456944428384304,
    0.0017122982535511255,
    0.0018861244898289442,
    0.0023697821889072657,
    0.0020003346726298332,
    0.001979623455554247,
    0.002088028471916914,
    0.0019237357191741467,
    0.0018494080286473036,
    0.002040522638708353,
    0.0021634772419929504,
    0.002116502495482564,
    0.0021842443384230137,
    0.0018836050294339657,
    0.0022928377147763968,
    0.0024460407439619303,
    0.001948047778569162,
    0.0019420036114752293,
    0.0020282885525375605,
    0.002372183371335268,
    0.0018948817159980536,
    0.002449052408337593,
    0.0019020892214030027,
    0.0020313882268965244,
    0.002264701761305332,
    0.0021845551673322916,
    0.0019892151467502117,
    0.0017306165536865592,
    0.0018613841384649277,
    0.0019656424410641193,
    0.0018006706377491355,
    0.0019146925769746304,
    0.0018224635859951377,
    0.0021371268667280674,
    0.0018002197612076998,
    0.0019519245252013206,
    0.0020371456630527973,
    0.0019493151921778917,
    0.0017129561165347695,
    0.002032643649727106,
    0.0018535696435719728,
    0.001825536834076047,
    0.001970573328435421,
    0.002082117600366473,
    0.0016297311522066593,
    0.001655579311773181,
    0.0020189133938401937,
    0.0019529636483639479,
    0.001762982690706849,
    0.0019257168751209974,
    0.0015416131354868412,
    0.0021018083207309246,
    0.002300183055922389,
    0.0018347144359722733,
    0.0020106288138777018,
    0.0022724622394889593,
    0.00217428058385849,
    0.0022074179723858833,
    0.002059630351141095,
    0.0018111035460606217,
    0.0021369722671806812,
    0.0021770272869616747,
    0.0022579669021070004,
    0.0018492403905838728,
