{
  "version": "plots/_T_7_5_y0_0_1_network_architectures_4_50_activations_tanh_learning_rates_0_001_collocations_1024_epochs_50000_regularization_reg_derivative_reg_epochs_1_reg_coeff_1_reg_decay_1_/run_2",
  "seed": 1,
  "y0": 0.1,
  "T": 7.5,
  "N_col": 1024,
  "N_hidden": 4,
  "N_neurons": 50,
  "activation": "tanh",
  "N_epochs": 50000,
  "learning_rate": 0.001,
  "decay_rate": 1.0,
  "freq_log": 100,
  "freq_print": 1000,
  "keys_print": [
    "loss"
  ],
  "freq_save": 0,
  "regularization": "reg_derivative",
  "reg_coeff": 1,
  "reg_decay": 1,
  "reg_epochs": 1,
  "loss": [
    0.8031348586082458,
    0.12288937717676163,
    0.10813719034194946,
    0.09410251677036285,
    0.09068547189235687,
    0.08541570603847504,
    0.08238425850868225,
    0.08357995748519897,
    0.07297119498252869,
    0.0706254243850708,
    0.06288991123437881,
    0.06703856587409973,
    0.06308957934379578,
    0.05752349644899368,
    0.05381166562438011,
    0.051240164786577225,
    0.05286063626408577,
    0.050564542412757874,
    0.050305549055337906,
    0.04708903282880783,
    0.05181369557976723,
    0.048308953642845154,
    0.05034762993454933,
    0.0466107502579689,
    0.04798152297735214,
    0.04778832942247391,
    0.044192470610141754,
    0.05153128504753113,
    0.04840083420276642,
    0.04532361775636673,
    0.047762688249349594,
    0.04646918177604675,
    0.04601741582155228,
    0.04631143808364868,
    0.04440063238143921,
    0.048299383372068405,
    0.04387941211462021,
    0.04512982815504074,
    0.048699382692575455,
    0.045759595930576324,
    0.047350384294986725,
    0.049175575375556946,
    0.046367861330509186,
    0.04528207704424858,
    0.04399950057268143,
    0.04607827588915825,
    0.045856352895498276,
    0.050670333206653595,
    0.04690660163760185,
    0.04528094828128815,
    0.04436038061976433,
    0.046226371079683304,
    0.048047807067632675,
    0.043687980622053146,
    0.042558230459690094,
    0.04687481001019478,
    0.04415018856525421,
    0.04315263032913208,
    0.04501700401306152,
    0.04478500783443451,
    0.04671125113964081,
    0.04739571735262871,
    0.04352320730686188,
    0.046008624136447906,
    0.045345794409513474,
    0.046229034662246704,
    0.05361003428697586,
    0.04786059260368347,
    0.04766886308789253,
    0.04404487460851669,
    0.04703506827354431,
    0.04236479103565216,
    0.0474938228726387,
    0.044690489768981934,
    0.049859579652547836,
    0.04256907477974892,
    0.04359991475939751,
    0.0475538894534111,
    0.04400509223341942,
    0.04659136012196541,
    0.04680698364973068,
    0.04453599452972412,
    0.04662925377488136,
    0.04589327424764633,
    0.047158271074295044,
    0.04518386721611023,
    0.04481533542275429,
    0.04596231132745743,
    0.050075072795152664,
    0.04670053720474243,
    0.04708996042609215,
    0.046345725655555725,
    0.0431254580616951,
    0.04412608593702316,
    0.043919943273067474,
    0.042969681322574615,
    0.04625539109110832,
    0.044651828706264496,
    0.04794425517320633,
    0.052060406655073166,
    0.045149222016334534,
    0.04438086599111557,
    0.04563099145889282,
    0.046531304717063904,
    0.044805027544498444,
    0.047289710491895676,
    0.04279835522174835,
    0.048257142305374146,
    0.04459405690431595,
    0.043765321373939514,
    0.04269222170114517,
    0.044745028018951416,
    0.045922644436359406,
    0.04611072689294815,
    0.04391099512577057,
    0.04362247511744499,
    0.04405651241540909,
    0.046415120363235474,
    0.04549488425254822,
    0.04456325247883797,
    0.04325424134731293,
    0.0424349308013916,
    0.04714715853333473,
    0.04011807218194008,
    0.042697034776210785,
    0.04580973833799362,
    0.04379652440547943,
    0.04437045753002167,
    0.046238239854574203,
    0.046375926584005356,
    0.043003469705581665,
    0.04242997616529465,
    0.04528183862566948,
    0.046378422528505325,
    0.04344473406672478,
    0.04900748282670975,
    0.04895278811454773,
    0.04800562560558319,
    0.04386860504746437,
    0.04567461088299751,
    0.04815422371029854,
    0.04453808441758156,
    0.0421784445643425,
    0.045044589787721634,
    0.047793563455343246,
    0.04388197511434555,
    0.042136531323194504,
    0.04325660318136215,
    0.05017651617527008,
    0.0478663370013237,
    0.04675845056772232,
    0.04379129782319069,
    0.04231487214565277,
    0.04651537910103798,
    0.044983018189668655,
    0.04340961575508118,
    0.043510179966688156,
    0.044621553272008896,
    0.0477663017809391,
    0.04613753408193588,
    0.04196919500827789,
    0.04363798350095749,
    0.04292907565832138,
    0.04347240552306175,
    0.04682173579931259,
    0.044506289064884186,
    0.04402279853820801,
    0.042315710335969925,
    0.042704030871391296,
    0.041868697851896286,
    0.0467253141105175,
    0.03871191293001175,
    0.044591277837753296,
    0.0436582937836647,
    0.044831208884716034,
    0.044775038957595825,
    0.04595327377319336,
    0.04570361226797104,
    0.044414885342121124,
    0.04402213543653488,
    0.04581855610013008,
    0.043379172682762146,
    0.04390843212604523,
    0.043219201266765594,
    0.05011724680662155,
    0.044454678893089294,
    0.04367271065711975,
    0.04473581165075302,
    0.04610513895750046,
    0.04356859624385834,
    0.04319782555103302,
    0.041339896619319916,
    0.04301745444536209,
    0.04326890408992767,
    0.04348589479923248,
    0.045092515647411346,
    0.04801701009273529,
    0.042563632130622864,
    0.04542526230216026,
    0.045013003051280975,
    0.04665086418390274,
    0.04415569081902504,
    0.04058007150888443,
    0.04634016007184982,
    0.04845331609249115,
    0.043000660836696625,
    0.039773836731910706,
    0.04416162520647049,
    0.047068722546100616,
    0.04121340438723564,
    0.04462698474526405,
    0.045358918607234955,
    0.04559778422117233,
    0.04340324550867081,
    0.04464572295546532,
    0.04348023980855942,
    0.0438256599009037,
    0.04624421149492264,
    0.043065402656793594,
    0.04497671499848366,
    0.044142670929431915,
    0.04886053502559662,
    0.04781831428408623,
    0.043033864349126816,
    0.042374949902296066,
    0.04728568345308304,
    0.04534885287284851,
    0.0434042252600193,
    0.04575764387845993,
    0.044868990778923035,
    0.0431821309030056,
    0.04233677685260773,
    0.043090932071208954,
    0.042268987745046616,
    0.044979311525821686,
    0.04440300911664963,
    0.044666752219200134,
    0.04287656396627426,
    0.04403030872344971,
    0.04364867880940437,
    0.041514407843351364,
    0.04474633187055588,
    0.043734773993492126,
    0.04513644799590111,
    0.045220278203487396,
    0.043321505188941956,
    0.04822346568107605,
    0.04263222590088844,
    0.04396292194724083,
    0.040303342044353485,
    0.04447617754340172,
    0.04386785626411438,
    0.04363599419593811,
    0.0448889434337616,
    0.04325751215219498,
    0.041111260652542114,
    0.04270376265048981,
    0.04624764993786812,
    0.04436710476875305,
    0.042304493486881256,
    0.04484526813030243,
    0.04473021253943443,
    0.043820228427648544,
    0.0415198877453804,
    0.04336302727460861,
    0.043645575642585754,
    0.04517090693116188,
    0.046756990253925323,
    0.04144441336393356,
    0.04408643767237663,
    0.043413542211055756,
    0.04262718930840492,
    0.044282928109169006,
    0.04472742974758148,
    0.04427698254585266,
    0.045589469373226166,
    0.046649299561977386,
    0.04563102126121521,
    0.044744715094566345,
    0.04359130561351776,
    0.04570610076189041,
    0.04280431941151619,
    0.04220589995384216,
    0.044163770973682404,
    0.043622635304927826,
    0.04255938529968262,
    0.04429583251476288,
    0.04565407335758209,
    0.047192081809043884,
    0.045863255858421326,
    0.04129040241241455,
    0.043394897133111954,
    0.04252168536186218,
