{
  "version": "plots/_T_7_5_y0_0_1_network_architectures_4_50_activations_tanh_learning_rates_0_001_collocations_1024_epochs_50000_regularization_reg_derivative_reg_epochs_1_reg_coeff_10_reg_decay_1_/run_6",
  "seed": 1,
  "y0": 0.1,
  "T": 7.5,
  "N_col": 1024,
  "N_hidden": 4,
  "N_neurons": 50,
  "activation": "tanh",
  "N_epochs": 50000,
  "learning_rate": 0.001,
  "decay_rate": 1.0,
  "freq_log": 100,
  "freq_print": 1000,
  "keys_print": [
    "loss"
  ],
  "freq_save": 0,
  "regularization": "reg_derivative",
  "reg_coeff": 10,
  "reg_decay": 1,
  "reg_epochs": 1,
  "loss": [
    7.579037666320801,
    0.7297551035881042,
    0.7085195183753967,
    0.73224937915802,
    0.7272771000862122,
    0.7171694040298462,
    0.7271859645843506,
    0.7401660680770874,
    0.7083802223205566,
    0.7299554347991943,
    0.7390782833099365,
    0.7077764868736267,
    0.7079440951347351,
    0.7218073606491089,
    0.724503755569458,
    0.6952723264694214,
    0.6920354962348938,
    0.7041420936584473,
    0.6995004415512085,
    0.7233561277389526,
    0.7325735688209534,
    0.7414339780807495,
    0.7052884101867676,
    0.7147958874702454,
    0.7326717376708984,
    0.7116041779518127,
    0.6785258054733276,
    0.7391120791435242,
    0.7148804664611816,
    0.719785213470459,
    0.7286756038665771,
    0.7302695512771606,
    0.708080530166626,
    0.7283453941345215,
    0.724999189376831,
    0.7011117935180664,
    0.7112853527069092,
    0.7020598649978638,
    0.7243236303329468,
    0.7160717248916626,
    0.7239198088645935,
    0.7299827337265015,
    0.7176339626312256,
    0.6962397694587708,
    0.6925928592681885,
    0.7104017734527588,
    0.7304702401161194,
    0.7423619031906128,
    0.696387529373169,
    0.7462658286094666,
    0.7287222146987915,
    0.7518893480300903,
    0.7660236358642578,
    0.724959135055542,
    0.7104520797729492,
    0.743754506111145,
    0.727078914642334,
    0.7203338742256165,
    0.6849283576011658,
    0.7000133991241455,
    0.7357531785964966,
    0.724730372428894,
    0.7452046871185303,
    0.7304144501686096,
    0.703586220741272,
    0.7138770818710327,
    0.7323216199874878,
    0.7069385647773743,
    0.7353633642196655,
    0.7246955633163452,
    0.7040459513664246,
    0.7395839691162109,
    0.7113795876502991,
    0.669319212436676,
    0.7336167097091675,
    0.704417884349823,
    0.704495906829834,
    0.709438681602478,
    0.725106418132782,
    0.7245343327522278,
    0.6652944087982178,
    0.6823338866233826,
    0.7307144403457642,
    0.7045716643333435,
    0.7116624116897583,
    0.710853636264801,
    0.6801896095275879,
    0.717423677444458,
    0.7188409566879272,
    0.7384665012359619,
    0.6903045773506165,
    0.7291219234466553,
    0.7335953116416931,
    0.7201523184776306,
    0.7108724117279053,
    0.7238741517066956,
    0.7432912588119507,
    0.7215309143066406,
    0.6927275657653809,
    0.7221996188163757,
    0.7266945838928223,
    0.7376857995986938,
    0.7147805094718933,
    0.7111907005310059,
    0.7404038310050964,
    0.7062374353408813,
    0.7226158380508423,
    0.7128634452819824,
    0.7175650596618652,
    0.7063806056976318,
    0.7123452425003052,
    0.7285925149917603,
    0.740811824798584,
    0.7121574282646179,
    0.7208486795425415,
    0.7379109263420105,
    0.7072381973266602,
    0.715546190738678,
    0.7104093432426453,
    0.705305814743042,
    0.7120779156684875,
    0.6907740831375122,
    0.7379747629165649,
    0.7164952158927917,
    0.7027480006217957,
    0.7144815921783447,
    0.713322639465332,
    0.6925979256629944,
    0.7245683073997498,
    0.6869411468505859,
    0.7390880584716797,
    0.7095367908477783,
    0.7367138862609863,
    0.7041225433349609,
    0.6979401111602783,
    0.6991154551506042,
    0.7127777934074402,
    0.7132530212402344,
    0.6656994819641113,
    0.7070937156677246,
    0.7281695604324341,
    0.6815493106842041,
    0.6954671740531921,
    0.6921901702880859,
    0.7150728106498718,
    0.6857039332389832,
    0.6946502923965454,
    0.7186386585235596,
    0.7247899770736694,
    0.7138365507125854,
    0.7364653944969177,
    0.6969140768051147,
    0.7317209243774414,
    0.6901744604110718,
    0.7191113233566284,
    0.7034210562705994,
    0.6927585005760193,
    0.7449657917022705,
    0.7196141481399536,
    0.7044411897659302,
    0.7229155898094177,
    0.722774863243103,
    0.7260006070137024,
    0.7208735942840576,
    0.7103985548019409,
    0.7189280390739441,
    0.7089865207672119,
    0.7008410692214966,
    0.6987055540084839,
    0.7397117018699646,
    0.70029217004776,
    0.7359216213226318,
    0.711814284324646,
    0.7178843021392822,
    0.703382134437561,
    0.7161227464675903,
    0.7064531445503235,
    0.7018113136291504,
    0.7080293297767639,
    0.7316404581069946,
    0.7388510704040527,
    0.710565447807312,
    0.7371751070022583,
    0.7036529779434204,
    0.7117910981178284,
    0.7221155166625977,
    0.741268515586853,
    0.7182343602180481,
    0.7011354565620422,
    0.6888530254364014,
    0.7364845275878906,
    0.6920211315155029,
    0.7122277021408081,
    0.7337319850921631,
    0.6873541474342346,
    0.726357638835907,
    0.7335989475250244,
    0.683006763458252,
    0.7153401374816895,
    0.6928619146347046,
    0.7198096513748169,
    0.7237841486930847,
    0.6996206641197205,
    0.721766471862793,
    0.7110729813575745,
    0.684900164604187,
    0.6794134378433228,
    0.7458274960517883,
    0.732730507850647,
    0.7108365297317505,
    0.694473147392273,
    0.7200164794921875,
    0.7135927677154541,
    0.7291751503944397,
    0.6886841654777527,
    0.7218070030212402,
    0.6971918344497681,
    0.7100033760070801,
    0.6795223951339722,
    0.6911054253578186,
    0.689329206943512,
    0.7284992933273315,
    0.7368333339691162,
    0.6890254020690918,
    0.7306817770004272,
    0.7140047550201416,
    0.708716630935669,
    0.7277040481567383,
    0.7004297971725464,
    0.6715325117111206,
    0.7005465030670166,
    0.7144805788993835,
    0.7117742896080017,
    0.7180131077766418,
    0.7215961217880249,
    0.7231648564338684,
    0.6950669288635254,
    0.7097951173782349,
    0.7008652687072754,
    0.6931414604187012,
    0.7420122027397156,
    0.7362805604934692,
    0.7180917859077454,
    0.7021558284759521,
    0.6763789057731628,
    0.7358826398849487,
    0.7135701179504395,
    0.6997871994972229,
    0.714024007320404,
    0.7146012783050537,
    0.7101075649261475,
    0.7130848169326782,
    0.7362573146820068,
    0.7398219108581543,
    0.6775718927383423,
    0.7241828441619873,
    0.7314295768737793,
    0.6933491230010986,
    0.7462842464447021,
    0.7255239486694336,
    0.7192938923835754,
    0.6910241842269897,
    0.739920973777771,
    0.6795165538787842,
    0.7195543050765991,
    0.691627025604248,
    0.7053329944610596,
    0.7432529926300049,
    0.6882111430168152,
    0.7237794399261475,
    0.6858610510826111,
    0.7166447639465332,
    0.742735743522644,
    0.7380454540252686,
    0.7054656744003296,
    0.7027409076690674,
    0.7346683740615845,
    0.7092747092247009,
    0.7035297155380249,
    0.678833544254303,
    0.7428635358810425,
    0.6687530875205994,
    0.7060571312904358,
    0.7548209428787231,
    0.7047577500343323,
    0.7007905840873718,
    0.7038624286651611,
    0.6983343362808228,
    0.7018933296203613,
    0.6902809143066406,
    0.732202410697937,
    0.7111759781837463,
    0.7505089640617371,
    0.7329558730125427,
    0.7344354391098022,
    0.7178136110305786,
    0.7712576389312744,
    0.6958673596382141,
    0.7286047339439392,
    0.7327427864074707,
    0.6829216480255127,
    0.7345653772354126,
    0.7238819003105164,
    0.6909753084182739,
    0.7160928249359131,
    0.7341455221176147,
    0.7148308157920837,
    0.7230748534202576,
    0.7253665328025818,
    0.7363849878311157,
