{
  "version": "plots/_T_10_y0_0_001_network_architectures_4_50_activations_tanh_learning_rates_0_001_collocations_1024_epochs_50000_regularization_no_reg_reg_epochs_1_reg_coeff_10_reg_decay_1_/run_9",
  "seed": 1,
  "y0": 0.001,
  "T": 10,
  "N_col": 1024,
  "N_hidden": 4,
  "N_neurons": 50,
  "activation": "tanh",
  "N_epochs": 50000,
  "learning_rate": 0.001,
  "decay_rate": 1.0,
  "freq_log": 100,
  "freq_print": 1000,
  "keys_print": [
    "loss"
  ],
  "freq_save": 0,
  "regularization": "no_reg",
  "reg_coeff": 10,
  "reg_decay": 1,
  "reg_epochs": 1,
  "loss": [
    0.10274961590766907,
    1.107064508687472e-05,
    2.5181673208862776e-06,
    1.642137590351922e-06,
    9.652256949266302e-07,
    5.547584578380338e-07,
    4.0248590948976926e-07,
    3.1236720587912714e-07,
    2.3831863416035048e-07,
    2.222551245267823e-07,
    1.8478260699339444e-07,
    2.4591309966126573e-07,
    2.379990462486603e-07,
    2.775132088572718e-07,
    2.3818115835183562e-07,
    2.65667210896936e-07,
    2.499707534298068e-07,
    1.0824342098203488e-06,
    0.00018940240261144936,
    2.6002760478149867e-07,
    0.0005243803607299924,
    2.2648717390438833e-07,
    0.0004973764298483729,
    2.2250112863275717e-07,
    0.00011447860742919147,
    1.0125000699190423e-05,
    7.803208745826851e-07,
    2.022135419110782e-07,
    3.7040931601950433e-06,
    2.653927424489666e-07,
    2.0564337432915636e-07,
    1.1046999134123325e-05,
    1.8913139854248584e-07,
    0.00012197855539852753,
    2.543204118410358e-07,
    2.1505763925233623e-07,
    1.87059285963187e-05,
    3.148410314679495e-07,
    5.777274964202661e-06,
    2.3737023013836733e-07,
    0.00028811319498345256,
    2.524511444335076e-07,
    2.6849295409192564e-07,
    2.3947055183271004e-07,
    2.121578575042804e-07,
    4.545038245851174e-05,
    1.9471860923658824e-07,
    2.7410492293711286e-06,
    2.5001773451549525e-07,
    1.1093222383351531e-05,
    2.3856378561504243e-07,
    2.059432944179207e-07,
    1.4922478612788836e-06,
    5.48341313333367e-06,
    2.5738108888617717e-07,
    1.7129829075201997e-06,
    2.3282279926206684e-07,
    1.8843525140255224e-07,
    2.3310641950047284e-07,
    0.00018036206893157214,
    2.4221139938163105e-07,
    2.186709053830782e-07,
    9.523607786832144e-07,
    1.971493475139141e-07,
    2.1190101051615784e-06,
    2.081947627630143e-07,
    2.5680833459773567e-07,
    2.3636862067633047e-07,
    2.9526320304285036e-06,
    1.149374384112889e-06,
    2.2175598246576556e-07,
    2.056222001556307e-07,
    2.8825730623793788e-05,
    2.387605491094291e-07,
    1.9687820440594805e-07,
    1.9579505305955536e-07,
    2.553624369738827e-07,
    7.792201586198644e-07,
    2.237982812403061e-07,
    4.018791969429003e-06,
    2.3462797571482952e-07,
    2.2808627875292586e-07,
    2.9758766686427407e-06,
    1.9831921349577897e-07,
    2.1562425445154076e-07,
    7.488076334993821e-06,
    2.428390644126921e-07,
    2.1698159002880857e-07,
    7.887143169682531e-07,
    1.8975379134644754e-07,
    2.0654096033467795e-07,
    2.331098443164592e-07,
    2.009971638017305e-07,
    1.8183985162067984e-07,
    2.41871248363168e-07,
    4.577820800477639e-05,
    2.047247846803657e-07,
    2.0338330841696006e-07,
    0.00020346557721495628,
    2.7868736651726067e-07,
    2.39722140804588e-07,
    2.1206355427239032e-07,
    2.475439373483823e-07,
    2.146121858004335e-07,
    2.0531506095267105e-07,
    2.464429087467579e-07,
    2.0046138615725795e-07,
    2.0633402186831518e-07,
    2.1492564883374143e-07,
    2.179941134272667e-07,
    2.1481532996858732e-07,
    2.187529730690585e-07,
    2.1622201984428102e-07,
    2.098988147736236e-07,
    1.832081863994972e-07,
    2.2157620094276353e-07,
    1.9084053803908319e-07,
    2.0114772780743806e-07,
    1.9153247876602109e-07,
    2.288719258558558e-07,
    2.3502548174292315e-07,
    2.0793356725334888e-07,
    2.0478347551033949e-07,
    1.8926496636595402e-07,
    1.86993659667678e-07,
    2.3765674939113524e-07,
    2.0283997059777903e-07,
    2.0660141331063642e-07,
    2.187855159263563e-07,
    2.0536228362288966e-07,
    1.9855642108268512e-07,
    1.690549140676012e-07,
    1.8027367332251742e-07,
    1.9856176436405804e-07,
    1.798842106381926e-07,
    5.015552233089693e-06,
    3.9715069988233154e-07,
    3.155404328936129e-07,
    2.0802353617455083e-07,
    4.024711870442843e-07,
    4.1049614196708717e-07,
    1.825243600706017e-07,
    7.809464364072483e-07,
    1.800977145194338e-07,
    2.4447558644169476e-07,
    2.1373643903643824e-06,
    4.506736672738043e-07,
    9.425468761037337e-07,
    1.8723892480920767e-07,
    2.9844972004866577e-07,
    3.14235194309731e-07,
    7.507408099627355e-07,
    1.3702492651646025e-07,
    3.3357514439558145e-07,
    2.3728789244614745e-07,
    1.937078764058242e-07,
    2.2679378730572353e-07,
    2.244865697775822e-07,
    2.2194555526766635e-07,
    2.6039850808956544e-07,
    4.723195274891623e-07,
    1.9056913913573226e-07,
    2.7027198257201235e-07,
    5.316527449394925e-07,
    2.313913228135789e-06,
    3.911090402652917e-07,
    2.3252282232988364e-07,
    9.182596159007517e-07,
    1.8832531623047544e-07,
    1.972927350379905e-07,
    1.922230410400516e-07,
    2.156364473648864e-07,
    2.44087317469166e-07,
    2.842486424015078e-07,
    2.559161771387153e-07,
    2.1730625121563207e-07,
    1.9403454132316256e-07,
    2.129251299720636e-07,
    2.4047426450124476e-06,
    2.394077682765783e-07,
    2.6034047095890855e-07,
    2.1013178752582462e-07,
    7.190008659563318e-07,
    4.117349590160302e-07,
    2.270739116738696e-07,
    2.6717032142187236e-07,
    2.1343474543300545e-07,
    2.0299836478443467e-07,
    2.1862520327431412e-07,
    3.638184580267989e-07,
    4.3679668237928126e-07,
    1.8133096091332845e-07,
    1.6991448603675963e-07,
    2.0424292301868263e-07,
    2.2029223600839032e-07,
    1.8965613435284467e-07,
    2.0969750380572805e-07,
    1.8141163593554666e-07,
    2.054221397429501e-07,
    2.0622988472496218e-07,
    1.896199819384492e-07,
    2.1668262206731015e-07,
    1.9601731082730112e-07,
    2.2878128902448225e-07,
    2.316606071417482e-07,
    2.1313994125193858e-07,
    1.6445835626655025e-07,
    2.2830033685750095e-07,
    2.2015635181560356e-07,
    2.2063525761950586e-07,
    1.8703826754062902e-07,
    2.2525000531459227e-07,
    1.9393283423596586e-07,
    1.7937018981228903e-07,
    1.9479988111470448e-07,
    1.7357599801925971e-07,
    1.9097483061614184e-07,
    2.3988036446098704e-07,
    2.0204345219099196e-07,
    2.0030179825880623e-07,
    2.0821303792217805e-07,
    1.914934983915373e-07,
    1.8724821870819142e-07,
    2.0468155526032206e-07,
    2.191665231521256e-07,
    2.1306782116425893e-07,
    2.2065336224841303e-07,
    1.896158750014365e-07,
    2.3029681983643968e-07,
    2.4444304358439695e-07,
    1.9569358755688882e-07,
    1.9505783654949482e-07,
    2.0459441429920844e-07,
    2.3835367812807817e-07,
    1.9165833009537891e-07,
    2.4661142106197076e-07,
    1.9226207825795427e-07,
    2.0505783027147118e-07,
    2.305373527633492e-07,
    2.2241914621190517e-07,
    2.0179952286980551e-07,
    1.7726320322708489e-07,
    1.893184986556662e-07,
    2.234637150877461e-07,
    1.8500296050660836e-07,
    1.9428181019520707e-07,
    1.8421688707803696e-07,
    2.1655873183590302e-07,
    2.1754209456048557e-07,
    2.1972495289901417e-07,
    2.838392560988723e-07,
    1.9646105897663801e-07,
    1.812934158351709e-07,
    2.1814523165630817e-07,
    2.0524177557490475e-07,
    2.047196403509588e-07,
    3.2619226431052084e-07,
    2.1952219242393767e-07,
    1.8271420287874207e-07,
    1.7607197833058308e-07,
    2.5494048827567894e-07,
    2.790816893138981e-07,
    2.044428555336708e-07,
    2.0981491388738505e-07,
    1.9517230498422578e-07,
    2.162750973866423e-07,
    2.581599005679891e-07,
    2.568880290709785e-07,
    4.4263691734158783e-07,
