{
  "version": "plots/_T_10_y0_0_001_network_architectures_4_50_activations_tanh_learning_rates_0_001_collocations_1024_epochs_50000_regularization_no_reg_reg_epochs_1_reg_coeff_100000_reg_decay_1_/run_9",
  "seed": 1,
  "y0": 0.001,
  "T": 10,
  "N_col": 1024,
  "N_hidden": 4,
  "N_neurons": 50,
  "activation": "tanh",
  "N_epochs": 50000,
  "learning_rate": 0.001,
  "decay_rate": 1.0,
  "freq_log": 100,
  "freq_print": 1000,
  "keys_print": [
    "loss"
  ],
  "freq_save": 0,
  "regularization": "no_reg",
  "reg_coeff": 100000,
  "reg_decay": 1,
  "reg_epochs": 1,
  "loss": [
    0.03337888419628143,
    9.154313011094928e-05,
    2.1628302420140244e-05,
    8.602944035374094e-06,
    3.1217662126437062e-06,
    1.9094763956672978e-06,
    1.4225610129869892e-06,
    1.1952313343499554e-06,
    1.034928345688968e-06,
    8.440251804131549e-07,
    7.053335480122769e-07,
    7.170696108005359e-07,
    5.741138693338144e-07,
    5.22997311236395e-07,
    4.218595108795853e-07,
    3.848144842777401e-07,
    2.819133726461587e-07,
    2.9959397807033383e-07,
    2.6220251925224147e-07,
    2.495089006515627e-07,
    2.438350179545523e-07,
    2.1029342178735533e-07,
    2.1114445303282992e-07,
    2.3795766423972964e-07,
    2.208454361607437e-07,
    2.1078153622511309e-07,
    2.0425603963758476e-07,
    2.010370820926255e-07,
    1.8690278125177429e-07,
    2.468241291353479e-07,
    2.2048129721952137e-07,
    2.1911850467404292e-07,
    1.908431670472055e-07,
    1.9101307202618045e-07,
    2.1242803427412582e-07,
    1.936226254883877e-07,
    2.2372067576270638e-07,
    2.1195602073476039e-07,
    2.453815568514983e-07,
    1.8228831777378218e-07,
    2.0742453443745035e-07,
    2.3718490638202638e-07,
    2.084665027268784e-07,
    2.077250229604033e-07,
    2.1956415707791166e-07,
    2.1061569555058668e-07,
    1.9565382558539568e-07,
    7.183654133768869e-07,
    2.2180839209795522e-07,
    2.0828369429182203e-07,
    1.2372358924039872e-06,
    3.37522897098097e-06,
    2.546651671764266e-07,
    2.2468594806923647e-07,
    3.2108692948895623e-07,
    1.4564362572855316e-05,
    2.2307236235974415e-07,
    3.761855623451993e-05,
    1.3993405445944518e-05,
    3.235666667933401e-07,
    2.587279652743746e-07,
    2.8303888939262833e-06,
    2.5186744778693537e-07,
    2.3555251971174584e-07,
    3.0485866773233283e-06,
    2.12545984368262e-07,
    2.522727129417035e-07,
    2.1508057557184657e-07,
    0.00017353918519802392,
    2.0607917861070746e-07,
    0.0001077074120985344,
    1.096828327717958e-06,
    2.0799805611204647e-07,
    6.31096918368712e-05,
    1.1181249419678352e-06,
    3.599469948767364e-07,
    2.465621946612373e-07,
    7.06147829987458e-07,
    4.0402142076345626e-07,
    3.098783452060161e-07,
    2.1673284322787367e-07,
    2.375016379119188e-07,
    4.362397248769412e-06,
    2.0176537418592488e-07,
    2.3180413677437173e-07,
    2.164325252351773e-07,
    2.7219837647862732e-05,
    2.489431381036411e-07,
    1.9238393633713713e-07,
    1.8745072338788304e-07,
    2.1620698475999234e-07,
    1.7452131828576967e-07,
    5.022374125474016e-07,
    5.856836651219055e-07,
    2.10992809002164e-07,
    3.7943445363453066e-07,
    1.9920586055377498e-05,
    2.0459545169160265e-07,
    3.9636910287299543e-07,
    2.2847189029562287e-07,
    9.972924090106972e-06,
    3.3734650628503005e-07,
    3.4132181099266745e-06,
    2.0130366351622797e-07,
    1.9473387169455236e-07,
    2.3959225359249103e-07,
    1.9753770175157115e-07,
    2.0248972987246816e-07,
    2.547885173953546e-07,
    2.776471319521079e-07,
    2.1316002118965116e-07,
    2.300160133472673e-07,
    2.1498287594567955e-07,
    9.032957677845843e-06,
    7.975522748893127e-07,
    2.1359991819736024e-07,
    1.9080545143879135e-07,
    1.6775749827502295e-05,
    1.93352164501448e-07,
    2.2096035934282554e-07,
    2.670089997991454e-07,
    4.541969360616349e-07,
    1.9999902178824414e-07,
    1.854324409578112e-07,
    1.813425853924855e-07,
    2.3268489712791052e-07,
    2.0462664451770252e-07,
    2.376976624418603e-07,
    7.744784511487524e-07,
    2.0954071544565522e-07,
    3.546658149389259e-07,
    1.6728313312341925e-07,
    1.7708492805468268e-07,
    3.2193180231843144e-05,
    1.7368942906159646e-07,
    2.0805151734748506e-07,
    2.2293239965165412e-07,
    4.935156994179124e-06,
    3.4854485875257524e-07,
    4.065491623350681e-07,
    2.291035627877136e-07,
    1.0344920156057924e-06,
    2.1113068271461088e-07,
    1.860744589521346e-07,
    3.815500519976922e-07,
    0.00015401554992422462,
    3.2000792771214037e-07,
    1.938949196755857e-07,
    1.7707918686937774e-07,
    2.154292815248482e-07,
    1.9506094872667745e-07,
    1.9738580192552035e-07,
    1.2693544704234228e-07,
    1.9527382733031118e-07,
    1.6582747264237696e-07,
    1.9035505260944774e-07,
    1.8706137439039594e-07,
    2.0769452646618447e-07,
    2.0164380032383633e-07,
    1.9688400243467186e-07,
    2.0425181901373435e-07,
    1.8718307615017693e-07,
    2.024389971211349e-07,
    2.1090446011839958e-07,
    2.1020919405145833e-07,
    2.0129868971707765e-07,
    1.9142633789215324e-07,
    1.787589098967146e-07,
    1.8779667243506992e-07,
    1.9041944199216232e-07,
    1.884949512032108e-07,
    1.9761333192036545e-07,
    1.977028318833618e-07,
    2.050437331035937e-07,
    1.9297419839858776e-07,
    1.905240196720115e-07,
    1.8197127360508603e-07,
    2.1053250520708389e-07,
    1.7715305489218736e-07,
    1.8747344654457265e-07,
    2.2765706830796262e-07,
    1.7242052763322135e-07,
    1.8489022579615266e-07,
    2.166519124102706e-07,
    2.2906613139639376e-07,
    2.0678456280620594e-07,
    1.8273925661560497e-07,
    1.899398682780884e-07,
    2.142642472335865e-07,
    2.1124672855421522e-07,
    2.5012747073560604e-07,
    1.792224537666698e-07,
    1.682000458913535e-07,
    2.040879110154492e-07,
    2.1963501239952166e-07,
    1.898344237361016e-07,
    2.1316093068435293e-07,
    1.8797925349645084e-07,
    2.0878617590369686e-07,
    2.1291509710863465e-07,
    1.9192580680282845e-07,
    2.1527441163016192e-07,
    2.1181051579333143e-07,
    2.505781253603345e-07,
    3.148172709188657e-07,
    2.1739515432273038e-07,
    1.6913045897126722e-07,
    3.343419905377232e-07,
    3.592367079363612e-07,
    3.0671336048726516e-07,
    2.5333002895422396e-07,
    2.5311317131127e-07,
    2.1094162150347984e-07,
    2.5718054530443624e-07,
    3.4114452773792436e-07,
    2.063490853743133e-07,
    3.6182569829179556e-07,
    2.4979030399663316e-07,
    2.6635262884155964e-07,
    2.1511579006983084e-07,
    2.1033110897406004e-07,
    2.0953281421043357e-07,
    1.9515570670591842e-07,
    2.2475089167528495e-07,
    3.364804399552668e-07,
    3.3421633816033136e-07,
    2.649798602760711e-07,
    2.2045874459308834e-07,
    4.121318113448069e-07,
    2.88622345578915e-07,
    3.294019847999152e-07,
    3.3872308335958223e-07,
    1.572021346873953e-06,
    1.4196086794981966e-06,
    6.084958386054495e-07,
    4.839057510253042e-07,
    3.088011055751849e-07,
    2.8905540716550604e-07,
    3.309146450192202e-07,
    3.225516422844521e-07,
    2.8379389505062136e-07,
    2.417290829725971e-07,
    2.8323069045654847e-07,
    2.3341877408711298e-07,
    2.454483762903692e-07,
    2.536103238526266e-07,
    2.1965060170714423e-07,
    2.608098839118611e-07,
    2.3589595343764813e-07,
    2.492401449671888e-07,
    2.4441311552436673e-07,
    2.1965287544389867e-07,
    2.1265140048853937e-07,
    2.348367047488864e-07,
    2.081598893255432e-07,
    2.1168196440157772e-07,
    2.1943550621017494e-07,
    2.2726652559867944e-07,
    1.8606196761083993e-07,
    1.8447600780291395e-07,
    2.282875755099667e-07,
    2.0600603534148831e-07,
    2.006415797950467e-07,
    2.0710101011900406e-07,
    1.7676481434136804e-07,
    2.2993495463197178e-07,
    2.2915564557024481e-07,
    1.9440292930994474e-07,
