{
  "version": "model_weights/_T_10_y0_0_001_network_architectures_4_50_activations_tanh_learning_rates_0_001_collocations_1024_epochs_50000_reg_epochs_0_5_reg_coeff_1_reg_decay_1_/run_10",
  "seed": 1,
  "y0": 0.001,
  "T": 10,
  "N_col": 1024,
  "N_hidden": 4,
  "N_neurons": 50,
  "activation": "tanh",
  "N_epochs": 50000,
  "learning_rate": 0.001,
  "decay_rate": 1.0,
  "freq_log": 100,
  "freq_print": 1000,
  "keys_print": [
    "loss"
  ],
  "freq_save": 0,
  "reg_coeff": 1,
  "reg_decay": 1,
  "reg_epochs": 0.5,
  "loss": [
    0.14277443289756775,
    0.13533440232276917,
    0.13533331453800201,
    0.13533200323581696,
    0.13532860577106476,
    0.13531988859176636,
    0.13524581491947174,
    0.032712697982788086,
    0.03154619783163071,
    0.028628233820199966,
    0.02648473158478737,
    0.03335928916931152,
    0.031120050698518753,
    0.033012136816978455,
    0.029777880758047104,
    0.03184651583433151,
    0.02507089078426361,
    0.03132462128996849,
    0.02710338681936264,
    0.028410211205482483,
    0.028137311339378357,
    0.026799125596880913,
    0.027473025023937225,
    0.02970374934375286,
    0.028675513342022896,
    0.028155550360679626,
    0.026920583099126816,
    0.027246616780757904,
    0.026267174631357193,
    0.030994471162557602,
    0.02868776023387909,
    0.029212506487965584,
    0.02655532956123352,
    0.026647845283150673,
    0.02783353440463543,
    0.026462387293577194,
    0.029203074052929878,
    0.028738059103488922,
    0.030381888151168823,
    0.024631192907691002,
    0.02773420140147209,
    0.029845504090189934,
    0.028590820729732513,
    0.027378372848033905,
    0.027554906904697418,
    0.0281466543674469,
    0.025700658559799194,
    0.027584712952375412,
    0.028583060950040817,
    0.027809763327240944,
    0.028309648856520653,
    0.026532717049121857,
    0.030092015862464905,
    0.029043227434158325,
    0.030435318127274513,
    0.02766285091638565,
    0.02882668748497963,
    0.02613004855811596,
    0.03015003725886345,
    0.028596553951501846,
    0.027649683877825737,
    0.027011092752218246,
    0.03003525547683239,
    0.027781203389167786,
    0.03022422268986702,
    0.027392635121941566,
    0.027810927480459213,
    0.02735849842429161,
    0.029246114194393158,
    0.027185391634702682,
    0.028383389115333557,
    0.028181182220578194,
    0.027527233585715294,
    0.03138197213411331,
    0.027677219361066818,
    0.025410128757357597,
    0.03102177195250988,
    0.029849305748939514,
    0.02938409522175789,
    0.028337763622403145,
    0.02896728739142418,
    0.028718139976263046,
    0.026913495734333992,
    0.027859926223754883,
    0.028552711009979248,
    0.02653934620320797,
    0.02957502380013466,
    0.029322363436222076,
    0.02719338983297348,
    0.026565736159682274,
    0.028625236824154854,
    0.02414602041244507,
    0.027157962322235107,
    0.025425516068935394,
    0.02741343528032303,
    0.027531389147043228,
    0.027492117136716843,
    0.027319960296154022,
    0.029996469616889954,
    0.029737563803792,
    0.025317154824733734,
    0.026507027447223663,
    0.028845645487308502,
    0.02722286246716976,
    0.02703322283923626,
    0.03235409036278725,
    0.026037786155939102,
    0.028190091252326965,
    0.028623946011066437,
    0.028218872845172882,
    0.028686288744211197,
    0.027451753616333008,
    0.029475461691617966,
    0.02740204706788063,
    0.026509469375014305,
    0.029179636389017105,
    0.02692156285047531,
    0.027012063190340996,
    0.02723603881895542,
    0.029577801004052162,
    0.030310343950986862,
    0.02958747372031212,
    0.028200477361679077,
    0.026464540511369705,
    0.02592969685792923,
    0.03066738322377205,
    0.027956292033195496,
    0.02918180823326111,
    0.028932882472872734,
    0.028537563979625702,
    0.02708747610449791,
    0.025156060233712196,
    0.025318831205368042,
    0.026218438521027565,
    0.025629952549934387,
    0.027467142790555954,
    0.029969479888677597,
    0.026628848165273666,
    0.027705248445272446,
    0.027531377971172333,
    0.026940535753965378,
    0.02603837102651596,
    0.028840400278568268,
    0.026935894042253494,
    0.031227167695760727,
    0.027769330888986588,
    0.02643272653222084,
    0.027561087161302567,
    0.025976136326789856,
    0.0287732295691967,
    0.02782827615737915,
    0.027888379991054535,
    0.021382853388786316,
    0.027805011719465256,
    0.02463419735431671,
    0.027530847117304802,
    0.02709914743900299,
    0.02846188098192215,
    0.02781715616583824,
    0.02702789008617401,
    0.028580430895090103,
    0.027190998196601868,
    0.027278248220682144,
    0.028723256662487984,
    0.028462011367082596,
    0.027782659977674484,
    0.027906600385904312,
    0.02572699822485447,
    0.02726939134299755,
    0.027349982410669327,
    0.02662220597267151,
    0.028186775743961334,
    0.027821365743875504,
    0.028552863746881485,
    0.02698458731174469,
    0.026845308020710945,
    0.0269513837993145,
    0.029042772948741913,
    0.02579392120242119,
    0.027709970250725746,
    0.03095031902194023,
    0.0256657637655735,
    0.0267811082303524,
    0.029719620943069458,
    0.029855573549866676,
    0.028941050171852112,
    0.026680808514356613,
    0.027829889208078384,
    0.02917194552719593,
    0.02900252491235733,
    0.03256475552916527,
    0.02570956200361252,
    0.02561473846435547,
    0.028480196371674538,
    0.02988729067146778,
    0.027174046263098717,
    0.029077721759676933,
    0.027925556525588036,
    0.02827554941177368,
    0.028404217213392258,
    0.026709621772170067,
    0.029143717139959335,
    0.028436671942472458,
    0.030288927257061005,
    0.02996979095041752,
    0.029224809259176254,
    0.02542342245578766,
    0.03011210635304451,
    0.029434828087687492,
    0.02937544509768486,
    0.02718357741832733,
    0.03024398349225521,
    0.026982000097632408,
    0.02622678503394127,
    0.02803144045174122,
    0.025641418993473053,
    0.027572041377425194,
    0.03084779903292656,
    0.028063170611858368,
    0.027414701879024506,
    0.02929810993373394,
    0.027756772935390472,
    0.027597850188612938,
    0.02949679084122181,
    0.0297070499509573,
    0.028857365250587463,
    0.02845337986946106,
    0.027282126247882843,
    0.03061632253229618,
    0.03244407847523689,
    0.02769741415977478,
    0.02740537002682686,
    0.027966370806097984,
    0.031617555767297745,
    0.02682614140212536,
    0.03258117288351059,
    0.026914581656455994,
    0.027617670595645905,
    0.030600151047110558,
    0.030381038784980774,
    0.027864571660757065,
    0.02557021751999855,
    0.02730666846036911,
    0.027820497751235962,
    0.026793131604790688,
    0.027508024126291275,
    0.025919916108250618,
    0.029455922544002533,
    0.02676805481314659,
    0.028563927859067917,
    0.02827129140496254,
    2.673995004442986e-05,
    1.0758794815046713e-05,
    1.0795976777444594e-05,
    5.11024882143829e-06,
    5.362186584534356e-06,
    3.0908413464203477e-06,
    3.474219965937664e-06,
    2.0748002498294227e-06,
    3.2188522709475365e-06,
    2.035743818851188e-06,
    5.088793841423467e-06,
    1.4342990652949084e-06,
    1.2989739843760617e-06,
    1.1002916835423093e-06,
    1.2281832368898904e-06,
    1.2009037391180755e-06,
    2.646174380060984e-06,
    1.5543004110440961e-06,
    9.782061169971712e-07,
    3.198859758413164e-06,
    1.1527862625371199e-05,
    8.30516682981397e-07,
    9.084538987735868e-07,
    1.3854038343197317e-06,
    5.640084054903127e-06,
    8.823633947940834e-07,
    5.780958645118517e-07,
    3.3293276828771923e-06,
    5.027479232921905e-07,
    1.6484664229210466e-06,
    5.9125704865437e-07,
    4.788726641891117e-07,
    1.344319343843381e-06,
    1.2528964816738153e-06,
    3.975559081936808e-07,
    1.1638630894594826e-06,
    8.796730980975553e-06,
    4.751564972593769e-07,
