{
  "version": "model_weights/_T_7_5_y0_0_01_network_architectures_4_50_activations_tanh_learning_rates_0_001_collocations_1024_epochs_50000_reg_epochs_0_75_reg_coeff_1_reg_decay_1_/run_3",
  "seed": 1,
  "y0": 0.01,
  "T": 7.5,
  "N_col": 1024,
  "N_hidden": 4,
  "N_neurons": 50,
  "activation": "tanh",
  "N_epochs": 50000,
  "learning_rate": 0.001,
  "decay_rate": 1.0,
  "freq_log": 100,
  "freq_print": 1000,
  "keys_print": [
    "loss"
  ],
  "freq_save": 0,
  "reg_coeff": 1,
  "reg_decay": 1,
  "reg_epochs": 0.75,
  "loss": [
    0.16379529237747192,
    0.13534098863601685,
    0.1350293606519699,
    0.035248659551143646,
    0.03339690342545509,
    0.03747973591089249,
    0.03697013854980469,
    0.03585204482078552,
    0.03649957478046417,
    0.033495351672172546,
    0.03055039793252945,
    0.03753482922911644,
    0.036911919713020325,
    0.03871776908636093,
    0.03534708172082901,
    0.037848904728889465,
    0.030661657452583313,
    0.03792852908372879,
    0.03263387084007263,
    0.034491557627916336,
    0.034067004919052124,
    0.03310183435678482,
    0.033788375556468964,
    0.03690795600414276,
    0.03477151691913605,
    0.03413144499063492,
    0.03299424797296524,
    0.03328284993767738,
    0.03232910484075546,
    0.037160977721214294,
    0.03475959599018097,
    0.03588222712278366,
    0.03256474435329437,
    0.03266202658414841,
    0.03387979418039322,
    0.03317483887076378,
    0.03496894985437393,
    0.03586767241358757,
    0.03663911297917366,
    0.030384428799152374,
    0.033518366515636444,
    0.03636018931865692,
    0.03516606241464615,
    0.03351256996393204,
    0.0333508737385273,
    0.034367553889751434,
    0.031230807304382324,
    0.03269767016172409,
    0.034700408577919006,
    0.033892180770635605,
    0.03498058766126633,
    0.0320359468460083,
    0.036177344620227814,
    0.035438407212495804,
    0.036455608904361725,
    0.033106159418821335,
    0.03476183861494064,
    0.03111972101032734,
    0.03661137446761131,
    0.034443870186805725,
    0.03327241167426109,
    0.032867446541786194,
    0.03621320426464081,
    0.033349473029375076,
    0.03596438094973564,
    0.0337812639772892,
    0.03445669636130333,
    0.03364522010087967,
    0.0357108972966671,
    0.03341894969344139,
    0.03497917950153351,
    0.03408839553594589,
    0.033704839646816254,
    0.037789247930049896,
    0.03352240100502968,
    0.031369056552648544,
    0.036682143807411194,
    0.03612944856286049,
    0.035753101110458374,
    0.035141825675964355,
    0.03524570167064667,
    0.03502889350056648,
    0.032893091440200806,
    0.034438759088516235,
    0.03445083647966385,
    0.032808855175971985,
    0.03579153120517731,
    0.035780005156993866,
    0.033170148730278015,
    0.032156724482774734,
    0.03486567363142967,
    0.029290717095136642,
    0.03333669155836105,
    0.03132680058479309,
    0.03336431831121445,
    0.033167764544487,
    0.03327667713165283,
    0.032851606607437134,
    0.036378756165504456,
    0.03582557663321495,
    0.031363923102617264,
    0.03205474093556404,
    0.03486516326665878,
    0.032878488302230835,
    0.032981812953948975,
    0.03914039582014084,
    0.03123466856777668,
    0.03467091917991638,
    0.03522173687815666,
    0.03442162647843361,
    0.034546416252851486,
    0.03255544602870941,
    0.03524146229028702,
    0.033325184136629105,
    0.03270890563726425,
    0.03519336134195328,
    0.032847121357917786,
    0.03282615542411804,
    0.03303832560777664,
    0.035985954105854034,
    0.03671698272228241,
    0.03618800640106201,
    0.034415144473314285,
    0.03239971026778221,
    0.03209125995635986,
    0.03707793354988098,
    0.03380335122346878,
    0.03548871725797653,
    0.03474581241607666,
    0.03486833721399307,
    0.03294266387820244,
    0.03101477026939392,
    0.031127654016017914,
    0.032070260494947433,
    0.03177548572421074,
    0.03427398204803467,
    0.036577802151441574,
    0.03223203122615814,
    0.03382795304059982,
    0.03389090672135353,
    0.03240866959095001,
    0.032046958804130554,
    0.035336144268512726,
    0.0338820144534111,
    0.03742162883281708,
    0.03312301263213158,
    0.03230825066566467,
    0.03324682638049126,
    0.03187589719891548,
    0.034898631274700165,
    0.03407031670212746,
    0.033707309514284134,
    0.026954922825098038,
    0.03424364700913429,
    0.03023720160126686,
    0.03346288204193115,
    0.0332455188035965,
    0.034508850425481796,
    0.03347437083721161,
    0.03277366980910301,
    0.03456247225403786,
    0.03319225832819939,
    0.032713983207941055,
    0.034729260951280594,
    0.03442034125328064,
    0.03342854231595993,
    0.03421478718519211,
    0.03147789463400841,
    0.03316643089056015,
    0.03299873322248459,
    0.03253617882728577,
    0.03440799564123154,
    0.03403604403138161,
    0.0345366895198822,
    0.03270687907934189,
    0.032717179507017136,
    0.033351585268974304,
    0.035599786788225174,
    0.03153155744075775,
    0.034109361469745636,
    0.03700195625424385,
    0.03152972832322121,
    0.03278186917304993,
    0.035952579230070114,
    0.03588341549038887,
    0.035122744739055634,
    0.03293750435113907,
    0.03408607095479965,
    0.03492968529462814,
    0.035341814160346985,
    0.03838139772415161,
    0.031404804438352585,
    0.03126208484172821,
    0.034816209226846695,
    0.03641063719987869,
    0.03335006535053253,
    0.03527675196528435,
    0.03510371968150139,
    0.03432257100939751,
    0.035136595368385315,
    0.032526396214962006,
    0.03480295091867447,
    0.034722235053777695,
    0.036387376487255096,
    0.03587018698453903,
    0.03562619909644127,
    0.03134436160326004,
    0.036156538873910904,
    0.03537672013044357,
    0.03496149927377701,
    0.03344234451651573,
    0.036238156259059906,
    0.033046893775463104,
    0.031835123896598816,
    0.034580670297145844,
    0.03149794042110443,
    0.03388851508498192,
    0.03665100783109665,
    0.034199051558971405,
    0.03278270363807678,
    0.03605896234512329,
    0.03427399322390556,
    0.03392694890499115,
    0.036287613213062286,
    0.036115020513534546,
    0.03503454104065895,
    0.03390775993466377,
    0.033343907445669174,
    0.036727070808410645,
    0.03897193819284439,
    0.03417367488145828,
    0.0331181176006794,
    0.03369147330522537,
    0.03793276846408844,
    0.03274702653288841,
    0.03918419033288956,
    0.032705292105674744,
    0.03305975720286369,
    0.0368565209209919,
    0.03689613938331604,
    0.03361344709992409,
    0.03139239177107811,
    0.03339666873216629,
    0.034345321357250214,
    0.03299717977643013,
    0.03341014310717583,
    0.03161103278398514,
    0.035779744386672974,
    0.03291270136833191,
    0.03519323468208313,
    0.034154973924160004,
    0.033262405544519424,
    0.0322783887386322,
    0.0346880741417408,
    0.03250458464026451,
    0.032455578446388245,
    0.03374587744474411,
    0.03474945202469826,
    0.030791934579610825,
    0.030953455716371536,
    0.034137237817049026,
    0.03366168215870857,
    0.03275329992175102,
    0.03472808375954628,
    0.031607601791620255,
    0.03530313819646835,
    0.035814907401800156,
    0.033103059977293015,
    0.033955130726099014,
    0.03713966906070709,
    0.03642477095127106,
    0.03597800433635712,
    0.03407324105501175,
    0.03191879391670227,
    0.03730302304029465,
    0.03538957238197327,
    0.03712189942598343,
    0.03237868845462799,
    0.037358608096838,
    0.03500225022435188,
    0.03375192731618881,
    0.03565434738993645,
    0.03436475247144699,
    0.035582564771175385,
    0.03246364742517471,
    0.033020127564668655,
    0.03133315220475197,
    0.03453587368130684,
    0.031179871410131454,
    0.03395633399486542,
    0.03420184925198555,
    0.03376062586903572,
    0.03286219760775566,
    0.032589443027973175,
    0.03490908443927765,
