{
  "version": "plots/_T_10_y0_0_001_network_architectures_4_50_activations_tanh_learning_rates_0_001_collocations_1024_epochs_50000_regularization_unstable_fp_reg_epochs_1_reg_coeff_1_reg_decay_1_/run_7",
  "seed": 1,
  "y0": 0.001,
  "T": 10,
  "N_col": 1024,
  "N_hidden": 4,
  "N_neurons": 50,
  "activation": "tanh",
  "N_epochs": 50000,
  "learning_rate": 0.001,
  "decay_rate": 1.0,
  "freq_log": 100,
  "freq_print": 1000,
  "keys_print": [
    "loss"
  ],
  "freq_save": 0,
  "regularization": "unstable_fp",
  "reg_coeff": 1,
  "reg_decay": 1,
  "reg_epochs": 1,
  "loss": [
    0.06257735192775726,
    9.759711247170344e-06,
    2.7398980364523595e-06,
    2.446475718898e-06,
    2.0188010694255354e-06,
    2.2154947600938613e-06,
    2.156691607524408e-06,
    2.238925389974611e-06,
    2.964022542073508e-06,
    4.547661774267908e-06,
    2.6054976842715405e-06,
    2.657608547451673e-06,
    2.406197154414258e-06,
    2.462237716827076e-06,
    1.8589457795314956e-06,
    9.33662067836849e-06,
    2.4235036107711494e-05,
    4.8011046601459384e-05,
    2.470075742166955e-06,
    2.5730660127010196e-06,
    8.10668552730931e-06,
    7.5254743023833726e-06,
    0.00020077357476111501,
    7.329815161938313e-06,
    1.8515048623157782e-06,
    5.768214396084659e-05,
    3.0772341688134475e-06,
    2.4167466108337976e-06,
    1.6464655345771462e-05,
    4.0019865991780534e-05,
    1.7547562265463057e-06,
    2.465417765051825e-06,
    9.371916348754894e-06,
    3.0394826353585813e-06,
    2.0171369214949664e-06,
    2.5994120278483024e-06,
    8.447084837825969e-06,
    2.389645032963017e-06,
    3.423276211833581e-05,
    1.8124355847248808e-05,
    1.334053467871854e-05,
    9.832678188104182e-05,
    1.1154868843732402e-05,
    2.5573608581908047e-06,
    5.509444235940464e-06,
    4.2305637180106714e-06,
    2.4789326289464952e-06,
    4.210908628010657e-06,
    2.7887977012142073e-06,
    4.4177158997626975e-06,
    2.7577107175602578e-06,
    5.025231530453311e-06,
    5.709622200811282e-06,
    3.169787078149966e-06,
    2.779622718662722e-06,
    1.3156433169569937e-06,
    2.5644590095907915e-06,
    3.295341457487666e-06,
    2.843525862772367e-06,
    2.6782631721289363e-06,
    8.14812483440619e-06,
    2.077001227007713e-06,
    6.091965133236954e-06,
    3.1177594337350456e-06,
    6.343267159536481e-06,
    2.465540319462889e-06,
    8.41336623125244e-06,
    9.893142305372749e-06,
    3.990382538177073e-06,
    2.4033361114561558e-06,
    2.258722361148102e-06,
    2.160559006370022e-06,
    2.4513390144420555e-06,
    2.1164662484807195e-06,
    5.11087955601397e-06,
    6.820264388807118e-06,
    1.978911768674152e-06,
    1.34239262479241e-05,
    2.426588480375358e-06,
    3.1353913527709665e-06,
    2.981330453621922e-06,
    5.906129899813095e-06,
    1.6028117897803895e-05,
    2.33992250286974e-06,
    2.992568397530704e-06,
    1.8828034171747277e-06,
    2.004861926252488e-06,
    2.8864301384601276e-06,
    2.7868791221408173e-06,
    7.735182407486718e-06,
    1.9018209513887996e-06,
    1.8539531083661132e-06,
    3.7039501421531895e-06,
    2.7074236186308553e-06,
    2.7051341930928174e-06,
    2.1569371710938867e-06,
    2.464728368067881e-06,
    2.1882628971070517e-06,
    2.2320850803225767e-06,
    9.814775694394484e-06,
    1.6137322518261499e-06,
    2.184801815019455e-06,
    2.7896519441128476e-06,
    2.0495504031714518e-06,
    1.712428570499469e-06,
    1.5454413642146392e-06,
    1.5660970120734419e-06,
    2.0203124222462066e-06,
    1.9632329895102885e-06,
    2.0849697648372967e-06,
    1.8714060843194602e-06,
    2.32346565098851e-06,
    4.573983005684568e-06,
    2.3531388251285534e-06,
    5.426390998763964e-06,
    1.9937390334234806e-06,
    2.021986119871144e-06,
    2.1842351998202503e-06,
    5.091467301099328e-06,
    2.5113167794188485e-06,
    1.6846104244905291e-06,
    2.44815828409628e-06,
    2.5761848974070745e-06,
    2.9853210889996262e-06,
    1.950060777744511e-06,
    3.906856363755651e-06,
    1.895631385195884e-06,
    7.284033017640468e-06,
    2.948647761513712e-06,
    2.834153974617948e-06,
    2.8851034130639164e-06,
    5.254572442936478e-06,
    2.503842779333354e-06,
    1.6184937976504443e-06,
    1.839037054196524e-06,
    1.931226279339171e-06,
    2.1053924683656078e-06,
    1.8382735333943856e-06,
    2.8705503609671723e-06,
    1.6127812614286086e-06,
    2.830157882272033e-06,
    2.102724465657957e-06,
    1.667194624133117e-06,
    2.2083659132476896e-06,
    1.5686540564274765e-06,
    2.383381342951907e-06,
    1.6557653452764498e-06,
    5.242765382718062e-06,
    2.0741456410178216e-06,
    2.0296345155657036e-06,
    1.6726222611396224e-06,
    2.0365937416499946e-06,
    2.0506054170255084e-06,
    2.3290697299671592e-06,
    2.0219185898895375e-06,
    4.403621915116673e-06,
    2.5312886009487556e-06,
    1.7374845810991246e-06,
    1.2610836392923375e-06,
    2.2136127881822176e-06,
    2.791843598970445e-06,
    2.9441732749546645e-06,
    1.6223550574068213e-06,
    2.3770107873133384e-06,
    2.512215814931551e-06,
    5.364815933717182e-06,
    2.604386281745974e-06,
    2.7526048143045045e-06,
    2.925153467003838e-06,
    2.4283581296913326e-06,
    1.974415454242262e-06,
    2.0000898075522855e-06,
    2.040049366769381e-06,
    2.0049405975441914e-06,
    2.018479790422134e-06,
    5.7393790484638885e-06,
    2.318354290764546e-06,
    1.977974534383975e-06,
    1.6969355556284427e-06,
    2.2059477487346157e-05,
    2.87142120214412e-06,
    2.0269110336812446e-06,
    1.7460017716075527e-06,
    1.6521302086403011e-06,
    1.6095584669528762e-06,
    2.272122628710349e-06,
    2.622063902890659e-06,
    2.2189692572283093e-06,
    2.0287720872147474e-06,
    2.3674747353652492e-06,
    1.9163976503477897e-06,
    1.980276238100487e-06,
    1.4133890999801224e-06,
    1.3793001016892958e-06,
    1.9531173620634945e-06,
    2.8594554351002444e-06,
    2.4144169401552062e-06,
    1.3957256896901526e-06,
    2.1541227397392504e-06,
    1.9980266188213136e-06,
    2.035787929344224e-06,
    1.9709550542756915e-06,
    1.900891675177263e-06,
    2.1169155388633953e-06,
    1.9982524008810287e-06,
    1.991039880522294e-06,
    2.1575899609160842e-06,
    1.9861759028572123e-06,
    1.972874997591134e-06,
    1.685733536760381e-06,
    2.6824088763532927e-06,
    2.594368652353296e-06,
    2.235727379229502e-06,
    1.6044709809648339e-06,
    2.4369799120904645e-06,
    1.7469052409069263e-06,
    1.8006454638452851e-06,
    2.4863099952199263e-06,
    2.415246854070574e-06,
    2.6348659503128147e-06,
    2.4278367618535412e-06,
    2.2593549147131853e-06,
    2.0482959826040315e-06,
    2.342558218515478e-06,
    2.4567186756030424e-06,
    1.779543595148425e-06,
    1.8302146145288134e-06,
    1.6108514273582841e-06,
    1.9323167634865968e-06,
    2.3754764697514474e-06,
    2.3569591576233506e-06,
    2.601045707706362e-06,
    2.600574816824519e-06,
    1.6224790897467756e-06,
    2.6362577045802027e-06,
    1.7091167592298007e-06,
    1.9574417819967493e-06,
    1.8944078874483239e-06,
    2.6390159746370045e-06,
    2.15526642932673e-06,
    1.8564987840363756e-06,
    2.8893166472698795e-06,
    3.20279241350363e-06,
    2.1044536424597027e-06,
    1.3707187918043928e-06,
    1.2655676755457534e-06,
    1.7437802171116346e-06,
    2.5087692847591825e-06,
    2.7755529572459636e-06,
    2.3883103494881652e-06,
    1.7098714124585968e-06,
    2.373993083892856e-06,
    1.7745337572705466e-06,
    2.252294962090673e-06,
    3.6856906717730453e-06,
    1.2952807537658373e-06,
    1.52348968640581e-06,
    2.0616944311768748e-06,
    1.8261121113027912e-06,
    2.4070027393463533e-06,
    3.0556454930774635e-06,
    2.9439866011671256e-06,
    2.210285629189457e-06,
    1.7660140656516887e-06,
    2.2961635295359883e-06,
    1.7862053027783986e-06,
    1.8774288719214383e-06,
    1.8072310012939852e-06,
    1.771113375070854e-06,
