{
  "version": "plots/_T_7_5_y0_0_001_network_architectures_4_50_activations_tanh_learning_rates_0_001_collocations_1024_epochs_50000_regularization_no_reg_reg_epochs_1_reg_coeff_0_01_reg_decay_1_/run_3",
  "seed": 1,
  "y0": 0.001,
  "T": 7.5,
  "N_col": 1024,
  "N_hidden": 4,
  "N_neurons": 50,
  "activation": "tanh",
  "N_epochs": 50000,
  "learning_rate": 0.001,
  "decay_rate": 1.0,
  "freq_log": 100,
  "freq_print": 1000,
  "keys_print": [
    "loss"
  ],
  "freq_save": 0,
  "regularization": "no_reg",
  "reg_coeff": 0.01,
  "reg_decay": 1,
  "reg_epochs": 1,
  "loss": [
    0.007505419664084911,
    1.6658658523738268e-06,
    1.2469737384890323e-06,
    1.1499070069476147e-06,
    9.86800159807899e-07,
    8.522188181814272e-07,
    7.836060831323266e-07,
    7.194544195954222e-07,
    6.410926971511799e-07,
    6.06549690473912e-07,
    6.323760430859693e-07,
    6.205300451256335e-07,
    5.393664537223231e-07,
    5.833194904880656e-07,
    5.144023589309654e-07,
    1.0896794719883474e-06,
    1.4709805782331387e-06,
    7.855645890231244e-06,
    6.435011528083123e-07,
    1.74339184013661e-05,
    2.2888600142323412e-05,
    4.3763088797277305e-07,
    1.015655584524211e-06,
    3.984065699569328e-07,
    3.7712939615630603e-07,
    1.3515245882445015e-05,
    0.0001430956763215363,
    3.2468079780301196e-07,
    3.7755703488073777e-06,
    4.984256065654336e-07,
    3.569522959878668e-05,
    5.648832939186832e-07,
    2.935737938969396e-05,
    8.743002581468318e-06,
    2.942796868410369e-07,
    1.4841710935797892e-06,
    3.4581302088554366e-07,
    0.00012497104762587696,
    3.2274036243507e-07,
    2.4588291580585064e-07,
    2.7481502229420585e-07,
    1.2618278560694307e-05,
    2.715880214054778e-07,
    2.655421269537328e-07,
    7.348439226007031e-07,
    2.7727298856916605e-07,
    2.385666277859855e-07,
    2.272862275276566e-06,
    1.3497125110006891e-05,
    6.329317329800688e-06,
    2.723103591506515e-07,
    2.4994605496431177e-07,
    2.903387610331265e-07,
    2.9901340781179897e-07,
    3.6547700688061013e-07,
    4.614173292338819e-07,
    2.9157621384001686e-07,
    0.00010470125562278554,
    3.32899048771651e-07,
    2.852137868103455e-07,
    2.3104971660359297e-06,
    2.6635123617779755e-07,
    2.993004386553366e-07,
    8.326020906679332e-05,
    3.649861355370376e-07,
    2.6378492634648865e-07,
    3.3057500559152686e-07,
    2.4050036699918564e-06,
    2.8659559347943286e-07,
    2.5994194174927543e-07,
    2.681630064671481e-07,
    2.6970556632477383e-07,
    3.564134431144339e-06,
    2.8113248845329508e-05,
    2.677622887858888e-07,
    2.5985241336456966e-07,
    5.530506314244121e-06,
    5.932945441600168e-07,
    3.106339363512234e-07,
    2.8567114895849954e-07,
    2.4396119897573953e-06,
    5.067234951638966e-07,
    2.6185682600043947e-07,
    2.645692802616395e-07,
    3.1592480809194967e-07,
    1.547152578496025e-06,
    5.833193426951766e-06,
    2.9986080107846647e-07,
    2.5704295580908365e-07,
    2.517742814234225e-07,
    2.7367156008040183e-07,
    2.2026617330084264e-07,
    2.553292119955586e-07,
    2.3189230091702484e-07,
    2.64052061993425e-07,
    2.634694737935206e-07,
    2.6374294748165994e-07,
    2.603246116450464e-07,
    2.967821615129651e-07,
    2.8994554668315686e-07,
    2.2893411255608953e-07,
    2.6962408128383686e-07,
    5.600034000963205e-07,
    3.224564011361508e-07,
    4.3093477870570496e-05,
    3.216522941329458e-07,
    2.6070478043038747e-07,
    2.706918280637183e-07,
    2.732012376327475e-07,
    3.0479580459541467e-07,
    7.397270564979408e-07,
    1.7632066828809911e-06,
    2.8372966198730865e-07,
    2.634830593706283e-07,
    3.1183725468508783e-07,
    2.7862648721566075e-07,
    4.1642846326794825e-07,
    2.64186837739544e-07,
    2.6892371352005284e-07,
    2.891125063797517e-07,
    2.971045773847436e-07,
    4.374667810225219e-07,
    3.9451271049983916e-07,
    2.634075144669623e-07,
    2.476576810295228e-07,
    1.3282898407851462e-06,
    2.6509644612815464e-07,
    5.595986294792965e-06,
    2.7972657790087396e-07,
    2.9172662152632256e-07,
    7.319167707464658e-07,
    2.2620984907462116e-07,
    2.2985133796282753e-07,
    2.628492552503303e-07,
    2.509977150566556e-07,
    6.252587922972452e-07,
    3.0527507988153957e-07,
    2.9049368777123163e-07,
    3.008050839525822e-07,
    2.683291313587688e-07,
    2.669369223440299e-07,
    4.4599642023968045e-07,
    3.2151763207366457e-07,
    3.039437501684006e-07,
    3.702390358739649e-07,
    2.692451630537107e-07,
    3.5917423701903317e-07,
    2.855461218587152e-07,
    2.607947351407347e-07,
    0.0028959023766219616,
    1.861120267676597e-06,
    9.321960305896937e-07,
    4.635886057258176e-07,
    4.030126206089335e-07,
    2.869281274797686e-07,
    3.17348280987062e-07,
    2.970230355003878e-07,
    3.0870091904944275e-07,
    2.8569610321937944e-07,
    2.745213691923709e-07,
    2.9864730777262594e-07,
    2.930823939095717e-07,
    2.8493622039604816e-07,
    2.952945123979589e-07,
    2.9176382554396696e-07,
    2.9039929927421326e-07,
    2.874132007946173e-07,
    2.5366449563080096e-07,
    2.708331976464251e-07,
    2.802691483339004e-07,
    2.6454932822161936e-07,
    2.855106231436366e-07,
    2.788707149647962e-07,
    2.81513223399088e-07,
    2.6919798301605624e-07,
    2.6066408054248313e-07,
    2.6305764322387404e-07,
    2.881169223201141e-07,
    2.4868069203876075e-07,
    2.732627422119549e-07,
    3.1985740633899695e-07,
    2.466751993779326e-07,
    2.595675141492393e-07,
    2.976038331325981e-07,
    3.0639262149634305e-07,
    2.889142365347652e-07,
    2.5898555122694233e-07,
    2.7144028535985854e-07,
    2.980280839892657e-07,
    2.9228573339423747e-07,
    3.2773255043139216e-07,
    2.495646640454652e-07,
    2.3604603427429538e-07,
    3.650507949259918e-07,
    3.3696139212224807e-07,
    2.6611968451106804e-07,
    2.861500263406924e-07,
    2.6940992370327876e-07,
    9.149339348368812e-07,
    1.642770939724869e-06,
    2.5407160819668206e-07,
    2.9008108981543046e-07,
    4.540671625363757e-07,
    6.112764481258637e-07,
    4.1234432046621805e-07,
    2.8300041776674334e-07,
    2.3244534474997636e-07,
    3.160305368510308e-07,
    2.924305704254948e-07,
    2.887875325541245e-07,
    4.438149403540592e-07,
    3.3371594554409967e-07,
    2.87922375719063e-07,
    2.5563440431142226e-07,
    3.1730229466120363e-07,
    2.532030407564889e-07,
    1.0850942544493591e-06,
    4.0278439428220736e-07,
    3.0988914545559965e-07,
    3.80046685677371e-07,
    2.8666551088463166e-07,
    2.8148232900093717e-07,
    2.785813819627947e-07,
    2.862660153368779e-07,
    3.038605882466072e-07,
    3.9016950381665083e-07,
    8.514788305546972e-07,
    2.747834741967381e-07,
    3.071792775699578e-07,
    3.485450861262507e-07,
    2.7968252425125684e-07,
    2.663315399331623e-07,
    8.49830257720896e-07,
    8.566764881834388e-05,
    2.546600796904386e-07,
    3.2748212674960087e-07,
    2.5361924826938775e-07,
    2.6424328325447277e-07,
    3.024147190444637e-07,
    2.982349371905002e-07,
    2.658959488144319e-07,
    2.3585354824717797e-07,
    2.6030420485767536e-07,
    2.621738417474262e-07,
    2.502194433873228e-07,
    2.598082460281148e-07,
    2.4195293235607096e-07,
    2.8632553039642517e-07,
    2.50455002515082e-07,
    2.739321303124598e-07,
    2.7265207336313324e-07,
    2.583161062830186e-07,
    2.411146624581306e-07,
    2.732154484874627e-07,
    2.506419320980058e-07,
    2.4930224640229426e-07,
    2.6608165626385016e-07,
    2.7909987920793355e-07,
    2.302616906035837e-07,
    2.2933065224606253e-07,
    2.754677552729845e-07,
    2.645076904173038e-07,
    2.5092055011555203e-07,
    2.6508092787480564e-07,
    2.2294034351943992e-07,
    2.8453592904043035e-07,
    2.931763560809486e-07,
    2.5523019075990305e-07,
    2.7016699277737644e-07,
    3.0646972959402774e-07,
