{
  "version": "model_weights/_T_10_y0_0_01_network_architectures_4_50_activations_tanh_learning_rates_0_001_collocations_1024_epochs_50000_reg_epochs_0_25_reg_coeff_1_reg_decay_1_/run_10",
  "seed": 1,
  "y0": 0.01,
  "T": 10,
  "N_col": 1024,
  "N_hidden": 4,
  "N_neurons": 50,
  "activation": "tanh",
  "N_epochs": 50000,
  "learning_rate": 0.001,
  "decay_rate": 1.0,
  "freq_log": 100,
  "freq_print": 1000,
  "keys_print": [
    "loss"
  ],
  "freq_save": 0,
  "reg_coeff": 1,
  "reg_decay": 1,
  "reg_epochs": 0.25,
  "loss": [
    0.1785489022731781,
    0.13538555800914764,
    0.1353616565465927,
    0.13535653054714203,
    0.13535213470458984,
    0.1353543996810913,
    0.13535286486148834,
    0.13535170257091522,
    0.13535131514072418,
    0.13534903526306152,
    0.13534682989120483,
    0.1353520154953003,
    0.13535015285015106,
    0.1353522390127182,
    0.13534849882125854,
    0.13534954190254211,
    0.13534340262413025,
    0.13534751534461975,
    0.135342076420784,
    0.13534115254878998,
    0.13533742725849152,
    0.13533422350883484,
    0.13532762229442596,
    0.13532160222530365,
    0.13530772924423218,
    0.1352948397397995,
    0.13525891304016113,
    0.13505810499191284,
    0.13692548871040344,
    0.13536909222602844,
    0.13536520302295685,
    0.13536055386066437,
    0.13535870611667633,
    0.1353585571050644,
    0.1353578418493271,
    0.13535545766353607,
    0.1353597491979599,
    0.13535642623901367,
    0.13535857200622559,
    0.13535352051258087,
    0.13535545766353607,
    0.13535679876804352,
    0.13535502552986145,
    0.1353551149368286,
    0.13535460829734802,
    0.13535405695438385,
    0.13535068929195404,
    0.13535520434379578,
    0.13535524904727936,
    0.13535305857658386,
    0.13535353541374207,
    0.13535171747207642,
    0.13535423576831818,
    0.13535450398921967,
    0.13535618782043457,
    0.13535341620445251,
    0.1353531926870346,
    0.13535168766975403,
    0.1353556364774704,
    0.13535355031490326,
    0.13535204529762268,
    0.13535036146640778,
    0.1353541761636734,
    0.135352224111557,
    0.13535413146018982,
    0.13535192608833313,
    0.13535089790821075,
    0.13535092771053314,
    0.13535206019878387,
    0.1353507786989212,
    0.13535118103027344,
    0.13535092771053314,
    0.13534976541996002,
    0.13535210490226746,
    0.13534879684448242,
    0.13534685969352722,
    0.1353517323732376,
    0.13535107672214508,
    0.13534997403621674,
    0.13534875214099884,
    0.13534626364707947,
    0.13534556329250336,
    0.13534370064735413,
    0.13534381985664368,
    0.1353430449962616,
    0.13533830642700195,
    0.13533876836299896,
    0.13532871007919312,
    0.1353180855512619,
    0.13527807593345642,
    0.1352592557668686,
    0.13486458361148834,
    0.13542622327804565,
    0.135361909866333,
    0.13536253571510315,
    0.1353563517332077,
    0.13535501062870026,
    0.13535363972187042,
    0.13535673916339874,
    0.13535404205322266,
    0.1353498101234436,
    0.13535140454769135,
    0.13535316288471222,
    0.13535167276859283,
    0.1353495866060257,
    0.13535510003566742,
    0.1353510171175003,
    0.13535086810588837,
    0.13535083830356598,
    0.13535185158252716,
    0.1353505253791809,
    0.1353481262922287,
    0.13534753024578094,
    0.13534636795520782,
    0.13533969223499298,
    0.13533908128738403,
    0.13532495498657227,
    0.1352974772453308,
    0.1351756900548935,
    0.039918091148138046,
    0.03169017285108566,
    0.029892124235630035,
    0.027919452637434006,
    0.026089582592248917,
    0.02543381229043007,
    0.02996141090989113,
    0.002099705394357443,
    0.0014433462638407946,
    0.000987233710475266,
    0.0007075383327901363,
    0.0004538369830697775,
    0.00030481320573017,
    0.00023285495990421623,
    0.00017915823264047503,
    0.0001162754197139293,
    9.359222167404369e-05,
    7.96598251326941e-05,
    6.596733874175698e-05,
    5.4852811445016414e-05,
    4.612502016243525e-05,
    4.148139851167798e-05,
    3.182599175488576e-05,
    3.22957057505846e-05,
    2.8756418032571673e-05,
    2.3791431885911152e-05,
    1.9131472072331235e-05,
    1.7901696992339566e-05,
    1.4634942999691702e-05,
    1.3399109775491524e-05,
    1.119054650189355e-05,
    1.1718917448888533e-05,
    8.742523277760483e-06,
    8.110670023597777e-06,
    6.180739092087606e-06,
    6.618507086386671e-06,
    9.740366294863634e-06,
    4.74079342893674e-06,
    4.9761697482608724e-06,
    4.496848305279855e-06,
    1.689113923930563e-05,
    2.9380892101471545e-06,
    4.574661943479441e-05,
    5.187311217014212e-06,
    6.333043529593851e-06,
    1.3129865692462772e-05,
    3.76978755411983e-06,
    4.767539394379128e-06,
    2.861395842046477e-06,
    4.557528427540092e-06,
    9.458623935643118e-06,
    3.864989594148938e-06,
    1.624855758564081e-05,
    4.9321311053063255e-06,
    6.825443051639013e-06,
    2.934512849606108e-06,
    2.763797965599224e-06,
    2.111712547048228e-06,
    1.7149395716842264e-06,
    1.6966002931440016e-06,
    2.6144523872062564e-05,
    1.4632975080530741e-06,
    7.529631147917826e-06,
    3.2058720535133034e-05,
    5.209384653426241e-06,
    4.65884804725647e-05,
    1.2539394447230734e-06,
    6.72656751703471e-05,
    2.830059884217917e-06,
    1.5911610944385757e-06,
    1.4938020740373759e-06,
    2.111927642545197e-06,
    1.8534050241214572e-06,
    1.8966342167914263e-06,
    1.1496051683934638e-06,
    8.747692845645361e-07,
    0.0002786862023640424,
    2.720474867601297e-06,
    5.647284706356004e-05,
    3.5493503673933446e-06,
    2.7914762540603988e-05,
    1.0280273272655904e-06,
    1.3975469300930854e-05,
    2.698181924642995e-05,
    1.5506325325986836e-06,
    1.1434071893745568e-06,
    2.998679701704532e-05,
    4.273877857485786e-05,
    7.695612112001982e-07,
    8.105358574539423e-06,
    1.6027706806198694e-06,
    2.7552462142921286e-06,
    0.000144306686706841,
    6.341069820336998e-07,
    1.397273808834143e-05,
    4.577847903419752e-06,
    6.419319333872409e-07,
    1.4155366443446837e-06,
    0.00017101975390687585,
    5.516603209798632e-07,
    4.948495302414813e-07,
    1.5153832464420702e-06,
    6.952721741981804e-05,
    6.873412985441973e-07,
    8.861465903464705e-05,
    1.7353970633848803e-06,
    4.3467923660500674e-07,
    2.92790275580046e-07,
    2.1827025875609252e-07,
    2.2944362854104838e-07,
    2.5539762305015756e-07,
    3.29327747294883e-07,
    6.676661996607436e-07,
    5.121290996612515e-06,
    3.2792223692013067e-07,
    2.7191089202460716e-07,
    3.22389169014059e-05,
    4.2447525629540905e-05,
    3.4336685530433897e-06,
    0.00011451794853201136,
    2.6172386924372404e-07,
    0.00025359407300129533,
    2.8719486522277293e-07,
    1.7228139768121764e-05,
    6.540912727359682e-05,
    3.030316975127789e-07,
    7.179916792665608e-06,
    2.3744019017613027e-07,
    1.114567021431867e-05,
    2.3591520914578723e-07,
    3.066022691200487e-05,
    1.918227553687757e-06,
    4.988218279322609e-06,
    2.8933752105331223e-07,
    4.320128937251866e-06,
    1.9291887554118148e-07,
    2.3168826373876072e-05,
    2.1340956664062105e-06,
    1.8990934336216014e-07,
    2.0623879208869766e-06,
    1.327345131585389e-07,
    4.079403879586607e-06,
    5.431321028481761e-07,
    6.976024735649844e-08,
    8.236520443460904e-08,
    1.2423863609001273e-06,
    1.0183496215177001e-06,
    9.344271489908351e-08,
    7.62368472351227e-07,
    5.425929572311361e-08,
    4.1569281165720895e-05,
    1.0687189160307753e-06,
    1.478344415772881e-07,
    8.261215953098144e-06,
    5.558957028028999e-08,
    3.5834959817293566e-06,
    1.4091076081967913e-05,
    2.9898990760557353e-05,
    1.8068082852096268e-07,
    2.032350039371522e-06,
    2.9639306831086287e-07,
    1.7785189356800402e-06,
    2.0853724436165066e-07,
    6.92042704031337e-07,
    2.1605039364658296e-05,
