{
  "version": "model_weights/_T_7_5_y0_0_1_network_architectures_4_50_activations_tanh_learning_rates_0_001_collocations_1024_epochs_50000_reg_epochs_0_reg_coeff_1_reg_decay_1_/run_18",
  "seed": 1,
  "y0": 0.1,
  "T": 7.5,
  "N_col": 1024,
  "N_hidden": 4,
  "N_neurons": 50,
  "activation": "tanh",
  "N_epochs": 50000,
  "learning_rate": 0.001,
  "decay_rate": 1.0,
  "freq_log": 100,
  "freq_print": 1000,
  "keys_print": [
    "loss"
  ],
  "freq_save": 0,
  "reg_coeff": 1,
  "reg_decay": 1,
  "reg_epochs": 0,
  "loss": [
    0.17888623476028442,
    0.0026515391655266285,
    0.0025098260957747698,
    0.0026336372829973698,
    0.002402971498668194,
    0.002786942757666111,
    0.0027300287038087845,
    0.002755076391622424,
    0.002730084117501974,
    0.0025119769852608442,
    0.00225087720900774,
    0.003065831493586302,
    0.002906798617914319,
    0.0031359773129224777,
    0.002819004002958536,
    0.0030674394220113754,
    0.0022506690584123135,
    0.0030591979157179594,
    0.0025153637398034334,
    0.0026423458475619555,
    0.0027199131436645985,
    0.0025228511076420546,
    0.0025573261082172394,
    0.002942536259070039,
    0.0027128939982503653,
    0.0027156868018209934,
    0.0024925782345235348,
    0.002524358220398426,
    0.002415402326732874,
    0.0030545168556272984,
    0.00272733042947948,
    0.0027896594256162643,
    0.0024433538783341646,
    0.002445802092552185,
    0.0026429719291627407,
    0.0025318318512290716,
    0.002785774879157543,
    0.0027507971972227097,
    0.0030570942908525467,
    0.002230921294540167,
    0.002613730262964964,
    0.0029668053612113,
    0.0026723984628915787,
    0.002599097788333893,
    0.0026366866659373045,
    0.002646975452080369,
    0.002347676083445549,
    0.002621020656079054,
    0.002722976729273796,
    0.00269881309941411,
    0.0026682992465794086,
    0.0025233563501387835,
    0.0028900455217808485,
    0.002752598375082016,
    0.0029236446134746075,
    0.0026186970062553883,
    0.0028080386109650135,
    0.00243497546762228,
    0.002916460856795311,
    0.002757407259196043,
    0.00264283106662333,
    0.0025546280667185783,
    0.0028958278708159924,
    0.002608237322419882,
    0.002914001699537039,
    0.002601153915748,
    0.002574353711679578,
    0.0025892409030348063,
    0.0027530232910066843,
    0.0025604483671486378,
    0.0026947781443595886,
    0.002681391779333353,
    0.0025643492117524147,
    0.003069511381909251,
    0.0025977601762861013,
    0.0022808504290878773,
    0.0030816029757261276,
    0.002876803744584322,
    0.0028218142688274384,
    0.00264784530736506,
    0.002804400399327278,
    0.002736796857789159,
    0.0024864724837243557,
    0.0026246774941682816,
    0.0027369896415621042,
    0.002426478313282132,
    0.002839193679392338,
    0.002800561022013426,
    0.002536206739023328,
    0.002469531958922744,
    0.00270422687754035,
    0.0022053667344152927,
    0.0025212441105395555,
    0.0022950335405766964,
    0.002638994250446558,
    0.002622992265969515,
    0.002620215993374586,
    0.0025908476673066616,
    0.0029207172337919474,
    0.0029037226922810078,
    0.0022493016440421343,
    0.0025168131105601788,
    0.002745116362348199,
    0.00258588045835495,
    0.002503406023606658,
    0.0031613570172339678,
    0.002491435268893838,
    0.0026879929937422276,
    0.0026999404653906822,
    0.002698078751564026,
    0.002706445287913084,
    0.0026751672849059105,
    0.002785525983199477,
    0.0026169531047344208,
    0.0024306827690452337,
    0.002762638498097658,
    0.002525169402360916,
    0.0025252713821828365,
    0.0025466778315603733,
    0.0028637663926929235,
    0.002932406961917877,
    0.0027954895049333572,
    0.0026380333583801985,
    0.002476935274899006,
    0.0024170251563191414,
    0.0029593876097351313,
    0.0026414119638502598,
    0.0027654177974909544,
    0.0027631823904812336,
    0.002667099004611373,
    0.002540183486416936,
    0.0022750343196094036,
    0.0022876232396811247,
    0.002459139097481966,
    0.002338019898161292,
    0.002533161547034979,
    0.0028929368127137423,
    0.002489222213625908,
    0.0026014046743512154,
    0.002581813372671604,
    0.002536514075472951,
    0.002380970399826765,
    0.0027312799356877804,
    0.0024888506159186363,
    0.0030634792055934668,
    0.002627174835652113,
    0.0024096183478832245,
    0.0025668637827038765,
    0.0023695812560617924,
    0.0027934936806559563,
    0.002593118464574218,
    0.0025894739665091038,
    0.0017975489608943462,
    0.002637283643707633,
    0.0022215298376977444,
    0.0025497248861938715,
    0.0025175027549266815,
    0.00271776900626719,
    0.002635242883116007,
    0.0025714077055454254,
    0.0027027628384530544,
    0.0025104545056819916,
    0.00260102073661983,
    0.0027726865373551846,
    0.0027302063535898924,
    0.0026216357946395874,
    0.0025797567795962095,
    0.002372706076130271,
    0.0025218348018825054,
    0.0025196876376867294,
    0.002487014979124069,
    0.00263402983546257,
    0.002616932149976492,
    0.002699489239603281,
    0.0025303156580775976,
    0.002550343982875347,
    0.002470101695507765,
    0.0027749326545745134,
    0.0023595246020704508,
    0.002542604226619005,
    0.0029568816535174847,
    0.002329186536371708,
    0.0024801597464829683,
    0.0028524165973067284,
    0.0029042677488178015,
    0.0027364252600818872,
    0.0024427231401205063,
    0.0025645254645496607,
    0.0027719279751181602,
    0.0027812793850898743,
    0.0032324478961527348,
    0.0023755598813295364,
    0.002291447948664427,
    0.002696175593882799,
    0.0028842464089393616,
    0.002529171295464039,
    0.002757934620603919,
    0.0025723727885633707,
    0.002681490033864975,
    0.0027058906853199005,
    0.002491164021193981,
    0.0027923104353249073,
    0.0026482739485800266,
    0.002950700931251049,
    0.002929446753114462,
    0.002806140575557947,
    0.0022614989429712296,
    0.002922713290899992,
    0.0028385152108967304,
    0.002835261868312955,
    0.0025251684710383415,
    0.0029290677048265934,
    0.0025365876499563456,
    0.0023935942444950342,
    0.0026246567722409964,
    0.0023375824093818665,
    0.0025654174387454987,
    0.0030570230446755886,
    0.0026602991856634617,
    0.002591025084257126,
    0.00279619381763041,
    0.002603772561997175,
    0.0025454703718423843,
    0.002788207260891795,
    0.0028588322456926107,
    0.0027809760067611933,
    0.002787434495985508,
    0.002538311295211315,
    0.0029795956797897816,
    0.0032011698931455612,
    0.002610750962048769,
    0.002571652876213193,
    0.0026617739349603653,
    0.0030956733971834183,
    0.002521859249100089,
    0.0032044616527855396,
    0.0025239395909011364,
    0.0026523408014327288,
    0.002980473218485713,
    0.002915362361818552,
    0.0026279687881469727,
    0.002337745623663068,
    0.002526648575440049,
    0.0026317229494452477,
    0.0024621509946882725,
    0.002564528491348028,
    0.0024193050339818,
    0.0028302837163209915,
    0.0024568832013756037,
    0.002660216996446252,
    0.0026969737373292446,
    0.0025776023976504803,
    0.0023693854454904795,
    0.0027067167684435844,
    0.002476523630321026,
    0.0024395789951086044,
    0.0026154681108891964,
    0.002746409270912409,
    0.0022391367238014936,
    0.00226795906201005,
    0.002685509156435728,
    0.002601832849904895,
    0.0024200028274208307,
    0.0026204772293567657,
    0.0022172455210238695,
    0.0027909399941563606,
    0.0029634307138621807,
    0.002491541439667344,
    0.0026619993150234222,
    0.002989801112562418,
    0.002886701375246048,
    0.0028753038495779037,
    0.0026962279807776213,
    0.00242618378251791,
    0.002897219266742468,
    0.0028478791937232018,
    0.0029708973597735167,
    0.002472462598234415,
    0.0030983486212790012,
    0.0027508079074323177,
    0.002623289357870817,
    0.0028467997908592224,
