{
  "version": "default",
  "seed": 1,
  "g": 9.81,
  "l": 1,
  "theta0": 100,
  "omega0": 0,
  "T": 7,
  "N_col": 1024,
  "N_hidden": 4,
  "N_neurons": 50,
  "activation": "tanh",
  "N_epochs": 20000,
  "learning_rate": 0.001,
  "decay_rate": 1.0,
  "freq_log": 100,
  "freq_print": 1000,
  "keys_print": [
    "loss_P",
    "loss_IC"
  ],
  "freq_save": 1000,
  "reg_coeff": 0,
  "reg_decay": 0,
  "reg_epochs": 0,
  "loss_train": [
    43.1661376953125,
    2.6823737621307373,
    2.6089682579040527,
    2.5914359092712402,
    2.4515984058380127,
    2.0931437015533447,
    2.099449634552002,
    1.8995716571807861,
    1.9509693384170532,
    1.850682020187378,
    1.7342928647994995,
    1.8151936531066895,
    1.862248182296753,
    1.82255220413208,
    1.7137924432754517,
    1.727919101715088,
    1.6597557067871094,
    1.7151103019714355,
    1.6240613460540771,
    1.5849639177322388,
    1.4905943870544434,
    1.4912768602371216,
    1.561902403831482,
    1.456714153289795,
    1.398411512374878,
    1.4040470123291016,
    1.2477926015853882,
    1.2901451587677002,
    1.2434687614440918,
    1.188252568244934,
    1.173068881034851,
    1.127368688583374,
    1.1789138317108154,
    1.1363835334777832,
    1.107239007949829,
    1.1037442684173584,
    1.1024858951568604,
    1.1190882921218872,
    1.0737625360488892,
    1.130948781967163,
    1.1430681943893433,
    1.0972638130187988,
    1.1669371128082275,
    1.0827746391296387,
    1.0651582479476929,
    1.0650932788848877,
    1.0359158515930176,
    1.0467928647994995,
    1.044477105140686,
    1.0042535066604614,
    1.042252540588379,
    1.039724588394165,
    0.9955533742904663,
    1.045214295387268,
    0.9801825881004333,
    0.9690290689468384,
    0.9566116333007812,
    0.9783957004547119,
    1.013329029083252,
    0.9511772990226746,
    0.9352765083312988,
    0.9539010524749756,
    0.9521209597587585,
    0.9344272017478943,
    0.944788932800293,
    0.9465605020523071,
    0.9262317419052124,
    0.9545222520828247,
    0.9833324551582336,
    0.9533258676528931,
    0.9123609066009521,
    0.9284265041351318,
    0.9336259365081787,
    0.9904083013534546,
    0.9099127054214478,
    0.9326418042182922,
    0.9240058660507202,
    0.9398301839828491,
    0.9123826026916504,
    0.9011311531066895,
    0.9639095067977905,
    0.9292314052581787,
    0.9104267954826355,
    0.9217978119850159,
    0.8891981840133667,
    0.9343457221984863,
    0.8318154811859131,
    0.7422579526901245,
    0.6768746376037598,
    0.5933907628059387,
    0.47026562690734863,
    0.34814390540122986,
    0.257609486579895,
    0.11908744275569916,
    0.04400563985109329,
    0.016666751354932785,
    0.007109179627150297,
    0.004276123829185963,
    0.002313436707481742,
    0.0017977801617234945,
    0.001299763796851039,
    0.0009510191739536822,
    0.0007613892666995525,
    0.0005743044312112033,
    0.00044530603918246925,
    0.000380506127839908,
    0.0005245082429610193,
    0.008048842661082745,
    0.0003222821978852153,
    0.00038030376890674233,
    0.0020710472017526627,
    0.001317254500463605,
    0.000429699313826859,
    0.0012936091516166925,
    0.00022583715326618403,
    0.00018789875321090221,
    0.00012714648619294167,
    0.0003775321238208562,
    0.00011061007535317913,
    0.0003205062821507454,
    0.0001417319872416556,
    0.001388282747939229,
    0.0001764719927450642,
    9.363048593513668e-05,
    0.002248897682875395,
    0.00040218938374891877,
    0.001245655119419098,
    0.007569253910332918,
    0.0018560138996690512,
    0.009253229014575481,
    0.0001258255506400019,
    9.872006921796128e-05,
    0.024425629526376724,
    0.00012505774793680757,
    0.004014990292489529,
    0.0001066585464286618,
    0.00014992646174505353,
    0.0025615321937948465,
    6.222422234714031e-05,
    5.843464532517828e-05,
    0.007527809124439955,
    7.653354987269267e-05,
    0.006527728401124477,
    5.55147671548184e-05,
    0.00019322284788358957,
    0.0002724909281823784,
    0.0004746733757201582,
    0.0011878845980390906,
    0.0001268694322789088,
    0.0023216039407998323,
    0.0012076061684638262,
    0.00020414836762938648,
    0.008818014524877071,
    0.00014024070696905255,
    6.486579513875768e-05,
    0.001288004918023944,
    0.0005761774955317378,
    0.0030643523205071688,
    0.004206932615488768,
    0.007997456006705761,
    5.6099757784977555e-05,
    8.272098057204857e-05,
    0.000386797939427197,
    0.014108775183558464,
    0.00022594591428060085,
    7.704601739533246e-05,
    0.0002360055223107338,
    0.00019680018885992467,
    0.0014814489986747503,
    5.994486855342984e-05,
    0.0035888715647161007,
    0.00015461162547580898,
    0.00012407229223754257,
    0.0013236547820270061,
    0.0008884688722901046,
    0.001100933295674622,
    0.0003568917454686016,
    5.937678724876605e-05,
    0.009539085440337658,
    9.24791456782259e-05,
    0.0001881755597423762,
    9.472871170146391e-05,
    0.024747205898165703,
    0.00014231912791728973,
    0.0006284573464654386,
    0.0040610171854496,
    0.0005243151681497693,
    0.0001963883260032162,
    0.00026036216877400875,
    0.0001319080329267308,
    0.0001238271943293512,
    0.007606077939271927,
    7.436179294018075e-05,
    5.197175414650701e-05,
    0.0003465565387159586,
    0.009419606998562813,
    4.0386166801908985e-05,
    0.004801059607416391,
    0.0007468044641427696,
    0.0003036117705050856
  ],