{
  "version": "plots/_T_10_y0_0_01_network_architectures_4_50_activations_tanh_learning_rates_0_001_collocations_1024_epochs_50000_regularization_unstable_fp_reg_epochs_1_reg_coeff_100000_reg_decay_1_/run_9",
  "seed": 1,
  "y0": 0.01,
  "T": 10,
  "N_col": 1024,
  "N_hidden": 4,
  "N_neurons": 50,
  "activation": "tanh",
  "N_epochs": 50000,
  "learning_rate": 0.001,
  "decay_rate": 1.0,
  "freq_log": 100,
  "freq_print": 1000,
  "keys_print": [
    "loss"
  ],
  "freq_save": 0,
  "regularization": "unstable_fp",
  "reg_coeff": 100000,
  "reg_decay": 1,
  "reg_epochs": 1,
  "loss": [
    0.6243014335632324,
    0.235164612531662,
    0.08384214341640472,
    0.09536097943782806,
    0.08435598015785217,
    0.047242939472198486,
    0.047975145280361176,
    0.10151071101427078,
    0.06335374712944031,
    0.11211297661066055,
    0.04790511727333069,
    0.0818168967962265,
    0.05862550064921379,
    0.08377090841531754,
    0.07440381497144699,
    0.09964176267385483,
    0.09285373985767365,
    0.15542910993099213,
    0.07741090655326843,
    0.08416932076215744,
    0.049070537090301514,
    0.05623622611165047,
    0.04069157689809799,
    0.04050447419285774,
    0.04207843169569969,
    0.0907134860754013,
    0.04439741000533104,
    0.07627766579389572,
    0.06775150448083878,
    0.03941621631383896,
    0.012997990474104881,
    0.05668908357620239,
    0.020214954391121864,
    0.016630761325359344,
    0.029486309736967087,
    0.021687133237719536,
    0.07702364027500153,
    0.010613938793540001,
    0.05213647335767746,
    0.05937379598617554,
    0.046755529940128326,
    0.10789517313241959,
    0.043834932148456573,
    0.05548328533768654,
    0.04833737760782242,
    0.04889944940805435,
    0.04190961271524429,
    0.0170133039355278,
    0.01679803803563118,
    0.04611821472644806,
    0.055935703217983246,
    0.07659345865249634,
    0.1331254541873932,
    0.032150037586688995,
    0.028227247297763824,
    0.05160684883594513,
    0.05581226199865341,
    0.02174857072532177,
    0.08350010216236115,
    0.05311919003725052,
    0.07117500901222229,
    0.08097823709249496,
    0.048886485397815704,
    0.04273470863699913,
    0.046904489398002625,
    0.08939565718173981,
    0.043494515120983124,
    0.02409028261899948,
    0.021835826337337494,
    0.031499337404966354,
    0.031846024096012115,
    0.05579935014247894,
    0.08403953909873962,
    0.05170590430498123,
    0.01494553778320551,
    0.007222515530884266,
    0.022921979427337646,
    0.017674701288342476,
    0.07053042948246002,
    0.008249890059232712,
    0.10189718008041382,
    0.024362053722143173,
    0.011523080989718437,
    0.011985385790467262,
    0.00902464147657156,
    0.03989186882972717,
    0.009995385073125362,
    0.012023632414638996,
    0.02803536131978035,
    0.04111280292272568,
    0.07669728994369507,
    0.03663915395736694,
    0.01980997622013092,
    0.005955330096185207,
    0.04552160203456879,
    0.04989147186279297,
    0.032248444855213165,
    0.08670255541801453,
    0.035572681576013565,
    0.05370519310235977,
    0.008018063381314278,
    0.070288747549057,
    0.04775173217058182,
    0.016661807894706726,
    0.03052840381860733,
    0.051838938146829605,
    0.03958772122859955,
    0.06889655441045761,
    0.04114241153001785,
    0.005695543717592955,
    0.04570937529206276,
    0.01510482095181942,
    0.010005206800997257,
    0.029720019549131393,
    0.06492719799280167,
    0.003934893757104874,
    0.07590727508068085,
    0.03829110413789749,
    0.030479267239570618,
    0.028746772557497025,
    0.006483137607574463,
    0.041688598692417145,
    0.008119343779981136,
    0.040021687746047974,
    0.027947165071964264,
    0.03178171068429947,
    0.04130373150110245,
    0.05211242660880089,
    0.05664185434579849,
    0.028926271945238113,
    0.027090810239315033,
    0.04459697753190994,
    0.002397153526544571,
    0.001962335780262947,
    0.046100493520498276,
    0.03085089474916458,
    0.04034922271966934,
    0.006302074529230595,
    0.03952379524707794,
    0.005928002763539553,
    0.02686302550137043,
    0.12277388572692871,
    0.015276191756129265,
    0.004873495548963547,
    0.00794330332428217,
    0.0047367350198328495,
    0.029996512457728386,
    0.0024757408536970615,
    0.0017439612420275807,
    0.05220942199230194,
    0.022765476256608963,
    0.020871512591838837,
    0.00031251413747668266,
    0.043154649436473846,
    0.022470775991678238,
    0.035424329340457916,
    0.010783763602375984,
    0.004657866433262825,
    0.07614915072917938,
    0.03508516773581505,
    0.00863522756844759,
    0.001600424642674625,
    0.026612624526023865,
    0.0019358216086402535,
    0.0026382822543382645,
    0.04489338397979736,
    0.005756414961069822,
    0.0011048150481656194,
    0.025960102677345276,
    0.0005549550405703485,
    0.001305188867263496,
    0.008672455325722694,
    0.0003899097500834614,
    0.03674774244427681,
    0.03671186789870262,
    0.011538530699908733,
    0.000478644942631945,
    0.0003104319330304861,
    0.005849500186741352,
    0.0001417763123754412,
    0.031965285539627075,
    9.246415720554069e-05,
    0.005812839139252901,
    0.00045732181752100587,
    0.0033469502814114094,
    0.03464669734239578,
    0.00019179194350726902,
    0.0009428841294720769,
    0.023670345544815063,
    0.04543369263410568,
    0.11684329062700272,
    0.008577083237469196,
    0.03290661424398422,
    0.00020404902170412242,
    0.027439750730991364,
    0.0031698541715741158,
    0.037632934749126434,
    5.751605567638762e-05,
    0.00016867334488779306,
    5.6083896197378635e-05,
    9.302140097133815e-05,
    0.028719166293740273,
    0.047049202024936676,
    0.056222252547740936,
    0.0035530133172869682,
    0.050173863768577576,
    0.0009282450191676617,
    0.04276203364133835,
    0.038461342453956604,
    0.04879097267985344,
    0.025054864585399628,
    0.03477516397833824,
    0.027238668873906136,
    0.02336530201137066,
    0.02567708119750023,
    0.02198871597647667,
    0.024101203307509422,
    0.03432905673980713,
    0.024300336837768555,
    0.024837207049131393,
    0.024016793817281723,
    0.020015325397253036,
    0.017567921429872513,
    0.01713220216333866,
    0.014125562272965908,
    0.00920034758746624,
    0.006284141913056374,
    0.003405055496841669,
    0.002561465837061405,
    0.0023613693192601204,
    0.0016242207493633032,
    0.0013538103085011244,
    0.001100666937418282,
    0.001103895832784474,
    0.0009163975482806563,
    0.0008123319130390882,
    0.0006871246732771397,
    0.0005912879132665694,
    0.0005584870814345777,
    0.00045656587462872267,
    0.00037887494545429945,
    0.000311389536364004,
    0.0002765906392596662,
    0.0002900419640354812,
    0.00022833120601717383,
    0.00019627973961178213,
    0.00018514448311179876,
    0.00016460352344438434,
    0.00014703386113978922,
    0.00013029218825977296,
    0.00012501991295721382,
    0.00012131167750339955,
    9.203376976074651e-05,
    9.626330574974418e-05,
    8.01262358436361e-05,
    7.823378837201744e-05,
    6.987786036916077e-05,
    6.561278132721782e-05,
    5.653472908306867e-05,
    5.312555731507018e-05,
    5.284168219077401e-05,
    4.9092224799096584e-05,
    4.0060906030703336e-05,
    4.046952017233707e-05,
    3.300645767012611e-05,
    3.744116111192852e-05,
    3.931506216758862e-05,
    2.7915244572795928e-05,
    2.789864993246738e-05,
    2.6155070372624323e-05,
    2.285962000314612e-05,
    2.2288360923994333e-05,
    2.088532710331492e-05,
    1.8211023416370153e-05,
    1.4322470633487683e-05,
    1.4787096006330103e-05,
    1.2286279343243223e-05,
    1.1483573871373665e-05,
    1.2934770893480163e-05,
    8.712130693311337e-06,
    8.513939974363893e-06,
    7.757331331958994e-06,
    6.955291610211134e-06,
    6.06891444476787e-06,
    4.298720341466833e-06,
