{
  "version": "plots/_T_10_y0_25_network_architectures_4_50_activations_tanh_learning_rates_0_001_collocations_1024_epochs_500_reg_epochs_1_reg_coeff_1_reg_decay_1_regularization_reg_derivative_unstable_fp_/run_12",
  "seed": 1,
  "g": 9.81,
  "l": 1,
  "theta0": 100,
  "omega0": 0,
  "T": 10,
  "N_col": 1024,
  "N_hidden": 4,
  "N_neurons": 50,
  "activation": "tanh",
  "N_epochs": 500,
  "learning_rate": 0.001,
  "decay_rate": 1.0,
  "freq_log": 100,
  "freq_print": 1000,
  "keys_print": [
    "loss_P",
    "loss_IC"
  ],
  "freq_save": 0,
  "regularizer": "unstable_fp",
  "reg_coeff": 1,
  "reg_decay": 1,
  "reg_epochs": 1,
  "regularization": "reg_derivative_unstable_fp",
  "y0": 25,
  "loss_train": [
    27.848299026489258,
    11.707202911376953,
    11.678871154785156,
    11.753307342529297,
    11.695018768310547
  ],
  "loss_P": [
    24.749732971191406,
    9.645716667175293,
    9.658943176269531,
    9.746658325195312,
    9.697467803955078
  ],
  "loss_IC": [
    3.098566770553589,
    2.06148624420166,
    2.019927501678467,
    2.0066492557525635,
    1.9975510835647583
  ]
}