{
  "version": "plots/_T_7_5_y0_0_1_network_architectures_4_50_activations_tanh_learning_rates_0_001_collocations_1024_epochs_50000_regularization_unstable_fp_reg_epochs_1_reg_coeff_1_reg_decay_1_/run_9",
  "seed": 1,
  "y0": 0.1,
  "T": 7.5,
  "N_col": 1024,
  "N_hidden": 4,
  "N_neurons": 50,
  "activation": "tanh",
  "N_epochs": 50000,
  "learning_rate": 0.001,
  "decay_rate": 1.0,
  "freq_log": 100,
  "freq_print": 1000,
  "keys_print": [
    "loss"
  ],
  "freq_save": 0,
  "regularization": "unstable_fp",
  "reg_coeff": 1,
  "reg_decay": 1,
  "reg_epochs": 1,
  "loss": [
    0.10274919867515564,
    0.01032755896449089,
    0.01068776287138462,
    0.011435793712735176,
    0.010422569699585438,
    0.014531601220369339,
    0.011128718964755535,
    0.011350393295288086,
    0.011203011497855186,
    0.010036250576376915,
    0.011581339873373508,
    0.010493768379092216,
    0.01040135882794857,
    0.013469689525663853,
    0.013844816945493221,
    0.010737670585513115,
    0.011423645541071892,
    0.01077897660434246,
    0.011653853580355644,
    0.01009474229067564,
    0.010892375372350216,
    0.01110136043280363,
    0.010307963006198406,
    0.0090072276070714,
    0.006187295541167259,
    0.00643305666744709,
    0.006062587723135948,
    0.001083615468814969,
    5.619638614007272e-05,
    2.472562118782662e-05,
    3.37308956659399e-05,
    1.777340548869688e-05,
    0.00016144818800967187,
    4.744717080029659e-05,
    1.8427506802254356e-05,
    3.2940617529675364e-05,
    5.771982978330925e-05,
    0.00024560437304899096,
    4.010258271591738e-05,
    6.709281478833873e-06,
    3.199435013812035e-05,
    5.696207153960131e-05,
    3.5641573049360886e-05,
    2.0993749785702676e-05,
    2.2961032300372608e-05,
    1.2222521036164835e-05,
    0.0001345824566669762,
    4.481904852582375e-06,
    0.00011098171671619639,
    4.379461643111426e-06,
    2.869378477043938e-06,
    2.746465543168597e-05,
    3.3305727811239194e-06,
    2.306518126715673e-06,
    1.761861494742334e-05,
    1.974224005607539e-06,
    2.1375126380007714e-06,
    0.00025095255114138126,
    1.9728145161934663e-06,
    1.6478841189382365e-06,
    0.0001273165107704699,
    9.10433846001979e-06,
    8.893906851881184e-06,
    1.8996914150193334e-05,
    0.00012100200547138229,
    1.1548697784746764e-06,
    0.0003616440808400512,
    1.0725611900852527e-06,
    7.1938779910851736e-06,
    3.519293841236504e-06,
    0.00033109704963862896,
    9.091152151086135e-07,
    1.227976326845237e-06,
    3.4319047699682415e-05,
    9.138460086433042e-07,
    4.581891630550672e-07,
    0.00034430401865392923,
    1.1924888667635969e-06,
    2.2341415387927555e-05,
    2.8992309353270684e-07,
    0.0001393335114698857,
    3.869939064315986e-06,
    1.3559126728068804e-06,
    3.62873436188238e-07,
    5.450028402265161e-05,
    1.8047994387870858e-07,
    0.0004650245246011764,
    9.668337241919289e-08,
    1.5170309097811696e-06,
    1.0607967482201275e-07,
    7.227221431094222e-06,
    6.197290502996111e-08,
    0.0005313437432050705,
    8.571064995521738e-07,
    4.917293699691072e-05,
    4.288224886295211e-08,
    2.1998630472808145e-07,
    5.364133244256664e-07,
    2.6353223603337028e-08,
    6.133809620223474e-07,
    4.2283363654860295e-06,
    3.567594575315525e-08,
    8.694128155184444e-06,
    7.386154265986988e-08,
    2.499732772776042e-06,
    1.924914805329081e-08,
    3.6350622849568026e-06,
    0.00017336428572889417,
    3.323391695175815e-08,
    2.7838495952892117e-08,
    1.5074629118316807e-06,
    3.183148464813712e-07,
    4.75007846034714e-06,
    2.9831342544639483e-05,
    7.558070080904145e-08,
    3.867697841997142e-07,
    8.174585673259571e-05,
    2.0327133825048804e-06,
    4.198428359813988e-05,
    4.4996500946581364e-05,
    1.480527203057136e-06,
    8.97027348401025e-05,
    4.2469242345077873e-08,
    6.850004865555093e-06,
    1.1128207688670955e-07,
    1.4559901728716795e-07,
    2.851089107025473e-07,
    3.78704129389007e-07,
    1.0497051334823482e-05,
    7.87965603876728e-08,
    0.00048141658771783113,
    3.313178709163367e-08,
    9.786656107735325e-08,
    9.108622407438816e-07,
    4.400916253644027e-08,
    5.359147507988382e-07,
    1.5065312254591845e-05,
    3.132609549538756e-08,
    3.1033042802164346e-08,
    5.0802918849512935e-05,
    6.05815841936419e-08,
    5.739155284345543e-08,
    7.775969379508751e-07,
    4.6148205001372844e-05,
    4.966582878296322e-08,
    3.654363212035605e-08,
    5.0975279009435326e-05,
    0.00011967394675593823,
    4.1691759378181814e-08,
    2.404805456990289e-07,
    2.1957755961921066e-05,
    6.234450466990893e-08,
    3.793481084812811e-08,
    5.265266977971805e-08,
    4.046698620641109e-08,
    7.431457925122231e-05,
    2.1666824068233836e-07,
    4.715177936986947e-08,
    2.5227535616068053e-07,
    1.0532914274108407e-07,
    0.00014172642841003835,
    4.393639940758476e-08,
    4.009455551567953e-06,
    1.593793240317609e-05,
    1.4045282625829714e-07,
    5.141300221112033e-07,
    3.923963731722324e-08,
    4.5521908020873525e-08,
    4.642116735453783e-08,
    1.4739869584445842e-05,
    8.821173480555444e-08,
    2.3674542717344593e-06,
    2.8354850201139925e-06,
    7.38071577188748e-08,
    5.9361447313222016e-08,
    9.258472459805489e-07,
    4.224017902743071e-05,
    3.903749501432685e-08,
    1.220778244714893e-06,
    9.244270040653646e-05,
    1.5042667200759752e-07,
    6.873104041460465e-08,
    1.5315904420276638e-06,
    2.5982353690778837e-07,
    0.00026533997152000666,
    1.647926808345801e-07,
    0.00010773005487862974,
    2.6124263285964844e-07,
    1.0080351842134405e-07,
    4.8995998440659605e-06,
    6.656090079104615e-08,
    3.959345917792234e-08,
    3.577580355340615e-05,
    3.2676439332135487e-06,
    5.281730409478769e-06,
    6.959982812304588e-08,
    2.752005912043387e-06,
    1.0336400180221972e-07,
    4.284785859454132e-08,
    3.656507630012129e-08,
    6.457661220338196e-05,
    2.8306849344517104e-06,
    2.9896420983277494e-07,
    3.457553532371094e-08,
    3.950741813696368e-07,
    2.0851537556154653e-05,
    2.138722493327805e-06,
    3.943807769246632e-08,
    1.887228063424118e-05,
    3.902156109347743e-08,
    4.512119033961426e-08,
    6.695946694890154e-07,
    3.596652220494434e-08,
    1.9864040950778872e-05,
    2.2377233221959614e-07,
    7.96215590526117e-06,
    7.12516630301252e-05,
    3.429109796115881e-08,
    2.8391321293952387e-08,
    2.1936749305950798e-08,
    1.803441662673322e-08,
    1.562203166827203e-08,
    1.2437990193348014e-08,
    1.1468931582214736e-08,
    1.1473930250360809e-08,
    1.1393463950071236e-08,
    1.372398401144892e-06,
    1.114273295854673e-08,
    1.7116169814812565e-08,
    2.073516753853255e-07,
    1.678423870998813e-07,
    1.4411641657829932e-08,
    1.606625573913334e-06,
    1.1434496371975911e-07,
    9.250800758309197e-06,
    5.331287411536323e-08,
    1.9303411136206705e-06,
    7.079567012624466e-07,
    4.620692834578222e-06,
    2.438515002722852e-05,
    3.5844010426444584e-08,
    5.119495472172275e-05,
    1.1095679042227857e-08,
    3.775548975681886e-05,
    4.2086334417490434e-08,
    8.388701289163691e-09,
    2.2299939246295253e-06,
    1.324036169592091e-08,
    1.1656184994990326e-07,
    8.675512071931735e-05,
    1.1260470778040599e-08,
    1.0246605597785674e-05,
    1.5097001778485719e-05,
    9.006438261849325e-09,
    8.450559835182503e-05,
    2.3708722096671409e-07,
    1.826146399253048e-05,
    2.61394070832921e-08,
    1.4970673873904161e-06,
    1.063030907744178e-07,
    3.585543163353577e-05,
    1.3968806555908486e-08,
    4.50311972599593e-07,
    2.3229124508361565e-06,
    2.0780989018476248e-07,
    3.825364025544786e-09,
    1.3426380007786065e-08,
    2.6840200462174835e-07,
    5.952779602580449e-09,
    7.888406372558165e-09,
    7.494918463635258e-09,
    3.91679259337252e-06,
