{
  "version": "model_weights/_T_7_5_y0_0_1_network_architectures_4_50_activations_tanh_learning_rates_0_001_collocations_1024_epochs_50000_reg_epochs_0_reg_coeff_1_reg_decay_1_/run_2",
  "seed": 1,
  "y0": 0.1,
  "T": 7.5,
  "N_col": 1024,
  "N_hidden": 4,
  "N_neurons": 50,
  "activation": "tanh",
  "N_epochs": 50000,
  "learning_rate": 0.001,
  "decay_rate": 1.0,
  "freq_log": 100,
  "freq_print": 1000,
  "keys_print": [
    "loss"
  ],
  "freq_save": 0,
  "reg_coeff": 1,
  "reg_decay": 1,
  "reg_epochs": 0,
  "loss": [
    0.1444239616394043,
    0.0026729656383395195,
    0.0025061224587261677,
    0.0026451200246810913,
    0.0024184174835681915,
    0.0027842011768370867,
    0.0027342019602656364,
    0.0027524656616151333,
    0.0027213492430746555,
    0.0025159032084047794,
    0.002295888029038906,
    0.0030701584182679653,
    0.0028721040580421686,
    0.003198664402589202,
    0.0028256436344236135,
    0.0030669760890305042,
    0.0022748091723769903,
    0.003063108306378126,
    0.0025158359203487635,
    0.002658860757946968,
    0.002743891440331936,
    0.002514682477340102,
    0.00256974040530622,
    0.0029250597581267357,
    0.0027211185079067945,
    0.00268681813031435,
    0.002504423726350069,
    0.00252135144546628,
    0.0024141487665474415,
    0.00305132195353508,
    0.0027241117786616087,
    0.002787124365568161,
    0.0024417247623205185,
    0.002444288693368435,
    0.002653097966685891,
    0.0025081299245357513,
    0.002791828941553831,
    0.0027745417319238186,
    0.0030652089044451714,
    0.00223964243195951,
    0.0026386689860373735,
    0.002935972297564149,
    0.0026751444675028324,
    0.002587727038189769,
    0.002634635427966714,
    0.0026306426152586937,
    0.002366748871281743,
    0.0025992323644459248,
    0.0027098339051008224,
    0.002662892919033766,
    0.002665881998836994,
    0.002540087327361107,
    0.002884871792048216,
    0.0027468898333609104,
    0.0029713495168834925,
    0.0026240914594382048,
    0.0027995349373668432,
    0.002420020056888461,
    0.0029191025532782078,
    0.0027394196949899197,
    0.0026517328806221485,
    0.0025412854738533497,
    0.0028969389386475086,
    0.0025900406762957573,
    0.0029135365039110184,
    0.002611069940030575,
    0.0025799120776355267,
    0.002589849755167961,
    0.0027583977207541466,
    0.002548468764871359,
    0.002694105263799429,
    0.00268911593593657,
    0.002573470352217555,
    0.0030713677406311035,
    0.0025996360927820206,
    0.0022922337520867586,
    0.0030455049127340317,
    0.0028748121112585068,
    0.00281798979267478,
    0.0026457742787897587,
    0.002806759439408779,
    0.0027181352488696575,
    0.002509486395865679,
    0.002623524982482195,
    0.0027238535694777966,
    0.002428192412480712,
    0.0028388071805238724,
    0.0027952464297413826,
    0.002542057540267706,
    0.0024619540199637413,
    0.002703556790947914,
    0.002204239834100008,
    0.0025278739631175995,
    0.0022807458881288767,
    0.0026332675479352474,
    0.0026219082064926624,
    0.002625422552227974,
    0.002593140583485365,
    0.002916023600846529,
    0.002886204281821847,
    0.0022684908472001553,
    0.0025113257579505444,
    0.0027525601908564568,
    0.0025858008302748203,
    0.0025054216384887695,
    0.0031626117415726185,
    0.0024788537994027138,
    0.0026859284844249487,
    0.0026974815409630537,
    0.0026849466376006603,
    0.0027097768615931273,
    0.0026706350035965443,
    0.0027843015268445015,
    0.002616714220494032,
    0.0024249707348644733,
    0.0027726059779524803,
    0.0025166254490613937,
    0.00251195440068841,
    0.0025550946593284607,
    0.002858066465705633,
    0.0029299224261194468,
    0.0027777620125561953,
    0.0026404354721307755,
    0.002468644641339779,
    0.0024160509929060936,
    0.0029622416477650404,
    0.0026193135417997837,
    0.0027616829611361027,
    0.002770364750176668,
    0.002670013578608632,
    0.0025725625455379486,
    0.0022778804413974285,
    0.002280158456414938,
    0.0024585523642599583,
    0.002338021295145154,
    0.0025484547950327396,
    0.0028762647416442633,
    0.0025103979278355837,
    0.0026017792988568544,
    0.0025786496698856354,
    0.00252518174238503,
    0.002396221039816737,
    0.002714269794523716,
    0.002510328544303775,
    0.003061671508476138,
    0.0026294230483472347,
    0.0024108015932142735,
    0.0025662381667643785,
    0.0023723598569631577,
    0.002792586339637637,
    0.0025898930616676807,
    0.0025912378914654255,
    0.0018174246652051806,
    0.0026292973197996616,
    0.0022191773168742657,
    0.0025541610084474087,
    0.00251339515671134,
    0.0027068164199590683,
    0.002633452881127596,
    0.0025667869485914707,
    0.00270676426589489,
    0.0025091436691582203,
    0.0026079376693814993,
    0.002753353212028742,
    0.0027285204268991947,
    0.002621924504637718,
    0.002579258754849434,
    0.002368811285123229,
    0.0025215211790055037,
    0.002521554473787546,
    0.0024894520174711943,
    0.0026378491893410683,
    0.002614786848425865,
    0.002699061296880245,
    0.0025285850279033184,
    0.00254391273483634,
    0.002471625106409192,
    0.0027748262509703636,
    0.002360924147069454,
    0.0025411201640963554,
    0.0029565496370196342,
    0.002327502239495516,
    0.0024777590297162533,
    0.0028527271933853626,
    0.0028993370942771435,
    0.0027395649813115597,
    0.002440096577629447,
    0.00257160235196352,
    0.002774051856249571,
    0.002780250273644924,
    0.00324202049523592,
    0.00237081665545702,
    0.0022873072884976864,
    0.002692755777388811,
    0.002876942278817296,
    0.0025277582462877035,
    0.00276004895567894,
    0.002576592843979597,
    0.002680776407942176,
    0.0027116236742585897,
    0.0024959989823400974,
    0.002792823128402233,
    0.002648719120770693,
    0.0029474101029336452,
    0.0029365303926169872,
    0.002798245055601001,
    0.002257067710161209,
    0.0029250886291265488,
    0.0028360863216221333,
    0.0028410269878804684,
    0.0025197211652994156,
    0.002930609043687582,
    0.0025371199008077383,
    0.002392636612057686,
    0.0026229843497276306,
    0.0023369803093373775,
    0.002557343803346157,
    0.0030346373096108437,
    0.002660010941326618,
    0.0025875091087073088,
    0.002803301904350519,
    0.0026014484465122223,
    0.002542962785810232,
    0.00277985748834908,
    0.0028564422391355038,
    0.0027776288334280252,
    0.0027928007766604424,
    0.0025401636958122253,
    0.002980868797749281,
    0.0031892876140773296,
    0.0026153153739869595,
    0.002572148572653532,
    0.0026585469022393227,
    0.0030959651339799166,
    0.002519566100090742,
    0.0032067648135125637,
    0.002524885581806302,
    0.0026403754018247128,
    0.0029762655030936003,
    0.0029140166006982327,
    0.0026284141931682825,
    0.002338203601539135,
    0.0025239831302314997,
    0.0026297089643776417,
    0.0024603239726275206,
    0.002567457966506481,
    0.0024190463591367006,
    0.0028294078074395657,
    0.0024571893736720085,
    0.0026612034998834133,
    0.0026917988434433937,
    0.002578457584604621,
    0.0023783384822309017,
    0.0027061100117862225,
    0.002482321811839938,
    0.0024427101016044617,
    0.002614412922412157,
    0.002744785975664854,
    0.002240892266854644,
    0.0022623774129897356,
    0.0026795545127242804,
    0.0026018975768238306,
    0.0024247653782367706,
    0.002620733343064785,
    0.0022141768131405115,
    0.0027876817621290684,
    0.0029622679576277733,
    0.00248864758759737,
    0.002661478938534856,
    0.002982562407851219,
    0.002888048067688942,
    0.002881525084376335,
    0.002704365411773324,
    0.002424021251499653,
    0.0028996667824685574,
    0.0028430160600692034,
    0.002974170260131359,
    0.0024695119354873896,
    0.003102764720097184,
    0.0027461606077849865,
    0.002621008548885584,
