{
  "version": "model_weights/_T_10_y0_0_01_network_architectures_4_50_activations_tanh_learning_rates_0_001_collocations_1024_epochs_50000_reg_epochs_0_reg_coeff_1_reg_decay_1_/run_4",
  "seed": 1,
  "y0": 0.01,
  "T": 10,
  "N_col": 1024,
  "N_hidden": 4,
  "N_neurons": 50,
  "activation": "tanh",
  "N_epochs": 50000,
  "learning_rate": 0.001,
  "decay_rate": 1.0,
  "freq_log": 100,
  "freq_print": 1000,
  "keys_print": [
    "loss"
  ],
  "freq_save": 0,
  "reg_coeff": 1,
  "reg_decay": 1,
  "reg_epochs": 0,
  "loss": [
    0.1886925995349884,
    2.4506403860868886e-05,
    2.133658927050419e-05,
    2.3015305487206206e-05,
    1.976732164621353e-05,
    2.1368437955970876e-05,
    2.1509880753001198e-05,
    2.17748929571826e-05,
    2.0747524104081094e-05,
    1.9458231690805405e-05,
    1.7162667063530535e-05,
    2.372782000747975e-05,
    2.177371789002791e-05,
    2.5404890038771555e-05,
    2.2821339371148497e-05,
    4.0565410017734393e-05,
    1.7125388694694266e-05,
    2.4031560315052047e-05,
    1.97020017367322e-05,
    2.1359510355978273e-05,
    2.1424832084449008e-05,
    1.876096212072298e-05,
    2.3891716409707442e-05,
    0.00010627602023305371,
    2.0490215320023708e-05,
    2.0117648091400042e-05,
    1.91232466022484e-05,
    1.9591019736253656e-05,
    1.828012682381086e-05,
    3.9624341297894716e-05,
    2.1143723643035628e-05,
    3.0561815947294235e-05,
    1.8183574866270646e-05,
    3.105061114183627e-05,
    2.6146102754864842e-05,
    1.869674088084139e-05,
    2.195776869484689e-05,
    0.00019693723879754543,
    2.3337415768764913e-05,
    5.337873153621331e-05,
    5.3804578783456236e-05,
    3.468846989562735e-05,
    1.9910610717488453e-05,
    1.9619845261331648e-05,
    2.1396625015768223e-05,
    4.099704892723821e-05,
    1.766386048984714e-05,
    2.0242512619006447e-05,
    2.2029620595276356e-05,
    4.033505683764815e-05,
    2.432082692394033e-05,
    3.083879710175097e-05,
    2.199412847403437e-05,
    2.1735328118666075e-05,
    2.2402424292522483e-05,
    2.225077332695946e-05,
    2.1914735043537803e-05,
    8.09874472906813e-05,
    3.307369479443878e-05,
    3.0030912967049517e-05,
    2.0987456082366407e-05,
    2.5390669179614633e-05,
    2.230926838819869e-05,
    2.7759262593463063e-05,
    2.6441761292517185e-05,
    3.027662205568049e-05,
    1.8808779714163393e-05,
    7.918830669950694e-05,
    2.668943488970399e-05,
    1.9377908756723627e-05,
    2.0011215383419767e-05,
    2.100007804983761e-05,
    2.7668655093293637e-05,
    2.8861377359135076e-05,
    2.007715738727711e-05,
    1.691137731540948e-05,
    2.5065153749892488e-05,
    2.2663341951556504e-05,
    2.2542768419953063e-05,
    4.130444722250104e-05,
    2.1397332602646202e-05,
    2.2174353944137692e-05,
    2.0962474081898108e-05,
    1.957171843969263e-05,
    2.0939776732120663e-05,
    1.9416940631344914e-05,
    2.257965570606757e-05,
    2.135678005288355e-05,
    2.0745812435052358e-05,
    1.9310244169901125e-05,
    3.865624967147596e-05,
    2.1094807379995473e-05,
    2.0649749785661697e-05,
    1.655871710681822e-05,
    2.7195343136554584e-05,
    3.175722304149531e-05,
    2.6743578928289935e-05,
    2.1323208784451708e-05,
    2.3216849513119087e-05,
    2.26918109547114e-05,
    1.6787049389677122e-05,
    2.3249609512276947e-05,
    2.3471393433283083e-05,
    2.4247396140708588e-05,
    1.8715016267378815e-05,
    2.6860190700972453e-05,
    1.9366616470506415e-05,
    2.0331530322437175e-05,
    2.0193934687995352e-05,
    2.145831058442127e-05,
    2.4541051971027628e-05,
    9.621537174098194e-05,
    2.111928552039899e-05,
    1.993487967411056e-05,
    1.786655411706306e-05,
    2.1113808543304913e-05,
    1.8838720279745758e-05,
    1.906341094581876e-05,
    1.917437111842446e-05,
    2.1812877093907446e-05,
    2.2334937966661528e-05,
    2.058576137642376e-05,
    1.9775412511080503e-05,
    1.84113177965628e-05,
    1.7829534044722095e-05,
    2.2762464141123928e-05,
    1.972828249563463e-05,
    2.063729516521562e-05,
    2.1045700123067945e-05,
    1.9808572687907144e-05,
    1.9101284124189988e-05,
    1.6708105249563232e-05,
    1.691721990937367e-05,
    1.8741999156191014e-05,
    1.7184464013553225e-05,
    1.8756218196358532e-05,
    2.1764102712040767e-05,
    1.874562440207228e-05,
    1.950132536876481e-05,
    1.9144081306876615e-05,
    1.9370951122255065e-05,
    1.7591346477274783e-05,
    2.03869458346162e-05,
    1.8019542039837688e-05,
    2.3913991753943264e-05,
    2.043747008428909e-05,
    1.7876165657071397e-05,
    1.935073669301346e-05,
    1.7645663319854066e-05,
    2.164148463634774e-05,
    1.953067840076983e-05,
    1.966334821190685e-05,
    1.2610355042852461e-05,
    1.963953036465682e-05,
    1.6812453395687044e-05,
    1.924789285112638e-05,
    1.8715569240157492e-05,
    2.0778719772351906e-05,
    2.033482087426819e-05,
    1.988138501474168e-05,
    2.0633615349652246e-05,
    1.870937558123842e-05,
    2.0447734641493298e-05,
    2.1074833057355136e-05,
    2.1038595150457695e-05,
    2.0074279746040702e-05,
    1.91231956705451e-05,
    1.8589309547678567e-05,
    1.9471641280688345e-05,
    1.9212671759305522e-05,
    1.9125594917568378e-05,
    1.995261845877394e-05,
    1.975983104784973e-05,
    2.0615112589439377e-05,
    2.031376243394334e-05,
    1.92692441487452e-05,
    1.8108876247424632e-05,
    2.132048030034639e-05,
    1.7589627532288432e-05,
    1.8888094928115606e-05,
    2.408034197287634e-05,
    1.7502872651675716e-05,
    1.853049616329372e-05,
    2.1866659153602086e-05,
    2.2286300009000115e-05,
    2.090745692839846e-05,
    1.8523118342272937e-05,
    1.8943523173220456e-05,
    2.1421470592031255e-05,
    2.1116868083481677e-05,
    2.508811667212285e-05,
    1.8070742953568697e-05,
    1.6850815882207826e-05,
    2.0343266442068852e-05,
    2.1916537662036717e-05,
    1.9369146684766747e-05,
    2.0840903744101524e-05,
    1.8397111489321105e-05,
    2.0650244550779462e-05,
    2.0453910110518336e-05,
    1.8623077266965993e-05,
    2.182668322348036e-05,
    2.042514825006947e-05,
    2.272245728818234e-05,
    2.3384687665384263e-05,
    2.1179548639338464e-05,
    1.7254647900699638e-05,
    2.2533706214744598e-05,
    2.210480670328252e-05,
    2.20283600356197e-05,
    1.883446384454146e-05,
    2.2592874302063137e-05,
    1.9296412574476562e-05,
    1.8139591702492908e-05,
    1.9998344214400277e-05,
    1.74441775016021e-05,
    1.9687184249050915e-05,
    2.379565739829559e-05,
    2.0234663679730147e-05,
    2.055663753708359e-05,
    2.06938675546553e-05,
    1.9267808966105804e-05,
    2.002442124648951e-05,
    2.043858876277227e-05,
    2.1601001208182424e-05,
    2.1308740542735904e-05,
    2.1881001885049045e-05,
    1.9003395209438168e-05,
    2.296942511748057e-05,
    2.4386998120462522e-05,
    1.9483684809529223e-05,
    1.9491457351250574e-05,
    2.0390602003317326e-05,
    2.377844793954864e-05,
    1.8902857846114784e-05,
    2.4603354177088477e-05,
    1.9064686057390645e-05,
    2.0478977603488602e-05,
    2.2920779883861542e-05,
    2.2148842617752962e-05,
    2.005193346121814e-05,
    1.7501857655588537e-05,
    1.890909879875835e-05,
    1.9643124687718228e-05,
    1.8208551409770735e-05,
    1.9342209270689636e-05,
    1.828095810196828e-05,
    2.1510444639716297e-05,
    1.819880708353594e-05,
    1.9831040845019743e-05,
    2.0624991520890035e-05,
    1.947235068655573e-05,
    1.7335201846435666e-05,
    2.0488558220677078e-05,
    1.8878617993323132e-05,
    1.837822492234409e-05,
    1.980025990633294e-05,
    2.1205893062870018e-05,
    1.674778832239099e-05,
    1.6590222003287636e-05,
    2.0497696823440492e-05,
    1.9698296455317177e-05,
    1.7965605366043746e-05,
    1.9319028069730848e-05,
    1.5596102457493544e-05,
    2.126519029843621e-05,
    2.3000773580861278e-05,
    1.896126013889443e-05,
    2.0526367734419182e-05,
    2.2829115550848655e-05,
