{
  "version": "plots/_T_10_y0_0_1_network_architectures_4_50_activations_tanh_learning_rates_0_001_collocations_1024_epochs_50000_regularization_unstable_fp_reg_epochs_1_reg_coeff_0_01_reg_decay_1_/run_7",
  "seed": 1,
  "y0": 0.1,
  "T": 10,
  "N_col": 1024,
  "N_hidden": 4,
  "N_neurons": 50,
  "activation": "tanh",
  "N_epochs": 50000,
  "learning_rate": 0.001,
  "decay_rate": 1.0,
  "freq_log": 100,
  "freq_print": 1000,
  "keys_print": [
    "loss"
  ],
  "freq_save": 0,
  "regularization": "unstable_fp",
  "reg_coeff": 0.01,
  "reg_decay": 1,
  "reg_epochs": 1,
  "loss": [
    0.10400697588920593,
    0.011937612667679787,
    0.011856041848659515,
    0.012024706229567528,
    0.011827979236841202,
    0.0121083352714777,
    0.012062031775712967,
    0.012131670489907265,
    0.012032060883939266,
    0.01193651370704174,
    0.011703534051775932,
    0.012359973043203354,
    0.012120194733142853,
    0.012497620657086372,
    0.012179512530565262,
    0.012350770644843578,
    0.011682899668812752,
    0.012339594773948193,
    0.01196807436645031,
    0.011955620720982552,
    0.012107627466320992,
    0.0118452999740839,
    0.011926960200071335,
    0.012199414893984795,
    0.012012923136353493,
    0.012006525881588459,
    0.011899839155375957,
    0.011855682358145714,
    0.011771013028919697,
    0.012359727174043655,
    0.012019887566566467,
    0.01208371389657259,
    0.01180728804320097,
    0.011792532168328762,
    0.012000570073723793,
    0.011905048042535782,
    0.012118791230022907,
    0.012016918510198593,
    0.012304166331887245,
    0.011647453531622887,
    0.011978366412222385,
    0.012219320982694626,
    0.011978860944509506,
    0.011937513016164303,
    0.012027195654809475,
    0.011953168548643589,
    0.011761344969272614,
    0.01201816089451313,
    0.012095004320144653,
    0.011984629556536674,
    0.012007900513708591,
    0.011914282105863094,
    0.012218806892633438,
    0.012157296761870384,
    0.012220672331750393,
    0.012032766826450825,
    0.012162387371063232,
    0.011834921315312386,
    0.01221962459385395,
    0.01216170471161604,
    0.012032407335937023,
    0.011974274180829525,
    0.012203823775053024,
    0.011907069012522697,
    0.012262294068932533,
    0.011956418864428997,
    0.011896422132849693,
    0.011915047653019428,
    0.012063270434737206,
    0.011890115216374397,
    0.011972333304584026,
    0.012141234241425991,
    0.011884499341249466,
    0.012374655343592167,
    0.011997204273939133,
    0.011671037413179874,
    0.01238328032195568,
    0.012175136245787144,
    0.012114573270082474,
    0.011928296647965908,
    0.01214419025927782,
    0.012032688595354557,
    0.011905057355761528,
    0.011940240859985352,
    0.012051916681230068,
    0.011775502935051918,
    0.01211635209619999,
    0.01208182517439127,
    0.011938340030610561,
    0.011860941536724567,
    0.012024739757180214,
    0.011656180024147034,
    0.01189432479441166,
    0.01166526135057211,
    0.012004085816442966,
    0.012001100927591324,
    0.012006392702460289,
    0.01199287362396717,
    0.01219751313328743,
    0.012240853160619736,
    0.011625554412603378,
    0.011931012384593487,
    0.012066453695297241,
    0.011959604918956757,
    0.011852706782519817,
    0.012423117645084858,
    0.011903190053999424,
    0.012052731588482857,
    0.011989808641374111,
    0.012013597413897514,
    0.012052875012159348,
    0.012093812227249146,
    0.01211575698107481,
    0.011976094916462898,
    0.011769229546189308,
    0.012077640742063522,
    0.011874787509441376,
    0.01187993586063385,
    0.011913183145225048,
    0.012168190442025661,
    0.012218955904245377,
    0.012035621330142021,
    0.011960086412727833,
    0.011837901547551155,
    0.01177301723510027,
    0.012257508933544159,
    0.011978988535702229,
    0.012055411003530025,
    0.012101205997169018,
    0.01196497492492199,
    0.011917519383132458,
    0.011667811311781406,
    0.011674861423671246,
    0.011856830678880215,
    0.011716283857822418,
    0.011858458630740643,
    0.012179371900856495,
    0.011891735717654228,
    0.011960793286561966,
    0.01189340278506279,
    0.011922367848455906,
    0.011763835325837135,
    0.01202818937599659,
    0.011795420199632645,
    0.012358784675598145,
    0.01200958527624607,
    0.011769475415349007,
    0.011907819658517838,
    0.011738119646906853,
    0.012137014418840408,
    0.011914413422346115,
    0.011921130120754242,
    0.011249476112425327,
    0.011938069947063923,
    0.011645319871604443,
    0.011888032779097557,
    0.011855646036565304,
    0.012039877474308014,
    0.012003644369542599,
    0.011954013258218765,
    0.012033163569867611,
    0.011839746497571468,
    0.011985760182142258,
    0.012083085253834724,
    0.012075746431946754,
    0.011982254683971405,
    0.01188519224524498,
    0.011772265657782555,
    0.011870471760630608,
    0.01186744961887598,
    0.011856826022267342,
    0.011946420185267925,
    0.01194534171372652,
    0.01202843151986599,
    0.011898783035576344,
    0.011918208561837673,
    0.011795287020504475,
    0.012073222547769547,
    0.01176740787923336,
    0.01184921432286501,
    0.01221194863319397,
    0.011699308641254902,
    0.0118296779692173,
    0.012144011445343494,
    0.012236855924129486,
    0.012027056887745857,
    0.011771210469305515,
    0.011901537887752056,
    0.01209926512092352,
    0.01209547184407711,
    0.012527363374829292,
    0.011754277162253857,
    0.011668739840388298,
    0.012003698386251926,
    0.012162554077804089,
    0.011868765577673912,
    0.012079362757503986,
    0.011820970103144646,
    0.012012346647679806,
    0.012039704248309135,
    0.011873798444867134,
    0.012130449526011944,
    0.01194591261446476,
    0.01224875170737505,
    0.012266285717487335,
    0.012103823944926262,
    0.011628656648099422,
    0.012236375361680984,
    0.012155326083302498,
    0.012194585986435413,
    0.011857567355036736,
    0.012233666144311428,
    0.011901837773621082,
    0.011775542981922626,
    0.011944098398089409,
    0.01171274483203888,
    0.011905170977115631,
    0.012374911457300186,
    0.011995313689112663,
    0.01197266299277544,
    0.012088785879313946,
    0.011918272823095322,
    0.011846880428493023,
    0.01203089952468872,
    0.012161488644778728,
    0.012104872614145279,
    0.01217234693467617,
    0.011880023404955864,
    0.012283658608794212,
    0.012444852851331234,
    0.011941642500460148,
    0.011936201713979244,
    0.012021644040942192,
    0.012365167960524559,
    0.011890578083693981,
    0.012434588745236397,
    0.011896802112460136,
    0.012030469253659248,
    0.01226796954870224,
    0.012177443131804466,
    0.011984821408987045,
    0.011727143079042435,
    0.011860398575663567,
    0.011958062648773193,
    0.011798424646258354,
    0.011912803165614605,
    0.011814466677606106,
    0.012133564800024033,
    0.011797213926911354,
    0.01194692775607109,
    0.0120327053591609,
    0.011943237856030464,
    0.011711630038917065,
    0.012027760036289692,
    0.011846210807561874,
    0.011812296696007252,
    0.011955097317695618,
    0.012077441439032555,
    0.011626890860497952,
    0.01165812648832798,
    0.012017839588224888,
    0.011947577819228172,
    0.011755025945603848,
    0.011922056786715984,
    0.011535141617059708,
    0.012097420170903206,
    0.012299999594688416,
    0.011829396709799767,
    0.012007536366581917,
    0.012266982346773148,
    0.01216856949031353,
    0.01220873836427927,
    0.012060973793268204,
    0.011806710623204708,
    0.012137139216065407,
    0.012171420268714428,
    0.012256070971488953,
    0.011846999637782574,
    0.012418407946825027,
    0.012067349627614021,
    0.011968715116381645,
    0.012163456529378891,
    0.01205039769411087,
    0.01226535253226757,
    0.011759857647120953,
    0.011832049116492271,
    0.011639474891126156,
