{
  "version": "plots/_T_10_y0_0_001_network_architectures_4_50_activations_tanh_learning_rates_0_001_collocations_1024_epochs_50000_regularization_unstable_fp_reg_epochs_1_reg_coeff_0_01_reg_decay_1_/run_3",
  "seed": 1,
  "y0": 0.001,
  "T": 10,
  "N_col": 1024,
  "N_hidden": 4,
  "N_neurons": 50,
  "activation": "tanh",
  "N_epochs": 50000,
  "learning_rate": 0.001,
  "decay_rate": 1.0,
  "freq_log": 100,
  "freq_print": 1000,
  "keys_print": [
    "loss"
  ],
  "freq_save": 0,
  "regularization": "unstable_fp",
  "reg_coeff": 0.01,
  "reg_decay": 1,
  "reg_epochs": 1,
  "loss": [
    0.02212490513920784,
    0.010002008639276028,
    0.010001023299992085,
    0.010000892914831638,
    0.010000726208090782,
    0.010000653564929962,
    0.010000542737543583,
    0.010000471957027912,
    0.010000389069318771,
    0.01000030618160963,
    0.010000256821513176,
    0.010000301524996758,
    0.010000255890190601,
    0.010000270791351795,
    0.010000237263739109,
    0.010073740966618061,
    0.010000205598771572,
    0.010003848932683468,
    0.010000213049352169,
    0.010006065480411053,
    0.010000218637287617,
    0.010000194422900677,
    0.010000716894865036,
    0.01000115368515253,
    0.010000201873481274,
    0.010000201873481274,
    0.010000188834965229,
    0.010000196285545826,
    0.010000175796449184,
    0.010000980459153652,
    0.010000214911997318,
    0.010003647767007351,
    0.010000182315707207,
    0.01000159326940775,
    0.01000022329390049,
    0.01000030618160963,
    0.010008125565946102,
    0.010000204667448997,
    0.010000254958868027,
    0.010000166483223438,
    0.010000566020607948,
    0.010000224225223064,
    0.010000201873481274,
    0.010104713961482048,
    0.010000205598771572,
    0.010070850141346455,
    0.010000193491578102,
    0.010178357362747192,
    0.010000216774642467,
    0.010000210255384445,
    0.010000225156545639,
    0.01000041700899601,
    0.010000248439610004,
    0.010014490224421024,
    0.0100002596154809,
    0.010035723447799683,
    0.010000229813158512,
    0.010001366958022118,
    0.010000231675803661,
    0.010000217705965042,
    0.010000216774642467,
    0.010000222362577915,
    0.010005396790802479,
    0.01000022143125534,
    0.010000234469771385,
    0.010003522969782352,
    0.010000251233577728,
    0.010000203736126423,
    0.010000219568610191,
    0.01000019907951355,
    0.010001051239669323,
    0.010000256821513176,
    0.010000277310609818,
    0.010000254958868027,
    0.0100112808868289,
    0.010000182315707207,
    0.010000251233577728,
    0.01000033225864172,
    0.010005548596382141,
    0.010000661946833134,
    0.010000254958868027,
    0.010000213980674744,
    0.010000280104577541,
    0.010052245110273361,
    0.010000219568610191,
    0.010000298731029034,
    0.010000254027545452,
    0.010000227019190788,
    0.010004117153584957,
    0.010003766976296902,
    0.010000246576964855,
    0.01000091154128313,
    0.010002376511693,
    0.010001991875469685,
    0.010002193041145802,
    0.01000021118670702,
    0.010000437498092651,
    0.010000270791351795,
    0.010002708993852139,
    0.010000300593674183,
    0.01003929041326046,
    0.010000288486480713,
    0.010010853409767151,
    0.010000328533351421,
    0.010000297799706459,
    0.010000252164900303,
    0.010000249370932579,
    0.010000203736126423,
    0.01002176757901907,
    0.010000208392739296,
    0.01000020932406187,
    0.010000214911997318,
    0.010000214911997318,
    0.010000203736126423,
    0.010000180453062057,
    0.010000212118029594,
    0.010000189766287804,
    0.010000192560255527,
    0.010000192560255527,
    0.010000219568610191,
    0.010000224225223064,
    0.010000206530094147,
    0.010000200010836124,
    0.01000018510967493,
    0.010000178590416908,
    0.010000230744481087,
    0.010000198148190975,
    0.010000207461416721,
    0.01000021118670702,
    0.01000019907951355,
    0.010000190697610378,
    0.010000168345868587,
    0.010000169277191162,
    0.010000187903642654,
    0.01000017300248146,
    0.01000018697232008,
    0.010000217705965042,
    0.010000190697610378,
    0.010000196285545826,
    0.010000193491578102,
    0.010000194422900677,
    0.010000176727771759,
    0.010000205598771572,
    0.010000179521739483,
    0.0100002596154809,
    0.010000206530094147,
    0.01000022329390049,
    0.010000628419220448,
    0.010000254027545452,
    0.01000502984970808,
    0.01000980008393526,
    0.010000382550060749,
    0.010000214911997318,
    0.010000254027545452,
    0.010000170208513737,
    0.010000201873481274,
    0.010000218637287617,
    0.010002103634178638,
    0.010000205598771572,
    0.010000293143093586,
    0.010000212118029594,
    0.010000395588576794,
    0.01000020932406187,
    0.010000284761190414,
    0.010001040995121002,
    0.010003987699747086,
    0.010000301524996758,
    0.01000018697232008,
    0.010000381618738174,
    0.010000207461416721,
    0.010000213049352169,
    0.010000219568610191,
    0.010000267997384071,
    0.01000021118670702,
    0.010000228881835938,
    0.01000020932406187,
    0.010000207461416721,
    0.010000220499932766,
    0.010000989772379398,
    0.010000208392739296,
    0.010000351816415787,
    0.010000202804803848,
    0.010000497102737427,
    0.010000244714319706,
    0.010000262409448624,
    0.010000210255384445,
    0.010000837035477161,
    0.010000191628932953,
    0.010000231675803661,
    0.010000229813158512,
    0.010000267066061497,
    0.010000204667448997,
    0.010000207461416721,
    0.01000020932406187,
    0.010000224225223064,
    0.010000315494835377,
    0.010000215843319893,
    0.010000183247029781,
    0.010000573471188545,
    0.010000213980674744,
    0.010000192560255527,
    0.010000215843319893,
    0.010000276379287243,
    0.01000024750828743,
    0.010000383481383324,
    0.010000555776059628,
    0.01000018510967493,
    0.010000224225223064,
    0.010001389309763908,
    0.010000219568610191,
    0.01000018697232008,
    0.010000225156545639,
    0.010000191628932953,
    0.010000178590416908,
    0.010000194422900677,
    0.010000173933804035,
    0.010000191628932953,
    0.010000238195061684,
    0.010000201873481274,
    0.010000198148190975,
    0.010000207461416721,
    0.010000192560255527,
    0.010000187903642654,
    0.010000204667448997,
    0.010000215843319893,
    0.010000213049352169,
    0.010000218637287617,
    0.010000190697610378,
    0.010000228881835938,
    0.010000242851674557,
    0.010000194422900677,
    0.010000194422900677,
    0.010000203736126423,
    0.010000237263739109,
    0.010000188834965229,
    0.01000024750828743,
    0.010000190697610378,
    0.010000205598771572,
    0.010000228881835938,
    0.01000022143125534,
    0.010000200942158699,
    0.01000017486512661,
    0.010000188834965229,
    0.010000196285545826,
    0.010000183247029781,
    0.010000193491578102,
    0.010000183247029781,
    0.010000214911997318,
    0.010000181384384632,
    0.010000200010836124,
    0.010000205598771572,
    0.010000194422900677,
    0.010000173933804035,
    0.010000205598771572,
    0.01000018697232008,
    0.010000183247029781,
    0.010000200010836124,
    0.010000213049352169,
    0.010000164620578289,
    0.010000166483223438,
    0.010000207461416721,
    0.010000196285545826,
    0.010000182315707207,
    0.010000193491578102,
    0.010000154376029968,
    0.010000216774642467,
    0.01000023353844881,
    0.0100001972168684,
    0.010000207461416721,
    0.010000230744481087,
    0.010000222362577915,
    0.010000230744481087,
    0.010000215843319893,
    0.010000219568610191,
    0.010000268928706646,
    0.010000243782997131,
    0.01000030618160963,
    0.010000187903642654,
    0.010000240057706833,
    0.010000237263739109,
    0.010000213980674744,
    0.01000023540109396,
    0.010000232607126236,
    0.010000240989029408,
    0.010000282898545265,
    0.01000023353844881,
