{
  "version": "plots/_T_10_y0_0_1_network_architectures_4_50_activations_tanh_learning_rates_0_001_collocations_1024_epochs_50000_regularization_reg_derivative_unstable_fp_reg_epochs_1_reg_coeff_1_reg_decay_1_/run_8",
  "seed": 1,
  "y0": 0.1,
  "T": 10,
  "N_col": 1024,
  "N_hidden": 4,
  "N_neurons": 50,
  "activation": "tanh",
  "N_epochs": 50000,
  "learning_rate": 0.001,
  "decay_rate": 1.0,
  "freq_log": 100,
  "freq_print": 1000,
  "keys_print": [
    "loss"
  ],
  "freq_save": 0,
  "regularization": "reg_derivative_unstable_fp",
  "reg_coeff": 1,
  "reg_decay": 1,
  "reg_epochs": 1,
  "loss": [
    0.08195576071739197,
    0.01415102556347847,
    0.011381072923541069,
    0.011374950408935547,
    0.010507728904485703,
    0.012708709575235844,
    0.01682732254266739,
    0.01143494714051485,
    0.010913832113146782,
    0.014475410804152489,
    0.010473646223545074,
    0.010705392807722092,
    0.01395215280354023,
    0.013317907229065895,
    0.010494299232959747,
    0.011687451973557472,
    0.013849873095750809,
    0.010227151215076447,
    0.010086056776344776,
    0.010101609863340855,
    0.011293844319880009,
    0.010890993289649487,
    0.009956230409443378,
    0.010047998279333115,
    0.010323313996195793,
    0.009923062287271023,
    0.011240696534514427,
    0.010256132110953331,
    0.010169574990868568,
    0.01002411637455225,
    0.010065998882055283,
    0.010380321182310581,
    0.009861646220088005,
    0.009951723739504814,
    0.00976259633898735,
    0.00972437858581543,
    0.009699168615043163,
    0.009670739062130451,
    0.009600596502423286,
    0.009598891250789165,
    0.00970531441271305,
    0.009521432220935822,
    0.009216876700520515,
    0.009386725723743439,
    0.008076891303062439,
    0.0072248768992722034,
    0.007451554760336876,
    0.0073481048457324505,
    0.007136345840990543,
    0.007274987641721964,
    0.006465967744588852,
    0.0012409788323566318,
    0.00012316332140471786,
    7.057793845888227e-05,
    4.625366273103282e-05,
    3.7001853343099356e-05,
    6.424323510145769e-05,
    0.00016943544324021786,
    1.784851156116929e-05,
    6.173283327370882e-05,
    1.1635666851361748e-05,
    9.215861609845888e-06,
    5.684368807123974e-05,
    1.3692877473658882e-05,
    9.484542533755302e-05,
    5.026902726967819e-06,
    0.00010935270984191447,
    3.1537065297015943e-06,
    6.515905624837615e-06,
    4.01919578507659e-06,
    1.7772110822988907e-06,
    4.9256864258495625e-06,
    2.1085306798340753e-06,
    8.443758815701585e-06,
    3.5424618545221165e-06,
    6.038320634615957e-07,
    1.4952325727790594e-05,
    4.0706596337258816e-05,
    8.420402991760056e-06,
    6.830662459833547e-05,
    5.302656518324511e-06,
    1.0507199021958513e-06,
    1.2573506182889105e-06,
    3.25036268122858e-07,
    1.7887370518110401e-07,
    1.8302463899999566e-07,
    3.1482733220400405e-07,
    1.2498833257268416e-07,
    8.017970571927435e-07,
    8.427059015048144e-07,
    0.00014437192294280976,
    8.33122157928301e-08,
    9.297818905906752e-06,
    7.68120713701137e-08,
    6.115265023254324e-07,
    0.00022309995256364346,
    5.413869885728673e-08,
    0.0002559227286837995,
    1.4841573658941343e-07,
    7.82185816206038e-05,
    5.394925750579205e-08,
    7.354876885301564e-08,
    7.964225545720183e-08,
    1.8856053429772146e-07,
    8.269935136695494e-08,
    1.546144289932272e-06,
    1.7877446225611493e-05,
    2.75889817658026e-08,
    2.7032919902580943e-08,
    0.0002392080641584471,
    2.7084322340442668e-08,
    0.00012035661347908899,
    5.546583281557105e-08,
    2.16498019511846e-08,
    7.710421812134882e-08,
    6.238340120034991e-07,
    1.4994995467532135e-08,
    2.2669457393931225e-05,
    1.8255239098152742e-08,
    1.165974254035973e-06,
    1.7344824243537005e-08,
    1.9168210485531745e-07,
    1.2479866029480036e-08,
    5.498890800481604e-07,
    1.3794567266245394e-08,
    1.3595536252353213e-08,
    6.3459483499173075e-06,
    0.0003116748412139714,
    8.026341902223066e-08,
    5.341895530364127e-07,
    1.8121065181730955e-07,
    7.386971390133112e-08,
    9.656171641836409e-06,
    2.4487164296260744e-07,
    5.214351261884076e-08,
    2.070035165502304e-08,
    6.194806019266252e-07,
    1.3330555326263038e-08,
    1.3440273960441118e-06,
    2.7271161329167626e-08,
    1.586574398970697e-06,
    8.395672193728387e-05,
    4.453140718396753e-07,
    5.894015885132831e-06,
    2.7308516337143374e-08,
    0.00012197431351523846,
    2.709411717205512e-08,
    4.124246544279231e-08,
    2.5272047565749745e-08,
    1.3296137240104144e-06,
    2.2235099095269106e-08,
    6.866071089461911e-08,
    6.884932872708305e-07,
    7.62452998515073e-07,
    5.286990199238062e-05,
    1.5489457894091174e-07,
    1.0781612218124792e-05,
    3.418834992885422e-08,
    5.296116256658934e-08,
    8.327492651005741e-06,
    0.0001389890385325998,
    2.8492292969417576e-08,
    1.4156218242078467e-07,
    9.351084031550272e-07,
    1.0727510471042478e-06,
    1.0781452886021725e-07,
    1.48379581332847e-06,
    4.700165732174355e-07,
    4.1041161580324115e-08,
    2.75115574766005e-08,
    3.761110178857052e-08,
    1.5219004723121543e-08,
    0.00018282892415300012,
    2.279691457829358e-08,
    7.416555831696314e-07,
    5.391910207208639e-08,
    4.256222382537089e-06,
    1.7478679126270436e-07,
    2.1158101048968092e-07,
    4.9948898350749005e-08,
    9.577126292015237e-08,
    9.844377757417533e-08,
    9.243154863725067e-07,
    8.600958244642243e-05,
    2.517761288345355e-08,
    5.606543709291145e-07,
    2.5135676651188987e-08,
    2.016464009102492e-07,
    2.7218356990488246e-07,
    0.00018218356126453727,
    2.682031379208638e-07,
    0.0001431877608411014,
    3.929834235805174e-07,
    4.226334127110931e-08,
    4.712909884574401e-08,
    3.0228971326096143e-08,
    3.504624856986993e-08,
    2.342515514897059e-08,
    2.7565153715158885e-08,
    3.5448152857497917e-08,
    1.1190444638486952e-05,
    4.5704007334279595e-07,
    1.0766862601485627e-07,
    6.148372449388262e-06,
    8.382836313103326e-06,
    4.2393312469357625e-06,
    3.333247877890244e-05,
    1.9884237190126441e-07,
    3.294824466593127e-07,
    1.3424553912955162e-07,
    1.2135413271607831e-05,
    3.3527946641243034e-08,
    2.06597192686786e-08,
    2.1928326532361098e-06,
    7.837711564206984e-06,
    4.6341916970504826e-08,
    1.7468732949055266e-06,
    2.304609658665413e-08,
    1.7329937691101804e-05,
    2.276914443655187e-07,
    9.73653584424028e-08,
    2.1753860934836666e-08,
    2.3645666260563303e-06,
    1.114452459205495e-07,
    3.1142924683535966e-08,
    5.128313773639093e-07,
    1.572744423583572e-07,
    9.034586128109368e-07,
    2.0844247217155498e-07,
    9.801299256650964e-07,
    1.6288919368889765e-07,
    3.3934234124899376e-06,
    2.6169754363536413e-08,
    8.215415903123358e-08,
    2.3003426719014897e-08,
    6.789262442907784e-06,
    9.805076842894778e-06,
    6.786416633985937e-06,
    1.323775222772383e-07,
    1.9460001112747705e-06,
    1.73713203821535e-08,
    3.206955443602055e-05,
    5.798465352313542e-08,
    1.225276093919092e-07,
    4.0283794078277424e-05,
    2.4209523274976164e-08,
    1.8726730388607393e-08,
    2.0150794810547268e-08,
    2.2260580934130303e-08,
    3.295577926110127e-07,
    9.165422909518384e-08,
    1.856168637459632e-06,
    5.128596569647925e-08,
    3.810340132304191e-08,
    9.127221574090072e-07,
    2.129850713572523e-07,
    1.9178349248250015e-05,
    6.242273684620159e-07,
    6.270275321185181e-07,
    4.2516597886788077e-07,
    2.904350253629673e-07,
    3.3575423003640026e-05,
    9.066766892829037e-09,
    1.2410183103384043e-07,
    4.414830812038417e-08,
    2.346840119571425e-06,
    1.2500204604748433e-07,
    6.492301736216177e-07,
    3.3485637686681e-05,
    1.6099013677717267e-08,
    2.039972969214432e-06,
    1.2775133200193522e-06,
