{
  "version": "plots/_T_10_y0_0_1_network_architectures_4_50_activations_tanh_learning_rates_0_001_collocations_1024_epochs_50000_regularization_unstable_fp_reg_epochs_1_reg_coeff_100000_reg_decay_1_/run_0",
  "seed": 1,
  "y0": 0.1,
  "T": 10,
  "N_col": 1024,
  "N_hidden": 4,
  "N_neurons": 50,
  "activation": "tanh",
  "N_epochs": 50000,
  "learning_rate": 0.001,
  "decay_rate": 1.0,
  "freq_log": 100,
  "freq_print": 1000,
  "keys_print": [
    "loss"
  ],
  "freq_save": 0,
  "regularization": "unstable_fp",
  "reg_coeff": 100000,
  "reg_decay": 1,
  "reg_epochs": 1,
  "loss": [
    0.025847863405942917,
    22.773700714111328,
    15.924921035766602,
    6.8355021476745605,
    11.965279579162598,
    3.662421226501465,
    8.227224349975586,
    11.15735912322998,
    5.568980693817139,
    11.652801513671875,
    2.9492549896240234,
    5.561979293823242,
    5.004031181335449,
    5.649405479431152,
    6.434668064117432,
    7.95479679107666,
    7.657765865325928,
    14.291746139526367,
    6.454093933105469,
    7.261667251586914,
    3.591578483581543,
    4.882881164550781,
    3.3397984504699707,
    3.278759002685547,
    3.64567494392395,
    8.471592903137207,
    3.5364503860473633,
    7.0426764488220215,
    6.236186981201172,
    2.8182196617126465,
    0.13521048426628113,
    4.865011215209961,
    1.4369102716445923,
    1.2539112567901611,
    1.8841756582260132,
    1.3925739526748657,
    6.828534126281738,
    0.06542962044477463,
    3.825005054473877,
    4.8796796798706055,
    3.310213327407837,
    9.467229843139648,
    3.525794506072998,
    4.0993194580078125,
    3.6487231254577637,
    4.20300817489624,
    3.199617385864258,
    0.0014435355551540852,
    0.8135083913803101,
    3.3139781951904297,
    3.652970790863037,
    5.739499568939209,
    5.396578788757324,
    0.027345646172761917,
    2.271146297454834,
    3.38106107711792,
    2.980090618133545,
    0.001449726289138198,
    5.434628486633301,
    3.4095027446746826,
    3.3888888359069824,
    7.41007137298584,
    1.8033363819122314,
    3.2786147594451904,
    3.5057389736175537,
    2.4341440200805664,
    0.4216766059398651,
    0.21500088274478912,
    254.18515014648438,
    0.6691471934318542,
    2.6694767475128174,
    3.8215126991271973,
    3.4743189811706543,
    3.6203153133392334,
    0.101774662733078,
    0.07651093602180481,
    0.15150731801986694,
    0.06808461248874664,
    2.3031816482543945,
    0.03691241890192032,
    5.310833930969238,
    0.03690217435359955,
    0.022181939333677292,
    0.10925199091434479,
    0.0737500712275505,
    4.412569999694824,
    0.045674122869968414,
    0.03169166296720505,
    0.5891136527061462,
    1.4349337816238403,
    29.79611587524414,
    0.9870115518569946,
    0.05014972761273384,
    0.02947082929313183,
    4.409397125244141,
    3.0267817974090576,
    1.3258718252182007,
    3.5053482055664062,
    3.3773396015167236,
    3.3288211822509766,
    0.03167073801159859,
    2.020364284515381,
    5.4890456199646,
    1.3569258451461792,
    2.6737725734710693,
    4.199090957641602,
    3.414989471435547,
    2.905890941619873,
    2.7588515281677246,
    0.015420799143612385,
    5.565059661865234,
    0.02796359360218048,
    0.6225422620773315,
    1.775343418121338,
    4.503911972045898,
    0.010026351548731327,
    3.752944231033325,
    3.527620553970337,
    2.1935713291168213,
    2.6004769802093506,
    0.011756209656596184,
    2.596895933151245,
    0.023835795000195503,
    3.654120922088623,
    2.615835666656494,
    2.6019113063812256,
    3.3681790828704834,
    3.853168249130249,
    4.700553894042969,
    1.6993682384490967,
    0.5422706007957458,
    4.6620564460754395,
    0.013778487220406532,
    0.007120894268155098,
    3.9535155296325684,
    3.3003456592559814,
    3.2223992347717285,
    0.26953136920928955,
    3.6050009727478027,
    0.6542602181434631,
    2.5096561908721924,
    11.623322486877441,
    1.2199926376342773,
    0.11718437820672989,
    0.018805470317602158,
    0.0127330981194973,
    2.7886438369750977,
    0.01823999360203743,
    0.012033852748572826,
    4.719058036804199,
    2.789912462234497,
    1.833033561706543,
    0.004496124107390642,
    4.229219436645508,
    1.7849552631378174,
    2.5610947608947754,
    4.008627414703369,
    0.7089529633522034,
    7.16824197769165,
    3.4830222129821777,
    1.742227554321289,
    0.01822151616215706,
    2.9348690509796143,
    0.04604116827249527,
    0.01164984330534935,
    5.458821773529053,
    0.22573642432689667,
    0.01309159491211176,
    1.6600451469421387,
    0.009364132769405842,
    0.016648773103952408,
    0.9543731212615967,
    0.007647433318197727,
    3.283547878265381,
    2.727168560028076,
    1.9441921710968018,
    0.007386265322566032,
    0.024387884885072708,
    0.49734392762184143,
    0.0821707546710968,
    3.6087875366210938,
    0.01046866923570633,
    2.156352996826172,
    0.007055778056383133,
    0.6884002089500427,
    2.5581116676330566,
    0.005573049653321505,
    0.035269346088171005,
    1.6302387714385986,
    3.3327548503875732,
    11.61323356628418,
    2.3546438217163086,
    2.6091794967651367,
    0.01886947825551033,
    3.650324583053589,
    0.9078534245491028,
    1.844487190246582,
    0.001906725694425404,
    0.04054858162999153,
    0.009800748899579048,
    0.0014872376341372728,
    3.4173498153686523,
    3.415792465209961,
    7.681982517242432,
    0.5369280576705933,
    3.341062068939209,
    0.8189946413040161,
    3.202108144760132,
    3.872903347015381,
    5.874753952026367,
    3.384201765060425,
    0.0016507008112967014,
    5.199859619140625,
    2.5250601768493652,
    6.879245758056641,
    0.09512143582105637,
    3.3408613204956055,
    3.829704761505127,
    9.218308448791504,
    1.2757439613342285,
    0.5383130311965942,
    0.006663497071713209,
    0.0005895624635741115,
    0.0005388770950958133,
    0.9622689485549927,
    3.9269542694091797,
    0.9544402956962585,
    0.0004205813747830689,
    10.238014221191406,
    4.340945720672607,
    0.6708332896232605,
    0.002849690616130829,
    1.0776716470718384,
    3.803006649017334,
    4.141117095947266,
    3.3947396278381348,
    3.395604133605957,
    0.0013970109866932034,
    0.6603909134864807,
    0.00260362820699811,
    0.256989061832428,
    8.67812728881836,
    0.0005065186996944249,
    4.322854042053223,
    0.0027130148373544216,
    0.7757035493850708,
    5.403573989868164,
    5.311048984527588,
    0.007705642841756344,
    2.984421730041504,
    4.041672706604004,
    6.3252363204956055,
    0.0003571863635443151,
    3.9970054626464844,
    0.09338021278381348,
    0.0014534825459122658,
    0.0021833081264048815,
    7.4848127365112305,
    0.0012776970397680998,
    0.4334298372268677,
    0.014306888915598392,
    0.05605263635516167,
    3.2132091522216797,
    4.295477390289307,
    0.0008101906860247254,
    0.00028360000578686595,
    0.024927256628870964,
    0.0003884495818056166,
    4.028218746185303,
    5.091651916503906,
    0.031213998794555664,
    3.1546847820281982,
    4.510199546813965,
    4.482145309448242,
    0.02119634300470352,
    0.033077917993068695,
    0.019704971462488174,
    4.474153518676758,
    0.01860777661204338,
    4.664786338806152,
    0.14568497240543365,
    0.04023605212569237,
    0.014093213714659214,
    4.3446550369262695,
    0.012765655294060707,
    8.724810600280762,
    2.9034547805786133,
    0.01392583642154932,
    0.010124496184289455,
    0.013121411204338074,
    0.015199166722595692,
    1.6535636186599731,
    0.9024876356124878,
    3.8844785690307617,
    0.013634759932756424,
    0.015705253928899765,
    0.12731193006038666,
    3.1824703216552734,
    0.011614641174674034,
    2.084426164627075,
    2.3018927574157715,
    0.014718923717737198,
    1.731723427772522,
    2.3252687454223633,
    0.014408379793167114,
    0.00915873795747757,
