{
  "version": "plots/_T_10_y0_0_1_network_architectures_4_50_activations_tanh_learning_rates_0_001_collocations_1024_epochs_50000_regularization_no_reg_reg_epochs_1_reg_coeff_1_reg_decay_1_/run_4",
  "seed": 1,
  "y0": 0.1,
  "T": 10,
  "N_col": 1024,
  "N_hidden": 4,
  "N_neurons": 50,
  "activation": "tanh",
  "N_epochs": 50000,
  "learning_rate": 0.001,
  "decay_rate": 1.0,
  "freq_log": 100,
  "freq_print": 1000,
  "keys_print": [
    "loss"
  ],
  "freq_save": 0,
  "regularization": "no_reg",
  "reg_coeff": 1,
  "reg_decay": 1,
  "reg_epochs": 1,
  "loss": [
    0.10161846876144409,
    0.003494972363114357,
    0.0026312903501093388,
    0.002039197366684675,
    0.0015251702861860394,
    0.0010401536710560322,
    0.000536014442332089,
    0.00018457505211699754,
    0.00015417336544487625,
    0.00015426307800225914,
    8.004961273400113e-05,
    6.379415572155267e-05,
    6.918389408383518e-05,
    6.815465167164803e-05,
    3.362341522006318e-05,
    8.211871318053454e-05,
    2.103466795233544e-05,
    4.979213554179296e-05,
    9.806306479731575e-06,
    8.771367902227212e-06,
    1.0904076589213219e-05,
    0.000547306495718658,
    7.959351023600902e-06,
    6.4038695199997164e-06,
    0.0001558613876113668,
    9.20453603612259e-05,
    0.0007757557323202491,
    2.925443823187379e-06,
    9.78155730990693e-05,
    7.2934226409415714e-06,
    0.00014146638568490744,
    5.649857484968379e-06,
    2.199225718868547e-06,
    6.542074970639078e-06,
    0.00027346983551979065,
    6.741387187503278e-05,
    3.526623459038092e-06,
    1.3587543435278349e-05,
    1.902996882563457e-05,
    3.251479211030528e-05,
    5.2051243983441964e-05,
    4.998937583877705e-06,
    1.0826354809978511e-05,
    0.0001357960281893611,
    7.395025932055432e-06,
    1.787025212252047e-05,
    7.496282705687918e-06,
    1.2228231298649916e-06,
    0.0006389208137989044,
    1.8003421473622438e-06,
    1.1383838227629894e-06,
    2.6820547645911574e-05,
    1.3672963632416213e-06,
    9.923418110702187e-05,
    1.3745243450102862e-06,
    1.7257394574698992e-05,
    1.094439312510076e-06,
    1.0933767953247298e-06,
    0.0006831279024481773,
    0.0006231827428564429,
    1.1068307230743812e-06,
    8.806065352473524e-07,
    3.352012572577223e-05,
    0.0003305332502350211,
    4.206117409921717e-06,
    3.3670658012852073e-06,
    9.780241043699789e-07,
    5.769705239799805e-06,
    4.430928311194293e-05,
    2.9310447189345723e-06,
    8.001795504242182e-05,
    7.116947244867333e-07,
    0.00011139423440909013,
    5.364689741327311e-07,
    1.0169869710807689e-06,
    5.612281483990955e-07,
    5.218086016611778e-07,
    3.1299423426389694e-06,
    4.880570827481279e-07,
    0.00021643411309923977,
    4.901286274616723e-07,
    4.394147197217535e-07,
    5.092710580356652e-06,
    4.083501323748351e-07,
    2.5435265342821367e-05,
    3.4263095471942506e-07,
    5.689029421773739e-05,
    0.00012795240036211908,
    1.412555320712272e-05,
    3.3201271776306385e-07,
    4.393778453959385e-06,
    5.589028660324402e-06,
    1.1651111435639905e-06,
    4.254064151609782e-06,
    3.097540002272581e-07,
    4.1121657545772905e-07,
    0.0005651166429743171,
    2.8800207019230584e-07,
    2.9151283342798706e-07,
    0.0009494576952420175,
    2.0899088326586934e-07,
    2.845860649358656e-07,
    0.0001966961135622114,
    3.72644961998958e-07,
    2.6500080707592133e-07,
    7.720415305811912e-05,
    2.9514566790567187e-07,
    2.7719960371541674e-07,
    1.819664248614572e-06,
    1.8381471988959674e-07,
    2.1823851170665876e-07,
    3.3550368243595585e-06,
    1.696870128853334e-07,
    0.02424011565744877,
    0.0017875072080641985,
    0.002098327036947012,
    0.0018693609163165092,
    0.001887312508188188,
    0.0019075851887464523,
    0.002172037959098816,
    0.0022276882082223892,
    0.002035144716501236,
    0.001965366769582033,
    0.001842331257648766,
    0.0017743670614436269,
    0.002262046094983816,
    0.0019655474461615086,
    0.0020573188085108995,
    0.0021288758143782616,
    0.0019627162255346775,
    0.001946781063452363,
    0.0016715102829039097,
    0.0016740045975893736,
    0.0018661648500710726,
    0.0017175524262711406,
    0.0018524727784097195,
    0.0021758428774774075,
    0.0019014363642781973,
    0.001954311039298773,
    0.0019205952994525433,
    0.001940542133525014,
    0.0017609372735023499,
    0.0019995151087641716,
    0.0018242411315441132,
    0.0023697337601333857,
    0.002018521074205637,
    0.0017807676922529936,
    0.001916259527206421,
    0.0017552440986037254,
    0.0021475516259670258,
    0.001929522375576198,
    0.001926794764585793,
    0.0013033094583079219,
    0.001959552988409996,
    0.0016586650162935257,
    0.0018916827393695712,
    0.0018713989993557334,
    0.002078856574371457,
    0.0020697175059467554,
    0.0019716047681868076,
    0.0020792772993445396,
    0.0018558322917670012,
    0.0020570028573274612,
    0.0020842873491346836,
    0.002081422135233879,
    0.0020070690661668777,
    0.0019029940012842417,
    0.0017797157634049654,
    0.0018850588239729404,
    0.0019356206757947803,
    0.0018743660766631365,
    0.0020082530099898577,
    0.0019507543183863163,
    0.0020786114037036896,
    0.0019478851463645697,
    0.0019280090928077698,
    0.0018070186488330364,
    0.0020845234394073486,
    0.001757476944476366,
    0.0018831886118277907,
    0.0022626048885285854,
    0.0017467191210016608,
    0.0018606106750667095,
    0.0021843924187123775,
    0.002274011028930545,
    0.002064889296889305,
    0.00180399464443326,
    0.0018858511466532946,
    0.002103264909237623,
    0.002101970138028264,
    0.0025216955691576004,
    0.001794455572962761,
    0.0016846758080646396,
    0.0019982685334980488,
    0.0021694833412766457,
    0.0018776590004563332,
    0.0020935391075909138,
    0.0018558399751782417,
    0.002041058149188757,
    0.002038168255239725,
    0.0018844318110495806,
    0.002155361231416464,
    0.0019947749096900225,
    0.0022698421962559223,
    0.0023734155111014843,
    0.0021336341742426157,
    0.0016862391494214535,
    0.0022610086016356945,
    0.002210157923400402,
    0.0022012116387486458,
    0.0018617312889546156,
    0.002233844716101885,
    0.001934141619130969,
    0.0017875486519187689,
    0.0020617328118532896,
    0.0017320571932941675,
    0.0018773945048451424,
    0.002376002725213766,
    0.00200856477022171,
    0.00199895934201777,
    0.0020895800553262234,
    0.0019169420702382922,
    0.001883628312498331,
    0.0020299297757446766,
    0.002168928273022175,
    0.002117338590323925,
    0.002191198756918311,
    0.0018777991645038128,
    0.002287861192598939,
    0.0024527732748538256,
    0.0019497510511428118,
    0.0019447100348770618,
    0.002032345160841942,
    0.002372424118220806,
    0.0019031891133636236,
    0.0025024134665727615,
    0.0019049838883802295,
    0.002051467075943947,
    0.0022638472728431225,
    0.0021773125045001507,
    0.001993832178413868,
    0.0017367519903928041,
    0.0018587518716230989,
    0.0020140421111136675,
    0.0017992921639233828,
    0.0019201119430363178,
    0.0018207186367362738,
    0.0021695203613489866,
    0.001803865423426032,
    0.0019516791217029095,
    0.002037608530372381,
    0.001958110136911273,
    0.0017421585507690907,
    0.0020327619276940823,
    0.0018720015650615096,
    0.0018276544287800789,
    0.001973168458789587,
    0.0020905465353280306,
    0.0016301601426675916,
    0.0016620082315057516,
    0.0020221408922225237,
    0.0019521026406437159,
    0.0017649322981014848,
    0.0019251620396971703,
    0.0015423039440065622,
    0.0021017766557633877,
    0.0023154059890657663,
    0.0018926571356132627,
    0.0020413892343640327,
    0.002287137322127819,
    0.002180587500333786,
    0.0022053199354559183,
    0.0020781103521585464,
    0.001816803589463234,
    0.0021387459710240364,
    0.002169140614569187,
