{
  "version": "plots/_T_7_5_y0_0_1_network_architectures_4_50_activations_tanh_learning_rates_0_001_collocations_1024_epochs_50000_regularization_reg_derivative_reg_epochs_1_reg_coeff_10_reg_decay_1_/run_6",
  "seed": 1,
  "y0": 0.1,
  "T": 7.5,
  "N_col": 1024,
  "N_hidden": 4,
  "N_neurons": 50,
  "activation": "tanh",
  "N_epochs": 50000,
  "learning_rate": 0.001,
  "decay_rate": 1.0,
  "freq_log": 100,
  "freq_print": 1000,
  "keys_print": [
    "loss"
  ],
  "freq_save": 0,
  "regularization": "reg_derivative",
  "reg_coeff": 10,
  "reg_decay": 1,
  "reg_epochs": 1,
  "loss": [
    7.735227584838867,
    0.5695133805274963,
    0.3366708755493164,
    0.25800323486328125,
    0.25917118787765503,
    0.24066755175590515,
    0.22492092847824097,
    0.21974855661392212,
    0.23300492763519287,
    0.16616126894950867,
    0.14882946014404297,
    0.15030790865421295,
    0.14635062217712402,
    0.15094143152236938,
    0.1646563708782196,
    0.14685329794883728,
    0.13824765384197235,
    0.11654424667358398,
    0.12525337934494019,
    0.14446544647216797,
    0.12698480486869812,
    0.12624740600585938,
    0.12479039281606674,
    0.1350928544998169,
    0.125290647149086,
    0.1210174560546875,
    0.09846588969230652,
    0.12649005651474,
    0.11692270636558533,
    0.11848811060190201,
    0.12024463713169098,
    0.1009763851761818,
    0.11229284852743149,
    0.15031129121780396,
    0.12832245230674744,
    0.11996997892856598,
    0.1123521700501442,
    0.11608084291219711,
    0.1319972276687622,
    0.11154613643884659,
    0.1290253847837448,
    0.15442270040512085,
    0.1555490642786026,
    0.10414670407772064,
    0.11570938676595688,
    0.11212071031332016,
    0.0939934179186821,
    0.1030413880944252,
    0.10610823333263397,
    0.10840184986591339,
    0.11518453061580658,
    0.11116967350244522,
    0.09307373315095901,
    0.12119068950414658,
    0.10481242090463638,
    0.10464471578598022,
    0.13239015638828278,
    0.09422479569911957,
    0.10817825049161911,
    0.17713503539562225,
    0.10686337947845459,
    0.11071799695491791,
    0.12004126608371735,
    0.11183367669582367,
    0.14127787947654724,
    0.10450802743434906,
    0.09880723804235458,
    0.12327812612056732,
    0.12896449863910675,
    0.11224902421236038,
    0.08741748332977295,
    0.11261418461799622,
    0.14727339148521423,
    0.18481352925300598,
    0.1576252579689026,
    0.14349859952926636,
    0.18760983645915985,
    0.1265857070684433,
    0.12975601851940155,
    0.1089990884065628,
    0.11954246461391449,
    0.08487600088119507,
    0.11220068484544754,
    0.0994371697306633,
    0.11332482844591141,
    0.09483131766319275,
    0.11315053701400757,
    0.10572069883346558,
    0.08738444745540619,
    0.08628520369529724,
    0.09859656542539597,
    0.10162171721458435,
    0.10454411059617996,
    0.11024823784828186,
    0.09201619029045105,
    0.0850520133972168,
    0.08971895277500153,
    0.09540373831987381,
    0.10382722318172455,
    0.09123358130455017,
    0.09391400218009949,
    0.10268968343734741,
    0.08758531510829926,
    0.10032525658607483,
    0.1073061153292656,
    0.09602470695972443,
    0.09932207316160202,
    0.1125466451048851,
    0.1212204322218895,
    0.12223076820373535,
    0.09650684148073196,
    0.11902637779712677,
    0.09680448472499847,
    0.15857785940170288,
    0.17045468091964722,
    0.269947350025177,
    0.7261419892311096,
    0.7112711668014526,
    0.7102330923080444,
    0.7089306116104126,
    0.7185672521591187,
    0.695796549320221,
    0.7301151752471924,
    0.7157312035560608,
    0.7033654451370239,
    0.7118543982505798,
    0.7173142433166504,
    0.6982844471931458,
    0.7282947897911072,
    0.6867130398750305,
    0.7398497462272644,
    0.710161566734314,
    0.7332538366317749,
    0.7006343603134155,
    0.6990617513656616,
    0.6990966796875,
    0.7124749422073364,
    0.7149430513381958,
    0.6673396229743958,
    0.7083444595336914,
    0.726669192314148,
    0.6808452606201172,
    0.6956894993782043,
    0.6945208311080933,
    0.7159339189529419,
    0.68479323387146,
    0.6988891959190369,
    0.7185928821563721,
    0.7229934334754944,
    0.7157123684883118,
    0.7365982532501221,
    0.6952556371688843,
    0.7300137877464294,
    0.6926522254943848,
    0.7196239829063416,
    0.7028940916061401,
    0.6939710378646851,
    0.7451120615005493,
    0.7184975147247314,
    0.7084583044052124,
    0.7230865359306335,
    0.720505952835083,
    0.7241989374160767,
    0.7198008298873901,
    0.7118288278579712,
    0.7196496725082397,
    0.7085577845573425,
    0.7025295495986938,
    0.700589656829834,
    0.7397125959396362,
    0.693305253982544,
    0.7349072098731995,
    0.7120935916900635,
    0.714672863483429,
    0.7025519013404846,
    0.718401312828064,
    0.7079563736915588,
    0.7024766206741333,
    0.706962525844574,
    0.7326327562332153,
    0.7384205460548401,
    0.7103930711746216,
    0.7304948568344116,
    0.702546238899231,
    0.7117627859115601,
    0.7235258221626282,
    0.7444481253623962,
    0.7250914573669434,
    0.6995296478271484,
    0.6895081996917725,
    0.7372603416442871,
    0.6928268074989319,
    0.7127780914306641,
    0.7367022037506104,
    0.688206672668457,
    0.7137635946273804,
    0.733079731464386,
    0.6862993240356445,
    0.7169420719146729,
    0.6901372671127319,
    0.7202455997467041,
    0.7244546413421631,
    0.7045273780822754,
    0.7207086086273193,
    0.711461067199707,
    0.686613917350769,
    0.683677613735199,
    0.7468603849411011,
    0.7317771911621094,
    0.7139524221420288,
    0.6941113471984863,
    0.7215126752853394,
    0.7071484923362732,
    0.7282965183258057,
    0.6874488592147827,
    0.7215585112571716,
    0.6985306739807129,
    0.7122867703437805,
    0.6793267130851746,
    0.6901075839996338,
    0.6916842460632324,
    0.7255738973617554,
    0.7398627400398254,
    0.6887468695640564,
    0.7260578274726868,
    0.7091045379638672,
    0.7082829475402832,
    0.7286060452461243,
    0.6999706029891968,
    0.6709402203559875,
    0.7005410194396973,
    0.7146791219711304,
    0.708258330821991,
    0.7197184562683105,
    0.7242540121078491,
    0.7204909324645996,
    0.6963839530944824,
    0.71189284324646,
    0.6922756433486938,
    0.6910304427146912,
    0.7424551248550415,
    0.7367030382156372,
    0.7153564691543579,
    0.7023852467536926,
    0.6753259897232056,
    0.7551887035369873,
    0.7156454920768738,
    0.7011126279830933,
    0.7150972485542297,
    0.7151901721954346,
    0.7110930681228638,
    0.7116530537605286,
    0.7396392822265625,
    0.7400882244110107,
    0.6760300397872925,
    0.7212638854980469,
    0.7321873307228088,
    0.6951051950454712,
    0.7542937994003296,
    0.7254916429519653,
    0.7223749756813049,
    0.6902610063552856,
    0.7408020496368408,
    0.6829270124435425,
    0.7215921878814697,
    0.6914710402488708,
    0.7043405771255493,
    0.7464771866798401,
    0.6884366869926453,
    0.724246084690094,
    0.6853028535842896,
    0.7144176363945007,
    0.7440439462661743,
    0.7387244701385498,
    0.7014806270599365,
    0.7055051326751709,
    0.7355228066444397,
    0.7064118385314941,
    0.7050507068634033,
    0.6777795553207397,
    0.738139271736145,
    0.6774303317070007,
    0.7041015625,
    0.7547537684440613,
    0.7042685747146606,
    0.702447772026062,
    0.7033717632293701,
    0.6973203420639038,
    0.7083244323730469,
    0.6968005895614624,
    0.7327045202255249,
    0.7129010558128357,
    0.7484806776046753,
    0.7330171465873718,
    0.7398025393486023,
    0.718018651008606,
    0.7688174247741699,
    0.6952258348464966,
    0.7249454855918884,
    0.7310377359390259,
    0.6844145059585571,
    0.7318306565284729,
    0.7274519205093384,
    0.6927695870399475,
    0.7171481847763062,
    0.7366440892219543,
