{
  "version": "plots/_T_10_y0_0_01_network_architectures_4_50_activations_tanh_learning_rates_0_001_collocations_1024_epochs_50000_regularization_reg_derivative_reg_epochs_1_reg_coeff_0_01_reg_decay_1_/run_4",
  "seed": 1,
  "y0": 0.01,
  "T": 10,
  "N_col": 1024,
  "N_hidden": 4,
  "N_neurons": 50,
  "activation": "tanh",
  "N_epochs": 50000,
  "learning_rate": 0.001,
  "decay_rate": 1.0,
  "freq_log": 100,
  "freq_print": 1000,
  "keys_print": [
    "loss"
  ],
  "freq_save": 0,
  "regularization": "reg_derivative",
  "reg_coeff": 0.01,
  "reg_decay": 1,
  "reg_epochs": 1,
  "loss": [
    0.07035093009471893,
    0.01002351101487875,
    0.010018995963037014,
    0.010020553134381771,
    0.010018476285040379,
    0.010021110996603966,
    0.01002073846757412,
    0.010021253488957882,
    0.010020379908382893,
    0.010018929839134216,
    0.0100170336663723,
    0.0100236926227808,
    0.010021260008215904,
    0.010024180635809898,
    0.010021734982728958,
    0.010027716867625713,
    0.010039720684289932,
    0.010023836977779865,
    0.010019038803875446,
    0.010020117275416851,
    0.010021616704761982,
    0.01005377247929573,
    0.010018919594585896,
    0.010022653266787529,
    0.01002105139195919,
    0.010029984638094902,
    0.010060195811092854,
    0.010019052773714066,
    0.010017639957368374,
    0.01003239769488573,
    0.010022432543337345,
    0.01002735085785389,
    0.01001837756484747,
    0.010041131637990475,
    0.01002135593444109,
    0.010018794797360897,
    0.010021371766924858,
    0.01002766378223896,
    0.01002359390258789,
    0.010025396943092346,
    0.010040379129350185,
    0.010087366215884686,
    0.010021992959082127,
    0.010024799965322018,
    0.010020297951996326,
    0.010024352930486202,
    0.010020515881478786,
    0.010020124725997448,
    0.010038979351520538,
    0.010021016001701355,
    0.010027987882494926,
    0.010025391355156898,
    0.010023173876106739,
    0.010022938251495361,
    0.010022754780948162,
    0.010024485178291798,
    0.010029573924839497,
    0.010100491344928741,
    0.01002313569188118,
    0.01002403162419796,
    0.010021568275988102,
    0.01002174336463213,
    0.010022076778113842,
    0.010019333101809025,
    0.010026128962635994,
    0.010022366419434547,
    0.010019680485129356,
    0.010019339621067047,
    0.010020595043897629,
    0.010025578550994396,
    0.010019784793257713,
    0.010023295879364014,
    0.010025129653513432,
    0.01002535317093134,
    0.010020598769187927,
    0.010016843676567078,
    0.010023812763392925,
    0.010022805072367191,
    0.010021990165114403,
    0.01001947745680809,
    0.010021351277828217,
    0.010021106339991093,
    0.010018829256296158,
    0.010019638575613499,
    0.010020901449024677,
    0.010018295608460903,
    0.010021853260695934,
    0.010020948946475983,
    0.010019505396485329,
    0.010018830187618732,
    0.010022572241723537,
    0.01001670677214861,
    0.010021770372986794,
    0.010016581043601036,
    0.010021156631410122,
    0.010023169219493866,
    0.010020648129284382,
    0.010021083056926727,
    0.010022103786468506,
    0.010022614151239395,
    0.010016723535954952,
    0.010058997198939323,
    0.01002092007547617,
    0.010019669309258461,
    0.010018652305006981,
    0.010024000890552998,
    0.010019142180681229,
    0.010020076297223568,
    0.010020064190030098,
    0.010020306333899498,
    0.010020588524639606,
    0.010020839981734753,
    0.010021026246249676,
    0.010019931942224503,
    0.010017753578722477,
    0.010021001100540161,
    0.010018836706876755,
    0.010018964298069477,
    0.010019129142165184,
    0.01002176571637392,
    0.01002225000411272,
    0.010020440444350243,
    0.010019725188612938,
    0.010018371976912022,
    0.010017774999141693,
    0.010022816248238087,
    0.010019831359386444,
    0.010020576417446136,
    0.010021061636507511,
    0.010019647888839245,
    0.010019166395068169,
    0.010016655549407005,
    0.01001673098653555,
    0.01001870259642601,
    0.010017286986112595,
    0.010018648579716682,
    0.010021691210567951,
    0.010019170120358467,
    0.010019977577030659,
    0.010019084438681602,
    0.010019498877227306,
    0.010017863474786282,
    0.010020771063864231,
    0.010017995722591877,
    0.010023829527199268,
    0.010020324029028416,
    0.010017876513302326,
    0.01001946534961462,
    0.010017656721174717,
    0.010021531023085117,
    0.010019361041486263,
    0.010019751265645027,
    0.010012914426624775,
    0.010019820183515549,
    0.01001705415546894,
    0.010019506327807903,
    0.01001876313239336,
    0.010020766407251358,
    0.010020317509770393,
    0.01002002228051424,
    0.01002074871212244,
    0.010018651373684406,
    0.010020184330642223,
    0.010021427646279335,
    0.01002095639705658,
    0.010020418092608452,
    0.010019175708293915,
    0.010017866268754005,
    0.010018742643296719,
    0.010019772686064243,
    0.010018929839134216,
    0.010019623674452305,
    0.01001981645822525,
    0.01002052053809166,
    0.010019402951002121,
    0.010019097477197647,
    0.010018298402428627,
    0.010021484456956387,
    0.01001753006130457,
    0.010018838569521904,
    0.010023966431617737,
    0.010017625987529755,
    0.010018491186201572,
    0.010021771304309368,
    0.01002234686166048,
    0.010020747780799866,
    0.010018136352300644,
    0.010019009001553059,
    0.010021187365055084,
    0.010021057911217213,
    0.010025165975093842,
    0.01001798827201128,
    0.01001674309372902,
    0.010020343586802483,
    0.010021869093179703,
    0.010019561275839806,
    0.010020710527896881,
    0.010018310509622097,
    0.010020536370575428,
    0.010020306333899498,
    0.010018596425652504,
    0.01002168096601963,
    0.0100203026086092,
    0.010022656060755253,
    0.010022941045463085,
    0.01234560925513506,
    0.010016635991632938,
    0.010022372007369995,
    0.010021851398050785,
    0.010021899826824665,
    0.01001876499503851,
    0.010022499598562717,
    0.010019122622907162,
    0.010017856024205685,
    0.010019345209002495,
    0.010017415508627892,
    0.010019087232649326,
    0.010023662820458412,
    0.010020142421126366,
    0.010019815526902676,
    0.010020649991929531,
    0.010019203647971153,
    0.010018705390393734,
    0.010020473040640354,
    0.010021534748375416,
    0.010021242313086987,
    0.01002182811498642,
    0.01001898292452097,
    0.010022953152656555,
    0.010024365969002247,
    0.010019456036388874,
    0.010019447654485703,
    0.010020362213253975,
    0.01002372894436121,
    0.010018881410360336,
    0.010024497285485268,
    0.01001899316906929,
    0.010020428337156773,
    0.010022839531302452,
    0.010022000409662724,
    0.010020004585385323,
    0.01001736894249916,
    0.010018929839134216,
    0.010019569657742977,
    0.010018140077590942,
    0.010019352659583092,
    0.010018259286880493,
    0.010021522641181946,
    0.010018164291977882,
    0.010019786655902863,
    0.01002055499702692,
    0.01001943089067936,
    0.010017361491918564,
    0.010020450688898563,
    0.01001861970871687,
    0.010018701665103436,
    0.010019730776548386,
    0.010021058842539787,
    0.010016707703471184,
    0.01001664251089096,
    0.010020479559898376,
    0.010019596666097641,
    0.010017910040915012,
    0.010019291192293167,
    0.010015498846769333,
    0.01002128142863512,
    0.010022983886301517,
    0.01001873891800642,
    0.01002049446105957,
    0.010022756643593311,
    0.010021921247243881,
    0.010021812282502651,
    0.010020551271736622,
    0.010018279775977135,
    0.010021748952567577,
    0.010021917521953583,
    0.010023003444075584,
    0.010018711909651756,
    0.01002409402281046,
    0.010020820423960686,
    0.010020044632256031,
    0.010022309608757496,
    0.010020486079156399,
    0.010022721253335476,
    0.010017778724431992,
    0.01001844834536314,
    0.010016826912760735,
